Rscript 'code/deseq.R' 'code/des.fun.R'
Loading required package: limma
Loading required package: S4Vectors
Loading required package: stats4
Loading required package: BiocGenerics
Loading required package: generics

Attaching package: ‘generics’

The following objects are masked from ‘package:base’:

    as.difftime, as.factor, as.ordered, intersect, is.element, setdiff,
    setequal, union


Attaching package: ‘BiocGenerics’

The following object is masked from ‘package:limma’:

    plotMA

The following objects are masked from ‘package:stats’:

    IQR, mad, sd, var, xtabs

The following objects are masked from ‘package:base’:

    anyDuplicated, aperm, append, as.data.frame, basename, cbind,
    colnames, dirname, do.call, duplicated, eval, evalq, Filter, Find,
    get, grep, grepl, is.unsorted, lapply, Map, mapply, match, mget,
    order, paste, pmax, pmax.int, pmin, pmin.int, Position, rank,
    rbind, Reduce, rownames, sapply, saveRDS, table, tapply, unique,
    unsplit, which.max, which.min


Attaching package: ‘S4Vectors’

The following object is masked from ‘package:utils’:

    findMatches

The following objects are masked from ‘package:base’:

    expand.grid, I, unname

Loading required package: IRanges
Loading required package: GenomicRanges
Loading required package: GenomeInfoDb
Loading required package: SummarizedExperiment
Loading required package: MatrixGenerics
Loading required package: matrixStats

Attaching package: ‘MatrixGenerics’

The following objects are masked from ‘package:matrixStats’:

    colAlls, colAnyNAs, colAnys, colAvgsPerRowSet, colCollapse,
    colCounts, colCummaxs, colCummins, colCumprods, colCumsums,
    colDiffs, colIQRDiffs, colIQRs, colLogSumExps, colMadDiffs,
    colMads, colMaxs, colMeans2, colMedians, colMins, colOrderStats,
    colProds, colQuantiles, colRanges, colRanks, colSdDiffs, colSds,
    colSums2, colTabulates, colVarDiffs, colVars, colWeightedMads,
    colWeightedMeans, colWeightedMedians, colWeightedSds,
    colWeightedVars, rowAlls, rowAnyNAs, rowAnys, rowAvgsPerColSet,
    rowCollapse, rowCounts, rowCummaxs, rowCummins, rowCumprods,
    rowCumsums, rowDiffs, rowIQRDiffs, rowIQRs, rowLogSumExps,
    rowMadDiffs, rowMads, rowMaxs, rowMeans2, rowMedians, rowMins,
    rowOrderStats, rowProds, rowQuantiles, rowRanges, rowRanks,
    rowSdDiffs, rowSds, rowSums2, rowTabulates, rowVarDiffs, rowVars,
    rowWeightedMads, rowWeightedMeans, rowWeightedMedians,
    rowWeightedSds, rowWeightedVars

Loading required package: Biobase
Welcome to Bioconductor

    Vignettes contain introductory material; view with
    'browseVignettes()'. To cite Bioconductor, see
    'citation("Biobase")', and for packages 'citation("pkgname")'.


Attaching package: ‘Biobase’

The following object is masked from ‘package:MatrixGenerics’:

    rowMedians

The following objects are masked from ‘package:matrixStats’:

    anyMissing, rowMedians

[1] 1
  the design formula contains one or more numeric variables with integer values,
  specifying a model with increasing fold change for higher values.
  did you mean for this to be a factor? if so, first convert
  this variable to a factor using the factor() function
  the design formula contains one or more numeric variables with integer values,
  specifying a model with increasing fold change for higher values.
  did you mean for this to be a factor? if so, first convert
  this variable to a factor using the factor() function
[1] 2
  the design formula contains one or more numeric variables with integer values,
  specifying a model with increasing fold change for higher values.
  did you mean for this to be a factor? if so, first convert
  this variable to a factor using the factor() function
  the design formula contains one or more numeric variables with integer values,
  specifying a model with increasing fold change for higher values.
  did you mean for this to be a factor? if so, first convert
  this variable to a factor using the factor() function
[1] 3
  the design formula contains one or more numeric variables with integer values,
  specifying a model with increasing fold change for higher values.
  did you mean for this to be a factor? if so, first convert
  this variable to a factor using the factor() function
  the design formula contains one or more numeric variables with integer values,
  specifying a model with increasing fold change for higher values.
  did you mean for this to be a factor? if so, first convert
  this variable to a factor using the factor() function
[1] 4
  the design formula contains one or more numeric variables with integer values,
  specifying a model with increasing fold change for higher values.
  did you mean for this to be a factor? if so, first convert
  this variable to a factor using the factor() function
  the design formula contains one or more numeric variables with integer values,
  specifying a model with increasing fold change for higher values.
  did you mean for this to be a factor? if so, first convert
  this variable to a factor using the factor() function
Rscript 'code/deseq.R' 'code/des.fun.R'
Loading required package: limma
Loading required package: S4Vectors
Loading required package: stats4
Loading required package: BiocGenerics
Loading required package: generics

Attaching package: ‘generics’

The following objects are masked from ‘package:base’:

    as.difftime, as.factor, as.ordered, intersect, is.element, setdiff,
    setequal, union


Attaching package: ‘BiocGenerics’

The following object is masked from ‘package:limma’:

    plotMA

The following objects are masked from ‘package:stats’:

    IQR, mad, sd, var, xtabs

The following objects are masked from ‘package:base’:

    anyDuplicated, aperm, append, as.data.frame, basename, cbind,
    colnames, dirname, do.call, duplicated, eval, evalq, Filter, Find,
    get, grep, grepl, is.unsorted, lapply, Map, mapply, match, mget,
    order, paste, pmax, pmax.int, pmin, pmin.int, Position, rank,
    rbind, Reduce, rownames, sapply, saveRDS, table, tapply, unique,
    unsplit, which.max, which.min


Attaching package: ‘S4Vectors’

The following object is masked from ‘package:utils’:

    findMatches

The following objects are masked from ‘package:base’:

    expand.grid, I, unname

Loading required package: IRanges
Loading required package: GenomicRanges
Loading required package: GenomeInfoDb
Loading required package: SummarizedExperiment
Loading required package: MatrixGenerics
Loading required package: matrixStats

Attaching package: ‘MatrixGenerics’

The following objects are masked from ‘package:matrixStats’:

    colAlls, colAnyNAs, colAnys, colAvgsPerRowSet, colCollapse,
    colCounts, colCummaxs, colCummins, colCumprods, colCumsums,
    colDiffs, colIQRDiffs, colIQRs, colLogSumExps, colMadDiffs,
    colMads, colMaxs, colMeans2, colMedians, colMins, colOrderStats,
    colProds, colQuantiles, colRanges, colRanks, colSdDiffs, colSds,
    colSums2, colTabulates, colVarDiffs, colVars, colWeightedMads,
    colWeightedMeans, colWeightedMedians, colWeightedSds,
    colWeightedVars, rowAlls, rowAnyNAs, rowAnys, rowAvgsPerColSet,
    rowCollapse, rowCounts, rowCummaxs, rowCummins, rowCumprods,
    rowCumsums, rowDiffs, rowIQRDiffs, rowIQRs, rowLogSumExps,
    rowMadDiffs, rowMads, rowMaxs, rowMeans2, rowMedians, rowMins,
    rowOrderStats, rowProds, rowQuantiles, rowRanges, rowRanks,
    rowSdDiffs, rowSds, rowSums2, rowTabulates, rowVarDiffs, rowVars,
    rowWeightedMads, rowWeightedMeans, rowWeightedMedians,
    rowWeightedSds, rowWeightedVars

Loading required package: Biobase
Welcome to Bioconductor

    Vignettes contain introductory material; view with
    'browseVignettes()'. To cite Bioconductor, see
    'citation("Biobase")', and for packages 'citation("pkgname")'.


Attaching package: ‘Biobase’

The following object is masked from ‘package:MatrixGenerics’:

    rowMedians

The following objects are masked from ‘package:matrixStats’:

    anyMissing, rowMedians

[1] 5
  the design formula contains one or more numeric variables with integer values,
  specifying a model with increasing fold change for higher values.
  did you mean for this to be a factor? if so, first convert
  this variable to a factor using the factor() function
[1] 1
  the design formula contains one or more numeric variables with integer values,
  specifying a model with increasing fold change for higher values.
  did you mean for this to be a factor? if so, first convert
  this variable to a factor using the factor() function
  the design formula contains one or more numeric variables with integer values,
  specifying a model with increasing fold change for higher values.
  did you mean for this to be a factor? if so, first convert
  this variable to a factor using the factor() function
  the design formula contains one or more numeric variables with integer values,
  specifying a model with increasing fold change for higher values.
  did you mean for this to be a factor? if so, first convert
  this variable to a factor using the factor() function
[1] 6
  the design formula contains one or more numeric variables with integer values,
  specifying a model with increasing fold change for higher values.
  did you mean for this to be a factor? if so, first convert
  this variable to a factor using the factor() function
[1] 2
  the design formula contains one or more numeric variables with integer values,
  specifying a model with increasing fold change for higher values.
  did you mean for this to be a factor? if so, first convert
  this variable to a factor using the factor() function
  the design formula contains one or more numeric variables with integer values,
  specifying a model with increasing fold change for higher values.
  did you mean for this to be a factor? if so, first convert
  this variable to a factor using the factor() function
  the design formula contains one or more numeric variables with integer values,
  specifying a model with increasing fold change for higher values.
  did you mean for this to be a factor? if so, first convert
  this variable to a factor using the factor() function
[1] 7
  the design formula contains one or more numeric variables with integer values,
  specifying a model with increasing fold change for higher values.
  did you mean for this to be a factor? if so, first convert
  this variable to a factor using the factor() function
[1] 3
  the design formula contains one or more numeric variables with integer values,
  specifying a model with increasing fold change for higher values.
  did you mean for this to be a factor? if so, first convert
  this variable to a factor using the factor() function
  the design formula contains one or more numeric variables with integer values,
  specifying a model with increasing fold change for higher values.
  did you mean for this to be a factor? if so, first convert
  this variable to a factor using the factor() function
  the design formula contains one or more numeric variables with integer values,
  specifying a model with increasing fold change for higher values.
  did you mean for this to be a factor? if so, first convert
  this variable to a factor using the factor() function
[1] 8
  the design formula contains one or more numeric variables with integer values,
  specifying a model with increasing fold change for higher values.
  did you mean for this to be a factor? if so, first convert
  this variable to a factor using the factor() function
[1] 4
  the design formula contains one or more numeric variables with integer values,
  specifying a model with increasing fold change for higher values.
  did you mean for this to be a factor? if so, first convert
  this variable to a factor using the factor() function
  the design formula contains one or more numeric variables with integer values,
  specifying a model with increasing fold change for higher values.
  did you mean for this to be a factor? if so, first convert
  this variable to a factor using the factor() function
  the design formula contains one or more numeric variables with integer values,
  specifying a model with increasing fold change for higher values.
  did you mean for this to be a factor? if so, first convert
  this variable to a factor using the factor() function
[1] 9
  the design formula contains one or more numeric variables with integer values,
  specifying a model with increasing fold change for higher values.
  did you mean for this to be a factor? if so, first convert
  this variable to a factor using the factor() function
[1] 5
  the design formula contains one or more numeric variables with integer values,
  specifying a model with increasing fold change for higher values.
  did you mean for this to be a factor? if so, first convert
  this variable to a factor using the factor() function
  the design formula contains one or more numeric variables with integer values,
  specifying a model with increasing fold change for higher values.
  did you mean for this to be a factor? if so, first convert
  this variable to a factor using the factor() function
  the design formula contains one or more numeric variables with integer values,
  specifying a model with increasing fold change for higher values.
  did you mean for this to be a factor? if so, first convert
  this variable to a factor using the factor() function
[1] 10
  the design formula contains one or more numeric variables with integer values,
  specifying a model with increasing fold change for higher values.
  did you mean for this to be a factor? if so, first convert
  this variable to a factor using the factor() function
[1] 6
  the design formula contains one or more numeric variables with integer values,
  specifying a model with increasing fold change for higher values.
  did you mean for this to be a factor? if so, first convert
  this variable to a factor using the factor() function
  the design formula contains one or more numeric variables with integer values,
  specifying a model with increasing fold change for higher values.
  did you mean for this to be a factor? if so, first convert
  this variable to a factor using the factor() function
  the design formula contains one or more numeric variables with integer values,
  specifying a model with increasing fold change for higher values.
  did you mean for this to be a factor? if so, first convert
  this variable to a factor using the factor() function
[1] 11
  the design formula contains one or more numeric variables with integer values,
  specifying a model with increasing fold change for higher values.
  did you mean for this to be a factor? if so, first convert
  this variable to a factor using the factor() function
[1] 7
  the design formula contains one or more numeric variables with integer values,
  specifying a model with increasing fold change for higher values.
  did you mean for this to be a factor? if so, first convert
  this variable to a factor using the factor() function
  the design formula contains one or more numeric variables with integer values,
  specifying a model with increasing fold change for higher values.
  did you mean for this to be a factor? if so, first convert
  this variable to a factor using the factor() function
  the design formula contains one or more numeric variables with integer values,
  specifying a model with increasing fold change for higher values.
  did you mean for this to be a factor? if so, first convert
  this variable to a factor using the factor() function
[1] 12
  the design formula contains one or more numeric variables with integer values,
  specifying a model with increasing fold change for higher values.
  did you mean for this to be a factor? if so, first convert
  this variable to a factor using the factor() function
[1] 8
  the design formula contains one or more numeric variables with integer values,
  specifying a model with increasing fold change for higher values.
  did you mean for this to be a factor? if so, first convert
  this variable to a factor using the factor() function
  the design formula contains one or more numeric variables with integer values,
  specifying a model with increasing fold change for higher values.
  did you mean for this to be a factor? if so, first convert
  this variable to a factor using the factor() function
  the design formula contains one or more numeric variables with integer values,
  specifying a model with increasing fold change for higher values.
  did you mean for this to be a factor? if so, first convert
  this variable to a factor using the factor() function
[1] 13
  the design formula contains one or more numeric variables with integer values,
  specifying a model with increasing fold change for higher values.
  did you mean for this to be a factor? if so, first convert
  this variable to a factor using the factor() function
[1] 9
  the design formula contains one or more numeric variables with integer values,
  specifying a model with increasing fold change for higher values.
  did you mean for this to be a factor? if so, first convert
  this variable to a factor using the factor() function
  the design formula contains one or more numeric variables with integer values,
  specifying a model with increasing fold change for higher values.
  did you mean for this to be a factor? if so, first convert
  this variable to a factor using the factor() function
  the design formula contains one or more numeric variables with integer values,
  specifying a model with increasing fold change for higher values.
  did you mean for this to be a factor? if so, first convert
  this variable to a factor using the factor() function
[1] 14
  the design formula contains one or more numeric variables with integer values,
  specifying a model with increasing fold change for higher values.
  did you mean for this to be a factor? if so, first convert
  this variable to a factor using the factor() function
[1] 10
  the design formula contains one or more numeric variables with integer values,
  specifying a model with increasing fold change for higher values.
  did you mean for this to be a factor? if so, first convert
  this variable to a factor using the factor() function
  the design formula contains one or more numeric variables with integer values,
  specifying a model with increasing fold change for higher values.
  did you mean for this to be a factor? if so, first convert
  this variable to a factor using the factor() function
  the design formula contains one or more numeric variables with integer values,
  specifying a model with increasing fold change for higher values.
  did you mean for this to be a factor? if so, first convert
  this variable to a factor using the factor() function
[1] 15
  the design formula contains one or more numeric variables with integer values,
  specifying a model with increasing fold change for higher values.
  did you mean for this to be a factor? if so, first convert
  this variable to a factor using the factor() function
[1] 11
  the design formula contains one or more numeric variables with integer values,
  specifying a model with increasing fold change for higher values.
  did you mean for this to be a factor? if so, first convert
  this variable to a factor using the factor() function
  the design formula contains one or more numeric variables with integer values,
  specifying a model with increasing fold change for higher values.
  did you mean for this to be a factor? if so, first convert
  this variable to a factor using the factor() function
  the design formula contains one or more numeric variables with integer values,
  specifying a model with increasing fold change for higher values.
  did you mean for this to be a factor? if so, first convert
  this variable to a factor using the factor() function
[1] 16
  the design formula contains one or more numeric variables with integer values,
  specifying a model with increasing fold change for higher values.
  did you mean for this to be a factor? if so, first convert
  this variable to a factor using the factor() function
[1] 12
  the design formula contains one or more numeric variables with integer values,
  specifying a model with increasing fold change for higher values.
  did you mean for this to be a factor? if so, first convert
  this variable to a factor using the factor() function
  the design formula contains one or more numeric variables with integer values,
  specifying a model with increasing fold change for higher values.
  did you mean for this to be a factor? if so, first convert
  this variable to a factor using the factor() function
  the design formula contains one or more numeric variables with integer values,
  specifying a model with increasing fold change for higher values.
  did you mean for this to be a factor? if so, first convert
  this variable to a factor using the factor() function
[1] 17
  the design formula contains one or more numeric variables with integer values,
  specifying a model with increasing fold change for higher values.
  did you mean for this to be a factor? if so, first convert
  this variable to a factor using the factor() function
[1] 13
  the design formula contains one or more numeric variables with integer values,
  specifying a model with increasing fold change for higher values.
  did you mean for this to be a factor? if so, first convert
  this variable to a factor using the factor() function
  the design formula contains one or more numeric variables with integer values,
  specifying a model with increasing fold change for higher values.
  did you mean for this to be a factor? if so, first convert
  this variable to a factor using the factor() function
  the design formula contains one or more numeric variables with integer values,
  specifying a model with increasing fold change for higher values.
  did you mean for this to be a factor? if so, first convert
  this variable to a factor using the factor() function
[1] 18
  the design formula contains one or more numeric variables with integer values,
  specifying a model with increasing fold change for higher values.
  did you mean for this to be a factor? if so, first convert
  this variable to a factor using the factor() function
[1] 14
  the design formula contains one or more numeric variables with integer values,
  specifying a model with increasing fold change for higher values.
  did you mean for this to be a factor? if so, first convert
  this variable to a factor using the factor() function
  the design formula contains one or more numeric variables with integer values,
  specifying a model with increasing fold change for higher values.
  did you mean for this to be a factor? if so, first convert
  this variable to a factor using the factor() function
  the design formula contains one or more numeric variables with integer values,
  specifying a model with increasing fold change for higher values.
  did you mean for this to be a factor? if so, first convert
  this variable to a factor using the factor() function
[1] 19
  the design formula contains one or more numeric variables with integer values,
  specifying a model with increasing fold change for higher values.
  did you mean for this to be a factor? if so, first convert
  this variable to a factor using the factor() function
[1] 15
  the design formula contains one or more numeric variables with integer values,
  specifying a model with increasing fold change for higher values.
  did you mean for this to be a factor? if so, first convert
  this variable to a factor using the factor() function
  the design formula contains one or more numeric variables with integer values,
  specifying a model with increasing fold change for higher values.
  did you mean for this to be a factor? if so, first convert
  this variable to a factor using the factor() function
  the design formula contains one or more numeric variables with integer values,
  specifying a model with increasing fold change for higher values.
  did you mean for this to be a factor? if so, first convert
  this variable to a factor using the factor() function
[1] 20
  the design formula contains one or more numeric variables with integer values,
  specifying a model with increasing fold change for higher values.
  did you mean for this to be a factor? if so, first convert
  this variable to a factor using the factor() function
[1] 16
  the design formula contains one or more numeric variables with integer values,
  specifying a model with increasing fold change for higher values.
  did you mean for this to be a factor? if so, first convert
  this variable to a factor using the factor() function
  the design formula contains one or more numeric variables with integer values,
  specifying a model with increasing fold change for higher values.
  did you mean for this to be a factor? if so, first convert
  this variable to a factor using the factor() function
  the design formula contains one or more numeric variables with integer values,
  specifying a model with increasing fold change for higher values.
  did you mean for this to be a factor? if so, first convert
  this variable to a factor using the factor() function
[1] 21
  the design formula contains one or more numeric variables with integer values,
  specifying a model with increasing fold change for higher values.
  did you mean for this to be a factor? if so, first convert
  this variable to a factor using the factor() function
[1] 17
  the design formula contains one or more numeric variables with integer values,
  specifying a model with increasing fold change for higher values.
  did you mean for this to be a factor? if so, first convert
  this variable to a factor using the factor() function
  the design formula contains one or more numeric variables with integer values,
  specifying a model with increasing fold change for higher values.
  did you mean for this to be a factor? if so, first convert
  this variable to a factor using the factor() function
  the design formula contains one or more numeric variables with integer values,
  specifying a model with increasing fold change for higher values.
  did you mean for this to be a factor? if so, first convert
  this variable to a factor using the factor() function
[1] 22
  the design formula contains one or more numeric variables with integer values,
  specifying a model with increasing fold change for higher values.
  did you mean for this to be a factor? if so, first convert
  this variable to a factor using the factor() function
[1] 18
  the design formula contains one or more numeric variables with integer values,
  specifying a model with increasing fold change for higher values.
  did you mean for this to be a factor? if so, first convert
  this variable to a factor using the factor() function
  the design formula contains one or more numeric variables with integer values,
  specifying a model with increasing fold change for higher values.
  did you mean for this to be a factor? if so, first convert
  this variable to a factor using the factor() function
  the design formula contains one or more numeric variables with integer values,
  specifying a model with increasing fold change for higher values.
  did you mean for this to be a factor? if so, first convert
  this variable to a factor using the factor() function
[1] 23
  the design formula contains one or more numeric variables with integer values,
  specifying a model with increasing fold change for higher values.
  did you mean for this to be a factor? if so, first convert
  this variable to a factor using the factor() function
[1] 19
  the design formula contains one or more numeric variables with integer values,
  specifying a model with increasing fold change for higher values.
  did you mean for this to be a factor? if so, first convert
  this variable to a factor using the factor() function
  the design formula contains one or more numeric variables with integer values,
  specifying a model with increasing fold change for higher values.
  did you mean for this to be a factor? if so, first convert
  this variable to a factor using the factor() function
  the design formula contains one or more numeric variables with integer values,
  specifying a model with increasing fold change for higher values.
  did you mean for this to be a factor? if so, first convert
  this variable to a factor using the factor() function
[1] 24
  the design formula contains one or more numeric variables with integer values,
  specifying a model with increasing fold change for higher values.
  did you mean for this to be a factor? if so, first convert
  this variable to a factor using the factor() function
[1] 20
  the design formula contains one or more numeric variables with integer values,
  specifying a model with increasing fold change for higher values.
  did you mean for this to be a factor? if so, first convert
  this variable to a factor using the factor() function
  the design formula contains one or more numeric variables with integer values,
  specifying a model with increasing fold change for higher values.
  did you mean for this to be a factor? if so, first convert
  this variable to a factor using the factor() function
  the design formula contains one or more numeric variables with integer values,
  specifying a model with increasing fold change for higher values.
  did you mean for this to be a factor? if so, first convert
  this variable to a factor using the factor() function
[1] 25
  the design formula contains one or more numeric variables with integer values,
  specifying a model with increasing fold change for higher values.
  did you mean for this to be a factor? if so, first convert
  this variable to a factor using the factor() function
[1] 21
  the design formula contains one or more numeric variables with integer values,
  specifying a model with increasing fold change for higher values.
  did you mean for this to be a factor? if so, first convert
  this variable to a factor using the factor() function
  the design formula contains one or more numeric variables with integer values,
  specifying a model with increasing fold change for higher values.
  did you mean for this to be a factor? if so, first convert
  this variable to a factor using the factor() function
  the design formula contains one or more numeric variables with integer values,
  specifying a model with increasing fold change for higher values.
  did you mean for this to be a factor? if so, first convert
  this variable to a factor using the factor() function
[1] 26
  the design formula contains one or more numeric variables with integer values,
  specifying a model with increasing fold change for higher values.
  did you mean for this to be a factor? if so, first convert
  this variable to a factor using the factor() function
[1] 22
  the design formula contains one or more numeric variables with integer values,
  specifying a model with increasing fold change for higher values.
  did you mean for this to be a factor? if so, first convert
  this variable to a factor using the factor() function
  the design formula contains one or more numeric variables with integer values,
  specifying a model with increasing fold change for higher values.
  did you mean for this to be a factor? if so, first convert
  this variable to a factor using the factor() function
  the design formula contains one or more numeric variables with integer values,
  specifying a model with increasing fold change for higher values.
  did you mean for this to be a factor? if so, first convert
  this variable to a factor using the factor() function
[1] 27
  the design formula contains one or more numeric variables with integer values,
  specifying a model with increasing fold change for higher values.
  did you mean for this to be a factor? if so, first convert
  this variable to a factor using the factor() function
[1] 23
  the design formula contains one or more numeric variables with integer values,
  specifying a model with increasing fold change for higher values.
  did you mean for this to be a factor? if so, first convert
  this variable to a factor using the factor() function
  the design formula contains one or more numeric variables with integer values,
  specifying a model with increasing fold change for higher values.
  did you mean for this to be a factor? if so, first convert
  this variable to a factor using the factor() function
[1] 28
  the design formula contains one or more numeric variables with integer values,
  specifying a model with increasing fold change for higher values.
  did you mean for this to be a factor? if so, first convert
  this variable to a factor using the factor() function
  the design formula contains one or more numeric variables with integer values,
  specifying a model with increasing fold change for higher values.
  did you mean for this to be a factor? if so, first convert
  this variable to a factor using the factor() function
[1] 24
  the design formula contains one or more numeric variables with integer values,
  specifying a model with increasing fold change for higher values.
  did you mean for this to be a factor? if so, first convert
  this variable to a factor using the factor() function
  the design formula contains one or more numeric variables with integer values,
  specifying a model with increasing fold change for higher values.
  did you mean for this to be a factor? if so, first convert
  this variable to a factor using the factor() function
[1] 29
  the design formula contains one or more numeric variables with integer values,
  specifying a model with increasing fold change for higher values.
  did you mean for this to be a factor? if so, first convert
  this variable to a factor using the factor() function
  the design formula contains one or more numeric variables with integer values,
  specifying a model with increasing fold change for higher values.
  did you mean for this to be a factor? if so, first convert
  this variable to a factor using the factor() function
[1] 25
  the design formula contains one or more numeric variables with integer values,
  specifying a model with increasing fold change for higher values.
  did you mean for this to be a factor? if so, first convert
  this variable to a factor using the factor() function
  the design formula contains one or more numeric variables with integer values,
  specifying a model with increasing fold change for higher values.
  did you mean for this to be a factor? if so, first convert
  this variable to a factor using the factor() function
[1] 30
  the design formula contains one or more numeric variables with integer values,
  specifying a model with increasing fold change for higher values.
  did you mean for this to be a factor? if so, first convert
  this variable to a factor using the factor() function
  the design formula contains one or more numeric variables with integer values,
  specifying a model with increasing fold change for higher values.
  did you mean for this to be a factor? if so, first convert
  this variable to a factor using the factor() function
  the design formula contains one or more numeric variables with integer values,
  specifying a model with increasing fold change for higher values.
  did you mean for this to be a factor? if so, first convert
  this variable to a factor using the factor() function
[1] 26
  the design formula contains one or more numeric variables with integer values,
  specifying a model with increasing fold change for higher values.
  did you mean for this to be a factor? if so, first convert
  this variable to a factor using the factor() function
[1] 31
  the design formula contains one or more numeric variables with integer values,
  specifying a model with increasing fold change for higher values.
  did you mean for this to be a factor? if so, first convert
  this variable to a factor using the factor() function
  the design formula contains one or more numeric variables with integer values,
  specifying a model with increasing fold change for higher values.
  did you mean for this to be a factor? if so, first convert
  this variable to a factor using the factor() function
  the design formula contains one or more numeric variables with integer values,
  specifying a model with increasing fold change for higher values.
  did you mean for this to be a factor? if so, first convert
  this variable to a factor using the factor() function
[1] 27
  the design formula contains one or more numeric variables with integer values,
  specifying a model with increasing fold change for higher values.
  did you mean for this to be a factor? if so, first convert
  this variable to a factor using the factor() function
[1] 32
  the design formula contains one or more numeric variables with integer values,
  specifying a model with increasing fold change for higher values.
  did you mean for this to be a factor? if so, first convert
  this variable to a factor using the factor() function
  the design formula contains one or more numeric variables with integer values,
  specifying a model with increasing fold change for higher values.
  did you mean for this to be a factor? if so, first convert
  this variable to a factor using the factor() function
  the design formula contains one or more numeric variables with integer values,
  specifying a model with increasing fold change for higher values.
  did you mean for this to be a factor? if so, first convert
  this variable to a factor using the factor() function
[1] 28
  the design formula contains one or more numeric variables with integer values,
  specifying a model with increasing fold change for higher values.
  did you mean for this to be a factor? if so, first convert
  this variable to a factor using the factor() function
[1] 33
  the design formula contains one or more numeric variables with integer values,
  specifying a model with increasing fold change for higher values.
  did you mean for this to be a factor? if so, first convert
  this variable to a factor using the factor() function
  the design formula contains one or more numeric variables with integer values,
  specifying a model with increasing fold change for higher values.
  did you mean for this to be a factor? if so, first convert
  this variable to a factor using the factor() function
  the design formula contains one or more numeric variables with integer values,
  specifying a model with increasing fold change for higher values.
  did you mean for this to be a factor? if so, first convert
  this variable to a factor using the factor() function
[1] 29
  the design formula contains one or more numeric variables with integer values,
  specifying a model with increasing fold change for higher values.
  did you mean for this to be a factor? if so, first convert
  this variable to a factor using the factor() function
[1] 34
  the design formula contains one or more numeric variables with integer values,
  specifying a model with increasing fold change for higher values.
  did you mean for this to be a factor? if so, first convert
  this variable to a factor using the factor() function
  the design formula contains one or more numeric variables with integer values,
  specifying a model with increasing fold change for higher values.
  did you mean for this to be a factor? if so, first convert
  this variable to a factor using the factor() function
  the design formula contains one or more numeric variables with integer values,
  specifying a model with increasing fold change for higher values.
  did you mean for this to be a factor? if so, first convert
  this variable to a factor using the factor() function
[1] 30
  the design formula contains one or more numeric variables with integer values,
  specifying a model with increasing fold change for higher values.
  did you mean for this to be a factor? if so, first convert
  this variable to a factor using the factor() function
[1] 35
  the design formula contains one or more numeric variables with integer values,
  specifying a model with increasing fold change for higher values.
  did you mean for this to be a factor? if so, first convert
  this variable to a factor using the factor() function
  the design formula contains one or more numeric variables with integer values,
  specifying a model with increasing fold change for higher values.
  did you mean for this to be a factor? if so, first convert
  this variable to a factor using the factor() function
  the design formula contains one or more numeric variables with integer values,
  specifying a model with increasing fold change for higher values.
  did you mean for this to be a factor? if so, first convert
  this variable to a factor using the factor() function
[1] 31
  the design formula contains one or more numeric variables with integer values,
  specifying a model with increasing fold change for higher values.
  did you mean for this to be a factor? if so, first convert
  this variable to a factor using the factor() function
[1] 36
  the design formula contains one or more numeric variables with integer values,
  specifying a model with increasing fold change for higher values.
  did you mean for this to be a factor? if so, first convert
  this variable to a factor using the factor() function
  the design formula contains one or more numeric variables with integer values,
  specifying a model with increasing fold change for higher values.
  did you mean for this to be a factor? if so, first convert
  this variable to a factor using the factor() function
  the design formula contains one or more numeric variables with integer values,
  specifying a model with increasing fold change for higher values.
  did you mean for this to be a factor? if so, first convert
  this variable to a factor using the factor() function
[1] 32
  the design formula contains one or more numeric variables with integer values,
  specifying a model with increasing fold change for higher values.
  did you mean for this to be a factor? if so, first convert
  this variable to a factor using the factor() function
[1] 37
  the design formula contains one or more numeric variables with integer values,
  specifying a model with increasing fold change for higher values.
  did you mean for this to be a factor? if so, first convert
  this variable to a factor using the factor() function
  the design formula contains one or more numeric variables with integer values,
  specifying a model with increasing fold change for higher values.
  did you mean for this to be a factor? if so, first convert
  this variable to a factor using the factor() function
  the design formula contains one or more numeric variables with integer values,
  specifying a model with increasing fold change for higher values.
  did you mean for this to be a factor? if so, first convert
  this variable to a factor using the factor() function
[1] 33
  the design formula contains one or more numeric variables with integer values,
  specifying a model with increasing fold change for higher values.
  did you mean for this to be a factor? if so, first convert
  this variable to a factor using the factor() function
[1] 38
  the design formula contains one or more numeric variables with integer values,
  specifying a model with increasing fold change for higher values.
  did you mean for this to be a factor? if so, first convert
  this variable to a factor using the factor() function
  the design formula contains one or more numeric variables with integer values,
  specifying a model with increasing fold change for higher values.
  did you mean for this to be a factor? if so, first convert
  this variable to a factor using the factor() function
  the design formula contains one or more numeric variables with integer values,
  specifying a model with increasing fold change for higher values.
  did you mean for this to be a factor? if so, first convert
  this variable to a factor using the factor() function
[1] 34
  the design formula contains one or more numeric variables with integer values,
  specifying a model with increasing fold change for higher values.
  did you mean for this to be a factor? if so, first convert
  this variable to a factor using the factor() function
[1] 39
  the design formula contains one or more numeric variables with integer values,
  specifying a model with increasing fold change for higher values.
  did you mean for this to be a factor? if so, first convert
  this variable to a factor using the factor() function
  the design formula contains one or more numeric variables with integer values,
  specifying a model with increasing fold change for higher values.
  did you mean for this to be a factor? if so, first convert
  this variable to a factor using the factor() function
  the design formula contains one or more numeric variables with integer values,
  specifying a model with increasing fold change for higher values.
  did you mean for this to be a factor? if so, first convert
  this variable to a factor using the factor() function
[1] 35
  the design formula contains one or more numeric variables with integer values,
  specifying a model with increasing fold change for higher values.
  did you mean for this to be a factor? if so, first convert
  this variable to a factor using the factor() function
[1] 40
  the design formula contains one or more numeric variables with integer values,
  specifying a model with increasing fold change for higher values.
  did you mean for this to be a factor? if so, first convert
  this variable to a factor using the factor() function
  the design formula contains one or more numeric variables with integer values,
  specifying a model with increasing fold change for higher values.
  did you mean for this to be a factor? if so, first convert
  this variable to a factor using the factor() function
  the design formula contains one or more numeric variables with integer values,
  specifying a model with increasing fold change for higher values.
  did you mean for this to be a factor? if so, first convert
  this variable to a factor using the factor() function
[1] 36
  the design formula contains one or more numeric variables with integer values,
  specifying a model with increasing fold change for higher values.
  did you mean for this to be a factor? if so, first convert
  this variable to a factor using the factor() function
[1] 41
  the design formula contains one or more numeric variables with integer values,
  specifying a model with increasing fold change for higher values.
  did you mean for this to be a factor? if so, first convert
  this variable to a factor using the factor() function
  the design formula contains one or more numeric variables with integer values,
  specifying a model with increasing fold change for higher values.
  did you mean for this to be a factor? if so, first convert
  this variable to a factor using the factor() function
  the design formula contains one or more numeric variables with integer values,
  specifying a model with increasing fold change for higher values.
  did you mean for this to be a factor? if so, first convert
  this variable to a factor using the factor() function
[1] 37
  the design formula contains one or more numeric variables with integer values,
  specifying a model with increasing fold change for higher values.
  did you mean for this to be a factor? if so, first convert
  this variable to a factor using the factor() function
[1] 42
  the design formula contains one or more numeric variables with integer values,
  specifying a model with increasing fold change for higher values.
  did you mean for this to be a factor? if so, first convert
  this variable to a factor using the factor() function
  the design formula contains one or more numeric variables with integer values,
  specifying a model with increasing fold change for higher values.
  did you mean for this to be a factor? if so, first convert
  this variable to a factor using the factor() function
  the design formula contains one or more numeric variables with integer values,
  specifying a model with increasing fold change for higher values.
  did you mean for this to be a factor? if so, first convert
  this variable to a factor using the factor() function
[1] 38
  the design formula contains one or more numeric variables with integer values,
  specifying a model with increasing fold change for higher values.
  did you mean for this to be a factor? if so, first convert
  this variable to a factor using the factor() function
[1] 43
  the design formula contains one or more numeric variables with integer values,
  specifying a model with increasing fold change for higher values.
  did you mean for this to be a factor? if so, first convert
  this variable to a factor using the factor() function
  the design formula contains one or more numeric variables with integer values,
  specifying a model with increasing fold change for higher values.
  did you mean for this to be a factor? if so, first convert
  this variable to a factor using the factor() function
  the design formula contains one or more numeric variables with integer values,
  specifying a model with increasing fold change for higher values.
  did you mean for this to be a factor? if so, first convert
  this variable to a factor using the factor() function
[1] 39
  the design formula contains one or more numeric variables with integer values,
  specifying a model with increasing fold change for higher values.
  did you mean for this to be a factor? if so, first convert
  this variable to a factor using the factor() function
[1] 44
  the design formula contains one or more numeric variables with integer values,
  specifying a model with increasing fold change for higher values.
  did you mean for this to be a factor? if so, first convert
  this variable to a factor using the factor() function
  the design formula contains one or more numeric variables with integer values,
  specifying a model with increasing fold change for higher values.
  did you mean for this to be a factor? if so, first convert
  this variable to a factor using the factor() function
  the design formula contains one or more numeric variables with integer values,
  specifying a model with increasing fold change for higher values.
  did you mean for this to be a factor? if so, first convert
  this variable to a factor using the factor() function
[1] 40
  the design formula contains one or more numeric variables with integer values,
  specifying a model with increasing fold change for higher values.
  did you mean for this to be a factor? if so, first convert
  this variable to a factor using the factor() function
[1] 45
  the design formula contains one or more numeric variables with integer values,
  specifying a model with increasing fold change for higher values.
  did you mean for this to be a factor? if so, first convert
  this variable to a factor using the factor() function
  the design formula contains one or more numeric variables with integer values,
  specifying a model with increasing fold change for higher values.
  did you mean for this to be a factor? if so, first convert
  this variable to a factor using the factor() function
  the design formula contains one or more numeric variables with integer values,
  specifying a model with increasing fold change for higher values.
  did you mean for this to be a factor? if so, first convert
  this variable to a factor using the factor() function
[1] 41
  the design formula contains one or more numeric variables with integer values,
  specifying a model with increasing fold change for higher values.
  did you mean for this to be a factor? if so, first convert
  this variable to a factor using the factor() function
[1] 46
  the design formula contains one or more numeric variables with integer values,
  specifying a model with increasing fold change for higher values.
  did you mean for this to be a factor? if so, first convert
  this variable to a factor using the factor() function
  the design formula contains one or more numeric variables with integer values,
  specifying a model with increasing fold change for higher values.
  did you mean for this to be a factor? if so, first convert
  this variable to a factor using the factor() function
  the design formula contains one or more numeric variables with integer values,
  specifying a model with increasing fold change for higher values.
  did you mean for this to be a factor? if so, first convert
  this variable to a factor using the factor() function
[1] 42
  the design formula contains one or more numeric variables with integer values,
  specifying a model with increasing fold change for higher values.
  did you mean for this to be a factor? if so, first convert
  this variable to a factor using the factor() function
[1] 47
  the design formula contains one or more numeric variables with integer values,
  specifying a model with increasing fold change for higher values.
  did you mean for this to be a factor? if so, first convert
  this variable to a factor using the factor() function
  the design formula contains one or more numeric variables with integer values,
  specifying a model with increasing fold change for higher values.
  did you mean for this to be a factor? if so, first convert
  this variable to a factor using the factor() function
  the design formula contains one or more numeric variables with integer values,
  specifying a model with increasing fold change for higher values.
  did you mean for this to be a factor? if so, first convert
  this variable to a factor using the factor() function
[1] 43
  the design formula contains one or more numeric variables with integer values,
  specifying a model with increasing fold change for higher values.
  did you mean for this to be a factor? if so, first convert
  this variable to a factor using the factor() function
[1] 48
  the design formula contains one or more numeric variables with integer values,
  specifying a model with increasing fold change for higher values.
  did you mean for this to be a factor? if so, first convert
  this variable to a factor using the factor() function
  the design formula contains one or more numeric variables with integer values,
  specifying a model with increasing fold change for higher values.
  did you mean for this to be a factor? if so, first convert
  this variable to a factor using the factor() function
  the design formula contains one or more numeric variables with integer values,
  specifying a model with increasing fold change for higher values.
  did you mean for this to be a factor? if so, first convert
  this variable to a factor using the factor() function
[1] 44
  the design formula contains one or more numeric variables with integer values,
  specifying a model with increasing fold change for higher values.
  did you mean for this to be a factor? if so, first convert
  this variable to a factor using the factor() function
[1] 49
  the design formula contains one or more numeric variables with integer values,
  specifying a model with increasing fold change for higher values.
  did you mean for this to be a factor? if so, first convert
  this variable to a factor using the factor() function
  the design formula contains one or more numeric variables with integer values,
  specifying a model with increasing fold change for higher values.
  did you mean for this to be a factor? if so, first convert
  this variable to a factor using the factor() function
  the design formula contains one or more numeric variables with integer values,
  specifying a model with increasing fold change for higher values.
  did you mean for this to be a factor? if so, first convert
  this variable to a factor using the factor() function
[1] 45
  the design formula contains one or more numeric variables with integer values,
  specifying a model with increasing fold change for higher values.
  did you mean for this to be a factor? if so, first convert
  this variable to a factor using the factor() function
[1] 50
  the design formula contains one or more numeric variables with integer values,
  specifying a model with increasing fold change for higher values.
  did you mean for this to be a factor? if so, first convert
  this variable to a factor using the factor() function
  the design formula contains one or more numeric variables with integer values,
  specifying a model with increasing fold change for higher values.
  did you mean for this to be a factor? if so, first convert
  this variable to a factor using the factor() function
  the design formula contains one or more numeric variables with integer values,
  specifying a model with increasing fold change for higher values.
  did you mean for this to be a factor? if so, first convert
  this variable to a factor using the factor() function
[1] 46
  the design formula contains one or more numeric variables with integer values,
  specifying a model with increasing fold change for higher values.
  did you mean for this to be a factor? if so, first convert
  this variable to a factor using the factor() function
[1] 51
  the design formula contains one or more numeric variables with integer values,
  specifying a model with increasing fold change for higher values.
  did you mean for this to be a factor? if so, first convert
  this variable to a factor using the factor() function
  the design formula contains one or more numeric variables with integer values,
  specifying a model with increasing fold change for higher values.
  did you mean for this to be a factor? if so, first convert
  this variable to a factor using the factor() function
  the design formula contains one or more numeric variables with integer values,
  specifying a model with increasing fold change for higher values.
  did you mean for this to be a factor? if so, first convert
  this variable to a factor using the factor() function
[1] 47
  the design formula contains one or more numeric variables with integer values,
  specifying a model with increasing fold change for higher values.
  did you mean for this to be a factor? if so, first convert
  this variable to a factor using the factor() function
[1] 52
  the design formula contains one or more numeric variables with integer values,
  specifying a model with increasing fold change for higher values.
  did you mean for this to be a factor? if so, first convert
  this variable to a factor using the factor() function
  the design formula contains one or more numeric variables with integer values,
  specifying a model with increasing fold change for higher values.
  did you mean for this to be a factor? if so, first convert
  this variable to a factor using the factor() function
  the design formula contains one or more numeric variables with integer values,
  specifying a model with increasing fold change for higher values.
  did you mean for this to be a factor? if so, first convert
  this variable to a factor using the factor() function
[1] 48
  the design formula contains one or more numeric variables with integer values,
  specifying a model with increasing fold change for higher values.
  did you mean for this to be a factor? if so, first convert
  this variable to a factor using the factor() function
[1] 53
  the design formula contains one or more numeric variables with integer values,
  specifying a model with increasing fold change for higher values.
  did you mean for this to be a factor? if so, first convert
  this variable to a factor using the factor() function
  the design formula contains one or more numeric variables with integer values,
  specifying a model with increasing fold change for higher values.
  did you mean for this to be a factor? if so, first convert
  this variable to a factor using the factor() function
  the design formula contains one or more numeric variables with integer values,
  specifying a model with increasing fold change for higher values.
  did you mean for this to be a factor? if so, first convert
  this variable to a factor using the factor() function
[1] 49
  the design formula contains one or more numeric variables with integer values,
  specifying a model with increasing fold change for higher values.
  did you mean for this to be a factor? if so, first convert
  this variable to a factor using the factor() function
[1] 54
  the design formula contains one or more numeric variables with integer values,
  specifying a model with increasing fold change for higher values.
  did you mean for this to be a factor? if so, first convert
  this variable to a factor using the factor() function
  the design formula contains one or more numeric variables with integer values,
  specifying a model with increasing fold change for higher values.
  did you mean for this to be a factor? if so, first convert
  this variable to a factor using the factor() function
  the design formula contains one or more numeric variables with integer values,
  specifying a model with increasing fold change for higher values.
  did you mean for this to be a factor? if so, first convert
  this variable to a factor using the factor() function
[1] 50
  the design formula contains one or more numeric variables with integer values,
  specifying a model with increasing fold change for higher values.
  did you mean for this to be a factor? if so, first convert
  this variable to a factor using the factor() function
[1] 55
  the design formula contains one or more numeric variables with integer values,
  specifying a model with increasing fold change for higher values.
  did you mean for this to be a factor? if so, first convert
  this variable to a factor using the factor() function
  the design formula contains one or more numeric variables with integer values,
  specifying a model with increasing fold change for higher values.
  did you mean for this to be a factor? if so, first convert
  this variable to a factor using the factor() function
  the design formula contains one or more numeric variables with integer values,
  specifying a model with increasing fold change for higher values.
  did you mean for this to be a factor? if so, first convert
  this variable to a factor using the factor() function
[1] 51
  the design formula contains one or more numeric variables with integer values,
  specifying a model with increasing fold change for higher values.
  did you mean for this to be a factor? if so, first convert
  this variable to a factor using the factor() function
[1] 56
  the design formula contains one or more numeric variables with integer values,
  specifying a model with increasing fold change for higher values.
  did you mean for this to be a factor? if so, first convert
  this variable to a factor using the factor() function
  the design formula contains one or more numeric variables with integer values,
  specifying a model with increasing fold change for higher values.
  did you mean for this to be a factor? if so, first convert
  this variable to a factor using the factor() function
  the design formula contains one or more numeric variables with integer values,
  specifying a model with increasing fold change for higher values.
  did you mean for this to be a factor? if so, first convert
  this variable to a factor using the factor() function
[1] 52
  the design formula contains one or more numeric variables with integer values,
  specifying a model with increasing fold change for higher values.
  did you mean for this to be a factor? if so, first convert
  this variable to a factor using the factor() function
[1] 57
  the design formula contains one or more numeric variables with integer values,
  specifying a model with increasing fold change for higher values.
  did you mean for this to be a factor? if so, first convert
  this variable to a factor using the factor() function
  the design formula contains one or more numeric variables with integer values,
  specifying a model with increasing fold change for higher values.
  did you mean for this to be a factor? if so, first convert
  this variable to a factor using the factor() function
  the design formula contains one or more numeric variables with integer values,
  specifying a model with increasing fold change for higher values.
  did you mean for this to be a factor? if so, first convert
  this variable to a factor using the factor() function
[1] 53
  the design formula contains one or more numeric variables with integer values,
  specifying a model with increasing fold change for higher values.
  did you mean for this to be a factor? if so, first convert
  this variable to a factor using the factor() function
[1] 58
  the design formula contains one or more numeric variables with integer values,
  specifying a model with increasing fold change for higher values.
  did you mean for this to be a factor? if so, first convert
  this variable to a factor using the factor() function
  the design formula contains one or more numeric variables with integer values,
  specifying a model with increasing fold change for higher values.
  did you mean for this to be a factor? if so, first convert
  this variable to a factor using the factor() function
  the design formula contains one or more numeric variables with integer values,
  specifying a model with increasing fold change for higher values.
  did you mean for this to be a factor? if so, first convert
  this variable to a factor using the factor() function
[1] 54
  the design formula contains one or more numeric variables with integer values,
  specifying a model with increasing fold change for higher values.
  did you mean for this to be a factor? if so, first convert
  this variable to a factor using the factor() function
[1] 59
  the design formula contains one or more numeric variables with integer values,
  specifying a model with increasing fold change for higher values.
  did you mean for this to be a factor? if so, first convert
  this variable to a factor using the factor() function
  the design formula contains one or more numeric variables with integer values,
  specifying a model with increasing fold change for higher values.
  did you mean for this to be a factor? if so, first convert
  this variable to a factor using the factor() function
  the design formula contains one or more numeric variables with integer values,
  specifying a model with increasing fold change for higher values.
  did you mean for this to be a factor? if so, first convert
  this variable to a factor using the factor() function
[1] 55
  the design formula contains one or more numeric variables with integer values,
  specifying a model with increasing fold change for higher values.
  did you mean for this to be a factor? if so, first convert
  this variable to a factor using the factor() function
[1] 60
  the design formula contains one or more numeric variables with integer values,
  specifying a model with increasing fold change for higher values.
  did you mean for this to be a factor? if so, first convert
  this variable to a factor using the factor() function
  the design formula contains one or more numeric variables with integer values,
  specifying a model with increasing fold change for higher values.
  did you mean for this to be a factor? if so, first convert
  this variable to a factor using the factor() function
  the design formula contains one or more numeric variables with integer values,
  specifying a model with increasing fold change for higher values.
  did you mean for this to be a factor? if so, first convert
  this variable to a factor using the factor() function
[1] 56
  the design formula contains one or more numeric variables with integer values,
  specifying a model with increasing fold change for higher values.
  did you mean for this to be a factor? if so, first convert
  this variable to a factor using the factor() function
[1] 61
  the design formula contains one or more numeric variables with integer values,
  specifying a model with increasing fold change for higher values.
  did you mean for this to be a factor? if so, first convert
  this variable to a factor using the factor() function
  the design formula contains one or more numeric variables with integer values,
  specifying a model with increasing fold change for higher values.
  did you mean for this to be a factor? if so, first convert
  this variable to a factor using the factor() function
  the design formula contains one or more numeric variables with integer values,
  specifying a model with increasing fold change for higher values.
  did you mean for this to be a factor? if so, first convert
  this variable to a factor using the factor() function
[1] 57
  the design formula contains one or more numeric variables with integer values,
  specifying a model with increasing fold change for higher values.
  did you mean for this to be a factor? if so, first convert
  this variable to a factor using the factor() function
[1] 62
  the design formula contains one or more numeric variables with integer values,
  specifying a model with increasing fold change for higher values.
  did you mean for this to be a factor? if so, first convert
  this variable to a factor using the factor() function
  the design formula contains one or more numeric variables with integer values,
  specifying a model with increasing fold change for higher values.
  did you mean for this to be a factor? if so, first convert
  this variable to a factor using the factor() function
  the design formula contains one or more numeric variables with integer values,
  specifying a model with increasing fold change for higher values.
  did you mean for this to be a factor? if so, first convert
  this variable to a factor using the factor() function
[1] 58
  the design formula contains one or more numeric variables with integer values,
  specifying a model with increasing fold change for higher values.
  did you mean for this to be a factor? if so, first convert
  this variable to a factor using the factor() function
[1] 63
  the design formula contains one or more numeric variables with integer values,
  specifying a model with increasing fold change for higher values.
  did you mean for this to be a factor? if so, first convert
  this variable to a factor using the factor() function
  the design formula contains one or more numeric variables with integer values,
  specifying a model with increasing fold change for higher values.
  did you mean for this to be a factor? if so, first convert
  this variable to a factor using the factor() function
  the design formula contains one or more numeric variables with integer values,
  specifying a model with increasing fold change for higher values.
  did you mean for this to be a factor? if so, first convert
  this variable to a factor using the factor() function
[1] 59
  the design formula contains one or more numeric variables with integer values,
  specifying a model with increasing fold change for higher values.
  did you mean for this to be a factor? if so, first convert
  this variable to a factor using the factor() function
[1] 64
  the design formula contains one or more numeric variables with integer values,
  specifying a model with increasing fold change for higher values.
  did you mean for this to be a factor? if so, first convert
  this variable to a factor using the factor() function
  the design formula contains one or more numeric variables with integer values,
  specifying a model with increasing fold change for higher values.
  did you mean for this to be a factor? if so, first convert
  this variable to a factor using the factor() function
  the design formula contains one or more numeric variables with integer values,
  specifying a model with increasing fold change for higher values.
  did you mean for this to be a factor? if so, first convert
  this variable to a factor using the factor() function
[1] 60
  the design formula contains one or more numeric variables with integer values,
  specifying a model with increasing fold change for higher values.
  did you mean for this to be a factor? if so, first convert
  this variable to a factor using the factor() function
[1] 65
  the design formula contains one or more numeric variables with integer values,
  specifying a model with increasing fold change for higher values.
  did you mean for this to be a factor? if so, first convert
  this variable to a factor using the factor() function
  the design formula contains one or more numeric variables with integer values,
  specifying a model with increasing fold change for higher values.
  did you mean for this to be a factor? if so, first convert
  this variable to a factor using the factor() function
  the design formula contains one or more numeric variables with integer values,
  specifying a model with increasing fold change for higher values.
  did you mean for this to be a factor? if so, first convert
  this variable to a factor using the factor() function
[1] 61
  the design formula contains one or more numeric variables with integer values,
  specifying a model with increasing fold change for higher values.
  did you mean for this to be a factor? if so, first convert
  this variable to a factor using the factor() function
[1] 66
  the design formula contains one or more numeric variables with integer values,
  specifying a model with increasing fold change for higher values.
  did you mean for this to be a factor? if so, first convert
  this variable to a factor using the factor() function
  the design formula contains one or more numeric variables with integer values,
  specifying a model with increasing fold change for higher values.
  did you mean for this to be a factor? if so, first convert
  this variable to a factor using the factor() function
  the design formula contains one or more numeric variables with integer values,
  specifying a model with increasing fold change for higher values.
  did you mean for this to be a factor? if so, first convert
  this variable to a factor using the factor() function
[1] 62
  the design formula contains one or more numeric variables with integer values,
  specifying a model with increasing fold change for higher values.
  did you mean for this to be a factor? if so, first convert
  this variable to a factor using the factor() function
[1] 67
  the design formula contains one or more numeric variables with integer values,
  specifying a model with increasing fold change for higher values.
  did you mean for this to be a factor? if so, first convert
  this variable to a factor using the factor() function
  the design formula contains one or more numeric variables with integer values,
  specifying a model with increasing fold change for higher values.
  did you mean for this to be a factor? if so, first convert
  this variable to a factor using the factor() function
  the design formula contains one or more numeric variables with integer values,
  specifying a model with increasing fold change for higher values.
  did you mean for this to be a factor? if so, first convert
  this variable to a factor using the factor() function
[1] 63
  the design formula contains one or more numeric variables with integer values,
  specifying a model with increasing fold change for higher values.
  did you mean for this to be a factor? if so, first convert
  this variable to a factor using the factor() function
[1] 68
  the design formula contains one or more numeric variables with integer values,
  specifying a model with increasing fold change for higher values.
  did you mean for this to be a factor? if so, first convert
  this variable to a factor using the factor() function
  the design formula contains one or more numeric variables with integer values,
  specifying a model with increasing fold change for higher values.
  did you mean for this to be a factor? if so, first convert
  this variable to a factor using the factor() function
  the design formula contains one or more numeric variables with integer values,
  specifying a model with increasing fold change for higher values.
  did you mean for this to be a factor? if so, first convert
  this variable to a factor using the factor() function
[1] 64
  the design formula contains one or more numeric variables with integer values,
  specifying a model with increasing fold change for higher values.
  did you mean for this to be a factor? if so, first convert
  this variable to a factor using the factor() function
[1] 69
  the design formula contains one or more numeric variables with integer values,
  specifying a model with increasing fold change for higher values.
  did you mean for this to be a factor? if so, first convert
  this variable to a factor using the factor() function
  the design formula contains one or more numeric variables with integer values,
  specifying a model with increasing fold change for higher values.
  did you mean for this to be a factor? if so, first convert
  this variable to a factor using the factor() function
  the design formula contains one or more numeric variables with integer values,
  specifying a model with increasing fold change for higher values.
  did you mean for this to be a factor? if so, first convert
  this variable to a factor using the factor() function
[1] 65
  the design formula contains one or more numeric variables with integer values,
  specifying a model with increasing fold change for higher values.
  did you mean for this to be a factor? if so, first convert
  this variable to a factor using the factor() function
[1] 70
  the design formula contains one or more numeric variables with integer values,
  specifying a model with increasing fold change for higher values.
  did you mean for this to be a factor? if so, first convert
  this variable to a factor using the factor() function
  the design formula contains one or more numeric variables with integer values,
  specifying a model with increasing fold change for higher values.
  did you mean for this to be a factor? if so, first convert
  this variable to a factor using the factor() function
  the design formula contains one or more numeric variables with integer values,
  specifying a model with increasing fold change for higher values.
  did you mean for this to be a factor? if so, first convert
  this variable to a factor using the factor() function
[1] 66
  the design formula contains one or more numeric variables with integer values,
  specifying a model with increasing fold change for higher values.
  did you mean for this to be a factor? if so, first convert
  this variable to a factor using the factor() function
[1] 71
  the design formula contains one or more numeric variables with integer values,
  specifying a model with increasing fold change for higher values.
  did you mean for this to be a factor? if so, first convert
  this variable to a factor using the factor() function
  the design formula contains one or more numeric variables with integer values,
  specifying a model with increasing fold change for higher values.
  did you mean for this to be a factor? if so, first convert
  this variable to a factor using the factor() function
  the design formula contains one or more numeric variables with integer values,
  specifying a model with increasing fold change for higher values.
  did you mean for this to be a factor? if so, first convert
  this variable to a factor using the factor() function
[1] 67
  the design formula contains one or more numeric variables with integer values,
  specifying a model with increasing fold change for higher values.
  did you mean for this to be a factor? if so, first convert
  this variable to a factor using the factor() function
[1] 72
  the design formula contains one or more numeric variables with integer values,
  specifying a model with increasing fold change for higher values.
  did you mean for this to be a factor? if so, first convert
  this variable to a factor using the factor() function
  the design formula contains one or more numeric variables with integer values,
  specifying a model with increasing fold change for higher values.
  did you mean for this to be a factor? if so, first convert
  this variable to a factor using the factor() function
  the design formula contains one or more numeric variables with integer values,
  specifying a model with increasing fold change for higher values.
  did you mean for this to be a factor? if so, first convert
  this variable to a factor using the factor() function
[1] 68
  the design formula contains one or more numeric variables with integer values,
  specifying a model with increasing fold change for higher values.
  did you mean for this to be a factor? if so, first convert
  this variable to a factor using the factor() function
[1] 73
  the design formula contains one or more numeric variables with integer values,
  specifying a model with increasing fold change for higher values.
  did you mean for this to be a factor? if so, first convert
  this variable to a factor using the factor() function
  the design formula contains one or more numeric variables with integer values,
  specifying a model with increasing fold change for higher values.
  did you mean for this to be a factor? if so, first convert
  this variable to a factor using the factor() function
  the design formula contains one or more numeric variables with integer values,
  specifying a model with increasing fold change for higher values.
  did you mean for this to be a factor? if so, first convert
  this variable to a factor using the factor() function
[1] 69
  the design formula contains one or more numeric variables with integer values,
  specifying a model with increasing fold change for higher values.
  did you mean for this to be a factor? if so, first convert
  this variable to a factor using the factor() function
[1] 74
  the design formula contains one or more numeric variables with integer values,
  specifying a model with increasing fold change for higher values.
  did you mean for this to be a factor? if so, first convert
  this variable to a factor using the factor() function
  the design formula contains one or more numeric variables with integer values,
  specifying a model with increasing fold change for higher values.
  did you mean for this to be a factor? if so, first convert
  this variable to a factor using the factor() function
  the design formula contains one or more numeric variables with integer values,
  specifying a model with increasing fold change for higher values.
  did you mean for this to be a factor? if so, first convert
  this variable to a factor using the factor() function
[1] 70
  the design formula contains one or more numeric variables with integer values,
  specifying a model with increasing fold change for higher values.
  did you mean for this to be a factor? if so, first convert
  this variable to a factor using the factor() function
[1] 75
  the design formula contains one or more numeric variables with integer values,
  specifying a model with increasing fold change for higher values.
  did you mean for this to be a factor? if so, first convert
  this variable to a factor using the factor() function
  the design formula contains one or more numeric variables with integer values,
  specifying a model with increasing fold change for higher values.
  did you mean for this to be a factor? if so, first convert
  this variable to a factor using the factor() function
  the design formula contains one or more numeric variables with integer values,
  specifying a model with increasing fold change for higher values.
  did you mean for this to be a factor? if so, first convert
  this variable to a factor using the factor() function
[1] 71
  the design formula contains one or more numeric variables with integer values,
  specifying a model with increasing fold change for higher values.
  did you mean for this to be a factor? if so, first convert
  this variable to a factor using the factor() function
[1] 76
  the design formula contains one or more numeric variables with integer values,
  specifying a model with increasing fold change for higher values.
  did you mean for this to be a factor? if so, first convert
  this variable to a factor using the factor() function
  the design formula contains one or more numeric variables with integer values,
  specifying a model with increasing fold change for higher values.
  did you mean for this to be a factor? if so, first convert
  this variable to a factor using the factor() function
  the design formula contains one or more numeric variables with integer values,
  specifying a model with increasing fold change for higher values.
  did you mean for this to be a factor? if so, first convert
  this variable to a factor using the factor() function
[1] 72
  the design formula contains one or more numeric variables with integer values,
  specifying a model with increasing fold change for higher values.
  did you mean for this to be a factor? if so, first convert
  this variable to a factor using the factor() function
[1] 77
  the design formula contains one or more numeric variables with integer values,
  specifying a model with increasing fold change for higher values.
  did you mean for this to be a factor? if so, first convert
  this variable to a factor using the factor() function
  the design formula contains one or more numeric variables with integer values,
  specifying a model with increasing fold change for higher values.
  did you mean for this to be a factor? if so, first convert
  this variable to a factor using the factor() function
  the design formula contains one or more numeric variables with integer values,
  specifying a model with increasing fold change for higher values.
  did you mean for this to be a factor? if so, first convert
  this variable to a factor using the factor() function
[1] 73
  the design formula contains one or more numeric variables with integer values,
  specifying a model with increasing fold change for higher values.
  did you mean for this to be a factor? if so, first convert
  this variable to a factor using the factor() function
[1] 78
  the design formula contains one or more numeric variables with integer values,
  specifying a model with increasing fold change for higher values.
  did you mean for this to be a factor? if so, first convert
  this variable to a factor using the factor() function
  the design formula contains one or more numeric variables with integer values,
  specifying a model with increasing fold change for higher values.
  did you mean for this to be a factor? if so, first convert
  this variable to a factor using the factor() function
  the design formula contains one or more numeric variables with integer values,
  specifying a model with increasing fold change for higher values.
  did you mean for this to be a factor? if so, first convert
  this variable to a factor using the factor() function
[1] 79
[1] 74
  the design formula contains one or more numeric variables with integer values,
  specifying a model with increasing fold change for higher values.
  did you mean for this to be a factor? if so, first convert
  this variable to a factor using the factor() function
  the design formula contains one or more numeric variables with integer values,
  specifying a model with increasing fold change for higher values.
  did you mean for this to be a factor? if so, first convert
  this variable to a factor using the factor() function
  the design formula contains one or more numeric variables with integer values,
  specifying a model with increasing fold change for higher values.
  did you mean for this to be a factor? if so, first convert
  this variable to a factor using the factor() function
  the design formula contains one or more numeric variables with integer values,
  specifying a model with increasing fold change for higher values.
  did you mean for this to be a factor? if so, first convert
  this variable to a factor using the factor() function
[1] 80
  the design formula contains one or more numeric variables with integer values,
  specifying a model with increasing fold change for higher values.
  did you mean for this to be a factor? if so, first convert
  this variable to a factor using the factor() function
[1] 75
  the design formula contains one or more numeric variables with integer values,
  specifying a model with increasing fold change for higher values.
  did you mean for this to be a factor? if so, first convert
  this variable to a factor using the factor() function
  the design formula contains one or more numeric variables with integer values,
  specifying a model with increasing fold change for higher values.
  did you mean for this to be a factor? if so, first convert
  this variable to a factor using the factor() function
  the design formula contains one or more numeric variables with integer values,
  specifying a model with increasing fold change for higher values.
  did you mean for this to be a factor? if so, first convert
  this variable to a factor using the factor() function
[1] 81
  the design formula contains one or more numeric variables with integer values,
  specifying a model with increasing fold change for higher values.
  did you mean for this to be a factor? if so, first convert
  this variable to a factor using the factor() function
[1] 76
  the design formula contains one or more numeric variables with integer values,
  specifying a model with increasing fold change for higher values.
  did you mean for this to be a factor? if so, first convert
  this variable to a factor using the factor() function
  the design formula contains one or more numeric variables with integer values,
  specifying a model with increasing fold change for higher values.
  did you mean for this to be a factor? if so, first convert
  this variable to a factor using the factor() function
  the design formula contains one or more numeric variables with integer values,
  specifying a model with increasing fold change for higher values.
  did you mean for this to be a factor? if so, first convert
  this variable to a factor using the factor() function
[1] 82
  the design formula contains one or more numeric variables with integer values,
  specifying a model with increasing fold change for higher values.
  did you mean for this to be a factor? if so, first convert
  this variable to a factor using the factor() function
[1] 77
  the design formula contains one or more numeric variables with integer values,
  specifying a model with increasing fold change for higher values.
  did you mean for this to be a factor? if so, first convert
  this variable to a factor using the factor() function
  the design formula contains one or more numeric variables with integer values,
  specifying a model with increasing fold change for higher values.
  did you mean for this to be a factor? if so, first convert
  this variable to a factor using the factor() function
  the design formula contains one or more numeric variables with integer values,
  specifying a model with increasing fold change for higher values.
  did you mean for this to be a factor? if so, first convert
  this variable to a factor using the factor() function
[1] 83
  the design formula contains one or more numeric variables with integer values,
  specifying a model with increasing fold change for higher values.
  did you mean for this to be a factor? if so, first convert
  this variable to a factor using the factor() function
[1] 78
  the design formula contains one or more numeric variables with integer values,
  specifying a model with increasing fold change for higher values.
  did you mean for this to be a factor? if so, first convert
  this variable to a factor using the factor() function
  the design formula contains one or more numeric variables with integer values,
  specifying a model with increasing fold change for higher values.
  did you mean for this to be a factor? if so, first convert
  this variable to a factor using the factor() function
  the design formula contains one or more numeric variables with integer values,
  specifying a model with increasing fold change for higher values.
  did you mean for this to be a factor? if so, first convert
  this variable to a factor using the factor() function
[1] 84
  the design formula contains one or more numeric variables with integer values,
  specifying a model with increasing fold change for higher values.
  did you mean for this to be a factor? if so, first convert
  this variable to a factor using the factor() function
[1] 79
  the design formula contains one or more numeric variables with integer values,
  specifying a model with increasing fold change for higher values.
  did you mean for this to be a factor? if so, first convert
  this variable to a factor using the factor() function
  the design formula contains one or more numeric variables with integer values,
  specifying a model with increasing fold change for higher values.
  did you mean for this to be a factor? if so, first convert
  this variable to a factor using the factor() function
  the design formula contains one or more numeric variables with integer values,
  specifying a model with increasing fold change for higher values.
  did you mean for this to be a factor? if so, first convert
  this variable to a factor using the factor() function
[1] 85
  the design formula contains one or more numeric variables with integer values,
  specifying a model with increasing fold change for higher values.
  did you mean for this to be a factor? if so, first convert
  this variable to a factor using the factor() function
[1] 80
  the design formula contains one or more numeric variables with integer values,
  specifying a model with increasing fold change for higher values.
  did you mean for this to be a factor? if so, first convert
  this variable to a factor using the factor() function
  the design formula contains one or more numeric variables with integer values,
  specifying a model with increasing fold change for higher values.
  did you mean for this to be a factor? if so, first convert
  this variable to a factor using the factor() function
  the design formula contains one or more numeric variables with integer values,
  specifying a model with increasing fold change for higher values.
  did you mean for this to be a factor? if so, first convert
  this variable to a factor using the factor() function
[1] 86
  the design formula contains one or more numeric variables with integer values,
  specifying a model with increasing fold change for higher values.
  did you mean for this to be a factor? if so, first convert
  this variable to a factor using the factor() function
[1] 81
  the design formula contains one or more numeric variables with integer values,
  specifying a model with increasing fold change for higher values.
  did you mean for this to be a factor? if so, first convert
  this variable to a factor using the factor() function
  the design formula contains one or more numeric variables with integer values,
  specifying a model with increasing fold change for higher values.
  did you mean for this to be a factor? if so, first convert
  this variable to a factor using the factor() function
  the design formula contains one or more numeric variables with integer values,
  specifying a model with increasing fold change for higher values.
  did you mean for this to be a factor? if so, first convert
  this variable to a factor using the factor() function
[1] 87
  the design formula contains one or more numeric variables with integer values,
  specifying a model with increasing fold change for higher values.
  did you mean for this to be a factor? if so, first convert
  this variable to a factor using the factor() function
[1] 82
  the design formula contains one or more numeric variables with integer values,
  specifying a model with increasing fold change for higher values.
  did you mean for this to be a factor? if so, first convert
  this variable to a factor using the factor() function
  the design formula contains one or more numeric variables with integer values,
  specifying a model with increasing fold change for higher values.
  did you mean for this to be a factor? if so, first convert
  this variable to a factor using the factor() function
  the design formula contains one or more numeric variables with integer values,
  specifying a model with increasing fold change for higher values.
  did you mean for this to be a factor? if so, first convert
  this variable to a factor using the factor() function
[1] 88
  the design formula contains one or more numeric variables with integer values,
  specifying a model with increasing fold change for higher values.
  did you mean for this to be a factor? if so, first convert
  this variable to a factor using the factor() function
[1] 83
  the design formula contains one or more numeric variables with integer values,
  specifying a model with increasing fold change for higher values.
  did you mean for this to be a factor? if so, first convert
  this variable to a factor using the factor() function
  the design formula contains one or more numeric variables with integer values,
  specifying a model with increasing fold change for higher values.
  did you mean for this to be a factor? if so, first convert
  this variable to a factor using the factor() function
  the design formula contains one or more numeric variables with integer values,
  specifying a model with increasing fold change for higher values.
  did you mean for this to be a factor? if so, first convert
  this variable to a factor using the factor() function
[1] 89
  the design formula contains one or more numeric variables with integer values,
  specifying a model with increasing fold change for higher values.
  did you mean for this to be a factor? if so, first convert
  this variable to a factor using the factor() function
[1] 84
  the design formula contains one or more numeric variables with integer values,
  specifying a model with increasing fold change for higher values.
  did you mean for this to be a factor? if so, first convert
  this variable to a factor using the factor() function
  the design formula contains one or more numeric variables with integer values,
  specifying a model with increasing fold change for higher values.
  did you mean for this to be a factor? if so, first convert
  this variable to a factor using the factor() function
  the design formula contains one or more numeric variables with integer values,
  specifying a model with increasing fold change for higher values.
  did you mean for this to be a factor? if so, first convert
  this variable to a factor using the factor() function
[1] 90
  the design formula contains one or more numeric variables with integer values,
  specifying a model with increasing fold change for higher values.
  did you mean for this to be a factor? if so, first convert
  this variable to a factor using the factor() function
[1] 85
  the design formula contains one or more numeric variables with integer values,
  specifying a model with increasing fold change for higher values.
  did you mean for this to be a factor? if so, first convert
  this variable to a factor using the factor() function
  the design formula contains one or more numeric variables with integer values,
  specifying a model with increasing fold change for higher values.
  did you mean for this to be a factor? if so, first convert
  this variable to a factor using the factor() function
  the design formula contains one or more numeric variables with integer values,
  specifying a model with increasing fold change for higher values.
  did you mean for this to be a factor? if so, first convert
  this variable to a factor using the factor() function
[1] 91
  the design formula contains one or more numeric variables with integer values,
  specifying a model with increasing fold change for higher values.
  did you mean for this to be a factor? if so, first convert
  this variable to a factor using the factor() function
[1] 86
  the design formula contains one or more numeric variables with integer values,
  specifying a model with increasing fold change for higher values.
  did you mean for this to be a factor? if so, first convert
  this variable to a factor using the factor() function
  the design formula contains one or more numeric variables with integer values,
  specifying a model with increasing fold change for higher values.
  did you mean for this to be a factor? if so, first convert
  this variable to a factor using the factor() function
  the design formula contains one or more numeric variables with integer values,
  specifying a model with increasing fold change for higher values.
  did you mean for this to be a factor? if so, first convert
  this variable to a factor using the factor() function
[1] 92
  the design formula contains one or more numeric variables with integer values,
  specifying a model with increasing fold change for higher values.
  did you mean for this to be a factor? if so, first convert
  this variable to a factor using the factor() function
[1] 87
  the design formula contains one or more numeric variables with integer values,
  specifying a model with increasing fold change for higher values.
  did you mean for this to be a factor? if so, first convert
  this variable to a factor using the factor() function
  the design formula contains one or more numeric variables with integer values,
  specifying a model with increasing fold change for higher values.
  did you mean for this to be a factor? if so, first convert
  this variable to a factor using the factor() function
  the design formula contains one or more numeric variables with integer values,
  specifying a model with increasing fold change for higher values.
  did you mean for this to be a factor? if so, first convert
  this variable to a factor using the factor() function
[1] 93
  the design formula contains one or more numeric variables with integer values,
  specifying a model with increasing fold change for higher values.
  did you mean for this to be a factor? if so, first convert
  this variable to a factor using the factor() function
[1] 88
  the design formula contains one or more numeric variables with integer values,
  specifying a model with increasing fold change for higher values.
  did you mean for this to be a factor? if so, first convert
  this variable to a factor using the factor() function
  the design formula contains one or more numeric variables with integer values,
  specifying a model with increasing fold change for higher values.
  did you mean for this to be a factor? if so, first convert
  this variable to a factor using the factor() function
  the design formula contains one or more numeric variables with integer values,
  specifying a model with increasing fold change for higher values.
  did you mean for this to be a factor? if so, first convert
  this variable to a factor using the factor() function
[1] 94
  the design formula contains one or more numeric variables with integer values,
  specifying a model with increasing fold change for higher values.
  did you mean for this to be a factor? if so, first convert
  this variable to a factor using the factor() function
[1] 89
  the design formula contains one or more numeric variables with integer values,
  specifying a model with increasing fold change for higher values.
  did you mean for this to be a factor? if so, first convert
  this variable to a factor using the factor() function
  the design formula contains one or more numeric variables with integer values,
  specifying a model with increasing fold change for higher values.
  did you mean for this to be a factor? if so, first convert
  this variable to a factor using the factor() function
  the design formula contains one or more numeric variables with integer values,
  specifying a model with increasing fold change for higher values.
  did you mean for this to be a factor? if so, first convert
  this variable to a factor using the factor() function
[1] 95
  the design formula contains one or more numeric variables with integer values,
  specifying a model with increasing fold change for higher values.
  did you mean for this to be a factor? if so, first convert
  this variable to a factor using the factor() function
[1] 90
  the design formula contains one or more numeric variables with integer values,
  specifying a model with increasing fold change for higher values.
  did you mean for this to be a factor? if so, first convert
  this variable to a factor using the factor() function
  the design formula contains one or more numeric variables with integer values,
  specifying a model with increasing fold change for higher values.
  did you mean for this to be a factor? if so, first convert
  this variable to a factor using the factor() function
  the design formula contains one or more numeric variables with integer values,
  specifying a model with increasing fold change for higher values.
  did you mean for this to be a factor? if so, first convert
  this variable to a factor using the factor() function
[1] 96
  the design formula contains one or more numeric variables with integer values,
  specifying a model with increasing fold change for higher values.
  did you mean for this to be a factor? if so, first convert
  this variable to a factor using the factor() function
[1] 91
  the design formula contains one or more numeric variables with integer values,
  specifying a model with increasing fold change for higher values.
  did you mean for this to be a factor? if so, first convert
  this variable to a factor using the factor() function
  the design formula contains one or more numeric variables with integer values,
  specifying a model with increasing fold change for higher values.
  did you mean for this to be a factor? if so, first convert
  this variable to a factor using the factor() function
  the design formula contains one or more numeric variables with integer values,
  specifying a model with increasing fold change for higher values.
  did you mean for this to be a factor? if so, first convert
  this variable to a factor using the factor() function
[1] 97
  the design formula contains one or more numeric variables with integer values,
  specifying a model with increasing fold change for higher values.
  did you mean for this to be a factor? if so, first convert
  this variable to a factor using the factor() function
[1] 92
  the design formula contains one or more numeric variables with integer values,
  specifying a model with increasing fold change for higher values.
  did you mean for this to be a factor? if so, first convert
  this variable to a factor using the factor() function
  the design formula contains one or more numeric variables with integer values,
  specifying a model with increasing fold change for higher values.
  did you mean for this to be a factor? if so, first convert
  this variable to a factor using the factor() function
  the design formula contains one or more numeric variables with integer values,
  specifying a model with increasing fold change for higher values.
  did you mean for this to be a factor? if so, first convert
  this variable to a factor using the factor() function
[1] 98
  the design formula contains one or more numeric variables with integer values,
  specifying a model with increasing fold change for higher values.
  did you mean for this to be a factor? if so, first convert
  this variable to a factor using the factor() function
[1] 93
  the design formula contains one or more numeric variables with integer values,
  specifying a model with increasing fold change for higher values.
  did you mean for this to be a factor? if so, first convert
  this variable to a factor using the factor() function
  the design formula contains one or more numeric variables with integer values,
  specifying a model with increasing fold change for higher values.
  did you mean for this to be a factor? if so, first convert
  this variable to a factor using the factor() function
  the design formula contains one or more numeric variables with integer values,
  specifying a model with increasing fold change for higher values.
  did you mean for this to be a factor? if so, first convert
  this variable to a factor using the factor() function
[1] 99
  the design formula contains one or more numeric variables with integer values,
  specifying a model with increasing fold change for higher values.
  did you mean for this to be a factor? if so, first convert
  this variable to a factor using the factor() function
[1] 94
  the design formula contains one or more numeric variables with integer values,
  specifying a model with increasing fold change for higher values.
  did you mean for this to be a factor? if so, first convert
  this variable to a factor using the factor() function
  the design formula contains one or more numeric variables with integer values,
  specifying a model with increasing fold change for higher values.
  did you mean for this to be a factor? if so, first convert
  this variable to a factor using the factor() function
  the design formula contains one or more numeric variables with integer values,
  specifying a model with increasing fold change for higher values.
  did you mean for this to be a factor? if so, first convert
  this variable to a factor using the factor() function
[1] 100
  the design formula contains one or more numeric variables with integer values,
  specifying a model with increasing fold change for higher values.
  did you mean for this to be a factor? if so, first convert
  this variable to a factor using the factor() function
[1] 95
  the design formula contains one or more numeric variables with integer values,
  specifying a model with increasing fold change for higher values.
  did you mean for this to be a factor? if so, first convert
  this variable to a factor using the factor() function
  the design formula contains one or more numeric variables with integer values,
  specifying a model with increasing fold change for higher values.
  did you mean for this to be a factor? if so, first convert
  this variable to a factor using the factor() function
  the design formula contains one or more numeric variables with integer values,
  specifying a model with increasing fold change for higher values.
  did you mean for this to be a factor? if so, first convert
  this variable to a factor using the factor() function
[1] "done loop"
[1] 96
  the design formula contains one or more numeric variables with integer values,
  specifying a model with increasing fold change for higher values.
  did you mean for this to be a factor? if so, first convert
  this variable to a factor using the factor() function
Warning message:
In DESeqDataSet(se, design = design, ignoreRank) :
  some variables in design formula are characters, converting to factors
  the design formula contains one or more numeric variables with integer values,
  specifying a model with increasing fold change for higher values.
  did you mean for this to be a factor? if so, first convert
  this variable to a factor using the factor() function
[1] 97
  the design formula contains one or more numeric variables with integer values,
  specifying a model with increasing fold change for higher values.
  did you mean for this to be a factor? if so, first convert
  this variable to a factor using the factor() function
  the design formula contains one or more numeric variables with integer values,
  specifying a model with increasing fold change for higher values.
  did you mean for this to be a factor? if so, first convert
  this variable to a factor using the factor() function
[1] 98
  the design formula contains one or more numeric variables with integer values,
  specifying a model with increasing fold change for higher values.
  did you mean for this to be a factor? if so, first convert
  this variable to a factor using the factor() function
  the design formula contains one or more numeric variables with integer values,
  specifying a model with increasing fold change for higher values.
  did you mean for this to be a factor? if so, first convert
  this variable to a factor using the factor() function
[1] 99
  the design formula contains one or more numeric variables with integer values,
  specifying a model with increasing fold change for higher values.
  did you mean for this to be a factor? if so, first convert
  this variable to a factor using the factor() function
  the design formula contains one or more numeric variables with integer values,
  specifying a model with increasing fold change for higher values.
  did you mean for this to be a factor? if so, first convert
  this variable to a factor using the factor() function
[1] 100
  the design formula contains one or more numeric variables with integer values,
  specifying a model with increasing fold change for higher values.
  did you mean for this to be a factor? if so, first convert
  this variable to a factor using the factor() function
  the design formula contains one or more numeric variables with integer values,
  specifying a model with increasing fold change for higher values.
  did you mean for this to be a factor? if so, first convert
  this variable to a factor using the factor() function
[1] "done loop"
Warning message:
In DESeqDataSet(se, design = design, ignoreRank) :
  some variables in design formula are characters, converting to factors
