ak_035166	ak_016465	ak_024143	ak_037037	ak_024401	ak_097125	ak_097366	ak_032645	ak_037693	ak_034033	ak_033463	ak_099390	ak_015445	ak_023546	ak_032440	op_033472	op_038401	op_102311	op_016307	op_023502	op_023870	op_098441	op_107201	op_035169	op_024146	op_024199	op_015958	op_032024	op_103496	op_023549
otu.10	0	0	0	0	0	0	0	0	0	0	0	0	0	0	0	0	0	1	0	0	9	0	0	0	0	2	8	0	0	3
otu.11	0	0	0	30	0	0	0	0	12	0	1	1	0	1	6	15	14	1	34	3	10	0	3	3	9	5	0	1	168	7
otu.94	0	0	0	0	0	0	1	0	0	0	0	0	0	0	0	2	0	0	3	1	0	0	0	0	0	0	0	0	0	2
otu.119	0	0	0	0	0	0	0	0	1	0	0	0	0	0	0	1	0	3	1	0	5	0	0	0	0	3	2	0	6	0
otu.128	0	0	0	0	0	0	0	0	0	0	6	0	0	0	0	5	0	0	2	0	0	0	0	1	0	0	2	1	0	0
otu.132	0	0	0	0	0	0	0	0	0	0	2	0	0	0	0	3	0	0	4	1	0	2	0	0	0	3	0	0	0	0
otu.153	1	0	0	0	0	0	0	1	0	0	1	0	0	0	1	0	0	0	0	0	0	0	0	0	0	0	0	0	0	0
otu.176	0	0	0	0	0	0	0	0	0	0	0	1	1	0	0	1	0	0	0	0	0	0	0	0	0	1	0	0	0	0
otu.191	0	0	0	0	0	0	0	0	0	0	0	0	0	0	0	1	0	0	1	0	1	0	2	0	0	0	0	0	0	0
otu.225	0	0	0	0	0	0	0	0	0	0	0	0	0	0	0	2	1	0	0	0	0	0	0	3	13	1	0	0	5	20
otu.292	0	0	0	0	0	0	0	0	0	0	0	0	0	0	0	2	0	0	0	0	0	0	6	0	0	1	0	0	0	2
otu.330	0	0	0	0	0	0	0	0	0	0	9	0	0	0	0	0	3	1	5	1	0	2	0	0	0	1	0	0	0	0
otu.337	0	3	0	0	10	0	0	1	0	0	0	0	0	5	0	0	0	0	0	0	0	0	0	0	0	0	0	0	0	0
otu.386	0	0	0	0	0	0	0	0	0	0	6	0	0	0	0	3	0	0	1	1	0	0	0	0	0	0	0	0	0	0
otu.420	0	0	0	0	0	0	0	0	0	0	0	0	0	0	0	0	0	0	1	0	0	0	0	0	1	2	0	0	0	1
otu.447	0	0	0	0	0	0	0	0	0	0	0	0	0	0	1	19	0	4	18	14	159	0	0	0	0	1	5	1	0	0
otu.481	0	0	0	1	0	0	0	0	0	0	0	0	0	0	0	4	0	0	0	0	0	0	0	4	1	1	0	1	5	5
otu.491	0	0	0	2	1	0	0	0	0	0	0	0	0	0	6	23	0	0	2	1	1	6	0	0	0	0	1	0	5	10
otu.517	0	0	0	0	0	0	1	0	0	0	0	0	0	0	0	0	8	0	3	0	1	0	0	0	0	0	0	0	0	0
otu.547	0	0	0	0	0	0	0	0	0	0	0	0	0	0	0	2	3	0	0	0	14	0	0	6	0	0	0	0	0	0
otu.554	0	1	0	0	2	0	0	1	0	0	2	1	0	2	0	0	0	0	0	0	0	0	0	0	0	0	0	0	0	0
otu.555	0	0	0	1	0	0	0	0	0	0	0	0	0	0	0	0	0	1	8	0	2	0	0	0	0	6	3	0	0	0
otu.558	1	0	0	0	2	0	0	0	0	0	1	18	0	0	0	143	0	0	0	43	0	0	0	3	0	0	0	1	63	44
otu.580	0	0	0	0	0	0	0	0	0	0	0	0	0	0	0	0	0	0	2	0	1	0	0	0	0	0	2	0	1	0
otu.602	0	0	0	0	0	2	4	0	0	0	1	0	0	0	0	4	0	0	0	0	0	0	0	0	0	0	0	0	0	0
otu.672	0	0	0	0	0	0	0	0	0	0	0	0	0	0	0	1	0	0	2	0	1	1	2	0	0	1	0	0	0	0
otu.679	0	0	0	0	0	0	0	0	0	0	0	0	0	0	0	1	1	0	1	0	0	0	0	0	0	2	4	0	0	0
otu.723	0	0	0	0	0	0	0	0	0	0	0	0	0	0	0	2	0	0	2	1	7	0	0	0	0	2	1	0	1	0
otu.731	0	0	0	0	0	0	0	0	0	0	0	0	0	0	0	1	0	0	3	0	0	0	0	2	0	1	0	0	0	3
otu.749	0	0	0	0	0	0	0	0	0	0	0	0	0	0	0	0	0	2	1	0	1	1	0	0	0	6	0	0	2	0
otu.760	0	0	0	1	0	0	0	0	0	0	0	0	0	0	0	3	0	0	0	0	0	0	0	2	1	0	1	4	1	2
otu.771	0	0	0	0	0	0	0	0	0	0	0	0	0	0	1	5	2	0	0	0	0	0	0	0	0	0	0	5	0	0
otu.779	0	0	0	0	0	2	5	0	0	0	2	0	0	1	0	8	0	0	0	1	0	0	1	0	1	0	0	0	0	1
otu.802	0	0	0	0	0	0	0	0	0	0	0	0	0	0	0	0	1	0	0	4	0	0	0	0	0	0	1	0	0	1
otu.816	0	0	0	6	0	0	5	0	0	0	0	0	1	0	0	1	0	0	1	0	1	1	0	0	0	0	0	0	2	1
otu.864	0	0	0	0	0	0	0	0	0	0	0	0	0	0	0	2	2	0	3	0	0	0	0	0	0	3	1	0	0	0
otu.866	0	0	0	0	0	0	0	0	0	0	0	0	0	0	0	1	0	0	0	0	0	0	0	1	0	0	0	0	1	1
otu.868	0	0	0	0	8	1	0	3	0	0	1	0	0	0	3	2	0	0	0	0	0	0	0	0	0	0	0	0	0	0
otu.912	0	0	0	0	0	0	0	0	0	0	0	0	0	0	4	19	2	0	0	2	4	0	0	2	0	0	0	0	0	0
otu.917	0	0	0	3	0	0	0	0	0	0	0	0	0	0	0	0	0	3	1	0	2	0	0	0	0	1	0	0	0	0
otu.1001	0	0	0	40	0	0	0	0	2	0	0	2	0	1	1	11	1	5	14	42	62	13	0	0	0	22	7	0	273	12
otu.1053	0	3	0	0	3	0	2	2	2	0	4	1	1	12	0	0	0	0	0	0	0	0	0	0	0	0	0	0	0	0
otu.1057	0	0	0	0	0	0	0	0	0	0	0	0	0	0	0	1	0	2	15	0	1	0	3	0	0	0	1	0	0	0
otu.1093	0	0	0	2	0	0	0	0	0	0	0	0	8	0	1	0	1	0	0	0	5	0	0	0	0	0	0	1	1	0
otu.1156	0	0	0	1	0	0	0	0	0	0	0	0	5	0	3	1	2	0	0	0	15	0	1	0	0	1	0	0	1	0
otu.1207	0	0	0	0	0	0	0	0	0	0	0	0	0	0	0	2	4	0	0	0	0	0	0	0	4	0	1	0	0	0
otu.1215	0	0	0	2	0	0	0	0	1	0	0	0	1	0	3	1	0	0	0	0	0	0	0	0	1	0	0	1	3	0
otu.1223	0	0	0	0	0	0	0	0	0	0	0	0	0	0	0	3	0	0	0	0	1	2	0	0	0	1	0	0	0	0
otu.1286	1	0	0	4	0	0	17	0	0	0	0	0	0	0	4	1	0	1	0	0	1	0	0	0	0	0	0	1	0	0
otu.1312	0	0	0	1	0	0	0	0	0	0	0	1	0	0	0	3	0	0	0	0	0	0	0	2	0	0	0	4	0	5
otu.1342	1	0	1	0	0	0	0	0	0	0	4	1	1	0	1	2	4	0	0	3	0	0	1	0	0	0	2	0	1	4
otu.1367	0	0	0	0	0	0	0	3	1	0	25	0	0	0	0	0	21	2	2	1	0	1	3	0	0	5	0	1	0	0
otu.1383	0	0	0	0	0	0	0	0	0	0	0	0	0	0	0	0	9	4	2	0	9	0	3	0	0	0	0	1	0	0
otu.1388	0	0	0	0	0	0	0	0	2	0	3	2	0	0	2	27	3	2	0	0	1	0	0	0	1	2	5	0	1	1
otu.1424	0	0	0	1	0	0	0	0	0	0	0	0	0	0	0	3	2	1	1	0	1	0	0	0	0	1	0	0	0	0
otu.1454	0	0	0	1	0	0	0	0	0	0	0	0	0	0	0	0	0	0	0	0	0	1	0	0	0	0	0	0	2	12
otu.1530	0	0	4	0	0	0	0	0	0	0	10	0	0	0	0	2	7	0	1	0	1	0	0	0	2	0	0	0	2	1
otu.1613	0	0	0	4	0	0	0	0	0	0	0	0	0	0	12	2	0	0	0	19	0	0	0	0	4	0	0	1	0	0
otu.1634	0	1	0	2	0	0	0	0	0	0	0	0	1	0	0	1	0	0	1	1	1	0	0	0	1	0	0	1	1	2
otu.1669	0	1	0	0	2	2	0	1	2	0	3	0	1	2	0	0	0	0	0	0	0	0	0	0	0	0	0	0	0	2
otu.1681	0	0	0	0	0	0	0	0	0	0	0	0	0	0	0	0	0	0	31	0	0	0	0	1	0	1	4	0	0	0
otu.1770	0	0	0	0	0	0	0	0	0	0	0	0	0	0	0	3	0	3	5	0	2	1	0	0	0	0	1	1	0	0
otu.1776	1	0	1	6	0	0	0	0	0	0	1	0	7	1	6	1	0	0	2	1	5	0	0	2	6	3	0	0	4	18
otu.1807	0	0	0	0	0	0	0	0	0	0	0	0	0	0	0	3	0	0	1	1	1	0	0	0	0	0	0	0	0	0
otu.1839	0	0	0	0	0	0	0	0	2	0	0	0	0	0	0	0	0	0	5	0	0	1	0	0	0	3	3	0	0	0
otu.1862	0	0	0	0	0	0	0	0	0	0	0	0	0	0	0	5	0	1	5	0	0	0	0	0	1	0	0	1	1	1
otu.1867	0	0	0	1	0	0	0	0	0	0	0	0	0	0	0	9	0	0	0	3	0	0	0	2	2	0	0	0	8	4
otu.1868	0	0	0	0	0	0	0	0	0	0	6	0	0	0	0	1	2	0	0	0	0	0	0	0	0	0	1	0	0	0
otu.1911	0	0	0	0	0	0	0	0	0	0	0	0	0	0	0	0	1	1	0	0	1	0	0	0	0	0	4	0	0	0
otu.1934	0	0	0	2	0	0	0	0	0	0	0	0	1	0	0	1	0	0	0	14	0	0	0	0	0	1	0	0	0	2
otu.1943	0	0	0	0	0	0	0	0	0	0	0	0	0	0	0	0	0	2	0	0	0	0	0	0	0	1	3	3	0	0
otu.1966	0	0	0	3	0	0	0	0	0	0	0	0	0	1	1	0	0	0	0	0	0	0	0	0	1	1	1	0	0	1
otu.1981	0	0	0	0	0	0	0	0	0	0	0	0	0	0	0	4	0	1	3	0	6	0	0	0	0	2	0	0	0	0
otu.2024	0	0	0	0	0	0	0	0	0	0	0	0	0	0	0	2	1	0	1	0	0	2	0	0	0	3	0	0	0	7
otu.2044	0	2	0	0	0	0	0	1	0	0	1	0	0	1	0	0	0	0	0	0	0	0	0	0	0	0	0	0	0	0
otu.2059	0	0	0	0	0	0	0	0	0	0	0	0	0	0	0	0	0	0	0	0	0	0	0	1	10	0	0	0	3	25
otu.2060	0	0	0	0	0	0	1	0	3	0	7	3	0	0	3	25	3	0	1	0	1	2	0	0	0	10	4	0	0	1
otu.2086	0	0	0	0	0	0	0	0	0	0	0	0	0	0	0	1	0	1	0	13	0	0	1	0	0	0	0	0	0	5
otu.2091	0	0	0	0	0	0	0	0	0	0	2	0	0	0	0	1	0	0	0	0	5	0	0	0	1	0	1	0	0	0
otu.2098	0	0	2	0	0	0	1	0	0	0	1	0	0	0	0	1	0	0	0	0	0	0	0	0	0	0	0	0	0	0
otu.2115	0	0	0	0	0	0	0	0	0	0	0	0	0	0	0	7	0	0	11	0	6	0	2	0	0	0	1	0	0	0
otu.2120	0	0	0	0	0	0	0	0	0	0	0	0	0	0	0	4	0	0	1	0	0	0	0	0	0	2	0	0	0	1
otu.2160	1	0	0	2	0	0	0	0	0	0	0	0	0	0	2	0	0	0	0	8	0	0	0	0	0	0	0	0	0	1
otu.2221	1	10	4	0	3	1	2	41	6	0	19	1	1	9	2	0	0	0	0	0	0	0	0	0	0	0	0	0	0	0
otu.2238	0	0	0	0	1	0	0	0	0	0	0	0	0	0	0	1	1	1	0	0	0	3	0	0	0	1	0	0	0	0
otu.2337	0	0	0	0	0	0	0	0	0	0	2	0	0	0	0	0	0	0	1	0	1	0	0	0	0	0	1	1	0	0
otu.2344	0	0	0	0	0	0	0	0	0	0	0	0	0	0	0	1	0	0	0	2	0	0	0	0	1	0	0	1	4	1
otu.2397	0	0	0	0	0	0	0	0	0	0	1	0	0	0	0	1	1	1	1	0	0	0	0	0	0	0	1	0	0	0
otu.2444	0	0	0	0	0	0	0	0	0	0	7	0	0	0	0	8	1	0	2	0	0	0	0	2	0	0	0	0	0	0
otu.2466	0	0	0	0	0	0	0	0	0	0	0	0	0	0	0	1	1	0	0	0	0	2	0	1	0	0	0	0	1	0
otu.2498	0	0	0	7	0	0	1	0	0	0	2	0	2	0	2	1	1	0	2	1	0	0	0	1	1	1	0	2	1	1
otu.2508	0	0	0	0	0	0	0	0	0	0	0	0	0	0	0	0	0	0	1	1	0	0	0	0	0	1	7	4	0	0
otu.2578	0	1	2	0	2	0	0	0	0	0	1	0	0	3	0	0	0	0	0	0	0	0	0	0	0	0	0	0	0	0
otu.2635	0	0	0	0	0	0	0	0	0	0	0	1	0	0	0	0	1	0	0	0	0	1	0	0	0	0	1	0	0	0
otu.2663	0	0	6	0	0	0	0	0	0	0	43	0	0	4	0	7	34	0	10	10	3	0	0	0	2	5	7	0	3	1
otu.2691	0	0	0	0	0	0	0	0	0	0	0	0	0	0	0	2	7	0	3	3	4	0	1	0	0	0	1	0	0	0
otu.2730	0	0	0	10	0	0	0	0	0	0	0	0	0	0	0	2	4	0	2	0	7	0	1	0	0	1	0	0	1	1
otu.2752	2	0	2	3	15	6	0	1	0	0	4	0	0	0	5	0	4	0	0	0	0	0	0	0	0	0	0	0	0	0
otu.2800	0	0	1	0	0	0	0	0	0	0	2	0	0	0	1	1	2	1	0	2	0	0	0	0	5	0	0	0	0	2
otu.2823	0	0	0	2	0	0	0	0	0	0	0	0	1	0	0	8	0	3	3	0	0	1	1	1	0	3	0	0	0	0
otu.2856	0	0	0	0	0	0	0	0	0	0	0	0	0	0	0	2	1	0	0	0	2	0	0	0	0	0	0	0	0	2
otu.2873	0	0	0	12	0	0	0	0	0	0	1	23	0	0	2	0	1	10	3	0	5	10	0	0	2	1	4	0	3	1
otu.2885	0	0	0	0	0	0	0	1	2	0	328	0	0	0	0	13	33	5	23	20	3	1	2	0	0	5	2	1	0	0
otu.2945	0	0	0	0	0	0	0	0	0	0	0	0	0	0	0	1	0	0	0	0	0	0	0	3	9	0	0	3	0	3
otu.2983	0	0	0	0	1	0	0	0	0	0	0	0	0	0	1	3	0	0	0	0	0	0	0	2	0	0	0	0	0	3
otu.2991	0	0	0	0	0	0	0	0	0	0	0	0	0	0	0	0	33	3	0	0	9	0	3	0	0	0	0	2	0	0
otu.2997	0	0	0	1	0	0	1	0	1	0	0	0	0	2	0	0	3	1	0	103	0	0	1	3	0	1	9	14	3	52
otu.3061	0	0	1	0	1	1	0	0	0	0	1	0	0	2	0	0	0	0	0	0	0	0	0	0	0	0	0	0	0	0
otu.3123	0	0	0	0	0	0	0	0	0	0	0	0	0	0	0	9	0	3	1	0	0	0	0	0	6	0	0	0	8	3
otu.3151	0	0	0	0	0	0	0	0	0	0	1	0	0	0	0	2	0	1	0	0	0	2	0	0	0	0	0	0	0	1
otu.3212	0	0	0	0	2	0	0	0	0	3	10	0	0	1	0	0	0	0	0	0	0	0	0	0	0	0	0	0	0	0
otu.3221	0	0	0	0	0	0	0	0	0	0	1	0	0	0	0	5	0	0	0	1	0	0	0	0	0	1	0	0	0	0
otu.3265	0	0	0	0	0	0	0	0	0	0	0	1	0	0	0	0	0	8	0	1	0	0	0	1	0	1	0	0	2	1
otu.3289	0	0	0	0	0	0	0	0	0	0	0	0	0	0	0	19	0	0	3	2	3	1	0	0	0	0	0	0	0	1
otu.3328	0	0	0	1	0	0	0	0	1	0	0	0	0	0	0	1	0	0	0	0	1	0	0	0	1	0	0	0	0	0
otu.3329	0	0	0	69	1	0	0	0	0	0	0	0	0	0	0	32	5	26	5	0	9	0	0	0	0	0	0	1	2	7
otu.3383	0	0	0	0	0	0	0	0	0	0	0	0	0	0	0	1	0	0	0	0	0	0	0	3	0	2	1	0	0	1
otu.3384	0	0	0	0	0	0	0	0	0	0	2	0	0	0	0	0	1	0	2	0	1	0	0	0	0	0	0	0	0	0
otu.3389	0	0	0	1	0	0	0	0	0	0	0	0	0	0	0	6	1	0	5	0	0	0	0	0	0	0	1	0	0	0
otu.3390	0	0	0	0	0	0	0	0	0	0	0	0	0	0	0	1	1	0	0	4	0	0	0	0	0	1	0	0	0	3
otu.3392	0	0	0	0	0	0	0	0	0	0	0	0	0	0	0	2	0	0	0	1	0	0	0	0	1	0	0	0	2	1
otu.3401	0	0	0	0	0	0	0	0	0	0	2	0	0	0	0	1	1	0	3	0	0	0	3	0	0	0	0	0	0	0
otu.3403	0	0	0	0	8	2	0	2	0	0	0	0	0	7	0	0	0	0	0	0	0	0	0	0	0	0	0	0	0	0
otu.3412	0	0	1	3	0	0	1	0	0	3	5	1	0	0	0	1	2	0	0	16	2	0	0	1	10	0	0	0	1	26
otu.3440	0	0	0	0	0	0	0	0	0	0	0	0	0	0	0	0	73	1	5	20	7	0	0	0	0	0	0	0	0	0
otu.3457	0	0	0	0	0	0	0	0	1	0	0	0	0	0	3	0	3	0	2	0	0	0	0	1	0	0	0	0	13	0
otu.3465	0	0	0	0	0	0	0	0	0	0	0	0	0	0	0	7	0	0	1	0	0	0	0	0	0	0	2	1	0	0
otu.3496	0	2	7	0	222	3	0	5	0	0	4	1	0	5	2	0	0	0	0	0	0	0	0	0	0	0	0	0	0	0
otu.3500	0	0	0	4	0	0	0	0	0	0	0	0	0	0	2	0	0	1	0	1	0	1	1	0	1	0	0	0	0	0
otu.3506	0	0	0	0	0	0	0	0	0	0	0	0	0	0	0	0	3	0	1	0	0	0	0	1	0	0	0	5	0	0
otu.3508	0	0	1	0	0	0	0	0	0	0	0	2	0	0	0	0	1	0	0	0	0	0	0	0	0	0	0	0	1	0
otu.3529	0	0	1	0	0	0	0	0	1	5	34	2	0	13	0	0	0	0	0	0	0	0	0	0	3	0	0	0	0	0
otu.3533	0	0	1	0	0	0	0	1	0	0	2	0	2	0	0	0	1	0	0	0	0	0	0	0	0	0	0	0	0	0
otu.3549	1	0	0	0	0	0	0	0	0	0	0	0	0	2	0	0	1	0	0	0	0	1	0	0	0	0	0	0	0	0
otu.3625	0	0	0	18	0	0	0	0	0	0	0	1	0	0	0	1	0	2	2	0	1	0	0	0	0	0	0	0	0	0
otu.3632	0	0	1	0	0	0	1	0	1	3	55	7	0	14	0	2	0	0	0	0	0	0	0	0	0	0	0	0	1	0
otu.3702	0	0	0	0	2	0	0	5	1	0	0	0	0	0	1	0	0	0	0	0	0	0	0	0	0	0	0	0	0	0
otu.3734	0	0	0	0	0	0	2	0	0	0	0	0	0	0	0	10	0	6	1	0	2	0	0	1	0	3	0	0	0	0
otu.3756	0	0	0	0	0	0	0	0	0	0	0	0	0	0	0	0	0	0	7	1	1	0	0	9	0	13	10	0	0	0
otu.3760	0	0	0	12	2	0	0	0	4	0	0	1	0	0	2	74	15	4	25	7	21	1	4	0	8	7	2	4	197	38
otu.3882	0	0	0	0	0	0	0	0	0	0	0	0	0	0	0	24	6	1	7	0	9	0	1	1	1	5	3	2	0	9
otu.3905	0	0	0	0	0	0	0	0	2	0	0	0	0	0	0	1	1	0	0	1	0	0	0	0	0	0	0	2	2	2
otu.3909	0	0	0	1	0	0	0	0	0	0	0	0	0	0	0	3	2	0	0	0	1	0	0	1	0	2	0	0	0	0
otu.3927	0	0	0	0	0	0	0	0	0	0	0	0	0	0	1	20	2	0	1	0	1	4	0	0	0	1	0	0	2	0
otu.3945	0	1	0	0	1	0	0	1	0	0	0	0	0	4	0	0	0	0	0	0	0	0	0	0	0	0	0	0	0	0
otu.3967	0	0	0	0	0	0	0	0	0	0	0	0	0	0	0	1	0	0	1	0	0	0	0	0	0	0	0	0	1	4
otu.3973	0	0	0	0	1	0	0	1	0	1	16	0	0	2	2	0	0	0	0	1	0	0	0	0	0	0	0	0	0	0
otu.3993	0	0	0	0	0	0	0	0	0	0	0	0	0	0	16	0	2	0	0	7	0	0	0	0	2	0	0	0	0	3
otu.3998	0	0	0	0	0	0	0	0	0	0	0	0	0	0	0	0	1	0	0	5	0	0	0	0	0	1	0	1	1	0
otu.4006	0	0	0	0	0	0	0	0	0	0	0	0	0	0	0	1	1	1	1	0	0	0	0	2	0	1	1	0	0	0
otu.4054	0	0	0	31	0	0	0	0	0	0	0	0	6	0	24	2	18	0	0	0	59	1	0	0	0	1	0	0	7	2
otu.4076	0	5	3	0	1	1	0	2	0	0	15	0	0	3	3	0	0	0	0	0	0	0	0	0	0	0	0	0	0	0
otu.4089	0	0	2	0	0	0	0	0	0	2	2	0	0	0	1	0	0	0	0	0	0	0	0	0	0	0	0	0	0	0
otu.4104	0	0	0	0	0	0	0	0	0	0	0	0	0	0	0	1	0	1	10	0	0	0	1	0	0	0	0	0	0	0
otu.4126	0	0	0	0	8	1	0	1	0	0	3	0	0	27	0	0	0	0	0	0	0	0	0	0	0	0	0	0	0	0
otu.4138	0	2	0	0	7	2	0	5	0	2	3	0	0	1	0	0	0	0	0	0	0	0	0	0	0	0	0	0	0	0
otu.4162	0	0	0	0	6	4	0	0	0	0	6	0	0	1	0	0	0	0	0	0	0	0	0	0	0	0	0	0	0	0
otu.4263	1	0	0	0	0	0	0	0	0	0	0	0	0	0	0	0	0	0	0	0	1	0	0	0	0	0	1	0	0	1
otu.4290	0	0	0	0	0	0	0	0	0	0	0	1	0	0	8	0	0	0	0	0	17	0	0	0	0	1	0	0	0	0
otu.4327	0	0	0	0	1	0	0	0	0	0	0	0	0	0	1	0	2	0	0	2	2	0	0	0	0	0	0	0	0	0
otu.4375	0	0	0	0	0	0	0	0	0	0	0	0	0	0	0	4	1	0	1	0	0	0	0	0	0	1	0	0	0	0
otu.4387	0	0	0	1	0	0	0	0	0	0	0	0	0	0	2	3	1	0	1	0	0	0	0	1	0	1	0	0	0	0
otu.4437	0	0	0	0	0	0	0	0	0	0	0	0	0	0	0	0	3	0	0	0	1	0	0	1	0	0	1	1	0	1
otu.4454	0	0	0	0	0	0	0	0	0	0	0	0	0	0	1	6	0	0	8	0	3	0	0	1	0	1	3	0	0	0
otu.4461	0	0	0	0	0	0	0	0	0	0	1	0	0	0	0	4	0	0	0	0	0	0	0	2	0	0	0	3	0	0
otu.4468	0	0	1	0	0	0	0	0	1	2	0	0	0	1	0	0	0	0	0	1	0	0	0	0	1	0	0	0	0	7
otu.4517	0	6	1	0	7	5	0	13	0	5	2	0	1	65	1	0	0	0	0	0	0	0	0	0	0	0	0	0	0	0
otu.4598	0	0	0	0	0	0	0	0	0	0	0	0	0	0	0	21	5	0	2	2	3	0	1	2	0	0	0	0	0	0
otu.4619	0	0	0	0	0	0	0	0	0	0	0	0	0	0	0	13	4	1	1	7	0	0	0	0	0	0	1	0	0	0
otu.4667	0	0	0	0	0	0	0	0	0	0	0	2	0	0	0	4	0	6	0	0	0	0	0	0	3	3	0	1	1	1
otu.4707	0	0	0	0	0	0	0	0	0	0	0	0	0	0	1	15	0	0	0	0	0	0	0	0	0	7	0	0	0	2
otu.4730	0	0	0	0	0	1	0	0	1	0	3	0	0	1	0	0	0	0	0	0	0	0	0	0	0	0	0	0	0	0
otu.4752	1	0	0	0	0	0	0	0	0	0	0	0	0	0	0	10	5	0	0	1	0	0	1	3	2	0	0	0	0	1
otu.4755	0	0	0	0	0	0	0	0	0	0	0	0	0	1	0	0	1	0	0	0	0	0	0	1	0	0	0	0	0	1
otu.4770	1	0	0	0	0	0	0	0	0	2	3	0	2	1	0	5	1	0	0	0	1	0	1	0	2	0	0	1	0	6
otu.4826	0	0	0	0	0	0	0	0	0	0	0	0	0	0	0	1	0	1	1	0	0	1	0	0	0	0	0	0	0	0
otu.4834	0	0	0	0	0	0	0	0	0	0	0	0	0	0	0	0	6	3	0	38	0	0	0	0	0	0	0	0	1	0
otu.4876	0	0	0	0	0	0	0	0	0	0	0	0	0	0	0	0	0	8	3	0	8	0	0	0	0	0	1	0	0	0
otu.4924	0	0	0	0	0	0	0	0	0	0	0	0	0	0	0	3	2	1	7	0	2	1	0	2	0	4	3	2	0	2
otu.5047	0	0	0	0	0	0	0	1	0	0	28	0	0	0	0	4	1	0	2	4	1	0	0	1	0	0	0	0	0	0
otu.5096	0	12	1	0	1	0	0	26	0	0	48	0	0	4	1	0	0	0	0	0	0	0	0	0	0	0	0	0	0	0
otu.5146	0	0	0	2	22	0	0	0	0	2	1	0	0	0	0	0	0	0	0	0	0	0	0	0	0	0	0	0	0	0
otu.5161	0	2	0	0	26	4	0	21	9	1	1	0	0	8	0	0	0	0	0	0	0	0	0	0	0	0	0	0	0	0
otu.5202	0	0	0	0	0	0	0	0	0	0	0	0	0	0	1	3	6	0	0	3	0	0	0	0	0	0	0	0	0	1
otu.5255	0	0	0	0	1	0	0	0	1	1	0	0	0	0	1	0	0	0	0	0	0	0	0	0	0	0	0	0	0	0
otu.5267	0	0	0	0	0	0	0	0	0	0	2	0	0	0	0	4	0	0	0	0	0	1	0	0	0	0	0	1	0	0
otu.5269	0	0	0	12	0	0	0	0	1	0	0	0	0	0	0	0	1	0	0	0	1	0	0	0	0	0	0	0	0	0
otu.5294	0	0	0	1	0	0	0	0	0	0	0	0	0	0	0	1	1	0	0	4	0	0	0	2	0	0	0	0	0	2
otu.5311	0	0	0	0	0	2	0	0	0	0	1	0	0	0	0	12	0	0	0	0	0	0	0	0	0	1	0	0	0	1
otu.5323	0	0	0	0	0	0	0	0	0	0	0	0	0	0	0	0	2	1	24	3	3	0	1	0	0	0	0	0	0	0
otu.5365	0	0	0	2	0	1	0	0	39	4	123	0	0	0	1	0	2	0	0	0	0	0	0	0	0	0	1	0	0	0
otu.5379	0	0	0	0	0	0	0	2	0	0	1	0	0	0	0	20	0	0	2	0	0	0	0	0	0	1	10	1	0	0
otu.5425	0	0	0	5	0	0	0	0	4	0	3	0	0	0	1	67	12	3	18	18	15	2	0	1	17	8	3	5	86	25
otu.5435	0	1	0	0	3	1	0	3	0	0	2	0	0	1	0	0	0	0	0	0	0	0	0	0	0	0	0	0	0	0
otu.5445	1	2	0	0	6	0	0	0	0	1	0	0	0	10	0	0	0	0	0	0	0	0	0	0	0	0	0	0	0	0
otu.5450	3	3	1	0	35	6	0	34	14	8	4	1	0	41	0	0	0	0	0	0	0	0	0	0	1	0	0	0	0	0
otu.5504	0	0	0	0	0	0	0	0	0	0	0	0	0	0	1	0	1	0	1	0	0	0	0	0	0	2	1	5	0	0
otu.5545	0	0	0	8	0	0	0	0	4	0	3	0	0	0	0	14	11	1	6	6	2	1	1	2	21	1	2	2	93	8
otu.5563	0	0	0	0	0	0	0	0	0	0	0	0	0	0	0	10	0	1	0	2	3	1	0	2	0	1	11	0	0	0
otu.5566	0	0	0	0	0	0	1	0	0	2	1	0	1	14	0	0	0	0	0	0	0	0	0	0	0	0	0	0	0	2
otu.5576	0	0	0	0	0	0	0	0	0	0	0	0	0	0	0	1	10	13	6	0	1	4	0	3	0	16	11	0	0	1
otu.5585	0	0	2	0	0	0	0	1	0	0	19	0	0	0	0	33	3	1	0	4	2	1	0	1	0	3	0	2	1	5
otu.5599	0	1	0	0	1	0	0	0	0	0	4	0	0	2	0	0	0	0	0	0	0	0	0	0	0	0	0	0	0	0
otu.5647	0	0	0	1	0	0	0	0	0	0	0	0	0	0	0	0	0	4	3	0	0	0	0	0	0	0	0	7	0	0
otu.5692	1	0	1	0	0	5	0	3	0	0	0	4	0	1	0	0	0	1	0	0	0	0	0	0	0	0	0	1	0	0
otu.5738	0	0	0	0	0	2	0	5	0	0	5	0	0	3	0	0	0	0	0	0	0	0	0	0	0	0	0	0	0	0
otu.5791	0	0	0	0	0	0	0	0	0	0	0	0	0	0	0	17	2	1	0	0	0	0	0	1	0	0	0	0	2	1
otu.5830	0	0	0	0	1	1	0	0	0	0	2	0	0	0	0	1	0	0	0	0	0	0	0	0	0	0	0	0	0	0
otu.5835	0	0	0	0	0	0	0	0	0	0	0	0	0	0	1	0	0	1	1	1	0	0	0	0	0	0	0	0	0	0
otu.5869	0	0	1	0	4	0	0	1	1	4	0	0	0	0	0	0	0	0	0	0	0	0	0	0	0	0	0	0	0	0
otu.5900	0	0	0	1	0	0	0	0	0	0	0	0	0	0	2	0	0	0	1	1	0	0	0	1	1	0	0	37	2	0
otu.5904	0	0	0	0	0	0	0	0	0	0	0	0	0	0	0	1	0	0	1	0	0	0	1	0	0	0	0	0	3	0
otu.5950	0	0	0	0	1	0	0	0	0	0	0	0	0	0	0	1	0	0	0	1	1	0	0	0	0	0	0	0	0	3
otu.5978	0	0	0	0	0	0	0	0	0	0	0	0	0	0	0	2	1	0	2	0	0	0	0	0	0	2	0	0	0	0
otu.5997	0	0	0	0	0	0	0	0	1	0	0	0	0	0	0	0	0	0	1	0	1	0	0	2	0	2	0	0	0	0
otu.6029	0	0	1	5	2	0	0	0	6	0	6	4	7	10	2	39	20	1	0	6	0	0	0	0	6	2	1	1	1	9
otu.6031	0	0	0	0	0	0	0	0	0	0	0	0	0	0	0	1	7	0	0	0	1	0	0	0	0	0	6	0	0	0
otu.6046	0	4	0	0	8	1	0	0	0	0	4	0	0	5	0	0	0	0	0	0	0	0	0	0	0	0	0	0	0	0
otu.6054	0	0	0	0	0	0	0	0	0	0	2	0	0	0	0	2	0	0	1	1	0	1	0	0	0	0	1	0	0	1
otu.6107	0	0	0	4	2	0	0	0	0	0	4	0	0	1	7	148	11	1	4	1	7	2	0	3	32	37	19	3	8	41
otu.6209	0	0	0	0	0	0	0	0	0	0	0	0	0	0	0	1	1	0	0	0	0	0	0	1	0	0	0	1	0	0
otu.6247	0	0	0	0	0	0	1	0	4	0	9	6	0	0	12	55	5	1	0	0	7	2	0	0	0	9	1	0	0	0
otu.6281	0	5	0	0	7	8	0	2	5	1	5	0	0	11	0	0	0	0	0	0	0	0	0	0	2	0	0	0	1	0
otu.6308	0	0	0	0	0	0	0	0	0	0	0	0	0	0	1	21	0	0	8	1	4	13	0	0	0	9	0	0	0	0
otu.6309	1	0	0	0	0	1	0	7	0	0	0	0	0	0	0	0	0	0	0	0	0	0	0	0	0	0	0	2	0	0
otu.6319	0	0	2	0	0	1	5	0	1	1	32	3	0	3	0	2	0	0	0	1	0	1	0	0	1	0	0	0	1	3
otu.6333	0	0	0	0	0	0	0	0	0	0	0	0	0	0	0	0	8	3	2	7	1	0	0	0	0	0	0	0	0	0
otu.6382	0	0	0	0	0	0	0	0	0	0	0	0	0	0	0	0	0	1	2	0	0	0	1	0	0	1	0	0	0	0
otu.6487	0	0	0	10	0	0	0	0	1	0	0	0	1	0	0	1	3	0	0	0	0	0	0	1	0	2	0	1	0	0
otu.6492	0	0	0	0	0	0	0	0	0	0	0	2	1	0	0	0	0	1	4	0	0	0	0	0	0	1	0	0	2	2
otu.6506	1	0	3	0	23	1	0	3	2	0	1	0	0	9	0	0	0	0	0	0	0	0	0	0	0	0	0	0	0	0
otu.6528	0	0	0	0	0	0	0	0	0	0	0	0	0	0	0	2	0	0	1	0	1	0	0	0	0	0	0	0	3	0
otu.6540	0	0	0	0	0	0	0	0	0	0	1	0	0	0	0	9	0	0	2	0	1	0	0	0	1	1	1	0	7	5
otu.6551	0	0	0	0	0	0	0	0	0	0	0	0	0	0	0	5	4	0	0	5	0	0	0	0	0	0	0	1	0	1
otu.6554	3	0	0	0	0	0	0	0	1	0	0	0	0	1	1	0	0	0	0	0	0	0	0	0	0	0	0	0	0	0
otu.6601	0	0	0	0	0	0	0	0	0	0	0	2	0	0	0	2	0	3	0	0	0	0	0	0	7	0	0	0	7	6
otu.6640	0	0	0	0	12	1	0	1	0	0	6	0	0	0	0	0	0	0	0	0	0	0	0	0	0	0	0	0	0	0
otu.6700	0	0	0	0	0	0	0	0	0	0	0	0	0	0	0	1	2	0	0	1	0	0	0	0	0	1	1	0	0	0
otu.6720	0	0	0	0	0	0	0	0	1	0	3	0	0	0	0	2	1	0	0	0	0	0	0	2	0	0	6	0	0	1
otu.6730	0	0	0	0	0	0	0	0	0	0	0	0	0	0	0	0	0	0	0	1	0	0	0	1	1	0	0	0	0	6
otu.6746	0	0	0	0	0	0	0	0	1	0	0	0	0	0	0	3	0	0	1	0	0	0	0	0	8	0	0	0	3	0
otu.6756	0	0	1	0	0	0	0	0	0	0	0	0	0	0	0	4	7	0	0	0	1	2	0	0	0	0	0	3	0	0
otu.6799	0	0	0	103	1	0	0	0	0	0	0	0	0	0	0	40	9	28	15	0	21	4	1	0	0	10	0	0	7	7
otu.6840	0	0	0	0	0	0	0	0	0	0	0	0	0	0	0	0	0	2	0	0	0	1	1	0	0	0	0	0	0	33
otu.6846	0	0	0	0	0	0	0	0	0	0	0	0	0	0	0	1	17	0	1	0	0	0	0	0	0	0	1	0	0	0
otu.6851	0	87	18	0	18	0	0	0	0	0	0	0	0	3	2	0	0	0	0	0	0	0	0	0	0	0	0	0	0	0
otu.6853	0	0	0	0	0	0	0	0	0	0	0	0	0	0	0	1	0	1	6	0	0	0	0	0	0	4	0	0	0	0
otu.6862	0	0	0	0	0	0	0	0	0	0	0	0	0	0	0	1	0	0	0	0	1	1	0	0	0	3	8	0	1	0
otu.6912	0	0	0	0	0	0	1	0	0	0	0	0	0	0	0	0	0	0	1	0	0	0	0	0	0	0	6	1	0	0
otu.6935	0	0	0	0	0	0	0	0	0	0	0	0	0	0	0	11	0	0	4	0	1	0	0	0	0	1	0	1	0	0
otu.6942	0	0	0	1	0	0	1	0	0	0	0	0	0	0	0	0	0	0	0	0	0	1	0	0	0	1	0	0	0	0
otu.6953	0	0	0	0	0	2	0	3	1	0	17	0	0	0	0	1	0	0	1	0	0	0	0	2	0	0	0	1	0	0
otu.6954	0	0	0	0	0	0	0	0	0	0	0	0	0	0	0	5	0	1	12	0	0	1	0	0	0	0	1	0	0	0
otu.7040	0	0	0	0	0	0	0	0	0	0	0	0	0	0	1	5	0	0	3	0	0	0	1	0	0	0	0	0	0	0
otu.7062	0	0	0	0	0	0	0	0	0	0	0	0	0	0	0	1	2	1	0	0	0	0	1	1	0	0	0	0	0	0
otu.7066	0	0	0	4	0	0	0	0	1	0	0	0	0	0	0	0	3	0	0	0	3	0	0	1	0	0	0	0	2	0
otu.7134	0	1	0	0	0	1	0	1	0	0	0	0	0	2	0	0	0	0	0	0	0	0	0	0	0	0	0	0	0	0
otu.7177	0	0	0	0	0	0	0	0	0	0	1	0	0	0	0	4	0	4	0	0	0	0	0	0	0	1	0	0	0	0
otu.7235	0	0	0	0	0	0	0	0	0	0	0	0	0	0	0	5	3	2	16	2	1	0	0	0	0	0	1	4	0	0
otu.7249	0	0	0	0	0	0	0	0	0	0	0	1	0	0	0	3	0	1	0	0	0	0	0	0	2	0	1	2	0	0
otu.7252	0	0	0	0	0	0	0	0	0	0	0	0	0	0	1	0	0	0	1	0	0	0	0	0	0	0	0	1	0	1
otu.7300	1	0	0	0	0	0	0	0	0	1	1	0	0	0	0	0	0	0	0	0	0	0	0	1	0	0	0	0	0	0
otu.7310	0	3	2	0	25	8	0	3	0	0	24	0	0	6	0	0	0	0	0	0	0	0	0	0	0	0	1	0	0	0
otu.7319	0	0	0	0	0	0	0	0	0	0	0	0	0	0	0	0	7	0	2	0	0	3	0	2	0	2	4	0	0	0
otu.7341	0	0	0	0	0	0	0	0	0	0	3	0	0	0	0	16	0	0	1	0	0	0	0	0	0	1	0	1	0	0
otu.7343	0	0	0	0	0	0	0	0	1	0	0	1	0	1	0	1	0	0	0	1	0	0	0	0	0	0	0	0	0	0
otu.7359	0	0	0	0	0	0	0	0	0	0	0	0	0	0	0	0	0	4	0	1	0	1	0	0	0	0	0	0	1	1
otu.7458	0	0	0	0	0	0	0	0	0	0	0	0	0	0	0	11	0	0	1	0	0	1	0	0	0	0	1	0	0	0
otu.7473	0	0	0	0	0	0	0	0	1	0	5	1	0	0	0	10	1	0	3	13	1	1	0	1	1	3	2	1	0	1
otu.7528	0	0	0	0	0	0	0	0	0	0	0	0	0	0	0	1	0	2	2	2	0	0	0	0	0	0	2	0	0	0
otu.7553	0	0	0	0	0	0	0	0	0	0	0	0	0	0	0	0	0	0	0	0	10	0	0	4	0	0	5	1	3	2
otu.7559	0	0	0	0	1	0	0	0	1	0	51	2	0	0	0	71	10	3	6	18	0	2	0	6	0	3	9	9	2	8
otu.7609	0	0	0	0	0	0	0	0	0	0	1	0	0	0	0	1	0	0	1	0	0	0	0	0	1	0	0	1	0	0
otu.7648	0	0	0	0	0	0	0	0	0	0	0	0	0	1	0	0	0	1	0	126	0	0	0	4	0	0	1	0	0	100
otu.7660	0	0	0	1	0	0	0	0	0	0	0	0	0	0	0	13	12	1	23	0	1	0	0	0	0	1	2	0	0	0
otu.7726	0	0	0	0	0	0	0	0	1	0	0	0	0	0	1	0	2	0	1	0	0	0	0	0	0	0	0	0	1	1
otu.7747	0	0	1	0	0	0	1	0	3	0	0	1	0	1	3	1	0	0	0	0	0	0	0	0	0	0	0	0	0	0
otu.7760	0	0	0	0	0	0	0	1	0	0	1	0	0	0	0	11	25	0	34	2	2	0	0	0	0	10	26	2	0	0
otu.7766	0	1	0	0	0	0	0	0	1	1	1	0	1	0	0	0	1	0	0	0	0	1	1	0	0	0	0	0	0	0
otu.7779	0	0	0	0	0	0	0	0	0	0	0	0	0	0	0	1	0	0	2	0	1	0	0	1	0	1	0	0	0	0
otu.7805	0	0	0	9	0	1	7	0	0	0	0	1	0	1	1	1	4	0	0	1	2	0	0	0	0	0	1	0	0	4
otu.7871	0	0	0	8	0	0	0	0	0	0	0	0	0	0	0	0	0	2	0	0	0	2	1	0	0	3	0	0	0	0
otu.7905	0	0	0	0	0	0	0	0	0	0	0	0	0	0	0	0	0	0	0	0	0	0	0	0	21	1	3	2	4	1
otu.7950	0	0	0	1	0	0	0	0	0	0	0	0	0	0	0	1	0	0	0	0	1	0	0	0	0	0	0	0	0	6
otu.7982	0	0	0	0	0	0	0	0	1	0	0	0	0	0	0	8	2	0	1	1	0	0	0	1	28	3	10	6	9	3
otu.7985	0	0	1	0	0	0	0	1	0	0	8	0	0	2	0	1	0	0	0	0	0	0	0	0	0	0	0	0	0	0
otu.8006	0	1	0	0	0	0	4	2	0	0	2	0	0	0	0	0	0	0	0	0	0	1	0	0	0	0	0	0	0	0
otu.8026	0	0	0	0	0	0	0	0	0	0	0	0	1	0	1	1	0	0	0	0	1	0	0	0	0	0	0	0	0	0
otu.8035	0	0	0	0	0	0	0	0	0	0	0	0	0	0	1	0	0	0	0	0	1	0	0	0	0	1	0	2	0	0
otu.8113	0	0	0	4	0	0	16	0	0	0	0	0	0	1	4	1	2	0	1	0	0	1	1	0	1	1	0	3	0	2
otu.8190	0	0	0	0	0	0	1	0	0	0	0	0	0	0	0	0	0	1	0	0	0	0	3	1	0	0	0	0	0	1
otu.8204	0	0	0	0	0	0	0	0	0	0	0	0	0	0	0	3	8	0	11	0	3	0	0	0	0	0	1	0	0	0
otu.8289	0	0	0	0	0	0	0	0	0	0	0	0	0	0	0	1	0	2	2	0	0	1	0	0	0	0	1	0	0	0
otu.8296	0	0	0	0	0	0	0	0	0	0	0	0	0	0	0	14	0	0	2	10	7	0	0	0	0	0	0	0	0	0
otu.8426	0	0	0	0	0	0	0	0	0	0	1	0	0	0	0	47	30	0	0	0	37	1	0	0	0	0	1	0	0	11
otu.8433	0	0	0	0	0	0	0	0	0	0	0	0	0	0	3	4	19	0	1	1	1	0	0	3	1	1	3	9	0	2
otu.8434	0	0	1	0	0	0	1	0	1	1	0	0	2	0	1	0	0	0	0	0	0	0	0	0	0	0	0	0	0	0
otu.8452	0	4	5	0	28	0	0	5	0	7	0	0	0	55	1	1	0	0	0	0	0	0	0	0	0	0	0	0	0	0
otu.8475	0	0	0	0	0	0	0	0	0	0	0	0	0	0	0	0	3	0	1	0	0	0	0	0	0	1	0	1	0	2
otu.8484	0	1	0	0	0	0	0	0	0	0	0	0	0	0	1	5	3	3	2	0	2	0	0	2	0	15	0	1	1	42
otu.8502	0	0	0	0	0	0	0	2	0	0	5	0	0	0	1	4	1	0	0	1	0	0	0	0	0	1	1	0	1	0
otu.8537	0	0	0	0	0	2	0	8	0	0	1	0	0	1	0	0	0	0	0	0	0	0	0	0	0	0	0	0	0	0
otu.8550	0	0	0	0	0	0	0	0	0	0	0	0	0	0	0	4	2	3	2	0	4	0	0	11	0	4	1	7	0	0
otu.8592	0	0	0	0	0	0	0	0	0	0	0	0	0	0	1	28	0	0	0	0	0	0	1	0	0	0	0	0	0	2
otu.8593	0	0	0	0	0	0	0	0	0	0	0	0	0	0	3	2	0	0	0	0	0	3	0	0	0	0	2	0	0	1
otu.8624	0	0	0	1	0	0	0	0	0	0	0	2	0	0	0	1	0	0	0	1	0	0	0	0	1	0	0	1	1	0
otu.8629	1	0	0	0	0	0	0	0	0	0	3	0	0	3	1	0	0	0	0	0	0	0	0	0	0	0	0	0	0	0
otu.8647	0	0	0	0	0	0	0	0	0	0	0	0	0	2	0	56	1	6	14	50	5	0	0	7	0	8	0	0	9	48
otu.8663	0	0	0	0	0	0	0	0	0	0	0	0	0	0	1	18	15	0	3	1	0	0	0	0	0	11	4	1	0	6
otu.8691	0	0	0	0	0	8	2	12	0	0	4	4	0	0	0	1	0	1	0	0	0	0	0	0	0	0	0	2	0	0
otu.8707	2	3	0	0	3	0	0	3	1	2	0	0	0	6	0	0	0	0	0	0	0	0	0	0	0	0	0	0	0	0
otu.8749	0	0	0	0	0	0	0	0	0	0	5	0	0	0	0	4	0	0	2	2	0	0	0	0	0	0	2	1	0	0
otu.8758	0	0	0	4	0	0	0	0	0	0	0	0	0	0	0	7	0	0	11	0	50	0	0	1	0	15	1	1	0	0
otu.8799	0	0	0	0	0	0	0	0	0	0	0	0	0	0	0	1	129	1	2	64	7	0	0	0	0	0	0	0	0	0
otu.8833	0	0	0	0	0	0	0	0	0	0	0	0	0	0	0	1	0	0	0	0	0	0	1	0	1	0	0	0	0	2
otu.8869	0	0	0	0	30	0	0	0	0	0	6	0	0	17	0	4	0	0	0	0	0	0	0	0	0	0	0	0	0	0
otu.8870	0	0	0	0	0	0	0	0	1	0	0	0	0	0	0	7	22	0	16	0	0	1	0	7	0	2	6	0	0	0
otu.8872	0	0	0	0	0	0	2	0	0	0	0	0	0	0	0	0	0	0	0	0	0	1	0	0	0	1	0	0	1	0
otu.8882	0	0	0	4	0	0	1	0	0	0	0	0	0	0	0	1	0	0	2	0	0	0	0	0	1	0	0	1	0	1
otu.8914	0	0	0	2	0	0	0	0	1	0	0	0	2	0	0	1	0	1	0	0	0	0	0	0	0	0	0	0	0	0
otu.8938	0	0	0	0	0	0	0	0	0	0	5	0	0	0	0	37	0	0	1	0	0	3	0	0	0	5	1	0	0	0
otu.8980	0	0	0	0	0	0	0	0	0	0	0	0	0	0	0	36	22	0	1	30	5	0	0	2	0	3	19	0	4	11
otu.8993	0	0	0	0	0	0	0	0	0	0	0	0	0	0	0	0	1	14	1	1	0	0	0	0	0	0	1	0	0	1
otu.9008	0	2	0	0	44	0	0	0	0	0	1	0	0	3	1	0	0	0	0	0	0	0	0	0	0	0	0	0	0	0
otu.9052	0	0	0	9	0	0	0	0	0	0	3	0	0	0	1	10	0	0	1	0	1	0	0	0	0	2	0	1	0	0
otu.9105	1	1	0	0	9	0	0	0	1	1	0	0	0	13	0	0	0	0	0	0	0	0	0	0	0	0	0	0	0	0
otu.9249	0	0	0	0	0	0	0	0	0	0	1	0	0	0	0	3	2	0	2	0	0	0	0	0	0	0	0	0	0	0
otu.9258	0	0	0	15	0	0	0	0	0	0	0	0	0	0	0	0	1	1	2	0	0	0	0	0	0	0	0	0	0	1
otu.9263	0	1	0	0	1	1	0	0	0	1	0	0	0	0	0	0	0	0	0	0	0	0	0	0	0	0	0	0	0	0
otu.9282	0	0	0	0	0	2	0	1	0	1	0	1	0	2	0	0	0	0	0	0	0	0	0	0	0	0	0	0	0	0
otu.9287	0	0	0	0	1	1	0	0	0	0	4	1	0	8	0	1	0	0	0	0	0	0	0	0	0	0	0	0	0	0
otu.9290	0	0	1	1	0	0	1	0	0	0	0	0	0	1	1	0	0	0	0	0	0	0	0	0	0	0	0	0	0	0
otu.9291	0	1	0	0	0	0	1	2	0	1	0	0	0	0	0	0	0	0	0	0	0	0	0	0	0	0	0	0	0	0
otu.9308	0	0	0	2	0	0	0	0	0	0	1	0	10	0	1	4	0	0	0	0	1	0	0	0	0	3	0	0	0	0
otu.9313	0	0	0	0	0	0	0	0	0	0	1	0	0	1	0	9	1	0	0	0	5	0	0	0	0	0	2	0	0	0
otu.9342	1	0	0	0	2	0	0	1	0	0	0	0	0	1	0	0	0	0	0	0	0	0	0	0	0	0	0	0	0	0
otu.9419	0	0	0	0	0	2	0	0	0	0	1	1	0	0	0	1	0	0	0	0	1	1	1	0	0	0	0	0	0	1
otu.9464	0	0	0	0	0	0	0	0	0	0	0	0	0	0	0	3	5	0	1	1	1	0	0	1	55	47	8	11	0	1
otu.9488	0	0	0	0	0	0	0	0	0	0	0	0	0	0	0	1	0	0	0	0	0	0	1	2	0	0	0	1	0	1
otu.9508	0	0	0	0	0	0	0	0	2	0	0	0	0	0	0	3	1	0	1	0	0	1	0	0	3	0	0	0	4	0
otu.9522	0	0	0	0	0	0	0	0	0	0	0	0	0	0	52	0	0	0	0	1	0	0	0	0	1	0	0	0	0	1
otu.9524	0	0	0	0	0	0	0	1	0	1	4	0	0	0	0	0	0	0	1	0	0	0	0	0	0	0	1	4	0	0
otu.9534	0	0	0	0	0	0	0	0	0	0	0	0	0	0	0	37	3	0	0	0	0	0	0	0	0	0	1	0	18	1
otu.9546	0	0	0	0	0	0	0	0	0	0	0	0	0	0	0	0	0	4	0	0	2	0	1	0	0	1	0	0	0	0
otu.9556	0	0	0	0	0	0	0	0	0	0	7	1	0	0	0	6	0	0	0	0	1	0	0	1	0	0	1	0	0	0
otu.9564	1	2	0	0	32	0	0	0	0	0	0	0	0	2	0	0	0	0	0	0	0	0	0	0	0	0	0	0	0	0
otu.9573	0	0	0	0	0	0	0	0	0	0	0	0	0	0	0	0	0	0	1	0	5	0	0	1	0	11	0	0	0	0
otu.9632	0	0	0	0	0	0	0	0	0	0	0	0	1	0	0	18	6	0	1	2	0	1	0	1	1	5	0	0	0	4
otu.9636	1	0	0	0	0	4	2	0	0	0	0	0	0	1	0	0	0	1	0	0	0	0	0	0	2	0	0	0	0	0
otu.9651	0	0	0	0	0	0	0	0	0	0	0	0	0	0	0	8	3	0	0	0	0	0	0	0	0	2	0	2	0	0
otu.9720	0	0	0	2	0	1	2	0	0	0	0	0	0	0	4	1	1	2	1	0	2	0	0	0	1	1	1	5	0	1
otu.9723	0	0	0	0	0	0	0	0	0	0	0	0	0	0	0	1	0	0	0	0	0	0	0	2	1	0	0	0	3	2
otu.9783	0	0	0	0	0	0	0	0	0	0	0	0	0	0	0	4	0	0	0	0	0	1	0	3	0	7	0	0	10	2
otu.9842	1	2	0	0	0	0	0	0	2	0	0	1	0	1	0	0	0	0	0	0	0	0	0	0	1	0	0	0	0	0
otu.9865	0	0	0	6	0	0	0	0	1	0	0	0	0	0	0	0	1	0	0	1	0	0	0	0	1	0	0	1	2	1
otu.10014	0	0	0	3	0	0	0	0	0	0	0	0	0	0	0	1	0	0	0	0	0	0	0	1	0	0	0	1	0	0
otu.10046	0	0	0	0	0	0	0	1	10	0	28	0	0	0	0	0	2	0	3	0	0	0	0	0	0	0	2	0	0	0
otu.10049	0	0	0	0	1	0	0	0	2	0	103	0	0	0	0	3	17	0	5	0	0	0	2	1	0	3	0	0	0	0
otu.10079	0	0	0	0	0	0	0	2	0	0	1	0	0	0	0	1	6	0	11	0	7	0	1	0	0	0	4	0	0	0
otu.10156	0	0	0	0	0	0	0	0	0	0	0	0	0	0	0	1	0	0	0	1	0	0	0	0	1	0	0	0	0	2
otu.10248	0	0	0	0	0	0	0	0	0	0	14	0	0	0	1	0	0	0	0	0	0	0	0	1	0	0	0	2	0	1
otu.10251	0	0	0	0	0	0	0	0	0	0	0	0	0	0	0	0	0	0	0	0	0	1	0	1	0	0	1	1	0	0
otu.10290	0	11	2	0	2	1	0	2	0	1	32	0	0	7	1	0	0	0	0	0	0	0	0	0	0	0	0	0	0	0
otu.10318	0	0	0	0	0	0	0	0	0	0	0	0	0	0	0	2	0	0	0	0	0	0	0	0	0	1	1	0	0	3
otu.10342	0	0	0	0	0	0	0	0	0	0	1	0	0	0	0	0	1	0	0	0	0	0	0	1	0	2	0	0	0	0
otu.10352	0	0	0	0	0	0	0	0	0	0	5	0	0	0	0	3	1	0	0	1	0	0	0	2	0	0	0	0	0	0
otu.10389	0	0	0	0	0	0	0	0	1	0	0	0	1	1	0	1	0	0	0	0	0	0	0	0	0	0	0	0	1	1
otu.10411	0	0	0	0	0	0	0	0	0	0	0	0	0	0	0	3	0	1	0	0	0	1	0	0	8	0	0	0	8	1
otu.10436	1	0	1	0	0	0	0	0	0	0	0	0	1	0	2	0	0	0	0	0	1	0	0	0	0	0	0	0	0	0
otu.10465	0	0	0	0	0	0	0	0	0	0	0	0	0	0	0	1	2	0	1	0	0	1	0	2	0	2	1	0	0	0
otu.10508	0	0	0	0	0	0	0	0	0	0	0	0	0	0	0	0	2	0	0	1	0	0	0	1	0	0	0	1	0	0
otu.10573	0	1	0	0	0	1	0	0	0	0	3	0	0	0	1	0	0	0	0	0	0	0	0	0	0	0	0	0	0	0
otu.10593	1	3	5	0	105	2	1	9	0	0	37	6	0	8	2	1	9	0	0	0	0	0	0	0	0	0	0	0	0	0
otu.10621	0	0	0	0	0	0	0	0	0	0	1	0	0	0	0	0	0	1	0	0	0	0	0	4	0	0	1	0	0	1
otu.10644	0	0	0	0	0	0	0	0	0	0	0	0	0	0	0	14	0	0	1	1	0	0	0	0	5	0	1	1	15	6
otu.10726	0	0	0	0	0	0	0	0	0	0	0	1	0	0	0	0	0	1	0	0	0	0	0	1	1	0	0	2	0	1
otu.10796	0	0	0	0	0	0	0	0	0	0	0	0	0	0	0	4	0	0	1	0	0	0	1	0	0	0	3	1	0	0
otu.10910	0	0	0	0	0	0	0	0	0	0	0	0	0	0	0	1	0	0	0	0	0	0	0	2	0	0	1	0	3	5
otu.10920	0	2	0	0	0	0	0	0	0	0	0	0	0	0	0	0	1	0	0	0	1	0	0	1	0	0	0	1	0	0
otu.10925	0	0	0	0	0	0	0	0	0	0	0	0	0	0	0	0	0	2	1	0	3	0	1	0	0	0	0	0	0	0
otu.10928	0	0	0	0	2	0	0	0	0	0	0	0	0	1	2	0	0	0	0	1	0	0	0	0	0	0	0	0	0	0
otu.10946	0	0	0	0	0	0	0	0	0	0	0	0	0	0	0	3	0	0	1	0	0	1	0	0	0	0	0	1	0	0
otu.10949	0	1	0	0	0	0	0	1	0	0	5	0	0	0	0	48	0	0	0	0	0	1	0	0	0	1	8	0	0	0
otu.10982	0	0	0	0	0	0	0	0	0	0	2	0	0	0	0	2	0	0	0	1	0	0	0	0	0	0	0	1	0	0
otu.11089	0	0	0	89	1	0	12	2	3	0	3	0	12	2	3	9	25	1	5	7	2	1	1	0	17	1	2	1	4	12
otu.11090	0	0	0	0	0	0	0	0	0	0	0	0	0	0	0	23	0	0	0	14	0	4	0	0	0	0	0	2	1	1
otu.11141	0	1	1	0	13	0	0	1	0	1	1	0	0	4	3	1	0	0	0	0	0	0	0	0	0	0	1	0	0	0
otu.11169	0	0	1	1	0	0	0	0	1	0	0	1	0	1	0	0	0	0	0	0	0	0	0	0	0	0	0	0	0	5
otu.11189	0	0	0	0	0	0	0	0	0	0	0	0	0	0	0	0	0	3	1	0	1	0	0	0	0	8	0	0	0	0
otu.11233	0	0	0	0	0	0	0	0	0	0	0	0	0	0	0	0	45	0	3	0	0	15	0	0	0	2	3	0	0	0
otu.11289	0	1	0	0	2	0	0	0	0	0	1	0	0	0	0	0	1	0	0	0	0	0	0	0	0	0	0	0	0	0
otu.11311	0	0	0	0	0	0	0	0	0	0	0	6	0	0	0	1	0	1	0	0	0	0	0	0	0	0	0	0	10	4
otu.11340	0	0	0	0	0	0	0	0	0	0	0	0	0	0	0	1	0	0	1	0	0	0	0	0	0	1	0	0	0	1
otu.11350	0	0	0	1	0	0	0	0	0	0	0	0	0	0	0	3	2	1	8	1	2	0	0	0	1	1	0	0	4	3
otu.11391	0	0	1	0	0	0	0	0	36	2	23	0	0	0	0	1	0	0	0	0	0	0	0	1	0	0	0	0	0	0
otu.11393	0	0	0	2	0	0	0	0	0	0	1	0	0	0	0	1	0	0	0	0	0	0	0	0	0	0	0	2	0	0
otu.11396	0	0	0	0	0	0	0	0	0	0	0	0	0	0	0	0	0	0	0	0	1	1	0	0	0	1	0	0	4	1
otu.11428	0	0	0	0	0	0	0	0	0	0	0	0	0	0	0	5	0	0	1	11	14	0	0	0	0	4	0	0	0	0
otu.11459	0	0	0	0	0	0	0	1	0	0	1	0	0	0	0	0	8	0	11	1	1	0	0	0	0	0	0	0	0	0
otu.11496	0	0	0	1	0	0	0	0	0	0	1	0	0	0	0	0	0	27	0	0	0	1	0	0	0	0	0	0	0	0
otu.11529	0	0	0	0	0	0	0	0	0	0	0	0	0	0	0	3	6	1	0	0	1	0	0	0	0	1	1	0	0	0
otu.11532	0	0	0	17	0	0	0	0	4	0	0	0	3	0	0	141	19	2	2	0	5	4	0	4	0	4	0	6	0	1
otu.11566	0	1	1	0	3	0	0	1	0	0	4	0	0	1	0	0	0	0	0	0	0	0	0	0	0	0	0	0	0	0
otu.11614	0	0	0	0	0	0	0	0	0	0	0	0	0	0	1	5	2	0	2	0	0	0	1	0	0	1	0	0	1	0
otu.11687	0	1	0	3	1	0	0	0	1	0	0	9	0	0	1	115	0	3	2	63	3	3	0	1	583	10	1	3	513	47
otu.11697	0	0	0	5	0	0	0	0	0	0	0	1	0	0	0	1	1	0	0	0	1	0	0	0	0	0	4	0	4	2
otu.11782	0	0	0	5	0	0	0	0	0	0	0	0	0	0	0	0	0	0	0	1	0	0	0	0	1	0	0	1	2	0
otu.11824	0	0	0	0	0	0	0	0	0	0	0	0	0	0	0	16	0	9	19	0	5	25	0	0	0	9	2	0	0	0
otu.11848	0	0	0	0	0	0	0	0	1	0	0	0	0	0	1	0	1	0	0	0	0	0	0	1	0	0	0	0	0	0
otu.11907	0	0	0	1	0	0	0	0	0	0	0	0	0	0	0	19	1	2	1	0	1	0	0	1	0	0	0	0	0	0
otu.11910	0	0	0	4	0	0	0	0	0	0	0	0	1	0	0	2	0	0	0	0	0	0	0	1	1	0	0	2	1	1
otu.11939	0	0	0	0	1	0	0	0	0	0	0	0	0	0	0	2	1	0	0	0	1	0	0	0	0	0	0	0	0	0
otu.11948	0	0	0	1	0	0	0	0	0	0	0	2	0	0	0	3	0	0	0	0	3	0	0	1	1	3	0	1	4	13
otu.11976	1	44	4	0	7	0	0	0	0	0	0	0	0	0	0	0	0	0	0	0	0	0	0	0	0	0	0	0	0	0
otu.11980	0	0	0	0	0	0	0	0	0	0	0	0	0	0	8	0	0	0	0	0	1	0	0	2	0	1	0	5	0	0
otu.12013	0	0	0	0	0	0	0	9	0	0	1	0	0	0	0	2	9	1	14	0	3	0	1	0	0	0	7	0	0	0
otu.12029	0	0	0	0	0	0	0	0	0	0	1	0	0	0	0	1	0	0	0	0	0	0	0	2	0	1	0	1	0	2
otu.12083	0	2	0	0	52	16	1	7	0	0	3	0	0	29	0	2	1	0	0	0	0	3	0	0	0	0	0	0	0	1
otu.12087	0	0	0	0	0	0	0	0	0	0	0	0	0	0	0	5	0	0	1	1	0	1	0	0	0	4	1	6	0	0
otu.12097	0	2	2	3	1	2	0	0	1	0	5	3	0	1	0	1	0	1	0	0	0	1	0	0	3	0	0	2	0	0
otu.12101	0	0	0	0	0	0	0	0	1	0	0	0	0	0	0	0	1	0	16	0	1	3	0	0	0	1	2	0	0	0
otu.12110	0	0	0	2	0	0	0	0	0	0	0	0	0	0	0	2	0	0	0	2	0	0	0	0	3	2	0	0	0	11
otu.12122	0	0	5	0	33	31	3	1	0	1	32	0	0	3	8	0	0	0	0	0	0	0	0	0	0	0	0	0	0	0
otu.12199	0	0	0	0	0	0	0	0	0	0	0	0	0	0	0	6	3	0	9	8	2	0	1	0	0	0	1	0	0	0
otu.12222	0	0	0	0	0	0	0	0	0	0	1	0	0	0	0	2	2	0	1	0	0	0	0	0	0	0	1	0	0	0
otu.12253	0	0	0	0	0	0	0	0	0	0	0	0	0	0	0	0	0	0	1	0	2	0	0	0	0	2	0	0	1	4
otu.12274	0	0	0	0	0	1	0	0	0	0	0	0	0	0	0	2	0	0	0	1	0	0	0	0	0	0	0	0	0	2
otu.12344	0	0	0	4	0	0	3	0	0	0	0	0	0	0	0	0	0	0	0	0	0	0	0	0	0	0	0	2	0	1
otu.12371	0	0	0	1	0	0	1	0	0	0	3	0	2	0	2	0	0	0	1	0	12	0	0	0	0	0	0	0	1	0
otu.12399	0	0	0	0	0	0	0	0	0	0	0	0	0	0	0	0	54	0	1	0	3	0	0	0	11	5	1	0	0	0
otu.12400	0	0	0	0	0	0	0	0	0	0	0	0	0	0	0	2	0	1	0	0	0	4	0	0	0	0	4	0	0	0
otu.12490	0	0	0	0	0	0	0	0	0	0	1	1	0	0	0	1	0	1	3	0	1	5	0	2	0	10	11	0	1	0
otu.12525	0	0	0	0	0	0	0	0	0	0	0	0	0	0	0	1	5	1	10	0	4	0	1	0	0	0	0	0	0	0
otu.12532	0	0	0	13	0	0	10	0	0	0	0	0	4	0	7	0	6	0	0	0	0	0	0	0	1	0	0	0	0	0
otu.12544	0	0	0	7	0	0	0	0	0	0	0	0	1	0	0	0	0	0	0	1	16	1	0	0	0	11	0	0	0	1
otu.12545	0	0	0	1	0	0	0	0	1	0	0	1	0	0	1	2	0	0	0	1	0	0	0	0	0	0	0	0	1	1
otu.12601	1	0	0	0	0	0	0	0	0	1	0	0	1	0	1	0	0	0	0	0	0	0	0	0	0	0	0	0	0	0
otu.12607	0	0	0	0	0	0	0	0	0	0	0	0	0	0	1	35	16	0	0	0	2	0	0	0	0	0	2	0	0	0
otu.12615	0	0	0	0	1	0	0	2	0	0	3	0	0	1	0	0	0	0	0	0	0	0	0	0	0	0	0	0	0	0
otu.12641	0	0	0	0	0	0	0	0	0	0	0	0	0	0	0	0	6	4	13	0	17	0	0	0	0	0	0	0	0	0
otu.12702	0	0	0	0	0	0	0	0	0	0	0	1	0	0	1	9	2	4	0	0	1	2	0	0	0	0	0	0	0	0
otu.12704	0	3	0	0	14	8	0	18	0	0	32	5	0	25	0	0	0	0	0	0	0	0	0	0	0	0	0	0	0	0
otu.12712	0	0	0	5	0	0	0	0	0	0	0	0	0	0	0	2	2	0	1	0	0	0	0	0	0	1	0	0	0	1
otu.12784	0	0	0	0	0	0	0	0	1	0	0	2	0	0	0	2	0	1	0	4	0	1	0	0	3	0	0	0	6	4
otu.12808	0	0	0	0	0	0	0	0	0	0	3	0	0	0	0	3	0	0	1	0	0	0	0	1	0	1	0	0	0	0
otu.12821	0	0	0	9	0	0	0	0	4	0	0	0	1	0	1	1	0	0	0	6	0	0	0	0	1	0	0	0	12	7
otu.12840	3	0	0	0	0	0	0	72	0	0	1	0	0	0	0	0	0	0	0	0	0	0	0	1	0	0	0	25	0	0
otu.12857	0	0	0	0	0	0	0	0	0	0	0	0	0	0	0	1	0	1	0	0	0	0	1	0	0	3	0	0	1	0
otu.12903	0	4	0	0	7	0	0	0	0	0	1	1	0	4	0	1	0	0	0	0	0	0	0	0	0	0	0	0	0	0
otu.12914	0	0	1	0	3	0	0	0	0	1	0	0	0	2	0	0	0	0	0	0	0	0	0	0	0	0	0	0	0	0
otu.12930	0	0	0	0	0	5	4	0	0	0	1	0	0	0	0	2	0	0	0	0	0	0	0	0	0	0	0	0	0	0
otu.12940	1	0	0	0	0	0	0	0	0	0	0	0	0	0	0	2	0	0	0	1	0	0	0	0	0	1	0	0	0	1
otu.12964	0	0	0	0	2	0	0	1	0	3	3	0	0	3	0	0	0	0	0	0	0	0	0	0	0	0	0	0	0	0
otu.13011	0	0	0	0	1	0	0	0	0	0	0	0	0	0	0	4	1	0	10	1	2	0	0	1	0	8	1	1	0	0
otu.13084	0	0	0	4	0	0	0	0	1	0	0	0	0	0	0	1	0	4	0	0	1	3	1	0	0	0	3	0	1	0
otu.13103	0	0	0	0	0	0	0	0	0	0	1	0	0	0	0	0	1	0	6	0	16	0	0	1	0	0	3	0	0	0
otu.13140	0	1	0	0	0	0	0	0	0	0	0	0	0	0	0	0	0	0	0	35	0	0	0	0	0	0	0	1	0	1
otu.13219	1	0	0	0	0	0	0	0	0	0	4	0	0	0	0	1	0	0	0	0	0	0	0	0	0	0	1	0	0	0
otu.13228	0	0	1	0	0	0	0	0	0	0	0	0	1	0	0	0	0	0	0	0	0	0	0	0	1	0	0	0	0	1
otu.13300	0	0	0	0	0	0	0	0	0	0	0	0	0	0	0	0	0	1	0	0	0	4	0	0	0	0	1	0	0	1
otu.13307	0	0	0	0	0	0	0	0	0	0	0	0	0	0	2	3	0	3	3	1	6	0	1	1	0	3	12	3	3	2
otu.13308	0	0	0	0	0	0	0	0	0	0	0	0	0	0	0	1	15	0	0	4	0	0	0	0	0	0	0	1	0	0
otu.13317	1	23	3	0	3	0	0	0	0	0	0	0	0	2	0	0	0	0	0	0	0	0	0	0	0	0	0	0	0	0
otu.13363	0	0	0	1	0	0	0	0	0	0	0	1	0	0	0	3	0	0	0	2	0	0	0	0	0	1	0	0	1	1
otu.13379	0	0	0	0	0	0	0	0	0	0	2	0	0	0	0	4	1	0	0	0	0	0	1	0	0	0	0	0	0	0
otu.13408	4	0	0	0	0	1	0	0	0	0	4	0	0	0	0	0	0	0	0	0	0	0	0	0	1	0	0	0	0	0
otu.13420	0	0	0	0	0	0	0	0	0	0	0	0	0	0	0	0	0	1	3	0	1	1	0	0	0	1	0	1	0	0
otu.13487	0	0	0	0	0	0	0	0	0	0	0	0	0	0	0	0	2	0	2	0	2	0	0	0	0	0	0	0	5	2
otu.13562	0	0	0	0	0	0	0	0	0	0	2	0	0	0	0	0	0	0	1	0	0	1	1	0	0	0	0	1	0	0
otu.13598	0	0	0	0	0	0	0	0	0	0	0	0	0	0	0	3	0	0	5	1	1	0	0	0	0	2	0	1	0	2
otu.13602	0	0	0	6	0	0	0	0	0	0	0	2	3	0	1	0	1	0	3	0	0	1	0	0	1	0	0	0	0	1
otu.13628	0	0	0	0	0	0	0	0	0	0	1	0	1	0	1	0	1	0	0	0	0	0	0	0	0	0	0	0	0	0
otu.13663	0	0	0	0	0	0	0	0	0	0	0	1	0	0	0	8	0	0	5	0	0	0	0	0	0	1	0	0	0	0
otu.13674	0	0	0	0	0	0	0	0	0	0	0	0	0	1	0	23	5	0	1	0	4	0	0	0	0	1	1	0	0	0
otu.13716	0	0	0	0	0	0	0	0	0	0	1	0	0	0	0	35	1	3	45	0	0	1	0	0	0	4	0	0	1	0
otu.13739	0	0	0	8	0	0	0	1	0	0	1	4	9	0	0	1	4	0	0	3	9	0	0	0	2	5	0	0	3	20
otu.13773	0	0	0	0	0	0	0	0	0	0	0	0	0	0	0	0	0	0	0	0	5	0	0	4	0	9	3	4	0	0
otu.13819	0	0	3	0	0	3	0	0	0	0	7	1	0	2	0	1	0	0	0	0	0	0	0	0	0	0	0	0	0	0
otu.13852	0	3	0	0	11	6	1	7	0	1	2	0	0	18	0	0	0	0	0	0	0	0	0	0	0	0	0	0	0	0
otu.13872	0	2	0	0	4	5	0	2	0	0	7	0	0	6	0	0	0	0	0	0	0	0	0	0	0	0	0	0	0	0
otu.13884	0	0	0	1	0	0	0	0	0	0	2	1	1	0	0	39	19	0	2	7	0	6	1	2	9	4	9	0	0	2
otu.13912	0	0	0	0	0	0	0	0	0	0	1	0	0	0	0	4	0	0	0	1	0	0	1	0	0	0	0	0	1	1
otu.13971	0	1	0	0	0	0	0	0	0	0	3	0	0	0	0	0	1	0	37	0	1	0	0	0	0	0	8	0	0	0
otu.14003	0	0	0	0	0	0	0	0	0	0	0	0	0	0	0	0	0	0	0	0	1	0	0	1	3	0	0	2	1	3
otu.14016	0	0	0	0	0	0	0	0	2	0	0	0	0	0	0	0	0	0	1	0	0	0	0	0	0	0	2	1	0	0
otu.14029	0	3	7	0	80	0	0	27	1	10	0	0	0	24	0	1	0	0	0	0	0	0	0	0	0	0	0	0	0	0
otu.14054	0	0	0	0	0	0	0	0	0	0	2	0	0	1	0	1	1	0	1	0	0	0	0	0	0	1	1	0	0	0
otu.14079	0	0	0	7	0	0	0	0	1	0	0	0	1	0	1	4	0	0	2	0	0	1	0	0	2	0	0	1	0	2
otu.14101	0	0	0	0	0	0	0	0	0	0	0	0	0	0	0	2	0	0	2	0	2	0	0	0	0	4	10	0	0	0
otu.14137	0	1	1	0	0	0	0	0	0	3	1	0	0	0	0	0	0	0	0	0	0	0	0	0	0	0	0	0	0	0
otu.14147	0	0	0	0	0	0	0	0	0	0	1	0	0	0	0	18	0	0	0	0	0	1	0	0	0	1	0	3	0	0
otu.14197	0	0	0	0	0	0	0	0	0	0	0	0	0	0	0	0	4	0	1	0	0	2	0	0	0	0	1	3	1	0
otu.14238	0	0	0	0	0	1	0	0	0	0	0	0	0	0	0	4	1	0	3	1	0	0	0	0	0	0	0	0	0	2
otu.14260	0	0	0	0	0	0	0	0	0	0	0	0	1	0	0	1	1	0	0	0	0	0	0	0	1	0	0	0	1	2
otu.14269	0	0	1	0	0	0	0	0	0	1	1	0	0	1	0	0	0	0	0	0	0	0	0	0	0	0	0	0	0	0
otu.14289	0	0	0	0	0	0	0	0	1	0	2	1	0	1	0	0	0	0	0	0	0	0	0	0	0	0	0	0	0	0
otu.14327	0	1	0	0	0	0	0	0	0	0	4	0	0	0	0	58	0	0	1	0	0	1	0	0	0	1	18	0	0	0
otu.14384	0	0	0	0	0	0	0	0	0	0	0	0	0	0	0	18	0	0	0	0	2	0	0	0	0	0	1	0	39	0
otu.14393	0	0	0	0	0	0	0	0	0	0	0	24	0	0	0	10	0	23	1	2	0	6	0	0	15	0	0	0	14	5
otu.14403	1	2	0	0	9	2	0	1	0	2	2	0	0	0	2	0	0	0	0	0	0	0	0	0	0	0	0	0	0	0
otu.14425	0	0	0	0	0	0	0	0	0	0	0	0	0	0	1	0	0	0	0	0	0	0	0	0	0	1	2	0	0	1
otu.14466	0	0	0	0	0	0	0	0	1	0	1	0	0	0	0	8	0	0	3	0	2	0	1	0	0	0	0	1	0	0
otu.14523	0	0	0	0	0	0	0	0	0	0	0	0	0	0	0	0	8	1	1	2	0	0	0	0	0	0	0	0	0	0
otu.14539	0	0	0	0	0	0	0	0	0	0	0	0	0	0	0	85	21	1	17	1	32	0	1	3	0	9	0	0	57	10
otu.14602	0	1	0	1	0	0	0	0	1	0	5	0	6	0	0	1	0	0	0	1	0	0	0	0	0	0	0	0	0	0
otu.14670	0	0	0	0	0	0	0	0	0	1	1	4	2	0	0	0	0	0	0	0	0	0	0	0	2	0	0	0	0	0
otu.14708	0	1	0	0	1	0	0	0	0	0	4	0	0	5	0	0	0	0	0	0	0	0	0	0	0	0	0	0	0	0
otu.14716	0	0	0	0	0	0	0	0	0	0	0	0	0	0	0	0	2	0	1	0	0	3	0	0	0	2	4	0	0	0
otu.14737	0	0	0	0	0	0	0	0	0	0	2	0	0	0	0	3	0	0	0	2	0	0	0	0	0	0	1	0	1	1
otu.14769	0	0	0	0	0	0	1	0	0	0	0	0	2	0	0	1	0	0	0	0	1	1	0	1	0	0	0	0	0	0
otu.14900	0	0	0	1	0	0	0	0	1	0	1	0	0	0	0	0	0	1	1	0	0	0	0	1	4	1	1	3	3	3
otu.14920	0	4	3	0	0	0	0	0	1	1	2	3	0	0	1	0	0	0	0	0	0	0	0	0	0	0	0	0	0	0
otu.14936	1	0	0	0	0	0	0	1	1	0	1	0	0	0	0	0	0	0	0	0	0	0	0	0	0	0	0	0	0	1
otu.14961	0	0	0	0	0	0	0	0	0	0	0	0	0	0	0	2	1	0	0	2	0	0	0	0	0	1	0	1	0	1
otu.14969	2	0	0	0	1	0	0	0	0	0	1	1	0	0	0	64	0	0	0	6	0	0	0	13	0	0	0	2	13	10
otu.14975	1	1	0	0	1	1	0	0	0	2	17	0	0	6	0	0	0	0	0	0	0	0	0	0	0	0	0	0	0	0
otu.15013	0	0	0	0	0	0	0	0	0	0	0	0	0	0	0	5	0	0	5	0	1	0	0	1	0	2	0	0	0	0
otu.15016	1	0	0	1	0	0	0	0	0	0	0	1	0	0	0	0	0	0	0	0	0	0	0	1	0	0	0	0	1	0
otu.15053	0	0	0	1	0	0	0	1	2	0	1	0	0	0	0	0	0	0	2	0	0	0	0	0	0	0	1	0	0	0
otu.15075	0	0	0	1	0	0	0	0	0	0	0	1	0	0	1	0	1	0	0	0	1	0	0	0	0	0	0	1	0	2
otu.15080	2	2	2	0	10	1	0	7	0	0	0	0	0	9	0	0	0	0	0	0	0	0	0	0	0	0	0	0	0	0
otu.15114	0	0	0	0	0	0	0	0	0	0	0	0	0	0	1	0	1	0	2	0	0	1	0	0	0	0	1	0	0	0
otu.15154	0	0	1	1	0	0	1	0	4	0	0	0	213	0	0	0	0	0	0	0	0	0	0	0	0	0	0	0	0	0
otu.15155	0	0	0	4	0	0	0	0	0	0	0	0	0	0	0	1	0	0	0	1	0	0	0	0	0	0	0	1	0	0
otu.15157	0	0	0	1	0	0	0	0	0	0	0	0	0	0	0	0	0	0	0	3	0	0	0	0	1	1	0	0	0	1
otu.15183	0	0	0	42	0	0	0	0	1	0	0	1	1	0	18	0	16	0	0	1	11	0	0	0	0	8	0	1	1	0
otu.15190	0	0	0	0	0	0	0	0	0	0	0	0	0	0	0	2	0	0	0	2	0	0	0	1	0	0	0	0	4	0
otu.15244	0	0	0	0	0	0	0	1	9	11	45	0	0	0	0	0	0	0	1	0	0	0	0	0	0	0	0	0	0	0
otu.15252	0	0	0	2	0	0	0	1	2	0	2	1	1	0	0	0	8	1	0	0	0	0	0	0	0	0	0	0	0	1
otu.15346	0	0	0	0	0	0	0	0	0	0	0	0	0	0	0	3	0	0	2	0	3	0	0	0	0	2	0	0	0	1
otu.15361	0	0	0	0	3	1	0	1	0	0	0	1	0	0	0	0	0	0	0	0	0	0	0	0	0	0	0	0	0	0
otu.15398	0	0	0	1	0	0	0	0	0	0	3	0	0	0	0	4	2	1	2	0	0	0	0	0	0	0	0	0	1	0
otu.15399	0	0	0	0	0	0	0	0	0	0	0	0	0	0	0	2	1	0	1	0	0	0	0	0	0	7	0	0	0	0
otu.15418	0	0	0	0	0	0	0	0	1	0	0	0	0	0	0	0	1	0	0	0	1	0	0	0	0	0	0	0	0	1
otu.15444	0	0	0	0	0	0	0	0	0	0	5	0	0	0	0	0	2	0	1	1	0	0	0	0	0	0	3	2	0	0
otu.15456	0	0	0	0	0	0	0	0	0	0	0	0	0	0	0	6	0	0	0	0	0	0	0	1	0	0	0	0	1	3
otu.15470	0	2	0	0	36	0	0	0	0	0	2	0	0	10	0	0	0	0	0	0	0	0	0	0	0	0	0	0	0	0
otu.15474	0	0	0	0	0	0	0	0	0	0	0	0	0	0	0	6	12	0	0	0	0	1	0	0	0	0	3	0	0	2
otu.15499	0	0	0	0	0	0	0	1	0	0	2	0	0	0	0	0	1	1	3	0	6	0	0	0	0	0	0	0	0	0
otu.15503	1	1	0	1	0	0	0	0	0	0	0	0	0	0	0	0	0	0	0	0	0	0	0	2	0	0	0	0	0	0
otu.15521	0	0	0	24	0	0	0	0	0	0	0	0	0	0	6	4	5	0	0	8	1	1	0	1	7	0	0	3	3	4
otu.15584	0	1	0	0	9	4	0	1	0	0	0	0	0	8	0	0	0	0	0	0	0	0	0	0	0	0	0	0	0	0
otu.15600	0	0	0	0	0	0	0	0	0	0	0	0	0	0	0	3	1	1	0	0	0	0	0	1	0	0	0	0	0	0
otu.15633	0	0	0	0	0	0	0	0	0	0	0	0	0	0	0	0	4	3	1	3	1	0	0	0	0	0	0	0	0	0
otu.15652	0	0	0	0	0	0	0	0	0	0	1	0	0	0	0	3	0	1	0	0	0	0	0	1	0	5	0	0	3	0
otu.15671	0	0	0	0	0	0	0	0	0	0	0	0	0	0	0	1	0	0	0	1	0	0	0	0	2	0	0	1	0	0
otu.15688	0	0	0	0	0	0	0	0	0	0	2	0	0	0	0	4	2	0	0	1	0	0	0	0	0	0	1	0	0	0
otu.15736	0	0	0	0	0	0	0	0	0	0	0	2	0	0	0	0	0	17	0	0	1	25	0	0	0	3	2	0	0	0
otu.15768	0	0	0	0	0	0	0	0	0	0	0	0	2	0	0	0	0	0	0	1	12	0	0	0	0	2	0	0	0	0
otu.15827	0	0	0	1	0	0	0	0	0	0	0	1	2	0	1	2	0	1	1	2	0	0	1	0	3	0	0	0	0	3
otu.15861	0	0	0	0	0	0	1	0	0	0	0	0	0	0	0	2	0	11	0	2	0	23	3	2	0	0	0	0	1	5
otu.15872	0	0	0	0	0	0	0	0	1	1	19	0	0	0	0	0	0	0	0	0	0	0	0	0	0	1	0	0	0	0
otu.15882	0	0	2	2	1	0	0	0	0	0	3	0	1	0	0	0	0	0	0	0	1	0	0	0	2	0	1	1	0	1
otu.15899	0	0	0	0	2	0	0	2	3	2	2	0	0	0	2	1	1	0	0	0	0	0	0	0	0	0	0	0	0	0
otu.15928	0	0	0	0	0	1	0	0	0	0	1	1	3	0	0	1	1	0	0	0	0	0	1	0	0	0	0	0	0	2
otu.15965	0	0	0	0	0	0	0	0	0	0	0	0	0	0	0	6	0	3	5	0	0	1	0	0	0	0	3	0	4	0
otu.16006	0	0	0	0	0	0	0	0	0	0	1	0	0	0	0	0	0	0	1	1	0	0	0	0	0	2	0	2	0	0
otu.16073	0	0	0	2	0	0	0	0	1	0	0	0	0	0	1	2	0	0	0	0	2	0	0	0	0	0	0	1	0	0
otu.16077	0	0	0	0	0	0	0	0	0	0	0	0	0	0	0	17	0	0	8	6	1	0	0	0	0	11	0	0	0	0
otu.16097	0	0	0	2	1	0	0	0	0	0	0	0	0	0	0	46	0	1	14	3	7	0	0	0	5	10	0	0	67	11
otu.16225	0	0	0	1	0	0	0	0	0	0	0	0	0	0	1	2	1	0	1	0	1	0	0	0	0	1	1	1	1	2
otu.16239	0	0	0	0	0	0	0	0	0	0	0	0	0	0	0	23	5	0	3	0	0	1	0	0	0	2	0	0	0	0
otu.16246	0	0	0	0	0	0	0	0	0	0	0	0	0	0	0	0	8	1	0	0	7	0	1	0	0	1	0	0	0	0
otu.16254	0	0	0	3	0	0	0	0	0	0	0	2	0	1	2	8	0	0	1	9	4	0	0	1	14	5	2	1	4	55
otu.16264	0	0	0	0	0	0	0	0	0	0	0	0	0	0	0	0	5	0	2	0	1	0	1	0	0	0	0	2	0	0
otu.16294	0	0	0	0	0	0	0	0	0	0	0	0	0	0	0	5	20	0	0	14	1	1	0	3	1	3	0	0	0	13
otu.16299	0	0	2	0	1	0	1	0	8	0	29	180	0	16	0	0	0	0	0	0	0	0	0	0	0	0	0	0	0	0
otu.16313	0	0	0	0	0	0	0	0	0	0	0	0	0	0	0	4	0	0	0	0	0	0	0	6	0	0	0	1	0	1
otu.16335	0	0	0	0	0	0	0	0	0	0	2	0	0	0	0	9	1	0	0	0	0	0	0	0	0	0	0	4	0	0
otu.16339	0	0	0	0	0	0	0	0	0	0	0	0	0	0	0	18	3	2	6	0	3	0	0	1	0	1	9	9	1	0
otu.16368	0	2	0	0	0	2	0	4	0	2	0	0	0	10	0	0	0	0	0	0	0	0	0	0	0	0	0	0	0	0
otu.16429	0	0	0	0	0	0	0	0	0	0	0	0	0	0	0	0	1	0	1	0	0	0	0	1	0	0	0	3	0	0
otu.16519	0	0	1	5	1	0	0	0	1	0	0	1	0	0	0	0	0	0	0	2	12	0	0	0	0	0	0	0	0	16
otu.16540	0	0	0	0	0	0	0	0	0	0	0	0	0	0	0	1	0	1	0	0	1	2	0	2	0	0	1	0	0	0
otu.16548	0	0	0	0	0	0	0	0	0	0	0	0	0	0	1	1	0	0	0	0	0	0	0	2	0	0	0	0	0	1
otu.16688	1	0	2	0	0	0	0	0	1	0	8	0	0	0	0	1	0	0	0	0	0	0	0	0	0	0	0	0	0	0
otu.16697	0	0	1	0	1	0	0	0	0	0	7	0	0	0	0	1	0	0	0	1	1	0	0	0	0	0	5	0	0	0
otu.16747	0	0	0	0	0	0	0	0	0	0	0	0	0	0	0	0	1	0	0	0	0	0	0	2	0	2	0	0	1	0
otu.16754	0	0	0	0	0	0	0	0	0	0	0	1	0	0	0	4	0	1	2	0	0	0	0	1	0	0	0	0	0	0
otu.16757	0	0	0	0	0	0	0	3	0	0	0	0	0	0	0	0	0	0	6	0	0	0	0	0	0	1	1	9	1	0
otu.16766	0	0	0	2	0	0	0	0	0	0	8	0	0	0	0	50	44	0	0	0	0	0	0	1	0	7	0	3	1	2
otu.16791	0	1	0	0	0	0	0	0	1	0	2	0	0	0	0	0	0	0	0	0	0	0	0	0	2	0	0	0	0	0
otu.16807	0	1	0	0	0	1	0	1	0	0	3	0	0	0	1	0	0	0	0	0	0	0	0	0	0	0	0	0	0	0
otu.16808	0	0	0	0	0	0	0	0	0	0	0	0	0	0	0	0	24	2	2	0	0	3	1	0	0	7	1	2	0	0
otu.16837	0	0	0	0	0	0	0	0	0	0	0	0	0	0	0	1	1	2	1	0	0	0	0	0	0	1	0	0	0	0
otu.16884	0	0	0	0	0	0	0	0	0	0	0	0	0	0	0	14	6	1	0	0	0	1	0	4	385	0	0	0	116	17
otu.16900	0	0	0	0	0	0	0	0	0	0	0	0	0	0	0	0	1	0	13	4	1	0	0	0	0	0	0	0	0	0
otu.16921	0	0	0	0	1	0	0	0	0	1	1	0	0	0	2	0	0	0	0	0	0	0	0	0	9	1	0	1	0	0
otu.16924	0	0	0	0	0	0	0	0	1	0	1	0	0	0	1	2	1	0	3	0	5	0	0	3	0	1	4	0	6	2
otu.16927	2	0	0	0	0	0	0	1	0	0	2	2	0	2	0	0	0	1	0	0	0	0	0	1	0	0	0	0	0	0
otu.16958	0	0	0	0	0	0	0	0	0	0	0	0	0	0	0	7	2	0	0	1	0	1	0	6	0	0	1	0	0	1
otu.16969	0	0	0	0	0	0	0	0	0	0	6	0	0	1	5	33	33	0	2	6	1	6	0	0	0	24	18	1	2	4
otu.17009	5	0	1	0	0	1	0	41	0	0	0	0	0	0	0	0	0	0	0	0	0	0	0	2	0	0	0	12	0	0
otu.17016	0	0	0	0	0	0	0	1	2	0	1	0	0	0	0	1	0	0	0	2	0	0	0	0	0	0	0	0	0	0
otu.17043	0	0	0	0	0	0	0	0	0	0	0	0	0	0	0	1	0	0	0	0	0	2	1	1	0	0	0	0	0	1
otu.17076	0	0	0	0	0	0	0	0	0	0	1	0	0	1	0	2	0	0	0	1	0	0	0	1	0	3	2	0	0	1
otu.17092	0	0	0	0	0	0	0	0	0	0	0	0	0	0	0	10	0	1	0	0	0	4	0	3	0	1	0	0	0	0
otu.17172	1	0	0	0	0	0	0	0	2	1	1	0	1	4	2	0	0	0	0	0	0	0	0	0	0	1	0	0	0	0
otu.17219	0	0	0	0	0	0	0	0	0	0	0	2	0	0	0	1	0	0	1	0	2	0	0	0	1	2	0	0	0	2
otu.17253	0	0	0	0	0	0	0	0	0	0	0	0	0	0	0	2	0	0	0	0	1	0	0	1	0	0	0	0	0	2
otu.17297	0	0	0	0	0	0	0	0	0	0	0	0	0	0	2	11	5	0	0	0	0	6	0	0	0	11	15	6	0	0
otu.17303	0	0	0	0	0	0	0	0	0	0	0	0	0	0	0	0	2	0	5	0	0	3	0	0	0	3	2	0	0	0
otu.17441	0	12	0	0	11	0	0	11	0	2	44	1	0	16	0	1	2	0	0	0	0	0	0	0	0	0	0	0	0	0
otu.17469	0	0	0	0	0	0	0	0	0	0	0	0	0	1	0	0	0	5	0	0	0	0	3	0	0	1	0	0	3	5
otu.17511	2	0	1	0	3	2	0	2	0	0	10	0	0	4	0	0	0	0	0	0	0	0	0	0	0	0	0	0	0	0
otu.17540	0	0	0	1	0	0	0	0	0	0	0	0	0	0	0	0	0	0	0	3	0	0	0	1	0	0	1	0	0	1
otu.17560	0	0	0	0	0	0	0	0	0	0	2	0	0	0	0	10	0	0	0	0	0	0	0	0	0	1	2	0	0	0
otu.17564	0	0	0	2	0	0	0	0	0	0	0	0	0	0	2	0	0	0	2	1	2	0	0	0	0	0	0	0	0	0
otu.17576	0	0	0	0	0	0	0	0	0	0	0	0	0	0	0	8	0	0	3	2	0	0	0	0	0	1	0	0	2	3
otu.17606	0	0	0	0	0	0	0	0	0	0	0	0	0	0	0	1	1	0	1	0	1	0	0	0	0	0	0	0	1	0
otu.17637	0	0	0	0	0	0	0	0	0	0	0	0	0	0	0	1	0	5	5	0	0	0	0	0	0	1	2	2	0	0
otu.17653	0	0	0	0	0	0	0	0	0	0	0	0	0	0	0	4	0	0	4	0	0	0	0	0	0	0	1	0	3	0
otu.17676	0	0	0	0	0	0	0	0	0	0	0	0	0	0	0	2	0	0	1	0	0	0	0	1	0	2	3	0	0	0
otu.17700	0	0	0	0	0	0	0	0	0	0	0	0	0	0	0	1	0	0	0	5	0	0	0	1	0	2	0	1	0	1
otu.17705	0	0	0	0	0	0	0	0	13	0	14	0	0	0	0	205	0	0	14	0	0	8	0	1	0	42	60	0	1	2
otu.17711	0	0	0	0	0	0	0	0	0	0	2	0	0	0	0	3	0	0	0	1	0	0	0	2	0	0	0	0	0	0
otu.17743	0	0	0	0	0	0	0	0	0	0	0	0	0	0	0	2	2	0	0	2	0	1	0	0	0	1	0	3	0	1
otu.17758	0	0	0	0	0	0	0	0	0	0	0	0	0	0	0	4	1	15	0	0	1	2	2	2	0	5	1	0	1	0
otu.17843	0	0	0	1	0	0	0	0	0	0	0	0	0	0	1	3	7	0	2	0	1	0	2	0	0	93	0	1	5	5
otu.17846	0	0	0	0	0	3	0	0	0	0	7	0	0	0	2	2	0	1	1	0	1	1	0	3	0	0	0	0	0	0
otu.17847	0	0	0	0	0	0	0	0	0	0	0	0	0	0	0	1	0	3	3	0	2	0	0	0	0	0	0	0	0	0
otu.17871	0	0	0	0	0	0	0	0	0	0	0	0	0	0	0	0	0	0	1	0	0	4	0	1	0	0	6	5	0	0
otu.17873	0	0	1	11	1	0	0	1	2	0	2	0	3	0	12	0	1	0	0	0	8	0	0	0	0	1	0	1	1	0
otu.17939	0	0	0	6	1	0	0	2	0	1	0	0	0	0	2	0	0	0	0	0	0	0	0	0	0	0	0	0	1	0
otu.17947	0	0	1	0	0	0	0	0	1	0	0	0	0	0	1	0	0	0	0	0	0	0	0	0	0	0	0	1	0	0
otu.17948	0	0	0	0	0	0	0	0	0	0	0	0	0	1	0	3	1	6	1	1	1	0	0	0	0	0	0	0	0	1
otu.17982	0	0	0	0	0	0	0	0	0	0	0	0	0	0	0	0	3	0	0	0	2	0	0	1	0	2	0	1	0	0
otu.17990	0	0	0	1	0	0	1	0	0	0	1	0	0	0	0	1	0	0	0	0	0	0	0	0	0	0	0	1	0	0
otu.18001	0	0	0	4	0	0	0	0	0	0	0	0	0	0	0	1	2	0	0	0	0	0	0	2	0	0	0	5	0	0
otu.18027	0	1	0	0	0	0	0	0	0	0	2	0	0	0	0	0	0	0	0	2	1	0	0	0	0	0	6	0	0	0
otu.18029	0	1	0	0	0	0	0	0	0	0	3	0	0	2	0	0	0	0	0	0	0	0	0	0	0	0	1	0	0	0
otu.18054	0	0	0	0	0	0	0	0	0	0	0	0	0	0	0	0	0	0	0	2	0	1	0	0	0	0	2	0	0	1
otu.18074	0	0	0	0	0	0	0	0	0	0	0	0	0	0	0	16	0	1	0	0	0	3	3	0	0	0	0	0	0	0
otu.18119	0	0	0	0	0	0	0	0	0	0	0	0	0	0	0	1	0	1	0	1	0	0	0	0	0	0	1	0	0	0
otu.18179	1	0	0	0	0	0	0	0	0	0	2	0	0	0	0	0	0	1	0	0	0	0	0	0	0	0	0	0	0	1
otu.18185	0	0	0	0	0	0	0	0	0	0	0	0	0	0	0	15	0	5	0	8	5	5	0	1	0	7	38	0	0	0
otu.18230	0	0	0	0	0	0	0	0	0	0	0	0	0	0	0	0	0	1	0	5	1	0	0	0	0	3	5	0	3	0
otu.18289	0	0	0	0	0	0	0	0	0	0	0	0	0	0	0	3	1	0	0	0	0	1	0	0	0	3	11	1	1	0
otu.18308	0	0	0	0	0	0	0	0	0	0	0	0	0	0	0	2	0	0	7	0	1	0	0	2	0	6	0	4	0	0
otu.18309	0	0	0	0	0	0	0	0	0	0	0	0	0	0	0	1	0	0	1	2	0	0	0	0	0	0	0	0	0	1
otu.18335	0	0	0	2	0	0	0	0	0	0	0	0	0	0	0	0	1	0	0	2	0	1	1	1	1	1	0	0	0	1
otu.18406	0	0	0	0	1	2	0	1	0	0	6	0	0	2	0	0	0	0	0	0	0	0	0	0	0	0	0	0	0	0
otu.18411	0	0	1	0	2	0	1	1	1	0	0	0	0	0	0	0	0	0	0	0	0	0	0	0	0	0	0	0	0	0
otu.18421	0	0	0	0	0	0	0	0	1	0	0	0	0	0	0	2	0	0	2	0	0	0	0	0	0	0	0	0	1	0
otu.18429	0	0	0	0	0	0	0	0	0	0	0	0	0	0	0	1	0	2	2	1	0	0	0	1	0	0	0	0	0	1
otu.18465	2	0	1	0	0	0	0	0	0	0	5	1	0	1	0	0	0	0	0	0	0	0	0	0	0	0	0	0	2	2
otu.18518	0	0	0	0	0	0	0	0	0	0	0	0	0	0	0	1	0	1	0	0	0	3	0	0	0	8	2	30	1	16
otu.18520	1	0	0	0	1	0	0	0	1	2	1	0	0	0	0	4	0	0	0	0	0	0	0	0	0	0	0	0	0	0
otu.18524	0	1	0	0	2	1	0	2	0	0	2	1	0	1	0	0	0	0	0	0	0	0	0	0	0	0	0	0	0	0
otu.18560	0	0	0	0	0	0	0	0	0	0	0	0	0	0	0	0	0	1	2	0	0	0	0	0	0	0	3	2	5	0
otu.18571	0	0	0	0	0	0	0	0	0	0	6	0	0	0	1	11	0	1	2	2	0	1	0	3	0	0	0	1	0	0
otu.18589	0	0	0	0	0	0	0	0	0	0	1	0	0	0	0	2	1	0	0	0	0	0	0	0	0	4	0	8	0	2
otu.18619	0	0	0	0	0	0	0	0	0	0	0	0	0	0	0	3	2	0	0	0	0	0	0	0	0	0	2	0	0	1
otu.18647	0	0	0	2	0	0	0	0	0	0	0	0	0	0	1	0	0	0	0	0	1	0	0	1	0	0	0	1	0	0
otu.18658	0	0	0	0	0	0	0	0	0	0	0	0	0	0	0	8	0	0	0	0	0	1	0	0	0	1	1	0	0	0
otu.18692	6	1	1	0	2	0	0	1	0	1	0	0	0	12	1	0	0	0	0	0	0	0	0	0	0	0	0	0	0	0
otu.18695	0	0	0	0	0	0	0	0	0	0	0	0	0	0	0	5	0	1	2	6	0	9	0	0	17	1	0	0	0	14
otu.18737	0	0	0	0	0	0	0	0	0	0	1	0	0	0	1	1	0	0	0	0	0	0	0	3	0	0	0	0	0	0
otu.18771	0	0	1	0	0	0	1	1	0	0	0	0	2	0	0	0	0	0	0	0	0	0	2	0	0	0	0	0	0	0
otu.18821	0	0	0	0	0	0	0	0	0	0	0	0	0	0	0	1	0	5	0	0	0	0	0	0	0	0	1	0	1	0
otu.18828	1	0	0	0	0	0	1	8	1	0	0	0	0	0	0	0	0	0	0	0	0	0	0	0	0	0	0	1	0	0
otu.18850	0	0	0	0	0	0	0	0	0	0	5	0	0	0	0	3	3	1	1	0	1	0	7	0	0	0	0	1	0	0
otu.18858	0	0	0	4	1	1	0	0	0	0	0	0	1	0	0	0	0	1	0	0	0	0	0	0	0	0	0	0	0	2
otu.18928	0	0	0	0	0	0	0	0	0	0	3	0	0	0	0	7	1	0	0	0	0	0	0	1	0	0	0	0	0	0
otu.18937	0	0	1	0	1	0	0	0	21	0	23	0	0	0	0	53	12	1	2	38	0	4	0	1	0	5	2	2	2	4
otu.18958	0	0	0	0	0	0	0	0	0	0	0	0	0	0	2	1	0	0	1	8	0	0	0	0	0	2	2	9	0	11
otu.18964	1	0	0	1	0	0	0	0	0	0	0	1	0	0	0	1	0	0	0	0	0	0	0	0	0	1	0	1	0	0
otu.18990	0	0	0	0	0	1	1	0	2	0	3	0	0	9	1	0	0	1	0	0	0	0	0	0	0	0	0	0	0	1
otu.19003	0	1	0	0	0	0	0	2	0	0	1	1	0	1	0	0	0	0	0	0	1	0	0	0	0	1	0	1	0	0
otu.19059	0	0	0	0	0	0	0	0	0	0	2	0	0	0	0	22	0	0	0	2	0	0	0	0	0	4	3	0	0	3
otu.19077	0	0	0	1	1	0	0	0	0	0	0	0	0	0	0	0	0	0	0	0	0	0	0	0	1	0	0	0	1	1
otu.19083	0	0	0	0	0	0	0	0	0	0	0	0	0	0	0	3	0	0	3	0	0	0	0	0	0	0	2	1	1	0
otu.19109	0	0	0	0	0	0	0	0	2	0	5	0	1	0	0	0	0	0	0	0	0	0	0	1	0	0	0	0	0	0
otu.19150	0	0	0	0	0	0	0	0	5	0	21	0	0	0	0	1	2	0	1	0	0	0	0	4	0	0	0	0	0	0
otu.19164	0	0	0	0	0	0	0	0	0	0	0	0	0	0	0	0	0	15	1	0	5	25	0	0	0	1	8	1	0	0
otu.19206	2	0	0	6	0	0	0	0	0	0	0	0	0	1	2	0	2	0	0	5	2	0	0	0	0	1	0	9	0	0
otu.19233	0	0	0	0	0	0	0	0	0	0	4	0	0	0	0	1	1	0	1	0	6	1	0	4	0	10	0	0	0	0
otu.19270	0	0	0	0	0	0	0	0	0	0	0	0	0	0	0	3	0	0	3	0	0	0	0	12	1	0	1	0	0	0
otu.19287	0	0	0	0	0	0	0	0	0	0	0	0	0	0	0	1	0	0	0	1	0	0	0	0	3	1	0	1	0	0
otu.19318	0	0	0	0	1	0	0	33	3	0	13	0	2	13	1	1	0	0	0	0	0	0	0	1	0	0	0	0	0	2
otu.19321	0	0	0	0	0	0	0	0	0	0	1	0	0	0	0	16	0	0	1	0	0	0	0	0	0	2	2	2	0	0
otu.19346	0	0	0	0	0	0	0	0	0	0	1	0	0	0	2	1	0	1	0	0	0	0	0	0	0	0	0	0	0	0
otu.19361	0	0	0	1	0	0	0	0	0	0	0	0	0	0	0	0	0	2	0	0	1	0	0	0	0	0	0	0	1	0
otu.19365	2	1	0	0	4	0	0	0	1	1	1	0	0	0	1	3	3	0	0	0	0	0	0	0	0	0	0	0	0	0
otu.19388	0	0	1	0	0	0	0	0	0	0	0	0	0	1	0	0	1	0	0	0	0	0	0	0	0	0	0	0	0	2
otu.19413	0	0	0	0	0	0	0	0	0	0	0	0	0	0	0	3	5	0	3	0	0	1	0	0	0	2	6	11	0	0
otu.19416	0	0	0	0	0	0	1	0	0	0	0	0	1	0	0	1	0	0	0	0	1	0	0	0	0	0	0	0	0	0
otu.19455	4	2	1	0	3	0	0	4	0	4	0	0	0	3	0	0	0	0	0	0	0	0	0	0	0	0	0	0	0	0
otu.19460	0	0	0	0	0	0	0	0	0	0	2	0	0	0	0	5	0	0	26	2	0	0	0	0	0	10	1	1	0	0
otu.19506	2	1	0	0	1	0	1	1	1	0	6	0	0	1	0	0	0	0	0	0	0	0	0	0	0	0	0	0	0	0
otu.19541	0	0	0	0	0	0	0	0	0	0	0	0	0	0	0	1	0	0	0	0	0	0	0	2	0	3	1	0	2	1
otu.19557	0	0	1	0	0	2	0	0	0	0	22	0	0	2	0	0	0	0	0	0	0	0	0	0	0	0	0	0	0	0
otu.19582	0	0	0	0	0	0	0	0	0	0	0	0	5	0	1	2	0	0	2	0	0	0	0	0	0	1	0	0	0	0
otu.19584	0	0	0	0	0	0	0	0	0	0	0	0	0	0	0	2	1	1	0	0	1	0	0	0	0	0	0	0	0	0
otu.19600	0	0	1	0	0	0	2	0	0	0	0	0	0	0	0	0	0	0	0	2	1	0	0	0	0	0	0	1	0	0
otu.19616	0	0	0	0	0	0	0	0	0	0	0	0	0	0	0	0	2	0	2	1	0	0	0	0	0	1	0	0	0	0
otu.19622	0	0	0	0	0	0	0	0	0	0	0	4	0	0	0	5	0	0	0	8	0	0	0	0	0	0	0	0	0	3
otu.19630	0	0	0	7	0	0	0	0	0	0	0	0	15	0	1	2	0	0	0	0	13	0	0	0	0	1	0	2	0	1
otu.19662	0	0	0	0	0	0	0	0	0	0	0	0	0	0	0	0	0	1	4	0	0	1	0	0	0	1	1	0	0	0
otu.19686	0	0	0	0	0	0	0	0	0	0	0	1	0	0	0	0	0	3	0	0	0	5	0	1	0	0	0	0	0	0
otu.19705	0	0	0	0	0	0	0	0	0	0	0	0	0	0	0	1	2	0	2	1	0	1	0	1	0	1	0	0	0	3
otu.19707	0	0	0	0	0	0	0	0	0	0	0	0	1	0	0	1	0	1	1	0	0	0	3	0	0	0	0	1	0	0
otu.19709	0	0	0	0	0	0	0	0	0	0	0	0	0	0	0	1	0	0	0	0	0	0	0	1	0	0	1	0	0	1
otu.19737	0	3	12	0	0	0	0	0	2	1	18	1	0	0	0	0	0	0	0	0	0	0	0	0	0	0	0	0	0	0
otu.19740	0	0	0	7	0	0	0	0	0	0	0	0	2	0	6	7	2	0	1	0	5	0	0	1	0	1	0	1	0	0
otu.19748	0	0	5	0	0	1	0	0	0	0	1	0	0	8	0	0	0	0	0	0	0	0	0	0	0	0	0	0	0	0
otu.19756	0	1	0	0	0	1	0	0	0	0	2	0	2	0	1	0	0	0	0	0	0	0	0	0	0	0	0	0	0	0
otu.19790	0	0	0	1	0	0	0	0	0	0	0	0	0	0	0	1	0	0	0	2	0	0	0	0	0	1	0	0	0	0
otu.19800	0	0	0	0	0	0	0	0	1	0	2	0	0	0	0	2	0	0	0	0	0	0	0	0	0	3	0	0	0	0
otu.19811	0	0	0	0	1	0	0	0	0	0	0	4	0	0	0	6	0	0	0	1	0	0	0	2	0	0	0	0	0	0
otu.19818	0	2	0	0	9	1	0	0	0	5	8	0	0	11	1	0	0	0	0	0	0	0	0	0	0	0	0	0	0	0
otu.19845	1	0	1	0	1	0	0	0	0	0	12	0	0	1	1	4	4	0	0	6	1	0	1	1	6	0	0	0	0	18
otu.19847	0	0	0	0	0	0	0	0	0	0	0	0	0	0	0	1	0	0	2	0	0	0	0	1	0	3	0	0	0	0
otu.19904	0	0	0	0	0	0	0	0	0	0	0	0	0	0	0	2	2	0	0	2	0	0	0	0	0	1	0	0	0	0
otu.19919	0	0	0	0	0	0	2	0	0	0	0	0	0	0	0	1	0	1	2	0	0	2	0	0	0	19	0	5	0	0
otu.19934	1	0	0	0	0	0	0	1	0	0	3	0	0	0	0	0	0	0	0	0	0	0	0	0	1	0	0	0	0	0
otu.19961	0	0	0	1	0	0	0	0	4	0	0	0	0	0	0	0	1	0	8	1	0	1	0	1	0	0	1	0	0	0
otu.20015	0	0	0	1	0	0	0	0	0	0	0	0	0	0	0	10	17	0	1	4	0	0	0	0	0	0	2	0	0	3
otu.20026	0	8	5	0	166	0	0	4	0	2	10	3	0	25	2	1	0	0	0	0	0	0	0	0	1	0	0	0	0	0
otu.20034	2	0	5	0	15	0	0	3	8	2	8	0	0	1	1	0	2	0	0	0	1	0	0	1	0	0	0	1	0	2
otu.20069	0	0	0	0	0	0	0	0	0	0	4	0	0	0	0	8	0	0	1	0	0	0	0	0	0	2	2	0	0	0
otu.20092	0	0	1	1	0	0	0	0	0	0	2	0	1	0	0	0	1	0	0	0	0	0	1	0	0	0	0	0	0	2
otu.20112	0	0	0	0	0	0	0	0	0	0	3	0	0	0	0	1	0	0	1	0	0	0	0	2	0	1	0	5	0	0
otu.20139	7	1	0	0	0	0	0	0	0	0	0	0	0	1	5	0	1	0	0	0	0	0	0	0	0	0	0	0	0	0
otu.20182	0	0	0	0	0	0	0	0	1	0	0	0	0	2	0	6	2	2	5	2	3	0	0	0	0	1	0	1	10	6
otu.20201	0	2	0	0	0	0	0	0	0	1	4	0	0	1	1	0	0	0	0	0	0	0	0	0	0	0	0	0	0	0
otu.20313	0	0	0	0	0	0	0	0	4	0	0	0	0	0	0	1	0	0	0	0	4	0	0	0	0	4	1	0	0	0
otu.20340	0	0	0	5	1	0	1	0	8	0	15	7	2	2	1	29	14	0	0	49	0	0	0	0	4	2	0	1	2	20
otu.20343	0	0	0	0	0	0	0	0	0	0	2	2	0	0	2	3	2	3	6	0	6	0	0	2	2	3	6	0	0	10
otu.20411	0	0	0	0	3	0	0	3	0	0	1	0	0	2	0	0	0	0	0	0	0	0	0	0	0	0	0	0	0	0
otu.20472	0	0	3	0	0	0	0	0	0	2	0	3	1	0	0	0	0	0	0	0	0	0	0	0	0	0	0	0	0	0
otu.20512	1	0	0	0	0	0	0	0	0	0	2	1	0	0	0	2	0	0	0	0	0	0	0	0	1	0	0	0	0	1
otu.20516	0	0	0	0	0	0	0	0	0	0	0	0	0	0	0	0	0	4	1	0	0	0	0	0	0	2	1	0	0	1
otu.20533	0	0	0	0	0	0	0	0	0	0	0	0	0	0	0	1	0	0	2	0	0	0	0	1	0	0	2	2	2	0
otu.20560	0	0	1	3	0	0	0	0	1	0	1	0	0	6	0	1	0	0	0	0	1	0	3	0	2	0	0	0	0	5
otu.20605	2	1	0	0	0	1	0	2	0	0	4	0	0	0	0	0	0	0	0	0	0	0	0	0	0	0	0	0	0	0
otu.20619	0	0	0	3	0	0	2	1	0	0	0	0	0	0	1	0	1	0	0	1	3	0	0	1	0	0	0	5	0	0
otu.20641	0	0	0	0	0	0	0	0	0	0	1	0	0	0	0	1	0	1	0	0	0	0	0	1	0	0	1	0	1	1
otu.20789	1	0	0	0	0	0	0	0	1	0	5	0	0	0	0	0	0	0	0	0	0	0	0	0	1	0	0	0	0	0
otu.20832	1	0	0	1	1	0	1	0	1	0	1	0	0	1	0	0	0	0	0	0	0	0	0	0	0	0	0	0	0	0
otu.20852	0	0	0	1	0	0	0	2	1	0	2	0	0	0	0	0	0	0	0	0	0	0	1	0	0	0	0	2	0	0
otu.20862	0	0	0	0	0	0	0	0	0	0	8	0	0	0	0	21	4	0	4	0	1	4	0	2	0	20	1	1	0	0
otu.20906	0	0	0	0	0	0	0	0	0	0	2	0	0	0	2	48	37	0	1	8	0	7	0	0	0	13	8	0	1	10
otu.20907	0	1	6	0	59	2	1	13	4	3	0	1	0	23	3	1	0	0	0	0	0	0	0	0	0	0	0	0	0	0
otu.20945	1	0	0	0	8	5	0	7	2	1	2	1	0	0	3	0	0	0	0	0	0	0	0	0	0	0	0	0	0	1
otu.20954	0	0	0	1	0	0	0	0	0	0	0	0	1	0	0	1	0	0	0	0	0	0	0	0	0	0	1	0	0	0
otu.20973	0	0	0	0	0	0	0	0	0	0	4	0	0	0	0	6	0	0	0	0	1	0	0	0	0	1	0	0	0	0
otu.20977	0	0	1	0	0	0	0	1	1	0	14	0	0	0	7	29	4	1	3	0	11	0	0	2	0	5	2	4	2	0
otu.20999	0	0	0	1	0	0	0	0	0	0	1	0	0	1	0	0	0	1	0	0	0	0	0	0	0	0	0	0	0	0
otu.21023	1	0	0	0	0	0	0	0	0	0	0	0	0	0	0	4	23	3	1	8	0	4	7	20	0	0	2	3	6	30
otu.21042	0	0	0	0	0	0	0	0	0	0	0	0	0	0	0	2	0	1	0	5	1	4	0	5	0	4	14	1	0	0
otu.21045	0	0	0	2	0	0	0	1	0	1	0	0	0	0	0	0	1	0	0	0	0	0	0	0	0	0	0	0	0	0
otu.21067	0	0	0	12	0	0	0	0	0	0	0	2	0	0	0	27	0	0	0	8	3	0	0	7	7	3	0	3	33	50
otu.21101	0	0	0	0	0	0	0	0	0	0	0	0	0	0	0	1	7	4	0	139	0	0	0	0	0	1	0	0	4	0
otu.21121	1	0	0	0	0	1	0	0	0	0	0	0	0	0	1	0	0	0	0	0	0	0	0	0	1	0	1	0	0	0
otu.21138	0	0	1	0	0	0	1	0	0	1	0	2	6	3	0	0	0	0	0	0	0	0	0	0	0	0	0	0	0	0
otu.21191	0	0	0	0	0	0	0	0	0	0	0	0	0	0	0	6	3	0	0	0	2	0	1	0	0	8	0	0	0	3
otu.21207	0	1	0	0	2	0	0	0	0	0	1	1	0	1	0	0	0	0	0	0	0	0	0	0	0	0	0	0	0	0
otu.21271	0	0	0	0	1	0	0	0	0	0	0	0	0	0	0	1	4	0	1	3	0	0	0	0	0	1	0	2	0	0
otu.21345	0	0	0	0	0	0	0	0	0	0	0	0	0	0	1	0	0	2	1	0	0	0	0	0	0	3	0	0	0	1
otu.21385	0	0	0	0	0	0	0	0	0	0	0	0	0	0	0	6	1	9	1	1	0	9	1	0	1	1	2	0	0	30
otu.21395	1	0	0	0	0	0	1	0	0	0	2	1	0	0	0	0	0	1	1	0	0	0	1	0	0	0	0	0	0	0
otu.21398	0	0	0	0	3	0	0	5	0	1	1	0	0	2	0	0	0	0	0	0	0	0	0	0	0	0	0	0	0	0
otu.21404	0	0	0	0	0	0	1	0	2	0	1	0	3	0	0	0	0	0	0	0	1	0	0	0	0	0	0	1	1	0
otu.21417	0	0	0	0	0	0	0	0	3	0	1	0	0	0	0	2	2	0	2	0	0	0	0	2	0	5	5	0	0	2
otu.21418	0	0	0	0	0	1	0	0	0	0	0	1	0	0	0	1	0	0	0	0	0	0	0	0	0	0	0	0	1	0
otu.21458	0	0	0	0	0	0	0	0	2	0	0	0	0	0	0	0	0	0	4	1	0	1	0	0	0	0	1	0	0	0
otu.21479	0	0	0	0	0	0	0	0	0	0	0	0	1	0	0	0	0	0	2	0	0	1	0	1	0	0	0	0	0	0
otu.21494	0	1	4	0	13	3	2	3	1	0	3	2	0	4	1	0	0	0	0	0	0	1	0	0	0	0	0	0	0	1
otu.21496	0	0	0	0	0	0	0	15	0	0	0	0	0	0	0	0	0	0	0	0	0	0	0	0	0	1	1	2	0	0
otu.21529	0	1	0	0	0	3	0	1	0	0	1	0	0	0	5	0	0	3	0	0	1	0	0	0	0	0	2	0	0	0
otu.21549	24	2	0	1	0	0	0	0	0	0	0	1	1	0	1	0	2	0	1	0	0	0	0	8	0	2	0	2	0	0
otu.21588	0	0	0	0	0	2	2	0	0	0	0	0	0	0	0	0	0	0	1	0	0	0	0	1	0	0	0	0	0	0
otu.21611	0	0	2	0	0	0	0	0	3	0	1	0	0	0	0	0	0	0	0	0	0	0	0	0	1	0	0	0	0	0
otu.21618	0	0	0	0	0	0	0	0	0	0	0	0	0	0	0	0	0	0	1	0	0	0	2	1	0	1	0	0	0	0
otu.21667	0	0	0	7	0	0	0	0	3	0	2	0	0	1	0	2	2	3	1	1	6	0	3	0	5	1	0	1	14	3
otu.21704	0	0	0	0	0	0	0	0	0	0	0	0	0	0	0	0	0	0	1	0	0	1	0	0	0	0	3	3	0	0
otu.21711	0	0	0	1	0	0	0	0	0	0	0	0	0	0	0	0	0	0	0	0	0	0	0	0	0	2	1	0	7	2
otu.21735	1	4	0	0	1	4	0	4	0	0	8	1	0	3	0	0	0	0	0	0	0	0	0	0	0	0	0	0	0	0
otu.21745	0	0	0	0	0	0	0	0	0	0	0	0	0	0	0	3	0	0	1	0	0	0	0	1	0	0	0	0	0	2
otu.21779	0	0	0	0	0	0	0	0	0	0	1	2	0	0	1	31	34	11	15	30	2	17	0	14	9	20	9	28	0	13
otu.21781	0	0	0	0	0	0	0	0	0	0	2	0	0	0	0	4	1	0	1	4	0	0	0	2	0	1	1	0	0	0
otu.21801	4	0	0	0	0	3	0	1	0	0	3	0	0	1	0	0	0	0	0	0	0	0	0	0	0	0	0	0	0	0
otu.21805	0	0	2	0	0	1	0	0	0	0	1	0	0	0	0	1	0	0	0	0	0	0	0	0	0	0	0	0	0	0
otu.21810	0	0	0	0	0	0	0	0	0	0	2	0	0	0	0	1	1	0	1	0	0	0	0	0	0	1	0	0	0	0
otu.21861	0	0	0	0	0	0	0	0	0	0	0	0	0	0	0	6	0	0	1	0	0	1	0	0	0	0	4	1	1	0
otu.21864	0	0	0	1	0	0	0	1	0	1	0	0	2	0	1	0	0	0	0	0	0	0	0	0	0	0	0	0	0	0
otu.21944	0	0	0	0	0	7	0	1	1	0	12	2	0	1	5	22	1	0	3	1	1	0	0	1	0	0	7	1	0	1
otu.21952	0	1	0	0	0	1	0	0	0	0	0	0	0	0	0	1	0	0	0	0	0	1	0	0	1	0	0	0	0	0
otu.21960	0	0	0	1	0	0	0	0	2	0	37	0	0	0	3	61	2	0	9	3	3	0	0	0	0	7	0	2	0	1
otu.21969	0	0	0	0	0	0	0	0	0	0	0	0	0	0	0	1	1	1	0	1	0	1	0	0	0	0	0	10	1	2
otu.21994	0	1	0	0	0	0	0	0	0	0	0	0	0	0	0	0	0	0	0	1	1	0	0	0	0	3	0	0	0	0
otu.22041	0	0	0	0	0	0	0	0	0	0	0	0	0	0	0	5	0	4	18	0	1	0	1	0	0	3	0	0	0	0
otu.22064	1	10	2	0	11	17	1	48	0	0	172	5	0	22	2	3	0	0	0	0	0	0	0	0	0	0	1	0	0	0
otu.22100	0	0	1	0	0	0	0	0	0	1	0	0	0	0	0	0	0	0	0	2	0	0	1	0	2	0	0	0	0	4
otu.22139	0	0	0	3	0	0	0	0	0	0	1	0	0	1	0	0	0	0	0	0	4	0	0	0	0	0	0	0	13	6
otu.22150	0	1	2	0	1	1	1	0	0	0	12	0	0	0	0	15	0	0	1	27	0	0	0	1	9	0	0	0	1	18
otu.22177	0	0	0	0	0	0	0	0	8	0	1	0	1	0	0	12	8	0	7	18	0	0	0	1	366	12	4	14	28	4
otu.22189	0	0	0	0	0	0	0	0	0	0	0	0	0	0	0	2	1	14	7	0	1	0	0	0	0	0	0	0	0	0
otu.22227	0	0	0	0	0	0	0	0	0	0	0	0	0	0	0	11	0	0	12	0	0	2	0	1	0	2	0	1	0	3
otu.22231	0	0	0	0	1	0	0	2	2	1	0	0	0	0	0	0	0	0	0	0	0	0	0	0	0	0	0	3	0	1
otu.22243	0	0	0	0	0	0	0	0	0	0	0	0	0	0	0	1	3	17	2	4	1	8	30	0	0	0	1	0	0	0
otu.22262	0	0	0	0	0	0	0	0	2	0	1	0	0	0	0	9	4	2	3	1	3	0	0	0	1	0	0	0	8	5
otu.22355	1	0	0	0	0	0	0	1	0	0	3	0	0	4	0	0	0	0	0	0	0	0	0	0	0	0	0	0	0	0
otu.22374	1	0	0	0	0	1	0	0	0	0	3	0	1	0	0	0	0	0	0	0	0	0	0	0	0	0	0	0	0	0
otu.22379	0	0	0	0	0	0	0	0	0	0	1	0	0	0	2	34	11	4	3	31	1	25	0	6	0	2	3	2	1	6
otu.22448	0	0	4	0	0	0	0	0	0	0	1	0	0	0	0	3	1	0	1	3	1	0	0	0	0	0	0	0	0	0
otu.22464	0	0	0	0	0	0	0	0	0	0	1	1	0	0	3	5	3	0	0	0	1	3	0	0	0	5	6	2	1	2
otu.22481	0	0	0	0	1	0	1	0	0	0	0	0	1	1	1	0	0	0	0	0	0	0	0	0	0	0	0	0	0	0
otu.22505	0	0	1	0	0	0	2	0	0	0	0	1	0	1	0	0	0	0	0	0	0	0	0	0	0	0	0	0	0	0
otu.22506	0	0	0	0	0	0	0	0	1	0	1	0	0	0	0	1	0	0	2	0	0	0	0	1	0	0	3	0	0	2
otu.22517	0	0	0	0	0	0	0	0	0	0	0	0	0	0	0	0	0	0	0	2	0	1	1	0	0	1	2	1	0	0
otu.22519	0	0	0	0	0	0	0	0	1	0	0	0	0	0	0	3	1	1	4	3	0	1	1	0	1	0	0	0	1	2
otu.22527	1	0	0	0	0	0	0	0	0	1	4	0	0	0	0	0	0	0	0	0	1	0	0	0	0	2	0	0	0	1
otu.22541	0	0	0	0	0	0	0	0	0	19	0	3	1	0	0	0	0	0	1	0	0	0	0	0	0	0	0	0	0	0
otu.22547	0	0	0	0	0	0	0	0	0	0	0	0	0	0	0	4	0	0	0	0	1	0	0	0	0	0	1	1	0	0
otu.22557	0	1	0	0	0	0	0	0	1	0	1	0	1	0	1	0	0	0	0	0	1	0	0	0	0	0	0	1	0	0
otu.22579	0	0	0	0	0	1	0	0	0	0	2	1	0	0	0	0	0	0	1	0	0	0	0	0	0	0	0	1	0	0
otu.22658	3	65	8	0	11	0	0	0	0	0	0	0	0	0	4	0	0	0	0	0	0	0	0	0	0	0	0	0	0	0
otu.22676	0	0	1	2	0	0	0	4	1	0	6	1	2	0	0	0	0	0	1	0	0	0	0	0	0	0	0	1	0	1
otu.22689	0	0	0	2	0	0	2	0	0	0	0	0	0	0	1	0	0	0	0	0	0	0	0	0	1	0	1	0	0	0
otu.22710	0	0	0	0	0	2	4	0	0	0	0	0	0	0	0	6	2	0	2	1	0	0	0	0	0	3	0	0	0	0
otu.22746	0	0	0	0	0	0	0	0	0	0	0	0	0	0	0	1	0	0	5	0	0	0	0	0	0	0	0	1	0	1
otu.22752	0	0	0	1	0	0	0	0	2	0	0	1	0	0	0	9	4	1	2	6	2	0	0	0	185	36	3	16	9	4
otu.22762	0	0	0	0	0	0	0	0	0	0	2	1	0	0	0	1	0	0	0	0	0	0	0	0	1	0	0	2	0	0
otu.22791	1	6	8	0	18	6	5	5	9	1	21	14	3	29	4	0	0	0	0	0	0	0	0	0	1	0	1	0	0	0
otu.22800	0	0	0	0	0	0	0	0	0	0	0	0	0	0	0	1	0	0	0	1	0	0	0	0	0	1	0	2	0	0
otu.22821	0	0	0	0	0	0	0	0	0	0	2	0	0	0	0	4	3	2	4	0	1	1	3	1	0	1	1	0	3	1
otu.22875	0	1	0	0	0	1	0	0	0	0	5	0	0	0	0	0	0	0	1	0	0	0	0	0	0	0	0	0	0	1
otu.22890	0	0	0	0	0	0	0	0	0	0	4	0	0	1	0	0	1	0	0	1	0	0	0	0	0	0	3	0	0	0
otu.22892	1	0	3	0	0	0	0	0	0	6	1	0	0	0	0	0	0	0	0	0	0	0	0	0	0	0	0	0	0	0
otu.22896	0	0	0	0	0	0	0	0	0	0	0	0	0	0	0	0	0	1	3	1	0	1	0	0	0	0	2	0	0	0
otu.22897	1	0	0	0	1	0	0	1	0	3	0	0	0	0	0	0	0	0	0	0	0	0	0	0	0	0	0	0	0	0
otu.22929	0	0	0	0	0	0	0	0	0	0	0	0	0	0	1	1	0	0	6	0	0	0	0	11	0	0	0	0	0	0
otu.22947	0	0	0	0	0	0	0	0	0	0	0	0	0	0	0	16	1	1	0	0	0	0	0	0	0	0	0	0	1	0
otu.22954	0	0	0	0	0	0	0	0	0	0	0	0	0	0	0	1	1	1	6	0	1	2	0	0	0	2	8	4	1	0
otu.22955	0	0	0	0	0	0	0	0	0	0	0	0	0	0	0	0	3	4	13	0	1	0	0	0	0	0	0	0	0	0
otu.22966	0	0	0	0	1	0	0	0	0	0	3	0	0	0	0	1	0	0	0	0	0	0	0	0	1	0	0	0	0	0
otu.23012	1	0	3	7	1	0	0	2	8	0	17	2	1	0	0	4	1	0	4	2	0	0	0	0	3	0	2	0	0	2
otu.23029	0	0	0	13	0	0	1	0	0	0	0	0	0	0	0	0	0	0	0	0	0	0	0	0	0	0	1	1	1	1
otu.23046	0	0	0	0	0	0	0	0	0	0	0	0	0	0	0	2	4	0	0	0	0	0	0	1	0	14	0	0	0	0
otu.23129	0	0	0	2	0	0	0	0	2	0	0	8	0	0	0	0	0	0	0	8	5	0	0	0	3	0	0	0	0	8
otu.23155	0	0	1	0	0	0	0	0	2	0	5	0	0	1	0	0	0	0	0	0	0	0	0	0	0	0	0	0	0	0
otu.23183	0	0	0	0	0	0	0	0	3	0	26	0	0	0	0	43	0	1	5	15	3	1	0	3	0	2	2	1	0	3
otu.23194	0	0	0	0	0	0	0	0	0	0	0	0	0	0	0	6	0	1	2	0	0	0	0	0	0	0	1	0	1	0
otu.23233	0	0	0	0	0	2	0	2	0	0	3	0	0	1	0	1	0	0	0	0	0	0	0	0	0	0	0	0	0	0
otu.23265	0	0	0	1	0	0	0	0	0	0	0	0	0	0	0	16	2	2	7	0	2	0	0	0	0	0	2	1	3	0
otu.23288	0	0	0	0	0	0	0	0	0	0	0	1	0	0	2	20	24	0	9	1	3	3	0	18	3	2	16	19	1	13
otu.23293	0	0	0	0	0	0	0	0	0	0	0	0	0	0	0	3	0	1	0	0	0	1	0	0	0	0	3	0	0	0
otu.23354	0	0	0	0	0	0	0	0	0	0	1	0	0	0	0	2	0	1	1	0	0	0	0	0	0	0	0	0	0	0
otu.23358	3	0	1	0	0	0	0	0	5	1	0	0	0	0	0	0	0	0	0	0	0	0	0	0	0	0	0	0	0	0
otu.23372	4	2	0	0	0	1	0	3	0	1	0	0	0	0	0	0	0	0	0	0	0	0	0	2	0	0	0	0	0	1
otu.23375	0	0	1	0	0	0	0	0	0	0	5	0	0	0	0	0	2	0	1	0	0	0	0	0	0	1	1	0	0	0
otu.23409	0	0	0	0	1	3	11	0	1	0	0	23	0	1	0	0	0	0	0	0	0	0	0	0	0	0	0	0	0	0
otu.23419	2	6	0	0	0	0	0	0	0	0	1	0	0	1	4	0	0	0	0	0	0	0	0	0	0	0	0	0	0	0
otu.23439	0	0	0	1	0	1	0	0	1	1	37	0	0	0	11	35	3	0	13	0	21	0	0	6	0	17	6	12	0	0
otu.23441	0	0	0	0	0	0	0	0	0	0	9	0	0	0	0	25	1	0	5	3	1	0	0	2	0	4	2	1	0	2
otu.23463	0	0	0	0	0	0	0	0	0	0	0	0	0	0	0	0	0	3	6	0	1	0	0	0	0	7	0	2	0	0
otu.23485	0	0	0	0	0	1	0	4	62	1	27	0	0	0	0	0	3	0	9	1	2	0	0	0	0	2	0	2	0	0
otu.23488	3	0	0	0	14	1	0	1	0	7	2	0	0	0	3	0	0	0	0	0	0	0	0	0	0	0	0	0	0	0
otu.23510	0	0	0	0	0	0	0	0	1	0	4	0	0	0	0	21	1	0	0	1	1	0	0	0	0	0	2	0	0	0
otu.23511	0	0	0	0	0	0	0	0	0	0	0	0	0	0	0	0	0	1	0	1	0	0	0	1	0	1	1	0	0	0
otu.23513	0	0	0	0	0	0	0	0	0	0	0	0	0	0	0	1	0	1	1	0	1	0	0	0	0	1	1	0	1	0
otu.23520	1	1	0	0	16	0	1	0	1	0	7	0	0	12	1	5	0	0	0	0	0	0	0	0	0	0	0	0	0	0
otu.23522	0	0	0	0	0	1	0	1	1	0	1	1	0	0	0	0	0	0	0	0	0	0	0	0	0	0	0	0	0	1
otu.23528	0	0	0	1	0	0	0	0	0	0	0	4	0	0	0	12	2	0	0	5	1	1	0	2	19	1	0	0	6	47
otu.23547	0	0	0	0	0	0	0	0	2	0	0	0	0	0	0	0	0	0	0	0	2	0	0	1	0	2	0	1	0	0
otu.23551	0	0	0	0	0	0	0	0	0	0	0	0	0	0	0	0	0	0	0	0	0	1	0	2	0	0	0	2	0	29
otu.23564	30	10	0	0	0	1	0	3	1	2	0	2	0	0	11	0	2	1	0	1	7	0	0	5	1	6	0	0	0	2
otu.23577	0	0	0	0	0	0	0	0	0	0	106	0	0	1	0	2	10	0	5	4	0	0	0	0	0	0	0	0	0	0
otu.23584	0	0	0	0	0	0	0	5	0	0	0	0	1	0	1	0	0	0	0	0	0	0	0	1	0	0	0	4	0	0
otu.23591	0	0	0	0	0	0	0	0	3	0	0	0	0	0	0	0	0	0	3	0	0	0	0	2	0	7	0	0	0	0
otu.23614	0	0	0	0	0	0	0	0	0	0	0	0	0	0	0	0	0	0	0	0	0	0	1	0	0	4	3	0	0	1
otu.23618	1	0	0	0	0	0	0	0	0	1	1	0	1	0	0	0	0	0	0	0	0	0	0	0	0	0	0	0	0	0
otu.23629	0	0	0	0	0	0	0	0	1	0	8	0	0	0	0	0	0	0	1	0	0	0	0	0	0	0	1	1	0	0
otu.23673	2	1	0	0	0	0	0	0	0	0	1	0	0	0	0	0	0	0	0	0	0	0	0	0	1	0	0	0	0	0
otu.23684	0	0	0	0	0	0	0	0	0	0	0	0	0	0	0	1	0	0	0	1	0	0	0	1	0	0	0	2	0	0
otu.23694	0	0	0	0	0	0	0	0	0	0	0	0	0	0	0	10	1	0	2	5	0	0	0	2	0	0	2	0	0	1
otu.23714	0	0	0	0	0	0	0	0	0	0	0	0	0	0	0	0	3	0	3	0	2	1	0	0	0	0	2	0	0	1
otu.23727	0	0	0	0	0	0	0	0	1	0	2	0	0	0	0	4	0	0	1	0	0	0	0	2	0	0	0	0	0	1
otu.23735	0	0	0	0	0	0	0	0	0	0	0	0	0	0	2	2	1	0	0	0	0	0	0	0	0	0	0	3	0	0
otu.23740	0	0	0	0	0	0	0	1	0	0	1	0	1	0	0	1	0	0	0	0	0	0	0	0	0	0	0	0	0	0
otu.23742	0	0	0	8	0	0	0	1	2	0	1	2	5	1	2	1	0	0	2	2	5	1	1	0	9	0	0	9	5	10
otu.23756	0	0	0	0	0	0	0	0	2	1	40	0	0	0	0	0	2	0	0	0	0	0	0	0	0	0	0	0	0	0
otu.23785	0	0	0	6	0	0	0	0	2	0	1	0	0	0	0	3	3	0	4	2	0	0	1	0	1	3	0	0	4	6
otu.23807	0	2	0	0	0	4	0	4	0	0	3	3	0	2	0	1	0	0	0	0	0	0	0	0	0	0	0	0	0	0
otu.23835	0	0	0	0	0	0	0	0	0	0	0	0	0	0	0	1	1	0	0	0	0	0	0	2	0	0	1	0	0	3
otu.23844	0	0	0	2	0	0	0	0	0	1	0	0	0	0	0	0	0	0	0	0	0	0	0	0	0	0	4	0	2	0
otu.23863	0	0	0	1	0	0	0	0	0	0	0	0	0	0	0	0	0	0	2	0	3	0	1	0	0	12	2	2	0	1
otu.23959	0	0	0	1	0	0	0	0	0	0	0	1	1	0	0	1	0	2	0	0	0	0	0	0	0	0	0	0	2	1
otu.23970	0	0	0	0	2	0	0	1	8	1	30	0	0	0	0	3	0	0	0	0	0	0	0	0	0	0	0	0	1	2
otu.23971	0	0	0	0	0	0	0	0	0	1	1	0	2	1	1	1	0	0	0	0	0	0	0	0	0	0	0	0	0	0
otu.23997	2	1	0	0	0	0	0	0	0	0	0	0	0	0	4	0	0	0	0	0	3	0	0	1	0	0	0	0	0	0
otu.24002	2	6	6	0	0	0	0	1	3	2	5	0	0	1	0	0	0	0	0	0	0	0	0	0	1	0	0	0	0	0
otu.24012	0	0	0	0	0	0	0	0	0	0	0	0	0	0	0	1	0	0	2	0	0	0	0	0	0	1	1	0	0	0
otu.24017	6	2	1	0	0	0	0	0	0	0	1	0	0	0	0	0	0	0	0	0	0	0	0	0	0	0	0	0	0	0
otu.24087	0	0	0	0	0	0	0	0	0	0	0	0	0	0	0	1	0	4	0	0	0	0	0	0	0	0	0	5	1	0
otu.24108	1	0	0	0	0	0	0	0	2	0	1	0	0	0	0	0	1	0	0	0	0	0	0	0	1	0	0	0	1	0
otu.24114	0	2	1	0	1	2	2	1	1	0	6	6	0	2	1	1	0	0	0	0	0	0	0	0	0	0	0	0	0	0
otu.24133	0	0	0	1	0	0	0	0	0	0	0	0	0	0	1	24	12	3	1	7	0	4	1	0	1	5	2	0	1	6
otu.24143	0	0	0	1	0	0	0	0	0	0	0	4	0	0	1	0	0	0	0	0	1	0	0	0	1	0	1	1	1	0
otu.24158	0	0	0	0	0	1	17	0	1	0	0	0	0	0	0	1	0	0	7	0	3	0	0	0	3	0	0	0	1	1
otu.24198	0	0	1	1	0	0	0	0	0	0	6	0	8	0	6	5	2	0	1	0	2	0	0	0	0	4	0	0	0	0
otu.24225	0	0	0	1	0	0	0	1	1	0	0	0	1	0	0	0	0	6	0	0	0	0	0	0	0	0	1	0	0	0
otu.24250	0	0	0	0	0	0	0	0	0	0	0	0	0	0	0	0	0	0	1	0	0	0	1	0	0	1	5	1	0	0
otu.24257	0	0	0	1	0	0	0	0	0	0	0	0	0	0	0	0	0	1	3	0	0	0	0	0	0	0	2	0	0	0
otu.24261	0	0	1	0	0	0	1	0	0	0	2	1	0	1	0	0	0	0	1	0	0	0	0	0	1	0	0	0	0	1
otu.24295	0	0	1	0	0	0	0	0	0	0	0	0	2	0	0	0	2	0	0	0	0	0	0	1	4	0	0	0	0	1
otu.24309	0	0	0	0	0	0	0	0	0	0	1	0	0	0	0	1	0	0	1	5	0	0	0	0	0	0	0	0	0	1
otu.24318	14	1	0	0	0	0	0	1	0	0	0	0	0	0	0	0	0	0	0	0	0	0	0	1	0	0	0	1	0	0
otu.24332	0	0	0	0	0	0	0	0	0	0	0	0	1	0	0	0	1	0	0	0	1	1	0	0	1	0	2	0	0	5
otu.24387	0	0	0	0	0	0	0	0	0	0	0	0	0	0	0	1	0	1	0	0	0	0	0	0	0	0	0	1	3	0
otu.24400	0	0	0	0	0	0	0	0	0	0	0	0	0	0	0	0	0	1	1	0	0	0	0	0	0	0	1	0	0	1
otu.24404	0	2	0	0	0	0	1	0	6	0	0	0	141	0	1	0	0	0	0	0	0	0	0	0	0	0	0	0	0	0
otu.24430	1	0	1	0	5	0	0	0	2	1	2	0	0	0	0	4	1	0	0	0	0	0	0	0	0	0	0	0	0	1
otu.24457	0	0	0	6	0	1	0	0	0	0	1	0	0	0	0	14	0	1	6	2	3	0	1	0	1	0	0	0	2	2
otu.24471	0	0	0	1	0	0	0	0	0	0	0	0	0	0	0	0	1	0	1	0	0	0	0	0	0	0	0	5	0	1
otu.24477	0	0	0	0	0	0	0	1	0	0	2	0	0	0	0	9	0	0	0	0	1	0	0	0	0	0	0	0	1	0
otu.24481	0	0	0	0	0	0	0	0	0	0	0	0	0	0	0	2	0	0	3	0	0	1	0	0	0	0	0	0	2	0
otu.24489	0	0	0	0	0	0	0	0	0	0	0	0	0	0	0	0	0	1	0	2	0	0	1	6	0	0	0	1	0	0
otu.24490	0	0	0	0	0	0	0	0	0	0	2	0	0	0	0	2	1	0	1	1	0	0	0	0	0	0	7	0	0	0
otu.24505	27	2	0	0	0	1	0	1	0	0	0	0	0	0	1	0	0	0	0	0	0	0	0	7	0	0	0	1	0	0
otu.24519	1	3	0	0	0	2	0	0	0	0	3	0	0	6	0	1	0	0	0	0	0	0	0	0	0	0	0	0	0	0
otu.24525	0	2	2	0	0	0	0	0	0	0	10	0	0	0	0	0	0	0	0	0	0	0	0	0	1	0	0	0	0	0
otu.24543	0	0	0	0	0	0	0	0	0	0	0	1	0	0	0	1	0	0	0	0	0	0	0	0	2	0	0	0	0	5
otu.24575	0	0	0	0	0	0	0	0	1	0	3	0	0	0	1	3	0	0	1	0	0	0	0	0	0	0	0	0	0	0
otu.24611	0	0	0	0	0	0	0	0	0	0	0	1	0	0	0	0	1	0	4	0	0	0	0	1	0	0	0	0	0	0
otu.24665	0	0	0	9	0	0	0	0	0	0	0	2	0	0	1	2	3	0	1	13	0	0	0	1	9	4	0	4	8	7
otu.24684	0	0	0	0	0	0	0	0	0	0	0	0	0	0	0	1	0	0	0	0	0	0	0	1	0	0	0	0	1	6
otu.24711	0	0	0	0	0	0	0	0	0	0	0	1	0	0	0	1	0	0	0	0	0	1	0	0	0	6	0	0	0	0
otu.24728	0	0	0	1	0	0	1	0	2	0	16	1	1	0	1	9	56	2	0	8	0	0	1	0	2	0	0	1	1	23
otu.24731	0	0	0	0	0	0	1	0	0	0	0	0	0	0	1	0	0	0	0	0	0	1	0	0	0	0	0	0	0	1
otu.24732	0	0	0	0	0	0	0	0	0	0	1	0	0	0	0	0	1	0	1	0	0	0	0	0	0	0	0	1	0	0
otu.24740	0	0	0	1	0	0	0	0	0	0	0	0	0	0	0	4	0	0	0	0	0	0	1	1	0	0	0	0	0	0
otu.24754	0	0	0	0	0	0	2	0	0	0	0	0	0	0	0	8	1	3	1	6	0	11	1	10	0	2	0	0	12	13
otu.24788	0	0	0	0	0	0	0	0	0	0	0	0	0	0	0	1	0	4	0	1	0	1	1	0	0	1	0	0	0	0
otu.24813	0	0	0	1	0	1	0	0	1	0	0	0	0	1	0	0	2	0	0	1	0	0	0	0	1	0	0	0	0	2
otu.24846	0	0	0	0	0	0	0	0	0	0	0	0	0	0	0	1	0	2	0	1	0	4	0	5	0	0	0	0	0	0
otu.24860	0	0	0	0	0	0	0	1	0	0	12	4	0	3	0	1	0	0	0	0	0	0	0	0	0	0	0	0	0	0
otu.24931	0	0	0	0	0	0	0	0	0	0	0	0	0	0	1	2	1	2	0	0	0	0	0	0	0	0	0	0	0	0
otu.24963	0	0	0	46	0	0	0	0	2	0	0	0	0	0	3	0	1	0	0	0	5	0	0	0	0	1	0	1	0	0
otu.25002	0	0	0	0	0	0	0	0	0	0	0	0	0	0	0	0	34	0	1	0	14	0	1	0	0	0	0	0	0	0
otu.25091	0	2	0	0	4	0	0	1	0	0	1	0	0	1	3	0	1	0	0	1	0	0	0	2	0	0	0	0	0	0
otu.25101	0	0	0	2	0	0	0	0	0	0	0	0	0	0	0	161	1	0	54	0	5	0	0	4	0	0	9	2	62	0
otu.25112	0	0	0	0	0	0	0	0	0	0	0	0	0	0	0	1	0	0	0	2	0	2	0	0	0	0	1	0	0	0
otu.25128	0	0	0	0	0	0	0	0	0	0	9	1	0	0	0	3	0	1	0	0	0	0	0	0	0	0	0	0	0	0
otu.25153	5	0	0	0	0	0	0	0	0	0	1	0	0	0	0	0	0	1	0	0	0	1	0	3	1	0	0	0	0	0
otu.25180	1	0	0	0	0	1	1	0	0	0	10	2	0	0	0	1	1	2	0	0	0	0	4	0	0	0	0	0	0	0
otu.25211	0	0	0	0	0	0	0	0	0	0	0	0	0	0	0	6	2	1	0	2	0	1	1	1	0	1	0	0	3	5
otu.25215	0	0	1	1	0	2	0	0	2	0	0	1	1	0	0	1	0	0	0	0	0	0	0	0	0	0	0	0	0	0
otu.25236	0	0	0	0	0	0	0	0	0	0	1	0	0	0	0	4	0	1	1	0	0	0	0	0	0	0	0	0	0	0
otu.25240	0	0	0	0	0	0	0	0	0	0	0	0	0	0	0	0	1	0	0	0	1	0	0	1	0	1	0	0	0	0
otu.25248	0	0	0	0	1	1	0	0	0	0	1	0	0	0	6	69	75	1	1	14	25	2	0	4	0	6	1	0	2	5
otu.25274	0	0	0	1	0	0	1	0	0	0	1	0	13	0	0	0	0	0	0	0	0	1	0	0	0	1	0	0	0	0
otu.25291	0	1	2	0	0	0	0	0	0	0	2	0	0	10	0	0	0	0	0	0	0	0	0	0	0	0	0	0	0	0
otu.25304	1	0	0	0	0	2	1	0	0	0	0	1	0	1	0	0	0	0	0	0	0	0	0	0	0	0	0	0	0	0
otu.25323	0	0	0	0	0	0	0	0	0	0	0	0	1	0	0	1	0	0	2	0	0	0	0	1	0	0	0	0	0	1
otu.25349	0	0	0	0	0	0	0	0	0	0	0	0	0	0	0	0	13	0	5	0	0	0	0	0	0	1	2	0	0	0
otu.25353	0	0	0	0	20	1	0	4	0	1	0	0	0	0	0	0	0	0	0	0	0	0	0	0	0	0	0	0	0	0
otu.25370	0	3	0	0	25	0	0	4	0	0	4	0	0	19	4	1	1	0	0	2	2	1	0	0	0	0	0	0	0	2
otu.25391	0	0	0	0	0	0	0	0	0	0	1	0	0	0	0	0	0	0	4	0	1	0	0	0	0	0	33	0	0	0
otu.25399	0	0	0	0	4	2	0	2	0	0	2	0	0	1	0	2	0	0	0	0	0	0	0	0	0	0	0	0	0	0
otu.25414	0	0	1	0	0	0	0	0	0	0	3	2	0	0	2	7	16	2	4	0	0	3	0	0	0	0	1	0	1	4
otu.25433	0	0	0	0	0	0	0	0	0	0	8	0	0	0	0	8	0	0	17	0	0	0	0	2	0	9	6	0	0	0
otu.25458	0	0	0	0	23	2	3	0	0	0	4	1	0	8	2	3	0	0	0	0	0	0	0	0	0	0	0	0	0	0
otu.25489	0	0	9	1	1	0	0	0	0	19	3	0	0	0	0	0	0	0	0	0	0	0	0	0	2	0	0	0	0	0
otu.25556	0	6	7	0	32	9	1	8	0	12	107	0	0	27	10	1	0	0	0	1	0	0	0	0	0	0	0	0	0	0
otu.25565	0	0	0	1	0	0	0	0	0	0	0	0	1	0	2	4	0	1	0	0	0	0	0	1	0	1	0	0	0	0
otu.25580	0	0	0	1	0	0	0	0	0	0	0	0	0	0	0	0	0	2	0	0	1	0	0	0	10	28	0	0	0	0
otu.25635	0	0	0	0	0	0	0	0	1	0	15	0	0	0	0	0	1	0	1	0	0	0	0	0	0	0	0	0	0	0
otu.25649	0	1	0	0	2	0	0	0	0	1	3	0	0	0	0	0	0	0	0	0	0	0	0	0	0	0	0	0	0	0
otu.25678	0	0	0	0	0	0	0	0	0	0	0	0	0	0	1	1	2	0	0	1	0	1	0	0	0	1	0	0	0	0
otu.25746	0	0	1	0	0	0	0	1	3	0	4	0	2	0	0	0	0	0	0	0	0	1	0	0	2	0	0	0	0	1
otu.25756	0	0	0	1	0	0	0	0	0	0	0	0	2	0	1	0	0	0	1	1	1	0	0	0	1	0	0	0	1	4
otu.25776	0	0	1	0	10	1	0	0	0	0	0	0	0	9	0	1	0	0	0	0	0	0	0	0	0	0	0	0	0	0
otu.25780	0	3	0	0	1	4	0	2	0	1	3	6	0	10	0	2	7	0	0	0	0	0	0	0	0	0	0	0	0	0
otu.25798	1	2	8	0	8	0	0	1	0	1	25	0	0	14	0	4	0	0	0	0	0	0	0	0	0	0	0	0	0	0
otu.25809	4	8	3	0	126	12	1	9	1	20	10	0	0	106	3	0	0	0	0	4	0	0	0	0	0	0	0	0	0	0
otu.25839	0	0	0	0	0	0	0	0	0	0	0	1	0	0	0	3	3	3	15	2	0	0	0	1	0	1	0	0	0	0
otu.25844	0	0	0	0	0	0	0	0	0	0	0	0	0	0	0	0	3	1	2	1	0	0	0	0	0	0	0	0	0	0
otu.25849	0	0	0	0	1	0	0	0	0	0	2	0	0	2	0	2	0	0	0	0	0	0	0	0	0	0	0	0	0	0
otu.25853	0	0	0	0	0	0	0	0	0	0	0	0	0	1	0	0	0	0	0	0	1	0	0	2	0	0	0	0	1	7
otu.25905	0	0	0	0	0	0	0	0	0	0	0	0	0	0	12	1	1	0	0	1	0	0	0	0	4	0	0	1	1	1
otu.25935	0	0	0	0	0	0	0	0	0	0	0	0	0	0	0	0	1	1	0	0	0	2	0	4	0	0	0	0	0	0
otu.25939	0	0	0	0	0	0	0	0	0	0	0	0	0	0	0	1	5	0	3	3	0	0	0	0	0	0	0	11	0	0
otu.25942	0	0	0	0	0	0	0	0	0	0	2	0	0	0	0	2	0	0	1	0	0	2	0	0	0	0	0	0	0	0
otu.25955	0	0	0	0	0	0	0	0	0	0	0	0	0	0	0	6	0	0	1	0	1	0	0	1	0	3	0	0	0	0
otu.25996	0	0	0	0	0	0	1	0	0	0	8	2	0	0	1	10	5	2	6	4	2	7	0	1	1	6	1	3	2	0
otu.26000	1	1	0	0	0	1	0	1	0	0	2	0	0	1	0	0	0	0	0	0	0	0	0	0	0	0	0	0	0	0
otu.26034	0	0	0	1	0	0	0	0	0	0	4	3	0	0	0	0	0	0	1	0	0	0	0	0	0	0	0	0	0	0
otu.26041	0	1	3	0	0	0	0	0	0	0	1	0	0	2	0	0	0	0	0	0	0	0	0	0	1	0	0	0	0	0
otu.26066	0	0	0	3	0	0	0	0	0	0	6	0	0	0	2	78	17	1	3	1	9	6	0	4	7	21	27	0	6	39
otu.26068	1	0	0	0	0	0	0	1	0	0	1	0	1	1	1	0	0	0	0	0	0	0	0	0	0	1	0	1	0	0
otu.26101	0	1	2	0	1	0	0	0	0	0	1	0	0	0	0	0	0	0	0	0	0	0	0	0	1	0	0	0	0	0
otu.26102	0	17	0	0	0	2	0	1	0	0	15	0	0	0	0	0	0	0	0	0	0	0	0	0	0	0	0	0	0	0
otu.26154	0	0	0	0	0	0	1	0	0	0	1	0	0	0	0	0	0	0	0	0	0	0	0	0	0	0	0	0	1	1
otu.26180	0	0	0	0	0	0	0	0	1	0	0	0	0	0	0	4	0	0	1	2	0	0	0	0	5	9	0	29	2	3
otu.26219	0	2	1	0	0	2	0	1	0	0	17	1	0	4	0	9	11	0	0	0	0	0	0	0	0	0	0	0	0	0
otu.26237	0	0	0	0	0	0	0	0	0	0	0	6	0	0	0	1	1	3	0	0	1	2	0	0	0	0	0	0	0	0
otu.26258	0	0	0	0	0	0	0	0	0	0	1	0	0	0	0	0	4	0	2	0	0	0	0	0	1	0	0	0	0	0
otu.26261	0	0	0	0	0	0	0	0	0	0	0	0	0	0	0	0	0	0	0	0	0	1	0	1	0	5	0	1	0	0
otu.26267	0	0	0	0	0	0	1	0	0	1	1	0	3	0	0	0	0	0	0	0	0	0	1	0	0	0	0	0	0	0
otu.26356	0	0	0	0	0	0	0	0	0	0	0	0	0	0	0	2	2	2	1	0	0	0	0	0	0	0	0	0	14	0
otu.26385	0	0	0	0	0	0	0	0	0	0	12	1	0	0	1	7	3	5	2	2	10	1	0	3	0	5	0	0	1	0
otu.26387	0	0	0	0	0	0	0	0	0	0	0	0	0	0	0	3	0	2	5	2	0	0	0	0	0	0	0	1	0	0
otu.26391	0	0	0	3	0	0	0	0	0	0	0	0	0	0	25	1	3	0	1	0	28	0	0	0	0	2	0	0	1	0
otu.26394	0	1	1	0	0	0	0	0	0	0	0	0	0	0	0	0	0	4	0	0	0	0	0	0	1	0	0	0	0	0
otu.26397	0	0	0	0	0	0	0	0	0	0	0	0	0	0	0	2	0	0	0	1	0	1	0	0	0	0	0	0	1	0
otu.26445	0	0	0	5	0	0	0	0	0	0	0	0	3	1	0	1	3	0	1	1	0	1	0	0	0	0	0	2	2	13
otu.26446	1	0	0	0	0	0	0	0	1	0	1	0	0	0	0	0	0	0	0	0	0	0	0	0	1	0	0	0	0	0
otu.26562	0	0	0	1	0	1	0	0	0	0	2	0	0	1	0	0	0	0	0	0	0	0	0	0	2	0	0	0	0	0
otu.26564	0	0	0	0	0	0	0	0	0	0	0	1	0	0	0	0	1	0	0	1	0	0	0	0	1	0	0	0	0	0
otu.26573	1	0	0	1	0	1	0	0	0	0	0	0	0	1	0	0	0	0	0	0	0	0	0	0	0	0	0	0	0	0
otu.26584	158	70	1	1	0	1	0	1	5	13	1	7	1	5	36	0	11	3	1	0	48	0	1	25	0	15	0	0	0	2
otu.26594	2	3	1	0	0	0	0	0	0	0	0	0	0	0	0	0	0	1	0	0	0	0	0	1	0	0	1	0	0	0
otu.26596	0	0	0	0	0	0	1	0	0	1	0	1	1	0	0	0	0	0	0	0	0	0	0	0	0	0	0	0	0	0
otu.26621	0	3	0	0	7	0	0	0	0	0	9	0	0	5	0	1	2	0	0	0	0	0	0	0	0	0	0	0	0	0
otu.26627	1	0	0	0	0	0	0	0	0	1	0	1	0	0	0	0	0	0	0	0	0	0	0	1	0	0	0	0	0	0
otu.26643	0	0	0	0	0	0	0	0	1	0	2	0	1	0	0	0	0	0	0	0	0	0	0	0	1	0	0	1	0	1
otu.26644	0	0	0	0	0	0	0	0	1	0	5	0	0	0	1	0	0	0	1	0	0	0	0	0	2	0	0	0	0	0
otu.26665	1	0	0	0	0	0	0	0	0	0	1	0	0	1	0	0	0	0	1	0	0	0	0	0	0	0	0	0	1	0
otu.26675	0	0	0	1	0	0	0	0	0	0	0	1	0	0	4	0	0	0	1	1	0	0	0	0	0	0	0	2	2	0
otu.26690	0	2	0	0	3	0	0	1	0	0	26	1	0	3	0	2	0	0	0	0	0	0	0	0	0	0	0	0	0	0
otu.26708	0	0	0	0	0	0	0	0	0	0	0	1	1	0	1	0	0	1	0	0	0	0	0	0	0	0	0	0	0	0
otu.26719	0	0	0	3	0	0	0	0	0	0	1	0	0	0	1	0	0	0	2	4	2	0	0	0	3	0	0	10	3	3
otu.26724	0	0	0	0	0	0	0	0	0	0	1	0	0	0	0	0	1	1	1	0	0	0	0	0	1	0	0	0	0	0
otu.26733	0	0	1	0	0	0	0	0	0	0	0	0	0	0	0	7	0	2	4	0	0	0	0	0	0	1	0	0	0	0
otu.26740	0	0	0	0	0	0	0	1	0	0	0	0	1	0	0	0	1	0	0	0	0	0	0	0	1	0	0	3	0	1
otu.26741	0	0	0	0	0	0	0	6	0	0	0	0	0	0	0	0	11	0	2	0	2	0	0	0	0	2	2	0	0	0
otu.26760	0	0	0	0	0	0	0	0	0	0	3	0	0	0	2	11	0	0	1	0	0	1	0	1	0	0	8	1	0	0
otu.26772	0	0	0	0	0	1	6	0	0	0	0	10	4	0	2	0	0	0	0	0	0	0	0	0	2	0	0	0	0	0
otu.26787	1	1	0	0	0	0	0	0	0	4	0	0	1	0	5	0	0	0	1	0	0	0	0	0	0	0	0	0	0	1
otu.26803	0	0	0	0	0	0	0	0	0	0	0	0	0	0	1	0	0	0	2	0	0	2	0	1	0	0	1	0	1	0
otu.26809	0	1	0	0	0	0	0	0	0	0	0	1	0	1	1	0	0	0	0	0	1	0	0	0	0	0	0	0	0	0
otu.26814	0	0	0	7	0	0	0	0	1	0	0	1	0	0	0	6	1	1	1	1	0	1	0	1	3	0	0	0	4	3
otu.26827	0	0	0	0	0	0	0	0	0	0	0	0	0	0	0	0	1	7	2	1	0	0	3	0	0	0	0	0	0	0
otu.26837	0	0	0	0	0	0	0	0	1	1	12	0	0	0	0	0	0	0	2	0	0	0	0	0	0	0	0	0	0	0
otu.26843	0	0	0	0	0	1	0	0	0	0	0	0	0	0	0	0	2	1	0	0	0	0	1	0	0	0	0	0	0	0
otu.26849	0	0	0	0	0	0	0	0	2	0	0	0	0	0	0	1	1	0	2	3	0	0	0	0	13	1	1	5	6	3
otu.26853	1	0	0	0	1	11	0	0	0	0	16	0	0	0	0	0	0	0	0	0	0	0	0	0	0	0	0	0	0	0
otu.26859	7	1	0	0	0	1	0	0	0	1	0	0	0	0	0	0	0	0	0	0	0	1	0	4	0	0	0	0	0	0
otu.26874	0	0	0	1	0	0	0	0	0	0	3	1	1	0	0	0	0	1	0	0	0	0	0	0	1	0	0	0	0	0
otu.26879	0	0	0	1	0	0	0	0	2	0	1	1	0	0	0	0	0	1	0	0	0	0	0	0	1	0	0	0	0	0
otu.26884	0	1	5	10	0	0	0	0	2	0	1	0	3	1	0	0	1	0	0	0	0	0	2	0	5	0	0	1	0	3
otu.26895	0	4	0	0	6	0	0	0	0	2	6	0	0	0	0	0	0	0	0	0	0	0	0	0	0	0	0	0	0	0
otu.26914	0	0	0	0	0	0	0	0	0	0	0	0	0	0	0	14	0	0	0	0	1	0	0	0	0	0	0	0	1	4
otu.26983	2	0	0	0	0	0	0	1	0	0	3	1	0	0	0	0	0	0	0	0	0	0	0	2	0	0	0	1	0	0
otu.27004	0	0	0	1	0	0	0	0	0	0	1	0	0	0	1	4	0	1	1	2	0	0	1	0	1	0	0	0	5	3
otu.27005	0	0	0	1	0	0	0	0	0	0	0	0	0	0	0	0	0	0	0	0	1	0	0	0	0	0	0	0	2	1
otu.27006	1	0	0	3	0	1	1	0	1	0	0	1	28	0	9	2	3	0	0	1	0	0	0	0	0	0	0	4	0	0
otu.27008	0	0	0	0	0	0	0	0	0	0	1	0	0	0	1	3	0	0	0	0	0	0	0	0	0	0	1	0	0	0
otu.27018	0	0	0	1	0	1	0	0	0	0	0	0	1	0	0	0	0	0	0	0	1	0	0	0	0	0	0	0	0	0
otu.27024	1	0	0	0	0	0	0	1	0	0	0	1	0	0	0	0	0	0	0	0	0	0	0	0	0	0	0	1	0	0
otu.27035	0	0	0	4	2	4	1	0	1	1	1	0	0	0	0	0	0	0	0	0	0	1	1	0	0	0	0	0	0	0
otu.27044	0	0	0	0	0	0	0	5	1	0	1	0	0	0	0	0	0	0	0	0	1	1	0	0	0	0	5	0	0	0
otu.27048	0	0	0	1	0	0	0	0	1	0	0	0	0	0	0	0	0	1	3	0	0	0	0	0	0	0	0	0	2	0
otu.27071	0	0	0	8	0	0	0	0	0	0	0	0	3	0	7	0	0	0	0	0	2	0	0	0	0	2	0	0	1	0
otu.27121	0	0	0	4	0	0	0	0	0	0	0	3	0	0	1	1	10	0	4	6	2	0	0	0	2	3	0	0	12	5
otu.27158	0	0	0	1	0	0	0	1	0	0	1	0	0	0	0	1	28	0	21	1	1	0	1	0	0	0	1	0	0	0
otu.27161	0	0	0	0	0	0	0	0	0	0	29	1	0	1	0	3	0	0	0	0	0	0	0	0	0	0	0	0	0	0
otu.27178	0	0	0	1	0	0	0	0	0	0	0	0	0	0	0	2	0	0	3	0	0	0	0	0	0	0	0	1	4	0
otu.27200	1	2	0	0	0	1	0	1	0	0	2	1	0	0	0	0	0	0	1	0	0	0	0	0	0	0	0	1	0	0
otu.27222	0	0	0	0	0	0	2	0	0	0	0	0	0	0	0	0	0	1	9	0	0	1	0	0	0	3	0	0	0	0
otu.27227	1	0	0	0	2	0	0	11	2	1	1	0	0	0	0	0	0	0	0	0	0	0	0	0	0	0	1	0	0	0
otu.27231	0	0	0	0	0	0	0	0	0	0	0	0	0	0	0	0	2	0	1	0	0	0	0	3	0	3	0	0	0	0
otu.27248	0	0	0	1	0	0	0	0	0	4	1	0	2	0	2	0	0	0	0	0	0	0	0	0	0	0	0	0	0	0
otu.27255	0	0	0	1	0	0	0	0	2	0	0	0	7	2	0	0	0	0	0	7	2	0	0	0	7	0	1	1	0	3
otu.27256	1	0	0	4	0	0	0	1	0	0	0	4	1	0	3	0	0	8	0	3	0	0	0	0	6	0	2	3	0	1
otu.27271	0	0	0	1	0	0	0	1	0	0	1	0	0	1	0	0	0	0	0	0	0	0	0	0	0	0	0	0	0	0
otu.27282	0	0	0	0	0	0	0	8	0	0	1	0	0	0	0	0	17	3	7	0	6	0	4	0	0	3	1	0	0	0
otu.27298	0	0	1	0	43	6	0	1	0	15	26	0	0	9	9	0	0	0	0	0	0	0	0	0	0	0	0	0	0	0
otu.27305	11	29	0	1	0	0	0	1	3	3	0	0	0	3	13	0	5	0	0	0	23	0	0	2	0	6	0	0	0	1
otu.27318	4	1	0	0	0	0	0	1	1	0	1	0	0	1	0	0	0	0	0	0	0	0	0	1	0	0	0	1	0	0
otu.27338	0	0	0	0	0	0	0	0	0	0	0	1	0	0	0	2	1	0	2	1	2	1	0	0	0	0	0	0	0	0
otu.27379	0	0	0	0	0	0	0	0	0	0	0	0	0	0	0	1	1	2	2	0	0	0	1	0	0	1	0	1	0	0
otu.27388	0	0	0	0	0	0	0	0	0	0	0	0	0	0	0	0	0	2	2	0	0	0	0	0	0	1	0	1	0	0
otu.27392	0	0	0	0	0	0	0	0	0	0	0	0	0	0	0	4	1	1	0	0	0	1	1	2	0	0	0	1	1	4
otu.27395	0	0	0	0	0	0	0	0	0	0	0	7	0	0	10	0	0	0	0	1	29	1	0	1	0	2	0	1	0	2
otu.27404	0	0	0	1	0	0	0	0	0	0	0	1	0	0	0	3	0	0	0	0	0	0	0	0	0	0	1	1	1	0
otu.27413	0	0	0	0	0	0	0	0	0	0	0	0	0	0	0	5	0	4	1	0	0	9	3	0	0	0	0	0	0	1
otu.27429	0	0	0	0	0	0	0	0	0	0	0	0	0	0	0	0	0	2	0	0	0	1	0	0	0	1	0	1	0	0
otu.27432	1	0	2	0	5	1	0	3	4	2	1	0	0	0	1	0	0	0	0	0	0	0	0	0	0	0	0	0	0	0
otu.27439	1	0	0	0	0	1	0	1	1	0	4	0	0	0	0	0	0	0	0	0	0	0	0	0	1	0	0	0	0	0
otu.27458	0	0	0	2	0	0	0	0	0	0	0	0	0	0	1	1	0	0	0	8	0	0	0	0	0	0	0	2	0	0
otu.27459	0	0	0	0	0	0	0	0	0	0	1	1	0	0	0	0	0	0	1	0	0	0	2	0	0	0	0	0	0	0
otu.27463	67	4	0	0	0	0	0	63	0	2	1	1	1	1	1	0	6	0	0	0	0	0	0	23	0	0	0	22	0	0
otu.27487	0	0	0	0	0	0	0	0	0	0	0	0	0	0	0	1	0	0	0	0	0	1	0	0	0	2	3	0	0	0
otu.27494	0	0	0	1	0	0	0	0	0	0	0	0	0	0	0	2	0	0	1	1	0	0	0	1	0	0	0	3	0	0
otu.27497	1	0	0	15	0	0	0	0	2	0	1	0	0	1	0	1	12	15	4	7	5	0	0	0	0	5	1	8	72	4
otu.27516	0	6	16	0	127	4	0	5	0	0	42	4	0	9	2	0	0	0	0	0	0	0	0	0	0	0	0	0	0	0
otu.27518	0	0	0	7	0	0	0	0	0	0	0	2	0	0	2	4	0	0	0	4	0	0	0	2	1	0	0	0	0	1
otu.27521	0	0	0	0	0	0	0	0	1	0	7	1	0	0	0	2	0	0	3	0	0	0	0	0	1	0	0	0	2	0
otu.27522	1	4	6	0	8	0	0	31	0	1	8	4	0	27	1	2	1	0	0	0	0	0	0	0	0	0	0	0	0	0
otu.27540	0	0	0	0	0	0	0	0	0	0	0	0	0	0	0	2	0	0	0	0	1	0	0	3	70	0	0	0	21	4
otu.27561	1	0	0	0	0	2	0	3	0	0	3	0	0	0	0	0	0	0	0	1	0	0	0	0	0	0	0	0	1	0
otu.27573	0	0	0	1	0	0	0	0	0	0	0	0	0	0	0	1	0	3	0	0	1	0	1	0	0	0	0	0	0	0
otu.27579	0	0	0	0	0	0	0	0	0	0	0	0	0	0	0	0	0	1	0	0	1	0	0	0	0	0	1	0	1	2
otu.27597	0	0	0	0	0	0	0	0	0	0	0	0	0	0	0	0	0	1	1	0	0	1	0	0	0	0	1	3	0	7
otu.27607	0	0	0	1	0	0	0	0	0	0	0	0	0	0	0	0	0	0	0	1	0	0	0	0	0	0	0	2	0	2
otu.27617	0	0	0	1	0	0	0	0	0	0	0	0	0	0	0	3	0	0	1	0	0	0	0	2	0	0	1	1	3	1
otu.27640	1	4	2	0	0	0	0	1	3	1	3	1	0	0	0	0	0	0	0	1	0	0	0	0	2	0	0	0	0	0
otu.27643	5	4	0	3	0	0	0	9	2	2	0	1	0	5	42	0	7	0	0	0	34	0	1	1	1	14	0	7	0	4
otu.27670	0	0	0	0	0	0	1	0	0	0	1	0	2	0	0	0	0	0	0	0	0	0	0	0	0	1	0	1	0	1
otu.27707	0	0	0	7	0	0	0	0	0	0	0	0	1	0	0	3	1	0	0	7	0	0	0	0	0	0	0	1	0	2
otu.27711	0	0	0	0	0	0	0	0	0	0	0	0	0	0	0	10	1	4	0	0	0	0	0	0	0	0	1	1	1	0
otu.27714	0	0	0	0	0	0	0	0	0	0	0	0	0	0	0	3	1	4	0	0	0	3	0	1	0	0	0	0	0	0
otu.27718	0	0	0	0	0	0	0	0	0	0	0	0	0	0	0	1	1	0	2	0	0	0	0	0	0	0	5	0	0	0
otu.27742	0	0	0	7	0	0	0	0	0	0	0	0	0	0	0	0	0	0	1	3	6	1	0	0	0	2	0	0	4	1
otu.27748	3	0	0	0	0	1	0	3	0	0	4	0	0	0	0	0	0	0	0	0	0	0	1	0	5	0	0	2	0	0
otu.27756	0	0	0	0	0	0	2	0	0	0	0	0	10	0	0	0	0	1	1	0	0	0	0	0	0	0	1	0	0	0
otu.27762	3	0	0	0	0	0	1	0	0	4	0	0	4	0	2	0	0	0	0	0	0	0	0	0	0	0	0	0	0	0
otu.27777	0	0	0	2	0	0	0	0	0	0	0	0	0	0	0	1	0	0	0	4	1	0	0	0	0	3	1	0	0	0
otu.27796	0	0	0	27	0	0	0	0	8	0	0	1	1	1	2	6	4	0	3	25	10	0	0	0	23	9	0	0	11	21
otu.27800	0	0	0	0	0	0	0	0	0	0	0	0	0	0	0	0	7	1	17	9	1	0	0	0	0	0	0	0	0	0
otu.27806	0	0	0	0	0	0	0	0	0	0	0	0	0	0	0	8	20	0	7	1	1	2	0	0	0	11	9	0	11	1
otu.27823	0	0	0	0	0	0	0	0	0	0	0	0	0	0	0	8	1	5	7	0	6	0	0	1	0	0	7	8	0	0
otu.27826	0	0	0	1	0	0	0	0	0	0	0	0	1	0	0	0	0	2	2	0	0	0	3	0	0	0	0	0	0	0
otu.27829	0	1	0	0	0	0	0	2	5	0	50	0	0	0	0	0	2	0	0	0	0	0	0	0	0	0	1	1	0	0
otu.27839	0	0	5	0	0	0	0	1	0	1	10	0	0	1	1	0	0	0	0	0	0	0	0	0	1	0	0	0	0	0
otu.27847	0	0	0	1	0	0	0	0	0	0	0	0	0	0	0	5	1	0	10	0	0	0	0	0	0	0	6	3	1	0
otu.27877	1	0	4	3	0	0	0	0	4	0	6	0	0	4	0	2	0	0	0	0	0	0	1	0	3	0	1	0	0	2
otu.27890	0	0	0	0	0	0	0	0	0	0	0	0	0	0	0	1	0	0	1	0	1	3	0	0	0	0	2	0	0	0
otu.27911	0	0	0	1	1	1	1	0	0	0	1	0	0	0	0	0	0	0	0	0	0	0	0	0	0	0	0	0	0	1
otu.27920	0	0	0	0	0	0	1	0	0	0	0	0	1	0	0	2	1	0	0	0	1	0	0	0	0	0	0	0	1	0
otu.27936	0	0	0	0	0	0	0	0	0	0	1	0	0	0	0	1	2	0	3	0	0	0	0	2	1	1	0	1	2	1
otu.27937	0	0	0	10	0	0	0	0	9	0	5	4	0	2	3	48	6	33	59	15	14	1	2	0	8	9	2	10	42	21
otu.27950	1	1	1	0	0	0	0	0	18	24	70	0	0	0	0	0	1	0	10	0	6	0	0	0	0	4	1	0	0	0
otu.27962	0	0	0	3	0	0	0	0	0	0	1	0	0	0	3	1	0	1	0	0	1	0	0	3	0	4	0	0	0	2
otu.27963	0	0	0	0	1	0	0	2	1	0	1	0	0	2	0	0	0	0	0	0	0	0	0	0	0	0	0	0	0	0
otu.27970	0	0	0	13	0	0	0	0	0	0	0	4	0	0	0	1	2	0	0	2	0	1	0	1	1	0	0	12	6	3
otu.27976	0	0	0	0	0	0	0	0	1	0	0	0	0	0	0	1	1	0	0	1	0	0	0	0	0	0	0	0	0	0
otu.27980	0	0	0	2	0	1	0	0	0	0	7	0	0	0	2	12	2	7	4	0	5	1	0	0	0	0	2	0	0	0
otu.28028	1	0	0	0	0	3	1	1	0	0	3	0	0	4	0	0	0	0	0	0	0	0	0	0	0	0	0	0	0	0
otu.28061	0	0	1	0	0	9	0	0	0	0	6	0	0	7	0	0	0	0	0	0	0	0	0	0	0	0	0	0	0	0
otu.28080	1	0	0	1	0	0	0	0	0	0	1	0	0	0	0	0	0	0	0	0	0	1	0	1	0	0	1	0	0	2
otu.28117	2	0	0	1	0	0	0	0	0	0	0	0	0	0	10	0	1	0	0	1	16	0	1	17	1	0	0	7	1	1
otu.28125	0	0	4	16	0	0	0	0	0	0	1	0	0	0	11	9	3	0	0	60	0	0	0	0	50	10	0	6	6	9
otu.28130	0	0	0	0	0	0	0	0	0	0	0	0	0	0	0	4	1	6	6	0	0	0	21	0	0	0	0	0	1	0
otu.28169	0	0	0	0	0	0	0	0	0	0	0	0	0	0	0	5	0	10	0	0	1	2	10	1	0	6	0	1	2	7
otu.28230	0	2	0	0	1	5	0	0	0	0	0	0	0	3	2	0	0	0	0	0	0	0	0	0	0	0	0	0	0	0
otu.28345	0	0	0	38	0	0	0	0	0	0	0	13	0	0	0	34	2	9	2	1	12	1	0	3	19	10	0	3	28	51
otu.28352	0	2	0	0	1	1	0	0	0	0	7	0	0	3	0	0	0	0	0	0	0	0	0	0	0	0	0	0	0	0
otu.28397	0	0	0	0	0	0	0	0	0	0	0	0	0	0	0	1	0	0	0	3	0	0	0	0	0	1	1	0	0	0
otu.28508	0	0	0	4	0	0	0	0	0	0	0	0	0	0	0	12	2	0	13	1	19	0	0	3	0	66	3	7	0	1
otu.28525	0	2	0	0	0	0	0	1	0	0	7	0	0	4	0	0	0	0	0	0	0	0	0	0	0	0	0	0	0	0
otu.28566	0	0	0	0	0	0	0	3	0	0	6	0	0	0	0	10	0	1	1	0	0	2	0	0	0	0	2	2	0	0
otu.28570	0	0	0	0	0	0	0	0	0	0	0	0	0	0	0	2	0	0	8	0	0	1	0	0	0	0	4	0	0	0
otu.28587	0	0	0	0	0	0	0	0	0	0	3	0	0	1	0	6	0	0	2	0	0	0	0	3	0	0	1	0	0	1
otu.28609	0	0	0	0	0	0	0	0	0	0	1	1	0	0	0	1	0	2	2	0	0	0	0	1	0	0	0	0	0	0
otu.28612	0	0	0	0	0	0	1	1	0	0	2	1	0	1	0	0	0	0	0	0	0	0	0	0	0	0	0	0	0	0
otu.28613	0	0	0	0	0	0	0	0	0	0	0	0	0	0	0	14	12	0	8	0	1	0	0	16	3	1	9	36	0	3
otu.28633	0	0	0	0	0	0	0	0	0	0	0	0	0	0	0	4	0	1	4	0	0	0	1	3	0	0	0	0	0	0
otu.28657	0	0	0	0	0	0	0	0	0	0	0	0	0	0	0	1	0	2	3	1	4	0	0	1	0	2	0	0	0	0
otu.28682	0	0	0	0	7	1	0	0	0	0	2	0	0	8	0	0	0	0	0	0	0	0	0	0	0	0	0	0	0	0
otu.28683	0	0	0	0	0	3	1	2	0	0	3	2	0	0	0	0	0	0	0	0	0	0	0	0	0	0	0	0	0	0
otu.28686	0	0	0	0	0	0	0	0	0	0	0	0	0	0	0	28	19	0	0	18	7	0	0	1	0	7	9	2	7	11
otu.28691	0	0	1	0	0	0	1	0	0	0	0	0	0	0	0	0	0	0	2	0	0	0	0	1	0	0	0	0	0	1
otu.28743	0	0	0	3	0	0	0	0	0	0	0	0	0	0	3	1	0	0	0	0	0	0	0	0	1	0	0	0	0	1
otu.28755	0	0	0	0	0	0	0	0	0	0	4	0	0	0	0	7	1	0	0	0	0	0	0	4	0	0	4	0	0	0
otu.28775	0	0	0	0	0	0	4	1	0	0	0	0	0	2	0	1	1	0	3	1	0	0	0	0	2	0	1	0	1	1
otu.28809	0	2	1	0	0	0	0	1	2	0	0	2	0	0	0	0	0	0	0	0	0	0	0	0	0	0	0	0	0	0
otu.28841	0	0	0	5	0	0	0	0	0	0	9	0	0	0	6	288	65	4	4	1	23	21	0	4	12	49	36	1	18	78
otu.28862	0	0	1	1	0	0	0	0	8	0	57	0	1	0	9	95	6	1	8	5	21	2	1	4	0	9	7	0	2	2
otu.28863	0	0	0	0	0	3	1	0	0	0	1	2	0	0	0	0	0	0	0	0	0	2	0	0	0	0	0	0	0	0
otu.28864	0	0	1	0	0	1	2	0	1	0	1	0	1	0	0	0	0	0	0	0	0	0	0	0	0	0	0	0	0	1
otu.28882	0	1	0	20	0	0	0	0	0	0	0	5	0	0	0	2	7	0	2	8	1	2	0	0	8	1	0	1	7	9
otu.28945	0	0	0	6	0	0	0	0	0	0	0	2	0	0	0	0	2	0	0	4	0	0	0	1	1	0	0	0	3	1
otu.28963	0	7	4	0	168	2	0	6	0	0	61	2	0	28	2	2	0	0	0	0	0	0	0	0	0	0	0	0	0	0
otu.28972	0	0	0	0	0	1	0	0	0	0	0	0	0	0	1	2	0	0	0	0	1	0	0	0	0	0	1	0	0	0
otu.28984	0	0	0	0	0	0	0	0	0	0	0	0	0	0	0	2	0	1	0	0	0	0	0	1	0	0	1	0	0	2
otu.29014	5	31	97	5	275	7	6	41	203	4	75	18	21	153	20	1	1	1	0	0	3	0	0	0	15	1	0	0	0	6
otu.29015	4	0	1	1	0	2	0	2	0	0	0	3	0	0	1	0	0	1	0	0	0	0	1	0	0	0	0	3	0	0
otu.29023	0	0	0	0	0	0	0	0	0	0	0	1	1	0	1	0	0	0	0	0	1	0	0	0	0	0	0	0	0	0
otu.29027	0	0	0	0	0	0	0	0	0	0	64	1	0	0	0	118	8	1	6	5	3	1	1	0	0	4	0	0	3	2
otu.29038	0	0	0	0	0	0	0	0	0	0	0	0	0	0	0	1	0	0	4	0	2	0	0	0	0	0	1	0	0	0
otu.29056	1	0	0	0	0	0	0	0	0	1	2	0	0	0	0	0	1	0	0	0	0	0	0	0	1	0	0	0	0	0
otu.29063	0	0	0	0	0	0	0	0	0	0	0	0	0	0	0	17	0	0	1	2	2	0	0	0	0	0	0	0	0	0
otu.29070	0	0	1	0	0	5	5	1	0	0	0	2	0	0	1	4	0	1	0	0	1	0	0	0	0	0	0	0	0	0
otu.29072	0	0	0	0	0	0	0	0	0	0	0	0	0	0	0	0	10	15	2	0	10	0	0	0	0	0	0	0	0	0
otu.29084	0	0	0	0	0	3	3	0	2	1	0	1	1	0	0	0	0	4	1	0	0	0	1	0	1	0	0	0	1	0
otu.29086	0	1	0	0	2	0	0	0	0	0	3	0	0	11	0	0	0	0	0	0	0	0	0	0	0	0	0	0	0	0
otu.29096	0	0	1	17	0	0	0	0	0	0	0	12	0	0	3	0	2	2	0	0	4	0	0	0	0	0	12	0	2	1
otu.29107	0	0	0	8	0	0	0	0	0	0	0	0	0	0	1	0	1	0	0	1	0	0	1	2	0	0	3	7	2	8
otu.29138	1	0	0	0	0	0	0	0	0	0	0	2	0	1	1	0	0	0	0	0	0	0	0	0	0	0	0	0	0	0
otu.29144	0	0	0	3	0	0	0	0	0	0	0	1	0	0	1	3	0	0	0	14	0	3	0	0	0	0	0	11	7	0
otu.29145	3	1	1	1	1	1	0	10	1	0	2	4	1	2	0	0	0	0	0	1	1	0	0	0	2	0	0	4	0	2
otu.29157	0	0	0	0	0	0	0	0	0	0	25	3	0	0	3	0	0	3	5	0	0	2	0	0	0	0	0	0	4	0
otu.29158	0	0	0	0	0	0	0	0	0	0	1	0	1	0	0	1	0	0	0	0	0	0	0	0	0	0	0	1	0	0
otu.29160	28	7	0	0	0	0	0	3	1	6	3	0	0	1	31	0	9	0	0	0	6	0	0	5	0	1	0	7	0	0
otu.29170	0	0	0	0	14	9	0	6	0	0	10	0	0	2	1	0	0	0	0	0	0	0	0	0	0	0	0	0	0	0
otu.29218	7	0	0	0	0	0	0	0	0	1	1	0	1	0	0	0	0	0	0	0	0	0	0	0	0	0	0	0	0	0
otu.29267	0	0	0	0	0	0	0	0	0	0	1	0	0	0	0	12	3	0	0	0	3	0	0	2	2	8	0	2	1	6
otu.29308	0	0	0	0	1	0	0	2	0	0	2	0	0	1	1	1	0	0	0	0	0	0	0	0	0	0	0	0	0	0
otu.29311	0	0	0	2	0	0	0	0	0	0	0	0	0	0	0	12	0	0	2	0	0	1	0	1	0	0	0	3	0	0
otu.29326	0	0	0	0	0	0	0	0	0	0	1	0	0	1	1	1	0	1	0	0	0	0	0	0	0	1	2	0	0	0
otu.29344	1	0	0	10	0	0	0	0	0	0	0	5	0	0	4	0	3	0	0	0	0	0	0	1	2	1	0	0	2	1
otu.29364	0	0	0	2	0	0	0	0	0	0	2	0	0	0	1	4	3	0	0	2	0	0	0	0	0	0	0	2	0	0
otu.29373	3	16	20	0	413	92	0	41	0	0	46	1	0	54	0	1	0	0	0	0	0	0	0	0	0	0	0	0	0	0
otu.29383	0	0	0	0	0	0	0	0	1	0	0	1	0	0	1	2	7	0	7	0	0	0	0	1	0	0	0	44	0	1
otu.29410	0	0	0	0	0	0	0	0	1	0	0	0	0	0	0	0	0	1	3	0	1	0	0	0	0	3	0	0	0	0
otu.29427	0	0	0	0	1	0	0	0	0	1	2	1	0	0	0	5	0	0	0	0	0	2	1	0	0	0	0	0	0	2
otu.29429	0	0	0	0	0	0	0	0	15	0	0	0	0	0	0	2	0	0	1	1	0	1	0	0	0	0	2	0	0	0
otu.29447	0	0	0	0	0	0	0	0	0	0	0	0	0	0	0	2	2	0	1	3	0	0	0	0	0	0	0	2	0	0
otu.29450	0	0	0	0	0	0	0	0	0	0	0	0	0	0	0	0	0	0	6	0	0	1	0	4	0	2	0	0	0	0
otu.29466	0	0	0	0	0	0	0	0	0	0	0	0	0	0	0	15	3	0	1	0	1	2	0	0	0	1	1	0	0	0
otu.29474	0	0	0	0	0	0	0	0	0	0	0	0	0	0	0	0	0	11	1	0	0	1	2	0	0	1	0	0	0	0
otu.29507	0	0	0	0	0	0	0	0	0	0	1	0	0	0	0	13	0	0	4	0	10	3	0	4	0	24	0	0	0	0
otu.29556	0	0	0	0	0	0	0	0	0	0	0	0	0	0	0	0	3	0	1	0	0	4	0	1	0	0	1	7	1	9
otu.29576	0	0	0	0	0	0	0	2	0	0	0	0	0	0	0	3	0	0	2	0	0	0	0	0	0	0	1	1	0	0
otu.29583	0	0	0	2	0	0	0	0	0	0	0	0	0	0	0	0	0	1	0	0	0	0	0	1	0	2	0	0	0	0
otu.29607	0	0	0	0	0	0	0	0	0	0	0	0	0	1	0	0	1	0	0	0	0	0	0	0	5	0	0	0	1	3
otu.29657	0	0	0	0	0	0	0	0	0	0	0	0	0	0	0	0	1	0	0	1	0	1	0	4	0	0	4	0	0	2
otu.29665	0	0	0	0	0	0	0	0	0	0	0	0	0	0	0	2	2	0	7	5	8	0	0	0	0	1	0	0	0	0
otu.29702	0	0	0	0	0	0	0	0	0	0	1	0	0	0	0	4	0	0	4	0	0	0	0	0	0	0	2	5	0	0
otu.29729	0	0	0	0	0	0	0	0	0	0	0	0	0	0	0	2	7	2	4	0	0	0	1	0	0	0	4	0	0	0
otu.29738	0	0	0	0	4	0	0	0	0	0	0	0	0	5	1	1	0	0	0	0	0	0	0	0	0	0	0	0	0	0
otu.29764	0	0	0	0	0	0	0	0	0	0	0	0	0	0	1	5	1	0	2	0	3	0	0	0	1	1	1	0	0	11
otu.29772	0	0	0	0	0	1	0	0	0	0	2	0	0	0	3	1	0	0	0	0	0	1	0	0	0	0	0	0	0	0
otu.29782	0	0	0	0	0	0	0	0	16	0	4	0	0	0	0	14	3	0	0	6	1	0	0	0	0	2	1	9	0	0
otu.29791	0	0	0	0	0	0	0	0	0	0	0	0	0	0	0	3	0	2	5	0	0	2	10	0	0	0	0	0	0	0
otu.29801	0	0	0	0	0	0	0	0	0	0	0	0	0	0	0	0	0	2	0	0	0	1	0	10	0	1	0	0	0	0
otu.29862	0	0	0	0	2	0	0	2	0	0	1	0	0	6	2	0	2	0	0	1	0	0	0	0	0	0	0	0	0	0
otu.29887	0	0	0	0	0	0	0	0	2	0	0	0	0	0	2	0	1	0	0	0	2	0	0	0	0	0	0	0	0	0
otu.29914	0	0	0	0	0	0	0	0	0	0	0	0	0	0	0	1	0	0	1	1	0	1	0	0	0	0	0	0	0	0
otu.29931	0	2	0	0	34	0	0	1	1	0	2	0	0	12	16	0	0	0	0	1	0	0	0	1	0	0	0	0	0	2
otu.29941	0	0	0	0	0	0	0	0	6	0	6	0	0	0	0	10	1	0	1	0	0	1	0	1	0	0	0	2	0	0
otu.29948	0	0	0	0	0	0	0	0	0	0	0	0	0	0	0	2	1	0	1	0	0	0	1	0	0	0	0	0	0	0
otu.29968	0	0	0	0	0	0	1	0	0	0	0	0	0	0	1	0	0	1	0	0	0	0	0	0	0	0	0	0	0	1
otu.29971	0	0	0	0	0	0	0	0	0	0	0	0	0	0	0	1	0	1	0	0	0	0	0	1	0	0	1	0	0	0
otu.29998	0	0	0	0	0	0	0	0	0	0	0	0	0	0	0	2	5	0	1	0	0	1	0	0	0	21	0	107	0	1
otu.30019	0	0	0	5	0	0	0	0	0	0	0	0	0	0	0	5	0	5	3	0	4	0	0	0	0	3	0	0	2	0
otu.30032	0	0	0	0	0	0	0	0	0	0	0	0	0	0	0	4	0	0	1	0	0	0	0	4	0	0	5	0	0	1
otu.30047	0	0	0	0	2	0	1	1	0	0	1	0	0	0	1	0	0	0	0	0	1	0	0	1	0	0	0	0	1	0
otu.30069	0	0	0	0	0	0	0	0	39	0	3	1	0	0	0	11	8	1	2	12	0	15	0	1	0	9	3	0	0	2
otu.30075	0	0	0	0	0	0	0	0	0	0	1	0	0	0	0	5	0	0	2	0	0	0	0	0	0	0	18	0	0	0
otu.30087	0	0	0	0	0	2	2	0	1	0	8	0	0	0	0	2	0	0	0	0	0	0	0	0	0	0	0	0	0	0
otu.30093	0	0	0	0	0	0	0	0	0	0	4	0	0	0	0	2	0	0	4	0	0	0	0	1	0	0	0	0	0	0
otu.30098	1	0	0	0	0	0	0	0	0	0	3	7	0	0	0	3	3	3	7	1	0	14	0	0	0	3	1	0	0	0
otu.30114	0	0	0	0	0	0	0	0	0	0	0	0	0	0	1	1	0	0	5	0	0	1	0	1	0	25	0	0	0	0
otu.30126	0	0	0	0	0	1	4	0	0	0	1	2	0	0	0	0	0	0	0	0	0	0	0	0	0	0	0	0	0	0
otu.30170	0	0	0	0	0	0	0	0	0	0	0	0	0	0	0	0	27	0	2	0	1	0	0	1	0	7	0	1	0	0
otu.30174	0	0	0	0	0	0	0	0	0	0	0	0	0	1	0	34	0	0	21	0	0	1	0	2	0	5	0	0	0	21
otu.30179	0	0	0	0	0	0	0	0	0	0	0	0	0	0	0	1	0	0	0	0	0	0	0	3	0	3	0	0	3	0
otu.30199	0	0	0	1	0	0	1	0	0	0	2	0	0	0	0	3	0	0	5	0	0	5	0	0	0	0	0	0	0	0
otu.30225	0	0	0	0	0	0	0	0	0	0	0	2	0	0	0	5	0	0	0	2	0	0	0	10	0	0	0	0	1	6
otu.30226	2	0	0	0	1	0	0	0	0	0	11	0	0	0	0	0	0	0	0	0	0	0	0	1	0	0	0	0	0	1
otu.30233	0	0	0	0	0	0	0	0	0	0	0	0	0	0	0	3	3	0	0	1	0	0	0	0	0	4	3	0	0	0
otu.30260	0	0	0	0	0	0	0	0	1	0	0	1	0	0	1	4	0	0	3	0	0	0	0	0	1	0	0	0	3	2
otu.30276	0	0	1	0	0	0	0	0	0	0	1	0	0	0	0	2	0	1	0	1	0	0	0	0	0	0	0	0	0	0
otu.30284	0	1	0	2	0	0	0	1	2	0	3	3	0	1	0	1	0	0	0	0	0	0	2	0	1	0	0	0	1	3
otu.30298	0	0	0	0	0	0	0	0	0	0	0	0	0	0	0	4	1	1	1	0	0	3	0	0	0	0	0	1	0	1
otu.30319	0	0	0	1	0	0	0	0	0	0	0	0	0	0	0	2	1	0	1	0	1	0	0	0	0	0	0	1	1	0
otu.30328	0	6	1	0	1	0	1	0	0	0	0	0	0	0	2	0	0	0	0	0	0	0	0	0	0	0	0	0	0	0
otu.30342	0	1	1	0	0	0	0	2	0	0	6	0	0	0	0	0	0	0	0	0	0	0	0	0	0	0	0	0	0	0
otu.30345	0	0	0	0	0	0	0	0	0	0	4	0	0	1	0	5	0	0	4	1	1	0	1	3	0	0	1	0	0	0
otu.30355	0	0	0	0	0	0	0	0	0	0	0	0	0	0	0	2	3	0	3	0	0	0	0	3	0	0	0	1	0	0
otu.30378	0	19	16	0	55	7	2	14	24	0	27	3	2	69	6	1	0	0	0	0	0	0	0	0	4	0	0	0	0	2
otu.30417	3	0	0	0	0	1	1	0	0	1	4	0	0	0	0	0	0	0	0	0	0	0	1	0	0	0	0	0	0	0
otu.30441	0	0	0	12	0	0	0	0	0	0	1	0	0	0	1	13	3	0	5	2	7	0	1	0	3	5	0	0	14	5
otu.30456	1	0	0	9	0	0	0	0	1	0	0	0	0	0	0	4	1	0	0	3	1	0	0	0	4	1	0	0	6	3
otu.30467	0	0	2	1	2	4	2	1	1	1	36	2	0	0	9	49	5	5	9	5	20	7	0	3	0	10	10	1	0	3
otu.30498	0	0	0	0	0	0	0	0	1	0	1	0	0	0	2	3	0	0	1	0	1	0	1	1	0	2	0	0	0	5
otu.30504	0	0	0	0	3	1	2	4	4	0	3	4	5	5	0	0	0	0	0	0	0	0	0	0	0	0	0	0	0	1
otu.30509	0	0	1	0	39	3	0	1	0	0	7	0	0	10	0	0	0	0	0	0	0	0	0	0	0	0	0	0	0	0
otu.30513	0	0	1	0	0	0	1	0	0	0	1	0	83	0	0	0	0	0	1	0	0	0	0	0	0	0	1	0	0	0
otu.30534	0	0	0	0	0	0	0	0	0	0	0	1	0	0	0	0	0	0	0	1	0	0	1	1	0	0	0	3	0	0
otu.30545	0	0	0	0	0	0	0	0	0	0	0	7	0	0	1	3	0	3	4	0	1	3	0	0	0	0	1	0	0	0
otu.30566	1	1	0	0	8	1	0	4	4	1	4	0	0	10	2	0	0	0	0	0	0	0	0	0	0	0	0	0	0	0
otu.30582	0	0	0	0	0	0	0	0	0	0	0	0	0	0	0	0	1	6	0	1	1	1	0	0	0	3	27	0	3	2
otu.30605	0	0	0	0	0	0	0	0	0	0	0	0	0	0	0	8	0	1	0	0	0	0	0	0	0	3	1	0	0	0
otu.30636	0	0	0	0	0	3	0	0	0	0	2	0	0	0	2	1	0	2	2	0	0	2	0	2	0	0	0	0	0	0
otu.30646	0	0	0	0	0	0	0	0	0	0	0	0	0	0	0	1	0	6	0	0	0	6	0	1	0	0	1	0	0	0
otu.30693	0	0	0	0	0	0	0	0	0	0	1	6	0	0	0	2	1	2	0	0	0	1	0	0	0	0	0	0	0	0
otu.30697	1	4	0	0	0	12	0	11	0	0	17	6	0	2	0	0	0	0	0	0	0	0	0	0	0	0	0	0	0	0
otu.30703	0	0	0	0	1	1	0	0	0	0	1	0	0	3	0	0	0	0	0	0	0	0	0	0	0	0	0	0	0	0
otu.30712	0	0	0	2	0	0	0	0	3	0	0	9	0	0	0	6	0	3	4	20	3	3	0	0	5	0	0	0	22	0
otu.30713	3	231	99	0	131	0	0	0	0	0	0	0	0	7	5	0	0	0	0	1	0	0	0	0	0	0	0	0	0	0
otu.30716	0	0	0	0	0	0	0	0	0	0	1	0	0	0	0	5	24	1	3	0	0	0	0	0	0	1	1	8	0	1
otu.30719	1	0	0	0	0	0	0	0	0	1	1	0	0	0	0	0	0	0	0	0	0	0	1	1	0	0	0	0	0	5
otu.30728	0	0	0	0	0	0	0	0	0	0	0	0	0	0	0	1	7	0	18	2	1	0	0	0	0	0	2	0	0	0
otu.30749	0	0	0	0	0	0	0	0	0	0	0	0	0	0	0	1	0	0	0	1	0	0	0	0	0	0	0	1	1	0
otu.30753	0	0	0	1	0	0	1	0	0	0	0	0	1	0	4	2	0	0	0	0	0	0	0	1	0	1	0	0	0	0
otu.30804	0	0	0	0	0	0	0	0	0	0	1	0	0	0	0	4	0	1	0	0	0	1	0	0	0	1	3	0	0	1
otu.30807	0	0	14	9	0	0	1	0	158	2	2	0	765	0	2	2	0	0	3	0	0	0	0	0	1	0	2	0	7	0
otu.30814	1	0	1	0	1	4	1	1	0	0	1	1	0	2	0	0	0	0	0	0	0	0	0	0	0	0	0	0	0	0
otu.30822	0	1	0	0	1	1	0	4	0	0	0	0	0	0	0	0	0	0	0	0	0	0	0	0	0	0	0	0	0	0
otu.30838	0	0	0	0	0	0	0	0	0	0	0	0	0	0	0	2	1	0	3	0	1	0	8	0	0	0	0	0	0	0
otu.30856	0	0	0	0	1	1	0	0	0	0	2	0	3	3	0	12	2	1	0	0	0	7	0	0	0	0	0	0	0	1
otu.30902	1	6	9	0	28	37	10	9	15	3	24	61	7	41	2	0	1	1	0	0	0	2	0	0	2	0	0	0	0	2
otu.30903	0	0	0	0	0	0	0	0	0	0	0	0	0	0	0	1	0	8	5	0	0	0	1	0	0	0	0	0	0	0
otu.30910	0	0	0	1	0	0	0	0	0	0	1	0	0	0	0	0	1	1	1	0	0	1	0	1	0	0	0	0	0	0
otu.30914	0	25	3	0	2	0	2	0	0	0	0	0	0	0	0	0	0	0	0	0	0	0	0	0	0	2	0	0	0	0
otu.30935	0	0	0	0	5	0	0	2	0	0	3	0	0	5	0	0	0	0	0	0	0	0	0	0	0	0	0	0	0	0
otu.30953	0	0	0	8	0	0	0	0	0	0	0	4	0	2	0	23	0	0	1	4	2	2	0	4	7	3	0	9	19	72
otu.30982	0	0	0	0	0	0	0	0	0	0	0	0	0	0	0	3	0	1	0	0	0	0	0	0	2	0	0	0	1	0
otu.30985	0	0	0	0	0	0	0	0	0	0	0	0	0	0	0	6	0	19	0	0	0	46	0	3	0	6	0	0	4	0
otu.30987	0	0	0	0	0	0	0	0	0	0	0	16	0	0	0	1	0	0	0	0	0	0	0	0	0	0	0	0	5	1
otu.31008	0	0	0	0	0	0	1	0	0	0	3	0	1	0	0	4	0	0	0	0	0	0	0	0	0	0	0	0	0	0
otu.31011	1	0	0	101	0	0	2	0	2	0	0	10	0	0	14	4	18	0	0	28	0	5	1	11	21	2	0	8	47	16
otu.31023	0	1	1	0	8	15	0	1	0	0	6	0	0	2	0	1	0	0	0	0	0	0	0	0	0	0	0	0	0	0
otu.31041	0	0	0	0	0	0	0	0	0	0	0	0	0	0	0	2	0	1	0	0	0	0	0	3	0	0	0	1	0	0
otu.31043	0	9	2	0	6	1	0	4	0	4	92	0	0	14	5	0	0	0	0	0	0	0	0	0	0	0	0	0	0	0
otu.31051	0	0	0	4	0	0	1	0	1	1	2	0	2	0	1	2	0	0	1	0	0	0	0	1	0	4	0	0	0	1
otu.31101	0	0	0	2	0	0	2	0	0	0	2	0	0	0	1	0	1	0	0	0	0	0	1	0	0	0	0	1	0	4
otu.31113	0	0	0	0	0	0	0	0	0	0	0	0	0	0	0	11	2	0	0	0	0	0	1	0	0	0	1	0	1	3
otu.31125	1	1	3	0	0	2	2	1	0	0	1	1	0	0	0	0	0	0	0	0	0	0	0	0	0	0	0	0	0	0
otu.31138	0	0	1	0	1	0	0	3	0	0	3	0	0	6	0	0	0	0	0	0	0	0	0	0	0	0	0	0	0	0
otu.31145	0	0	0	0	0	0	1	0	0	0	0	1	0	0	1	1	0	1	4	0	1	2	0	0	0	0	2	0	0	0
otu.31158	0	0	0	0	0	0	0	0	0	0	0	0	0	0	8	1	2	0	0	1	61	0	1	0	0	46	0	1	0	2
otu.31181	0	2	1	0	3	0	0	0	0	0	0	0	0	0	0	0	0	0	0	0	0	0	0	0	1	0	0	0	0	0
otu.31213	0	0	0	0	0	0	0	0	0	0	1	0	0	0	0	2	0	2	6	7	2	0	0	0	0	6	0	0	0	0
otu.31250	0	0	0	1	0	0	0	0	0	0	0	7	0	0	0	7	0	8	1	1	1	2	0	2	3	0	0	0	22	7
otu.31259	0	4	3	0	48	1	0	2	0	0	6	0	0	4	0	0	0	0	0	0	0	0	0	0	0	0	0	0	0	0
otu.31266	0	0	0	0	0	2	0	1	0	0	2	0	0	1	0	0	0	0	0	0	0	0	0	0	0	0	0	0	0	0
otu.31270	1	0	1	2	0	0	3	0	0	0	0	1	0	0	0	0	0	0	0	0	0	0	0	0	2	0	0	0	1	0
otu.31289	0	1	0	0	3	6	0	0	0	0	8	0	0	8	0	0	0	0	0	0	0	0	0	0	0	0	0	0	0	0
otu.31306	0	0	1	0	0	1	0	0	0	1	1	0	0	0	0	2	2	0	1	1	12	0	0	0	2	0	0	0	0	0
otu.31319	0	2	0	0	56	1	0	9	0	0	7	0	0	38	12	5	7	0	0	2	3	0	0	1	0	0	0	0	1	3
otu.31323	0	0	1	3	0	0	0	0	2	1	44	1	0	4	1	160	16	0	15	70	20	0	0	1	0	10	2	0	0	3
otu.31379	0	0	0	0	2	0	0	1	0	0	2	3	0	7	0	9	2	0	0	0	0	0	0	0	0	0	0	0	0	0
otu.31410	0	0	0	0	0	2	0	0	2	0	1	1	0	0	0	10	0	2	0	1	0	0	1	0	1	0	1	0	0	3
otu.31437	0	0	0	0	0	0	0	0	0	0	0	0	0	0	0	0	5	1	0	0	3	0	0	1	0	0	0	5	0	0
otu.31465	0	0	0	0	0	0	0	0	0	0	0	0	0	0	0	0	0	6	11	0	1	1	0	0	0	0	0	0	0	0
otu.31471	0	0	0	0	0	0	0	0	0	0	0	0	0	0	0	3	1	0	0	2	0	0	0	0	0	0	0	1	0	1
otu.31478	1	38	9	0	34	26	0	5	0	3	82	27	0	51	21	5	0	0	0	0	0	0	0	0	0	0	0	0	0	0
otu.31553	0	0	0	0	0	0	0	0	0	0	0	1	0	0	0	72	88	1	8	0	0	4	0	0	0	5	0	1	1	0
otu.31556	0	0	2	0	0	8	2	0	0	0	14	2	0	0	11	20	0	2	0	0	1	0	0	0	0	0	0	0	0	1
otu.31611	0	0	0	0	0	0	0	0	0	0	0	0	0	0	0	8	0	0	0	0	0	0	1	1	0	2	0	0	0	8
otu.31623	0	0	0	0	0	0	0	0	1	0	0	0	0	0	0	0	0	0	1	0	0	4	0	0	0	22	2	2	0	1
otu.31640	0	0	0	0	0	0	0	0	0	1	0	0	0	0	0	1	0	6	0	0	0	0	0	0	0	1	0	0	0	0
otu.31656	0	0	0	0	0	0	1	0	0	0	0	0	0	0	0	0	0	0	0	1	0	2	0	0	0	0	0	0	0	1
otu.31691	0	0	0	0	0	0	0	0	0	0	0	0	0	0	2	1	0	0	1	0	0	1	0	0	0	35	1	0	0	0
otu.31741	0	0	1	0	5	4	7	2	2	0	4	7	3	6	0	0	0	0	0	0	0	0	0	1	0	0	0	0	0	0
otu.31758	0	0	0	0	2	0	0	0	2	0	4	1	0	3	0	8	2	3	1	1	0	1	0	0	0	0	0	0	0	6
otu.31765	0	0	0	0	0	0	0	0	0	0	1	0	0	0	0	2	2	0	0	0	0	0	0	1	0	0	0	0	0	2
otu.31768	0	0	0	1	0	0	0	0	0	0	0	0	0	0	1	0	0	0	0	1	0	0	0	0	0	0	0	1	1	1
otu.31770	0	0	0	1	0	0	12	0	1	0	1	0	0	0	1	4	0	0	0	0	0	0	1	0	0	6	0	0	0	1
otu.31780	0	0	0	0	0	0	0	0	0	0	0	0	0	0	1	1	0	1	0	2	0	0	0	0	0	1	0	0	0	0
otu.31826	0	0	0	0	0	0	0	0	0	0	0	0	0	0	0	0	1	0	0	1	0	0	0	1	0	0	0	0	0	1
otu.31839	0	0	0	0	0	1	7	8	0	0	0	7	0	1	0	0	0	0	0	0	0	0	0	0	0	0	0	0	0	0
otu.31852	0	4	1	0	3	8	0	2	0	0	7	0	0	20	0	0	0	0	0	0	0	0	0	0	0	0	0	0	0	0
otu.31858	0	0	0	0	0	0	0	0	0	0	4	0	0	0	0	4	1	0	0	0	0	1	0	1	0	0	0	0	0	0
otu.31860	0	0	0	0	0	0	0	0	0	0	0	0	0	0	0	0	0	3	1	0	0	12	0	0	0	2	6	0	1	0
otu.31910	5	1	0	0	2	0	1	0	2	0	0	0	0	3	0	0	0	0	0	0	0	0	0	0	0	0	0	0	0	0
otu.31938	0	0	0	0	0	0	0	0	3	0	0	0	0	0	0	0	0	2	2	0	0	4	0	0	0	0	0	0	0	0
otu.32004	1	0	0	0	2	1	0	1	0	0	1	0	0	1	0	0	0	0	0	0	0	0	0	0	0	0	0	0	0	0
otu.32020	0	0	0	3	0	0	0	0	0	0	0	29	0	0	0	1	0	18	0	0	0	4	0	0	0	0	0	0	2	5
otu.32028	0	0	0	0	0	0	0	0	0	0	0	0	0	0	0	2	0	1	6	1	0	0	0	0	0	1	0	1	0	0
otu.32046	0	0	0	0	0	0	0	0	0	0	0	0	0	0	0	4	0	1	1	0	1	1	0	0	0	0	6	0	0	0
otu.32069	1	0	0	1	0	0	0	0	1	0	11	3	0	0	0	9	6	2	0	11	2	0	0	1	0	0	0	0	3	5
otu.32080	0	0	0	0	0	1	0	1	0	0	1	0	0	1	0	0	0	0	0	0	0	0	0	0	0	0	0	0	0	0
otu.32098	0	0	2	2	0	28	4	2	11	0	81	15	0	1	30	148	11	92	82	6	35	99	1	10	0	26	32	5	2	3
otu.32139	0	0	0	0	0	0	0	0	0	0	0	0	0	0	0	4	0	9	18	0	1	1	0	0	0	1	0	0	0	0
otu.32170	4	2	12	0	147	0	0	83	56	17	5	1	0	106	0	1	0	0	0	0	0	0	0	0	0	0	3	0	0	1
otu.32172	0	0	0	1	0	0	0	0	0	0	1	0	0	0	0	0	0	0	0	0	6	0	0	0	0	3	1	0	0	1
otu.32175	0	0	0	0	0	0	0	0	0	0	0	0	0	0	0	1	0	0	0	3	1	1	0	0	0	1	0	0	0	0
otu.32180	0	0	0	0	0	0	0	0	0	0	0	0	0	0	0	3	0	0	0	0	0	0	0	2	0	0	0	0	1	3
otu.32200	0	1	0	0	0	16	0	2	0	0	9	0	0	3	0	0	0	0	0	0	0	0	0	0	0	0	0	0	0	0
otu.32224	0	0	0	0	0	0	0	0	0	0	0	0	0	0	0	2	0	0	0	1	0	2	0	0	0	0	2	0	0	0
otu.32245	0	0	0	0	0	0	0	0	0	0	0	0	0	0	3	5	0	0	2	0	0	0	0	1	0	0	0	0	0	0
otu.32247	1	0	0	0	0	15	0	0	0	0	1	0	0	1	0	0	0	0	0	0	0	0	0	0	0	0	0	0	0	0
otu.32255	0	0	0	0	0	0	0	0	0	0	0	0	0	0	0	1	0	16	3	3	49	0	0	0	0	1	0	0	0	0
otu.32273	0	0	0	0	0	0	0	0	0	0	11	2	0	0	16	30	6	3	4	1	0	4	0	0	0	5	10	4	1	2
otu.32285	0	0	0	0	0	0	2	1	1	0	0	0	0	2	2	0	0	0	0	0	0	0	0	0	0	0	0	0	0	0
otu.32290	0	3	1	0	6	0	0	0	0	0	0	0	0	0	2	0	0	0	0	0	0	0	0	0	0	0	0	0	0	0
otu.32311	0	0	0	0	0	0	1	0	0	0	0	0	0	0	5	0	0	0	0	0	0	0	0	0	0	0	0	0	1	1
otu.32317	0	0	0	0	0	0	0	0	0	0	0	0	0	0	0	1	0	4	2	0	0	0	12	0	0	0	0	0	0	0
otu.32326	0	0	0	0	0	0	0	0	0	0	1	0	0	0	0	1	0	2	0	0	0	0	0	1	0	0	0	0	0	0
otu.32339	0	0	0	0	4	5	0	7	0	3	0	0	0	0	1	0	0	0	0	0	0	0	0	0	0	0	0	0	0	0
otu.32353	0	0	0	0	0	1	0	1	0	0	1	0	0	1	0	0	0	0	0	0	0	0	0	0	0	0	0	0	0	0
otu.32373	0	0	0	0	0	0	7	0	1	0	0	0	0	0	0	0	0	0	0	0	1	0	0	0	0	1	0	0	0	0
otu.32385	0	0	1	0	8	1	0	0	0	0	0	0	0	3	0	0	0	0	0	0	0	0	0	0	0	0	0	0	0	0
otu.32409	0	2	0	0	0	1	0	0	0	0	2	0	0	2	0	0	0	0	0	0	0	0	0	0	0	0	0	0	0	0
otu.32418	1	2	0	0	3	8	0	0	0	0	3	0	0	0	0	0	0	0	0	0	0	0	0	0	0	0	0	0	0	0
otu.32434	0	0	0	0	0	0	0	0	0	0	6	0	0	0	0	9	1	0	0	0	0	1	0	0	0	2	3	0	0	1
otu.32437	0	0	1	0	0	0	0	0	0	0	9	0	0	1	0	3	4	0	1	0	0	0	0	0	0	0	1	1	0	1
otu.32444	0	0	0	0	0	0	0	0	0	0	20	0	0	1	4	11	0	0	1	0	0	1	0	1	0	0	14	0	0	1
otu.32502	0	0	0	0	0	0	0	0	1	0	0	0	0	0	0	3	0	1	4	0	1	0	0	0	0	2	1	0	0	0
otu.32503	0	0	0	0	0	1	0	1	0	0	0	0	0	0	0	19	3	0	0	0	1	0	0	0	0	0	0	0	0	0
otu.32506	0	0	0	0	0	0	0	0	0	0	0	0	0	0	0	1	0	1	1	2	0	0	0	0	0	0	0	0	0	0
otu.32518	0	0	1	0	0	2	3	1	1	0	14	0	0	0	2	13	0	0	0	0	0	0	0	0	0	0	0	0	0	0
otu.32536	0	1	0	0	2	1	0	3	0	0	13	0	0	4	0	0	0	0	0	0	0	0	0	0	0	0	0	0	0	0
otu.32560	0	0	0	0	0	0	0	0	0	0	0	0	0	0	0	1	0	1	0	0	0	0	0	0	0	6	5	0	0	0
otu.32563	0	0	0	0	0	0	17	0	1	0	0	0	1	0	1	1	0	0	1	0	0	0	3	0	0	1	0	0	0	0
otu.32566	0	0	0	0	0	0	0	0	0	0	0	0	0	0	1	1	0	1	0	0	0	4	0	1	0	0	1	0	0	0
otu.32570	0	0	0	0	0	0	0	0	0	0	0	0	0	0	0	0	0	3	1	0	0	0	0	6	0	0	0	0	0	14
otu.32576	0	0	2	1	1	0	1	1	1	1	9	5	2	2	3	4	2	2	0	2	0	0	0	1	5	0	0	0	0	12
otu.32641	0	0	0	0	0	0	1	0	0	0	0	0	2	0	0	0	1	0	1	0	0	0	0	0	0	0	0	1	0	0
otu.32648	0	0	0	0	0	0	0	0	0	0	0	0	0	0	0	1	0	1	1	1	0	0	0	0	0	0	0	2	0	0
otu.32713	0	0	0	18	0	0	1	0	0	0	0	75	0	0	0	0	6	0	0	0	0	16	0	0	1	0	0	4	15	0
otu.32732	0	0	1	0	4	21	0	1	0	0	7	0	0	0	0	0	0	0	0	0	0	0	0	0	0	0	0	0	0	0
otu.32739	1	0	0	0	0	0	0	0	0	0	40	0	0	0	0	59	1	0	5	11	2	3	0	0	0	1	0	1	2	1
otu.32820	1	3	0	0	0	3	0	6	0	1	13	6	0	1	1	1	0	0	0	0	0	0	0	0	0	0	0	0	0	0
otu.32834	1	0	1	0	0	1	0	0	0	0	3	0	0	1	0	0	0	0	0	0	0	0	0	0	0	0	0	0	0	0
otu.32884	0	0	0	0	0	0	0	0	0	0	0	0	0	0	0	5	1	0	0	0	0	0	0	0	0	1	3	0	0	0
otu.32894	0	0	0	0	0	0	8	0	0	0	5	1	0	1	7	0	0	2	0	0	4	6	0	0	0	0	0	0	0	1
otu.32924	0	0	0	0	0	0	2	0	2	0	0	0	19	0	0	0	0	0	0	0	0	0	0	0	0	0	1	0	0	0
otu.32985	0	0	0	3	0	0	0	0	0	0	0	7	0	0	0	68	0	3	0	9	1	0	0	1	48	0	2	1	74	13
otu.32988	0	0	0	0	0	0	0	0	0	0	0	1	0	0	0	1	0	0	0	1	0	0	0	1	0	0	0	0	0	0
otu.33016	0	3	2	0	26	4	0	0	0	0	7	2	0	9	1	0	0	0	0	0	0	0	0	0	0	0	0	0	0	0
otu.33050	0	0	0	0	0	2	0	0	0	0	1	0	0	0	4	4	0	0	2	0	1	0	0	0	0	1	0	0	0	0
otu.33052	0	0	0	0	0	0	0	0	0	0	0	0	0	0	1	4	1	0	1	0	1	0	0	0	0	1	0	0	0	0
otu.33058	0	0	0	0	0	0	0	0	0	0	0	0	0	0	0	0	0	0	1	1	0	0	0	0	0	0	0	3	0	1
otu.33080	0	0	0	0	0	0	1	0	0	2	1	5	0	0	3	0	2	1	1	0	2	3	0	0	0	3	1	0	2	7
otu.33084	0	0	0	0	0	0	0	0	0	0	0	0	0	0	0	1	0	0	0	2	0	0	0	0	0	9	0	1	0	0
otu.33086	0	0	1	2	0	0	0	1	1	1	17	1	2	4	0	1	1	0	1	0	0	0	1	0	5	0	0	0	0	7
otu.33089	0	0	0	0	0	0	0	0	0	0	0	0	0	0	0	0	0	7	1	0	0	0	0	1	0	0	0	0	0	1
otu.33106	0	0	0	0	0	0	1	0	0	0	2	0	0	0	1	1	0	0	0	0	0	0	0	2	0	3	0	0	0	0
otu.33110	0	0	0	0	0	0	1	0	0	0	0	0	0	0	0	1	0	1	5	1	0	0	1	0	0	4	0	0	0	0
otu.33118	0	0	0	0	1	11	0	0	0	0	4	0	0	1	0	0	0	0	0	0	0	0	0	0	0	0	0	0	0	0
otu.33128	1	2	10	0	21	0	0	1	0	0	0	0	0	3	0	0	0	0	0	0	0	0	0	0	1	0	0	0	0	0
otu.33156	19	0	0	0	0	1	0	1	0	0	0	0	0	0	1	0	0	0	0	0	0	0	0	1	0	0	0	0	0	0
otu.33175	0	0	2	0	0	0	1	0	6	0	41	0	0	0	5	112	4	2	21	2	1	0	10	0	0	12	0	0	2	6
otu.33255	0	0	0	5	0	0	0	0	0	0	0	0	0	0	0	0	1	0	0	0	1	0	0	0	1	0	1	0	0	2
otu.33258	0	0	0	3	0	0	0	0	0	0	1	0	0	0	1	6	2	0	1	0	1	0	0	0	0	0	0	1	45	0
otu.33261	0	0	0	0	0	0	0	0	0	0	0	0	0	1	0	10	1	10	0	3	0	0	4	0	0	0	0	0	0	0
otu.33267	0	0	0	0	1	2	0	1	0	1	0	0	0	0	0	0	0	0	0	0	0	0	0	0	0	0	0	0	0	0
otu.33269	0	0	0	0	0	0	0	0	0	0	0	0	0	0	0	0	0	1	3	0	0	0	0	0	0	8	12	0	0	0
otu.33281	0	0	0	0	0	0	3	5	0	2	0	0	0	0	0	0	0	0	0	0	0	0	0	0	0	0	1	0	0	0
otu.33289	0	0	4	0	3	71	36	26	3	0	13	5	2	5	1	0	0	1	0	0	0	0	0	0	1	0	0	0	0	1
otu.33320	0	0	0	0	0	0	0	0	0	0	0	0	0	0	0	0	0	0	1	0	0	0	0	6	0	0	2	1	0	1
otu.33340	0	1	0	0	2	1	0	0	0	0	0	0	0	1	0	0	0	0	0	0	0	0	0	0	0	0	0	0	0	0
otu.33344	2	20	0	0	184	0	2	1	4	2	7	0	0	75	1	3	0	0	0	0	0	0	0	0	0	0	0	0	0	0
otu.33348	0	0	1	17	0	0	0	0	1	0	0	0	0	0	0	2	1	0	1	8	3	0	0	4	3	0	0	26	4	8
otu.33355	0	0	0	0	0	0	0	0	0	0	1	1	0	0	0	2	0	0	0	0	0	1	0	0	0	2	1	1	0	1
otu.33376	0	0	0	2	0	0	0	0	0	0	0	0	0	0	0	2	0	0	0	1436	0	1	0	0	0	0	0	0	67	0
otu.33420	0	0	0	0	0	0	0	0	0	0	1	0	0	0	0	3	0	2	1	0	0	0	0	0	0	0	0	0	0	0
otu.33423	0	0	0	0	0	0	0	0	0	0	23	0	0	0	1	49	15	0	71	5	0	24	0	1	0	48	11	2	2	0
otu.33425	0	0	0	0	0	0	0	1	0	0	1	0	0	0	1	1	0	11	2	0	2	3	0	1	0	1	2	2	0	0
otu.33436	0	0	0	0	0	0	0	0	0	0	0	0	0	0	0	0	1	0	0	1	0	2	0	0	0	1	1	84	0	0
otu.33459	0	0	0	0	0	0	0	0	3	0	0	0	0	1	0	0	0	0	0	0	0	0	0	0	0	0	1	0	0	5
otu.33524	0	0	0	0	0	0	0	0	0	0	0	0	0	0	0	1	0	3	0	0	0	0	0	7	0	1	0	0	1	0
otu.33530	0	0	0	0	0	0	0	0	0	0	0	0	0	0	0	2	0	0	0	0	0	0	0	0	0	1	2	1	0	1
otu.33534	0	40	15	0	17	0	0	0	0	0	0	0	0	0	1	0	0	0	0	0	0	0	0	0	0	0	0	0	1	0
otu.33555	0	0	0	0	0	0	0	0	0	0	0	0	0	0	0	4	0	0	0	2	0	1	0	0	0	0	0	0	0	1
otu.33570	0	0	0	0	0	0	0	0	0	0	0	0	0	0	0	0	1	0	1	2	0	0	0	0	0	0	0	0	0	2
otu.33603	0	0	0	0	0	0	0	0	0	0	0	0	0	0	0	7	0	3	1	0	0	13	0	4	0	4	2	1	0	3
otu.33634	0	0	0	0	0	0	0	0	0	0	1	0	0	0	0	0	0	1	1	0	0	1	0	0	0	1	0	0	0	0
otu.33648	0	0	0	3	0	0	11	0	2	0	2	0	0	0	2	4	0	0	1	0	0	0	0	0	2	3	0	0	1	2
otu.33654	0	0	0	0	0	0	0	0	0	0	1	0	0	0	0	3	0	2	0	0	1	0	1	0	0	0	0	0	0	0
otu.33655	4	17	4	0	4	0	6	0	0	0	0	0	0	0	0	0	0	0	0	0	0	0	0	0	0	0	0	0	0	0
otu.33696	0	0	3	0	0	1	0	0	2	0	5	0	0	0	7	34	7	1	2	1	4	1	0	1	0	0	3	0	0	1
otu.33704	2	0	0	0	0	0	0	0	1	0	0	0	0	0	0	1	1	0	0	0	1	0	0	1	0	0	0	1	0	0
otu.33712	0	0	1	0	4	2	0	0	0	0	2	0	0	7	0	0	0	0	0	0	0	0	0	0	0	0	0	0	0	0
otu.33733	3	8	1	0	0	0	1	0	0	0	0	0	0	0	1	0	0	0	0	1	0	0	0	0	0	0	0	0	0	0
otu.33793	0	0	0	0	0	0	0	0	0	0	0	0	0	0	1	3	2	0	0	0	1	4	0	0	0	0	7	0	0	15
otu.33797	0	4	11	0	147	20	0	3	0	0	15	3	0	51	6	0	0	0	0	0	0	0	0	0	0	0	0	0	0	0
otu.33802	0	0	0	0	0	0	0	0	0	0	0	0	0	0	0	6	1	9	8	0	1	0	10	1	0	0	0	0	0	0
otu.33815	0	0	0	0	0	0	0	0	0	0	0	0	0	0	0	3	2	1	7	0	0	0	0	0	0	0	4	0	0	0
otu.33832	0	0	0	0	0	0	0	0	0	0	1	0	0	0	0	10	3	0	6	3	3	0	5	0	0	6	0	0	1	0
otu.33839	0	0	0	0	0	0	0	0	0	0	3	0	0	0	1	4	1	0	0	0	0	0	0	0	0	1	0	0	0	1
otu.33870	0	1	0	0	3	0	1	0	0	0	0	0	0	1	0	0	0	0	0	0	0	0	1	0	0	0	0	0	0	0
otu.33874	0	1	0	0	11	2	0	23	0	5	1	0	0	39	1	0	0	0	0	0	0	0	0	0	0	0	0	0	0	0
otu.33878	0	1	0	0	0	1	0	0	0	0	30	0	4	0	5	0	0	0	0	0	1	0	0	0	0	0	0	0	0	0
otu.33879	0	0	0	0	0	0	0	0	0	0	0	0	0	0	0	0	2	9	8	0	1	0	0	0	0	0	0	0	0	0
otu.33921	0	0	0	0	0	0	0	0	0	0	3	0	0	0	1	3	0	1	0	0	0	5	0	0	0	0	0	0	1	0
otu.33922	0	4	0	0	14	8	0	3	1	9	0	0	0	21	1	0	0	0	0	0	0	0	0	0	0	0	0	0	0	0
otu.33927	1	8	0	0	13	18	0	3	0	3	15	3	0	29	3	1	0	0	0	0	0	0	0	0	0	0	0	0	0	0
otu.33941	1	0	3	1	0	0	12	0	59	0	2	8	703	0	0	0	0	2	3	2	0	0	0	0	0	0	0	0	3	0
otu.33946	0	0	0	0	0	0	2	0	2	0	0	1	0	0	0	1	0	1	1	3	5	0	0	0	0	6	0	0	0	0
otu.33948	0	0	0	0	0	0	1	2	0	0	0	0	0	0	0	0	7	0	0	1	7	0	0	0	0	0	0	0	0	0
otu.33955	0	0	0	0	0	0	4	0	0	0	3	0	0	0	0	0	1	2	0	0	0	3	0	0	0	0	0	0	1	0
otu.33986	0	0	0	0	0	13	0	0	0	0	5	0	0	0	0	1	0	13	3	0	5	30	1	5	0	3	0	0	0	0
otu.33987	0	0	0	0	0	1	0	0	0	0	13	0	0	0	1	17	7	24	10	0	4	18	0	1	0	0	0	0	0	0
otu.33992	0	0	0	0	0	0	0	0	0	0	0	0	0	0	0	0	3	0	0	0	2	0	0	2	0	0	2	0	0	0
otu.34000	0	0	0	2	0	0	0	0	0	0	1	7	1	0	16	162	48	3	5	0	19	31	0	0	0	21	3	0	0	17
otu.34003	0	0	0	1	0	0	0	0	0	0	0	0	0	0	0	0	6	0	3	0	6	0	0	0	0	0	0	0	0	0
otu.34005	0	0	0	0	0	0	0	0	0	0	0	0	0	0	0	8	1	15	10	2	0	3	18	0	0	0	0	0	0	0
otu.34007	0	0	0	1	0	0	0	0	0	0	0	0	0	0	0	0	0	1	0	0	0	0	0	3	0	0	0	1	0	0
otu.34023	0	0	0	0	0	0	1	0	0	0	5	0	0	0	2	2	0	1	6	0	0	1	0	0	0	0	1	0	0	0
otu.34043	0	0	0	0	0	0	3	0	0	0	0	0	0	0	0	0	0	3	2	0	2	0	0	0	0	0	0	0	0	0
otu.34057	0	0	0	0	0	0	2	2	1	0	3	1	1	1	0	0	0	0	0	0	0	0	0	0	0	0	0	0	0	0
otu.34058	0	0	0	0	0	1	0	0	0	0	7	0	0	0	4	29	0	59	27	0	4	4	0	3	0	1	5	0	0	1
otu.34062	0	0	0	0	0	0	0	0	0	0	0	1	0	0	0	0	0	0	0	1	0	0	0	0	0	0	0	0	1	3
otu.34107	0	0	0	0	0	0	0	2	0	0	0	0	0	0	0	5	27	1	41	2	26	1	0	0	0	7	11	0	0	0
otu.34115	0	0	0	0	0	0	0	0	0	0	0	0	0	0	0	0	2	5	5	0	2	0	0	0	0	0	0	0	1	0
otu.34151	0	0	1	0	0	0	0	0	1	0	0	0	4	0	0	0	0	0	0	0	3	0	1	1	0	0	0	0	0	0
otu.34157	0	0	0	0	0	0	0	0	0	0	0	0	0	0	0	6	0	11	20	0	0	0	0	0	0	0	9	3	3	0
otu.34164	0	0	0	0	0	0	0	0	0	0	3	0	0	0	0	0	0	0	0	1	0	0	0	1	0	0	1	0	0	0
otu.34275	0	0	0	0	0	0	0	0	0	0	1	0	2	0	1	1	0	1	1	0	1	0	3	0	0	0	0	0	0	0
otu.34293	0	0	0	0	0	0	0	0	0	0	0	0	0	0	0	1	0	1	0	0	0	1	0	0	0	2	0	0	0	0
otu.34314	0	0	0	0	0	0	0	0	0	0	0	0	0	0	2	0	0	0	1	0	0	3	1	0	0	1	0	1	0	0
otu.34330	0	1	1	0	1	0	0	1	0	1	5	0	0	0	2	0	0	0	0	0	0	0	0	0	0	0	0	0	0	0
otu.34333	4	1	9	0	3	0	0	0	1	2	11	0	0	11	2	0	0	0	0	0	0	0	0	0	0	0	0	0	0	0
otu.34335	0	0	0	16	0	0	0	0	4	0	0	0	0	3	4	8	5	1	15	4	16	0	0	0	6	3	2	1	60	12
otu.34349	0	0	0	0	0	0	0	0	0	0	0	0	0	0	0	0	0	0	1	0	0	0	0	2	0	3	3	0	0	0
otu.34368	0	0	0	3	0	0	0	0	6	0	1	6	1	1	0	12	42	5	29	9	0	1	1	2	24	3	1	0	174	6
otu.34416	0	0	0	0	0	0	0	0	0	0	0	2	0	0	0	0	0	8	1	0	0	1	0	0	0	0	0	0	0	0
otu.34430	1	0	0	0	0	0	0	0	0	0	3	1	0	0	0	1	0	0	0	0	0	0	0	0	0	0	1	0	0	0
otu.34442	0	0	0	0	1	2	0	0	0	0	2	0	0	0	0	0	0	0	0	0	0	1	0	1	0	0	0	0	0	0
otu.34458	0	0	0	1	0	0	0	0	0	0	0	0	2	0	0	1	2	1	1	0	1	1	0	0	0	0	1	4	0	0
otu.34480	0	2	7	0	0	0	0	0	3	0	5	0	0	1	0	0	0	0	0	0	0	0	0	0	0	0	0	0	0	0
otu.34490	0	0	0	0	1	0	0	1	0	0	0	0	2	0	0	2	0	0	0	0	0	0	2	0	0	0	0	0	1	1
otu.34524	0	0	0	1	0	0	0	0	0	0	0	0	5	0	0	1	0	0	0	0	2	1	0	0	0	0	0	0	0	0
otu.34535	0	0	0	2	0	0	0	0	1	0	0	0	0	0	1	5	0	2	1	16	4	1	0	0	3	8	0	4	10	8
otu.34545	0	0	0	1	0	0	0	0	0	0	0	0	0	0	1	0	0	0	0	0	1	0	2	1	0	1	1	0	0	0
otu.34546	0	0	0	1	0	2	0	0	2	0	2	0	1	0	0	1	1	0	0	1	0	0	0	0	0	0	0	0	0	0
otu.34550	0	3	25	0	1	0	0	0	1	0	1	0	0	28	4	0	0	0	0	0	0	0	0	0	0	0	0	0	0	0
otu.34561	0	0	1	5	0	0	0	0	0	5	3	0	0	0	0	0	0	0	0	0	0	0	0	0	0	0	0	0	0	0
otu.34578	0	0	0	0	0	0	0	0	0	0	1	0	1	0	1	0	0	0	1	0	0	0	3	1	0	0	0	0	0	0
otu.34602	0	3	7	0	0	0	0	1	1	0	8	0	0	15	3	0	0	0	0	0	0	0	0	0	2	0	0	0	0	1
otu.34603	0	0	1	0	0	0	0	0	1	0	1	0	0	1	1	0	0	1	0	1	0	0	0	0	2	0	0	0	0	10
otu.34640	0	0	0	0	0	0	0	0	0	0	0	0	1	0	0	2	0	0	1	0	0	0	2	0	0	0	0	0	0	0
otu.34642	0	0	1	0	0	0	0	0	0	1	1	7	4	2	1	0	1	0	0	0	0	0	0	0	0	0	0	0	0	0
otu.34649	0	0	3	0	0	0	0	0	0	2	0	0	2	0	0	2	0	0	0	0	0	1	0	1	0	0	0	0	0	1
otu.34652	0	0	1	1	0	0	0	0	1	0	0	0	1	0	0	0	0	0	0	0	0	0	2	0	0	0	0	0	0	1
otu.34668	0	0	6	0	0	0	0	0	0	0	1	0	0	7	0	0	0	0	0	0	0	0	0	0	1	0	0	0	0	0
otu.34690	0	0	1	1	0	0	0	0	2	0	0	1	1	1	0	2	0	2	0	0	0	0	0	0	0	0	0	0	1	0
otu.34724	0	0	0	0	0	0	0	0	0	0	10	0	0	0	0	1	5	0	0	1	0	0	0	0	0	0	0	0	0	0
otu.34734	1	0	1	0	0	0	0	0	0	1	1	0	1	0	0	0	0	2	0	0	0	0	0	0	0	0	0	0	0	0
otu.34758	1	0	0	0	0	1	0	0	0	0	2	0	1	0	0	0	0	0	0	0	0	1	0	0	0	0	0	0	0	1
otu.34764	6	1	0	0	0	0	0	0	0	1	2	0	0	0	1	0	1	0	0	0	2	0	0	4	0	0	0	0	0	0
otu.34772	0	1	0	0	0	0	0	1	0	0	3	0	0	0	0	2	0	0	0	0	0	0	0	0	0	0	0	0	0	0
otu.34786	0	0	0	1	0	0	1	0	0	0	1	0	6	0	0	12	0	0	1	0	1	0	0	0	0	1	1	0	1	0
otu.34790	0	0	0	1	0	0	0	0	0	0	0	0	4	0	0	3	0	0	0	0	0	0	0	0	0	0	0	2	0	0
otu.34800	0	0	0	2	0	0	2	0	0	0	0	0	1	0	2	1	0	0	0	0	1	0	3	0	0	1	0	0	0	0
otu.34806	0	0	0	0	0	0	1	0	0	0	0	0	3	0	0	0	0	0	2	0	0	0	6	0	0	1	0	0	0	0
otu.34830	0	0	0	4	0	0	1	0	0	0	0	54	0	0	0	0	0	0	0	3	0	8	0	0	0	0	1	0	2	4
otu.34831	0	0	0	0	0	1	0	0	58	3	30	0	0	0	1	0	2	0	1	0	0	0	0	0	0	1	0	0	0	0
otu.34862	0	0	0	193	0	1	1	0	44	0	2	2	0	5	10	50	55	12	24	52	35	7	4	0	11	22	3	9	296	41
otu.34866	0	0	1	2	0	0	0	1	0	0	0	0	1	0	0	1	1	0	1	0	1	1	0	0	1	0	0	3	0	0
otu.34883	0	1	0	0	1	0	0	0	6	1	0	0	0	0	0	0	0	0	0	0	0	0	0	0	0	0	0	0	0	0
otu.34890	0	0	0	0	0	0	0	0	0	0	0	0	0	0	0	1	1	0	1	0	3	0	0	0	0	0	2	0	1	0
otu.34894	0	0	0	0	0	0	11	0	1	0	0	0	0	2	2	0	0	2	0	0	0	0	0	0	0	0	0	0	1	0
otu.34895	0	0	0	0	0	0	0	1	0	0	11	0	0	0	0	0	2	0	2	0	0	0	0	2	0	0	0	0	0	1
otu.34896	1	0	0	6	0	0	0	0	2	0	1	2	0	1	1	43	10	4	26	24	10	6	0	1	44	26	0	1	68	74
otu.34901	0	0	0	0	0	0	0	0	0	0	1	0	0	0	0	1	0	0	3	0	0	0	0	0	0	0	2	0	0	0
otu.34913	0	0	0	0	0	1	0	0	0	0	1	0	0	0	0	1	0	0	0	1	0	0	0	0	0	0	0	0	0	0
otu.34915	0	0	0	0	0	0	1	0	0	0	2	1	0	1	0	0	0	1	0	0	0	0	0	0	0	0	0	0	0	0
otu.34918	0	0	0	0	0	0	0	0	0	0	0	0	0	0	0	0	0	0	1	0	0	0	0	16	0	0	1	1	0	0
otu.34919	0	0	0	0	0	0	0	0	0	0	0	0	0	0	0	2	0	0	10	1	0	0	0	0	0	0	1	0	1	1
otu.34924	0	0	0	0	0	1	0	0	0	0	1	1	1	0	0	0	0	0	0	0	0	0	0	0	0	0	0	1	0	0
otu.34938	0	0	0	0	1	1	0	0	0	0	1	0	0	1	0	1	0	0	0	0	0	0	0	0	0	0	0	0	0	0
otu.34944	0	0	0	0	0	0	0	0	0	0	0	0	0	0	0	0	0	0	2	0	0	0	0	0	0	0	2	1	4	1
otu.34946	10	1	1	1	0	0	0	10	0	1	23	1	3	0	0	2	0	0	0	2	0	0	1	1	0	0	7	2	0	0
otu.34950	1	1	1	0	0	0	0	0	0	2	1	0	0	0	0	0	0	0	0	0	0	0	0	0	0	0	0	0	0	0
otu.34959	0	0	0	0	0	0	0	0	0	0	0	0	5	0	0	3	0	0	3	0	0	0	0	0	0	0	0	1	0	0
otu.34967	0	0	0	0	0	0	0	0	0	0	0	0	0	0	0	6	1	16	12	0	6	0	0	4	0	1	4	3	1	0
otu.34972	6	0	1	0	0	0	0	0	0	0	2	0	0	8	1	0	0	0	0	0	0	0	0	0	0	0	0	0	0	0
otu.34991	4	0	2	0	0	0	1	0	0	2	1	1	6	2	0	0	0	0	0	0	0	0	0	0	0	0	1	0	0	0
otu.35019	0	1	0	0	0	0	1	0	0	8	0	0	6	3	8	0	0	0	0	0	1	0	0	0	0	2	0	1	0	0
otu.35023	0	2	1	0	0	0	0	0	1	0	1	0	0	0	0	0	0	0	0	0	0	0	0	0	1	0	0	0	0	0
otu.35028	0	0	0	0	0	0	0	0	0	0	0	0	0	0	0	3	3	0	7	0	0	0	0	0	0	1	4	0	6	0
otu.35029	0	0	0	0	0	0	0	0	0	0	0	0	0	0	0	1	0	1	1	0	0	0	0	0	0	0	0	1	1	0
otu.35037	0	0	0	0	0	0	0	0	0	0	5	0	5	2	0	0	0	0	1	0	0	0	0	0	0	0	0	0	0	0
otu.35051	0	0	1	2	1	0	4	0	1	0	4	0	2	1	9	0	3	0	0	0	12	0	0	0	4	0	0	0	0	1
otu.35066	1	0	0	3	0	0	0	0	2	0	7	1	0	0	0	4	3	2	2	2	1	1	0	4	2	6	4	1	8	4
otu.35083	0	0	1	0	1	0	0	2	0	0	13	0	2	2	0	3	0	0	2	0	0	0	0	0	0	0	0	1	0	0
otu.35085	0	1	1	0	0	0	0	0	0	1	12	0	0	0	0	0	0	0	0	0	0	0	0	0	0	0	0	0	0	0
otu.35112	0	0	0	0	0	0	0	0	0	0	0	0	1	0	1	0	0	0	0	0	0	1	0	0	0	0	0	1	0	0
otu.35114	0	0	0	1	0	0	0	0	0	0	0	0	0	0	0	1	0	1	0	1	0	0	0	0	0	0	0	0	1	7
otu.35146	1	0	2	0	0	0	0	0	0	0	0	0	1	0	0	0	1	0	0	0	0	0	0	0	1	0	0	0	0	1
otu.35155	0	0	0	3	0	0	1	0	0	0	1	0	3	1	1	0	0	0	0	0	3	0	0	0	0	0	0	0	0	0
otu.35163	1	0	1	3	0	0	0	1	0	0	44	3	1	0	1	3	0	0	0	0	0	0	1	0	0	0	0	2	0	0
otu.35205	2	0	0	0	0	0	0	0	0	0	2	0	0	0	0	0	0	0	0	0	0	0	1	2	0	0	0	0	0	0
otu.35206	0	0	0	2	0	0	0	0	0	0	0	0	0	0	0	5	0	1	0	0	5	0	0	0	0	8	0	1	0	0
otu.35217	3	4	1	0	0	0	1	0	0	1	7	0	0	7	0	0	0	0	0	0	0	0	0	0	0	0	0	0	0	0
otu.35219	0	0	0	0	0	1	0	0	0	2	0	1	1	0	0	0	0	0	0	0	0	0	1	0	0	0	0	0	0	0
otu.35239	0	0	0	0	0	0	0	0	0	0	0	0	0	0	0	2	0	2	1	0	0	0	0	1	0	0	0	0	0	0
otu.35264	0	0	0	1	0	0	0	4	0	0	0	0	1	0	0	1	0	0	0	0	0	0	0	0	0	0	0	1	0	0
otu.35280	0	0	0	0	0	0	0	0	0	0	0	1	0	0	0	0	0	0	0	1	0	0	0	0	3	0	0	0	0	1
otu.35287	2	0	0	0	0	2	0	1	1	0	2	2	1	0	1	0	0	7	0	0	0	0	2	0	0	0	0	0	0	0
otu.35306	0	0	0	1	0	0	0	0	0	0	0	0	0	0	2	0	0	1	0	0	0	1	2	0	0	0	0	1	0	0
otu.35324	0	0	0	0	0	0	0	0	1	0	2	1	1	0	0	4	0	1	0	0	0	2	1	0	0	0	0	0	0	2
otu.35335	0	1	2	11	0	0	2	0	0	3	7	3	13	0	9	3	1	0	1	0	11	1	0	0	2	6	0	0	0	0
otu.35340	0	0	1	3	0	0	0	0	1	0	0	0	0	0	0	1	2	0	0	1	0	0	0	0	2	0	0	0	0	3
otu.35354	0	1	0	1	3	0	1	0	1	0	0	1	4	0	0	0	0	0	0	0	0	0	0	0	0	0	0	0	0	2
otu.35358	14	1	0	1	1	4	0	15	0	0	44	3	7	0	0	1	1	0	1	0	0	0	0	2	2	0	10	11	1	1
otu.35362	0	1	4	0	0	0	0	2	0	0	3	0	0	7	1	0	0	0	0	0	0	0	0	0	3	0	0	0	0	0
otu.35364	0	0	0	0	0	0	0	0	1	0	1	1	1	0	0	0	0	0	0	0	0	0	0	0	0	0	0	0	0	0
otu.35370	0	0	0	0	0	0	0	0	0	0	0	0	0	0	2	0	4	0	0	0	1	0	0	3	0	0	0	0	0	0
otu.35378	0	0	0	0	0	0	1	0	0	1	2	0	3	0	1	0	0	0	0	0	0	0	0	0	1	1	0	0	0	0
otu.35388	0	0	0	0	0	0	1	0	0	0	1	0	1	0	1	0	1	0	0	0	0	0	0	0	0	0	0	0	0	0
otu.35392	0	1	0	1	0	1	1	0	2	0	5	0	2	1	0	0	2	1	1	0	0	0	2	0	0	0	0	1	0	0
otu.35400	0	0	0	0	0	0	0	0	0	0	0	0	0	0	0	0	0	4	2	0	0	5	0	0	0	0	1	0	0	0
otu.35401	0	0	0	1	0	0	0	0	0	0	0	0	0	0	0	1	0	0	0	0	0	0	0	1	0	3	0	0	0	2
otu.35406	0	0	0	0	0	0	0	0	0	0	3	0	1	0	2	0	0	2	0	0	0	0	0	0	1	1	0	0	0	0
otu.35410	0	0	0	1	0	1	0	1	0	1	3	1	1	0	0	1	0	0	0	2	0	0	3	0	2	0	0	0	0	0
otu.35433	0	0	1	0	0	0	0	0	0	0	3	0	0	7	0	0	0	0	0	0	0	0	0	0	1	0	0	0	0	0
otu.35467	7	0	0	1	0	0	0	0	1	0	1	0	1	0	0	1	1	0	0	0	0	0	0	0	2	1	0	0	0	1
otu.35473	0	0	0	0	0	0	2	0	1	0	0	0	3	0	0	0	0	0	0	0	1	0	0	1	0	0	1	0	0	0
otu.35477	0	3	5	0	84	10	0	13	3	6	2	3	0	25	0	0	0	1	0	0	0	1	0	0	0	0	1	0	0	0
otu.35491	0	0	0	0	1	0	0	0	0	0	0	51	0	0	0	20	0	0	0	7	0	0	0	0	0	0	0	0	8	7
otu.35494	2	0	0	0	2	0	0	0	0	1	3	2	3	0	0	4	1	1	0	0	0	1	15	0	0	0	0	0	0	0
otu.35501	1	0	0	0	0	0	0	3	9	0	2	0	0	0	0	6	0	0	12	0	1	0	0	0	0	30	22	0	1	0
otu.35502	0	0	0	0	0	0	0	0	0	0	0	0	0	0	0	1	5	0	2	0	7	0	1	0	0	0	0	0	0	0
otu.35514	0	0	0	1	0	0	0	0	0	0	0	0	0	0	0	0	0	0	0	0	0	0	0	1	0	1	1	6	0	0
otu.35524	3	1	0	0	0	0	0	1	0	0	0	0	1	0	0	0	0	0	1	0	0	0	0	0	0	0	0	0	0	0
otu.35528	0	0	0	3	0	0	0	0	2	0	0	3	0	0	1	4	2	1	9	3	2	0	0	0	5	2	1	4	3	3
otu.35538	0	0	0	6	0	1	0	0	1	0	2	0	0	0	3	11	3	6	21	5	3	0	1	1	2	5	2	4	11	11
otu.35572	0	1	1	0	2	13	0	0	0	0	9	0	0	0	0	0	0	0	0	0	0	0	0	0	0	0	0	0	0	0
otu.35575	5	0	0	0	0	0	0	2	0	0	0	0	0	0	0	0	0	0	0	0	0	0	0	1	0	0	0	1	0	0
otu.35583	0	0	0	0	0	0	0	0	0	0	1	0	1	0	0	0	0	0	0	0	0	0	1	0	0	0	0	1	0	0
otu.35585	0	0	0	96	1	0	0	0	11	1	1	0	2	2	0	18	12	1	3	28	13	0	2	0	27	2	1	2	40	19
otu.35587	0	0	0	1	0	0	0	0	0	0	3	0	1	0	0	0	0	0	0	0	0	0	0	0	0	0	0	0	0	1
otu.35599	1	3	4	0	0	0	0	0	4	0	9	0	0	0	0	0	0	0	0	2	0	0	0	0	0	0	0	0	0	0
otu.35613	0	0	0	0	0	0	0	0	0	0	1	0	0	0	0	2	1	0	4	0	0	0	0	1	0	0	0	0	0	0
otu.35628	0	0	0	0	0	0	0	1	0	0	1	0	0	0	0	0	0	0	0	1	0	0	0	0	0	0	0	1	0	0
otu.35629	0	0	0	0	0	0	3	0	0	1	1	3	4	0	0	0	0	0	0	0	0	0	0	0	0	0	0	0	0	0
otu.35630	0	0	0	13	0	0	0	0	3	0	0	0	16	1	3	4	2	0	2	3	2	0	0	0	5	0	0	0	16	6
otu.35636	0	0	0	5	0	0	0	0	0	0	0	0	0	0	2	1	2	0	2	0	0	0	0	0	0	0	0	1	21	2
otu.35644	4	2	0	1	0	0	0	0	1	1	1	0	0	1	1	0	0	0	0	0	0	0	0	0	0	0	1	0	0	0
otu.35650	2	0	0	1	0	0	1	0	0	3	2	1	3	0	1	0	0	0	0	0	0	0	0	1	0	0	1	0	0	0
otu.35654	0	0	0	3	0	0	3	0	6	0	0	0	0	1	11	0	3	0	1	1	7	0	0	0	2	0	0	0	0	0
otu.35655	1	1	0	0	0	0	1	2	0	0	1	0	0	0	0	0	0	0	0	0	0	0	0	0	0	0	0	0	0	0
otu.35656	0	0	0	2	0	0	0	0	0	0	0	1	0	0	0	0	0	0	0	0	0	0	0	0	1	0	0	0	3	0
otu.35665	0	0	0	0	1	0	0	0	0	0	1	0	1	0	0	2	0	0	0	0	0	1	1	0	0	0	0	0	0	1
otu.35672	0	0	0	2	0	0	0	0	0	0	0	0	3	0	0	1	0	1	0	0	1	0	0	0	0	0	0	4	0	0
otu.35675	0	0	0	1	0	0	0	0	0	0	0	0	0	0	0	0	1	1	5	0	1	0	0	0	0	0	1	0	4	0
otu.35699	0	0	2	0	0	1	0	4	0	3	6	0	0	0	0	0	0	0	0	0	0	0	0	0	0	0	0	0	0	0
otu.35716	0	0	0	0	0	0	0	0	0	0	0	0	0	0	2	0	0	0	1	0	2	0	1	0	0	0	0	0	0	0
otu.35726	0	0	0	0	0	3	0	6	0	0	1	0	0	0	0	3	0	0	0	1	0	0	0	0	0	0	0	3	0	1
otu.35732	5	1	0	1	0	0	0	0	1	0	0	2	0	0	1	1	1	0	0	1	2	0	0	1	0	0	0	0	0	0
otu.35740	6	0	1	0	0	0	0	0	0	0	0	0	0	0	0	2	0	4	0	0	0	0	0	0	0	0	1	0	0	0
otu.35744	0	0	1	0	0	0	0	3	0	0	0	0	0	0	0	1	0	0	0	0	0	0	0	0	0	0	0	1	0	3
otu.35746	0	0	0	0	0	0	1	0	0	3	1	0	3	2	1	0	0	0	0	0	0	0	0	0	0	0	0	0	0	0
otu.35749	0	0	0	0	0	1	0	0	0	0	1	1	1	0	0	0	0	0	0	0	0	0	0	0	1	0	0	0	0	0
otu.35764	0	0	0	0	0	0	0	0	0	0	0	1	0	0	0	0	0	0	0	0	0	0	1	1	0	0	0	0	0	1
otu.35765	0	0	0	0	0	0	0	0	2	0	0	46	1	0	0	4	5	28	29	4	0	7	2	0	3	7	3	3	15	5
otu.35771	1	1	4	0	0	1	1	0	0	8	9	0	0	0	0	0	0	0	0	0	0	0	0	0	0	0	0	0	0	0
otu.35772	0	0	0	1	0	0	1	0	0	0	2	0	1	0	0	0	0	0	0	0	1	0	0	0	0	0	0	0	0	0
otu.35775	0	0	0	6	0	0	0	0	0	0	0	0	0	0	9	0	4	1	2	0	2	1	4	0	0	2	0	0	0	0
otu.35776	0	0	0	1	2	0	0	0	0	0	1	0	1	0	0	0	1	0	0	0	0	0	0	0	0	0	0	0	0	3
otu.35778	2	7	1	0	0	0	0	1	0	0	1	0	0	6	0	0	0	0	0	0	0	0	0	0	0	0	0	0	0	0
otu.35784	1	1	0	0	0	0	0	1	0	6	6	0	0	0	0	0	0	0	0	0	0	0	0	0	0	0	0	0	0	0
otu.35788	0	0	0	0	0	0	0	0	0	0	0	0	0	0	2	2	0	4	5	0	0	0	1	0	0	0	0	1	1	0
otu.35790	1	0	0	14	0	0	0	0	4	0	0	0	4	0	3	4	6	0	7	8	17	1	0	2	5	1	4	0	5	9
otu.35793	0	1	3	0	0	0	0	0	1	0	0	0	1	0	0	0	3	0	0	0	0	0	0	0	1	0	0	0	0	7
otu.35798	0	0	0	0	0	0	1	0	0	0	0	0	2	0	0	0	0	0	1	0	0	0	0	0	3	0	0	0	0	0
otu.35800	1	1	5	0	0	0	0	0	0	9	10	0	0	0	0	0	0	0	0	0	0	0	0	0	1	0	0	0	0	0
otu.35811	0	0	1	1	0	1	1	0	3	0	1	7	1	0	1	3	1	1	0	0	2	0	6	0	0	0	0	0	0	0
otu.35814	0	0	6	0	1	0	0	0	0	3	0	0	0	0	0	0	0	0	0	0	0	0	0	0	1	0	0	0	0	0
otu.35817	0	0	0	0	0	0	0	0	0	0	0	0	0	0	0	0	0	0	0	0	2	1	0	2	0	1	0	0	0	0
otu.35819	1	0	0	0	1	0	0	0	1	0	3	0	4	1	3	0	0	0	1	0	0	0	0	0	0	0	0	0	0	1
otu.35831	0	0	0	0	0	0	0	0	0	0	0	0	0	0	0	0	1	0	0	1	0	1	0	0	0	0	0	1	0	0
otu.35838	0	0	0	11	0	0	0	0	2	0	0	0	1	1	2	4	3	0	4	0	6	0	14	0	2	0	0	0	6	9
otu.35842	1	3	6	0	1	0	0	0	2	0	3	0	0	1	0	0	0	0	0	0	0	0	0	0	0	0	0	0	0	0
otu.35851	0	0	0	0	0	0	0	0	0	0	0	0	0	0	0	0	1	0	3	0	0	1	0	0	0	0	2	1	1	0
otu.35855	0	0	0	0	0	0	0	0	0	0	0	0	0	0	0	1	0	0	4	0	0	0	1	0	0	0	1	0	0	1
otu.35860	1	0	1	2	0	0	0	0	2	0	0	0	1	0	1	3	4	0	1	0	0	0	0	0	20	1	0	0	0	1
otu.35869	0	0	0	2	0	0	0	0	0	0	0	0	0	0	0	3	3	0	0	0	0	2	0	0	0	0	0	0	0	0
otu.35874	0	0	99	0	0	0	1	0	11	0	0	5	0	0	1	0	0	0	0	0	0	0	0	0	59	0	0	0	0	0
otu.35883	4	0	3	0	0	9	1	8	3	1	27	3	2	0	1	2	2	0	1	0	0	0	0	2	6	0	4	1	1	1
otu.35892	0	0	0	1	0	0	3	0	0	1	0	0	1	0	0	0	0	0	0	0	0	0	0	0	0	0	0	0	0	0
otu.35898	0	0	9	639	0	2	17	1	150	2	9	139	154	11	29	98	113	86	57	226	106	28	13	10	289	17	3	18	382	116
otu.35907	0	0	0	0	0	0	0	0	0	0	0	0	0	0	0	0	0	1	1	0	0	0	0	0	0	0	1	1	0	0
otu.35928	0	0	0	0	0	0	11	0	1	1	0	6	4	0	2	0	0	0	0	0	1	0	0	0	3	0	0	0	0	0
otu.35929	1	3	0	1	0	0	0	1	0	0	0	3	1	0	2	0	0	0	0	0	2	0	1	0	0	1	0	2	0	0
otu.35936	0	0	0	1	0	0	1	0	0	0	1	0	0	0	1	16	2	13	22	7	2	3	12	1	14	9	0	1	45	15
otu.35943	13	2	0	0	0	0	0	0	0	0	0	0	0	0	0	0	0	0	0	0	0	0	1	4	0	0	0	0	0	0
otu.35952	7	12	107	6	3	29	4	1	0	166	128	0	0	2	2	1	0	0	0	0	0	0	0	0	21	0	0	0	0	0
otu.35953	0	0	1	1	0	3	0	0	0	1	1	1	2	0	0	1	1	0	0	0	0	1	9	0	0	0	0	0	0	2
otu.35954	0	0	0	0	0	0	3	0	0	0	1	0	1	1	4	0	0	0	0	0	1	0	0	0	0	0	0	0	0	0
otu.35956	1	0	0	0	0	0	0	2	0	0	1	0	0	0	0	2	0	1	0	0	0	0	0	2	0	0	0	2	0	0
otu.35959	0	0	0	3	0	0	0	0	0	0	0	0	0	0	0	7	0	1	3	0	0	0	0	0	0	0	0	0	0	0
otu.35968	6	0	9	0	1	0	0	0	0	0	1	0	0	26	1	0	0	0	0	0	0	0	0	0	2	0	0	0	0	0
otu.35971	0	0	0	1	0	1	1	0	0	0	8	2	1	1	0	1	0	0	0	0	0	0	1	0	0	0	0	0	0	0
otu.35972	1	0	6	11	0	0	4	0	5	1	3	0	28	2	3	4	3	0	11	9	12	1	0	2	0	3	5	0	1	3
otu.35973	3	0	0	0	0	0	0	0	0	1	9	0	2	0	0	0	1	0	0	0	0	0	0	1	0	0	3	0	0	1
otu.35975	2	0	0	0	2	0	1	0	4	0	2	2	2	0	0	1	2	0	0	0	0	0	0	0	0	0	0	1	0	3
otu.35981	0	1	0	1	0	1	0	0	1	0	0	0	0	0	0	1	0	0	0	0	0	0	1	1	0	0	0	3	0	0
otu.35983	1	2	6	4	0	3	0	9	3	0	36	2	3	2	1	2	1	0	1	0	1	1	1	0	6	0	0	11	0	5
otu.35992	0	0	0	2	0	0	0	0	0	1	5	0	2	0	0	0	0	0	0	0	0	0	0	0	7	0	2	0	0	0
otu.35993	0	0	0	0	0	0	1	0	0	0	0	1	2	3	0	0	0	0	0	0	0	0	0	0	0	0	0	0	0	0
otu.35996	0	0	0	0	0	0	0	0	0	0	1	0	0	0	0	6	1	0	0	0	0	0	0	1	0	1	0	7	1	0
otu.35999	0	0	0	0	0	0	0	0	0	2	0	0	0	0	2	0	2	0	1	0	2	1	0	0	0	1	0	0	0	0
otu.36000	0	0	0	0	0	0	0	0	0	0	0	0	0	0	0	0	9	1	6	0	2	0	0	0	0	3	0	0	0	0
otu.36007	0	0	0	2	2	0	1	0	1	0	0	1	0	0	0	8	4	0	0	0	4	1	0	0	1	0	0	2	1	4
otu.36010	0	0	0	67	0	0	0	0	15	0	1	1	8	3	6	31	6	0	7	63	11	0	1	1	39	1	2	6	30	36
otu.36025	2	0	0	0	0	0	1	0	0	1	1	0	0	0	0	1	0	0	0	0	0	0	0	0	0	0	0	0	0	0
otu.36038	4	0	0	40	0	0	0	3	9	0	1	5	0	1	13	48	27	0	10	14	7	1	1	23	10	1	1	14	38	5
otu.36047	0	0	1	0	0	0	0	1	0	0	0	0	4	0	0	1	0	0	0	0	0	0	0	0	0	0	0	0	0	1
otu.36061	31	60	3	1	2	207	13	62	7	0	10	46	5	3	30	0	1	17	1	2	7	1	1	12	7	2	4	21	0	2
otu.36066	1	1	0	0	0	1	0	0	0	0	3	0	0	0	0	0	0	0	0	0	0	0	0	2	0	0	0	0	0	0
otu.36074	0	0	0	0	0	0	0	0	0	0	0	0	0	0	1	0	0	0	0	0	1	2	0	0	0	4	3	3	0	0
otu.36094	1	0	0	0	0	0	0	0	0	1	4	0	3	1	0	0	0	0	0	0	0	0	0	0	0	0	0	0	0	0
otu.36098	6	0	1	1	0	0	0	1	0	1	2	0	0	0	0	0	0	0	0	0	0	0	0	0	1	0	0	1	0	0
otu.36106	0	0	0	0	0	0	2	0	0	0	0	1	2	1	0	0	0	0	0	0	0	0	0	0	1	0	0	0	0	0
otu.36117	0	0	0	0	0	0	0	0	0	0	0	0	0	1	0	1	0	1	0	2	0	0	2	0	0	0	0	0	0	1
otu.36118	0	0	0	0	0	0	0	0	0	0	0	0	1	0	0	1	0	1	0	0	0	0	1	0	0	1	0	1	0	0
otu.36121	2	0	4	0	0	0	0	0	0	0	2	0	0	1	0	0	0	0	0	0	0	0	0	0	0	0	0	0	0	0
otu.36145	0	0	0	0	0	2	0	0	1	0	1	0	0	0	0	0	0	0	0	0	0	0	1	0	0	0	0	0	0	0
otu.36149	1	0	0	0	0	0	0	0	0	0	1	0	0	0	0	0	0	1	0	0	0	1	0	1	0	0	0	0	0	0
otu.36156	0	0	0	8	0	0	0	0	0	0	2	0	12	0	14	4	1	3	3	0	6	6	16	0	0	2	0	2	0	0
otu.36158	3	0	1	0	1	0	0	0	0	0	3	0	0	2	0	0	0	0	0	0	0	0	0	0	0	0	0	0	0	0
otu.36160	0	0	0	3	0	0	1	0	0	0	0	0	7	0	0	0	0	1	0	0	0	0	0	0	0	0	0	1	0	0
otu.36168	0	0	0	0	0	0	0	0	0	0	0	1	0	0	0	0	0	0	0	2	0	0	0	1	1	0	1	0	5	3
otu.36179	1	9	34	0	33	1	0	3	1	24	58	0	0	29	2	0	0	0	0	1	1	0	0	0	3	0	0	0	0	0
otu.36186	0	0	0	1	0	0	1	0	0	0	0	0	8	0	0	3	0	0	0	0	0	0	1	0	0	1	0	1	0	0
otu.36189	0	0	0	2	0	0	0	0	0	0	0	0	3	0	0	3	0	0	0	0	0	0	0	0	0	1	0	1	0	0
otu.36193	0	0	0	1	0	0	0	0	0	0	1	0	5	0	0	7	0	1	0	0	0	0	3	0	0	0	0	0	0	0
otu.36198	0	0	2	105	0	0	0	0	3	0	4	0	4	1	15	2	10	0	2	1	20	0	1	3	2	23	0	11	5	3
otu.36200	0	0	0	47	0	0	2	0	1	0	0	3	17	0	46	2	6	6	0	1	11	10	18	0	0	3	0	1	1	0
otu.36205	0	0	0	1	0	1	0	0	0	0	2	1	4	0	0	2	5	1	0	0	0	2	5	0	0	0	0	0	0	2
otu.36209	1	0	1	0	0	2	2	0	0	1	4	3	0	0	0	2	0	1	0	0	0	0	1	0	0	0	0	0	0	1
otu.36214	0	0	0	1	0	0	0	0	0	0	0	0	0	0	0	0	0	1	0	0	1	2	0	0	0	2	1	0	3	0
otu.36222	0	0	0	5	0	0	1	0	0	0	2	0	8	0	4	5	0	4	4	1	1	4	6	2	0	0	0	1	0	0
otu.36233	0	0	0	0	0	0	2	0	0	0	3	0	4	0	0	3	0	1	0	1	1	0	0	0	0	0	0	2	0	0
otu.36238	0	0	1	3	0	0	1	0	1	0	10	0	31	0	3	62	1	0	4	0	1	2	1	0	0	1	0	0	0	0
otu.36239	0	0	0	4	0	0	4	0	0	1	0	0	16	1	20	1	0	4	2	0	23	1	1	3	0	8	1	0	1	3
otu.36246	0	0	0	0	0	0	0	0	0	0	0	0	0	0	0	1	0	0	0	0	0	0	0	0	2	0	0	0	1	3
otu.36266	0	0	6	0	1	2	1	0	2	0	0	10	2	1	0	2	0	0	0	0	0	1	6	0	0	0	0	0	0	3
otu.36368	0	0	0	2	0	0	0	0	0	0	0	0	0	0	0	5	0	1	13	0	0	0	0	0	0	1	1	0	1	0
otu.36393	0	0	9	0	1	0	0	0	0	0	12	1	0	0	0	2	10	0	2	2	1	0	0	0	1	5	1	0	3	0
otu.36397	1	0	4	3	2	0	0	0	5	1	1	1	24	0	0	10	8	0	0	1	1	2	15	0	1	0	0	0	1	7
otu.36414	0	0	0	14	0	0	3	0	0	0	0	2	21	0	3	1	1	40	9	1	3	26	13	0	0	2	0	0	0	0
otu.36433	0	0	0	51	0	0	10	0	0	0	6	0	197	0	13	43	6	2	11	0	18	11	13	6	4	18	5	3	4	1
otu.36440	0	0	0	0	57	4	0	0	0	25	2	0	0	0	0	0	0	0	0	0	0	0	0	0	0	0	0	0	0	0
otu.36449	0	1	0	4	0	4	2	5	1	0	3	8	0	0	1	3	0	1	0	0	0	2	23	0	0	0	0	1	0	4
otu.36451	0	0	0	3	0	0	2	0	1	0	1	0	72	0	2	3	0	0	0	0	1	0	0	0	2	0	1	1	0	0
otu.36452	0	0	3	0	5	2	2	1	2	0	1	5	3	1	0	3	1	0	0	1	0	3	2	0	0	0	0	1	1	2
otu.36453	2	0	0	0	0	0	1	0	0	0	1	0	0	0	0	1	0	0	0	0	0	0	0	0	0	0	0	0	0	0
otu.36456	0	0	0	2	0	0	0	0	0	0	1	0	21	1	2	11	1	0	4	0	3	0	0	0	0	0	0	0	0	0
otu.36460	0	0	2	0	1	1	0	0	0	3	0	0	0	0	0	0	0	0	0	0	0	0	0	0	0	0	0	0	0	0
otu.36462	2	0	2	816	0	0	77	0	28	3	50	4	377	2	91	262	133	12	21	4	159	31	2	19	20	95	10	77	22	8
otu.36464	0	0	0	1	0	0	3	0	0	0	0	0	14	0	0	9	1	0	0	0	0	1	1	0	0	0	0	0	0	0
otu.36466	0	2	5	0	1	0	0	1	1	0	1	0	0	0	0	0	0	0	0	0	0	0	0	0	0	0	0	0	0	0
otu.36469	0	0	0	1	0	0	0	0	0	0	0	0	10	0	0	2	1	1	0	0	0	2	1	1	0	2	1	1	0	0
otu.36477	0	1	0	0	0	1	5	0	2	2	0	0	3	1	0	0	0	0	0	0	1	0	0	0	0	0	0	0	1	0
otu.36480	0	0	0	0	1	0	0	4	1	0	0	0	0	0	0	0	0	1	0	0	0	0	0	0	0	0	0	0	0	0
otu.36482	0	0	0	1	0	0	0	8	0	0	1	1	1	0	0	1	1	2	0	1	0	2	1	0	0	0	0	1	0	4
otu.36486	0	0	0	0	0	1	0	0	0	0	1	1	0	0	0	1	4	0	0	0	0	0	0	0	0	0	0	0	0	0
otu.36487	0	0	0	0	0	0	0	0	1	0	0	0	1	0	0	1	0	1	0	0	1	1	0	0	0	0	0	0	0	0
otu.36489	1	0	1	0	0	1	0	0	0	0	0	2	0	0	0	0	3	0	0	0	0	0	0	0	0	0	0	0	0	1
otu.36492	4	0	0	0	0	3	1	0	0	4	1	0	0	0	0	0	0	0	0	0	0	0	0	0	0	0	0	0	0	0
otu.36495	1	0	1	0	0	1	0	0	0	2	0	0	0	0	0	0	0	0	0	0	0	0	0	0	0	0	0	0	0	0
otu.36496	1	0	0	2	0	0	1	0	2	2	5	1	7	5	1	1	0	0	0	0	0	0	0	0	0	0	1	0	0	1
otu.36499	0	0	0	0	0	0	0	0	0	0	1	0	2	1	0	0	0	1	0	0	0	0	0	0	0	0	0	0	0	0
otu.36505	0	0	0	0	0	0	0	0	0	0	0	0	0	0	0	0	141	3	13	0	0	24	1	0	0	8	12	0	0	0
otu.36506	0	0	0	1	0	0	0	0	1	0	2	0	2	0	0	7	0	1	0	0	1	1	3	0	0	1	1	0	0	0
otu.36508	0	0	0	37	0	0	1	0	1	0	0	5	3	0	58	1	7	23	2	1	9	19	28	0	0	8	0	1	0	0
otu.36521	0	0	0	2	0	0	0	0	0	0	0	0	5	0	0	0	0	4	0	0	0	1	14	0	0	0	0	0	0	0
otu.36529	0	0	0	0	90	10	1	0	0	14	4	0	0	0	0	0	0	0	0	0	0	0	0	0	0	0	0	0	0	0
otu.36530	5	30	64	0	2	9	0	5	1	2	69	0	0	10	12	0	0	1	0	1	0	0	0	0	10	0	0	0	0	0
otu.36531	0	0	0	0	0	0	0	0	0	0	0	0	1	0	2	0	0	1	0	0	0	0	1	0	0	0	0	0	0	0
otu.36536	0	0	2	4	0	5	0	1	5	1	1	7	1	0	0	1	0	8	0	0	1	0	0	0	4	0	0	1	0	1
otu.36544	1	3	3	1	2	7	3	0	8	0	5	2	7	5	1	5	8	2	0	0	1	3	10	0	0	0	0	0	3	18
otu.36548	0	0	0	0	0	1	0	1	2	0	0	0	0	0	0	1	0	0	0	0	0	0	1	0	0	0	0	0	0	0
otu.36555	2	0	1	3	0	0	0	0	1	0	0	2	2	0	0	5	3	0	0	0	0	0	4	1	0	0	0	2	0	6
otu.36560	0	0	6	0	0	2	0	0	0	0	0	1	0	0	0	0	0	0	0	0	0	0	0	0	0	0	0	0	0	1
otu.36576	0	0	0	0	0	0	6	0	0	0	0	2	4	0	0	0	0	2	0	0	0	1	0	0	0	0	0	0	0	0
otu.36589	0	0	0	0	0	0	1	0	0	0	0	0	1	0	0	1	0	1	0	0	0	0	1	0	0	0	0	0	0	0
otu.36597	0	0	26	5	5	35	2	0	8	2	5	3	4	0	0	4	0	4	0	0	0	0	0	0	2	0	0	0	0	3
otu.36598	2	0	19	0	1	12	6	0	1	6	4	15	2	0	0	0	0	3	0	0	0	2	1	1	1	0	0	0	0	1
otu.36600	1	0	1	2	1	3	0	0	3	0	10	0	2	0	1	6	3	0	0	0	0	0	0	0	0	0	0	1	0	11
otu.36601	0	0	0	0	0	0	0	0	0	0	0	0	0	0	0	0	0	0	1	0	0	0	0	0	0	0	1	0	3	1
otu.36605	2	1	0	0	2	0	1	1	0	13	8	0	0	1	0	1	0	0	0	0	0	0	0	0	0	0	0	0	0	0
otu.36613	0	1	0	0	1	0	0	4	0	0	0	0	0	1	0	0	0	0	0	0	0	0	0	0	0	0	0	0	0	0
otu.36615	2	0	1	1	5	0	4	0	2	2	7	6	1	1	0	2	1	0	1	0	0	0	1	0	0	0	0	0	1	10
otu.36626	1	0	13	0	0	4	1	0	6	0	1	7	3	0	0	3	0	3	0	0	1	1	3	0	1	0	0	0	0	1
otu.36627	0	0	0	2	0	0	1	0	0	0	0	0	2	0	0	0	0	0	0	0	0	2	0	0	0	0	0	1	0	0
otu.36628	0	0	0	0	0	0	5	0	2	0	1	0	13	0	0	0	0	0	0	0	0	0	0	0	1	0	0	0	0	0
otu.36633	0	0	0	1	0	0	12	0	0	1	0	0	1	0	0	0	0	0	0	0	1	0	0	0	0	0	0	0	0	0
otu.36634	2	0	0	0	0	0	1	0	1	1	0	0	0	1	0	0	0	0	0	0	0	0	0	0	0	0	0	0	0	0
otu.36637	0	0	0	1	0	0	0	0	0	0	3	0	0	0	2	0	0	4	0	0	2	0	0	0	0	0	0	0	1	0
otu.36640	1	0	0	0	0	0	0	1	0	0	0	0	0	0	0	0	0	0	0	0	0	0	0	1	0	0	1	0	0	0
otu.36645	0	0	0	0	0	0	4	0	1	0	0	0	14	0	2	0	0	0	0	0	0	0	0	0	1	0	0	0	0	0
otu.36665	0	0	0	25	0	0	0	0	0	0	0	0	6	0	0	2	0	0	2	0	1	0	0	0	0	5	0	1	0	1
otu.36668	0	0	0	57	0	0	6	0	4	0	11	0	109	0	21	13	23	4	3	7	62	4	0	3	1	30	1	6	1	3
otu.36677	0	0	2	0	0	0	2	0	0	0	1	1	4	0	3	0	1	1	0	0	1	0	8	0	1	0	0	0	0	1
otu.36689	0	0	0	8	0	0	1	0	2	0	0	0	6	0	3	1	1	1	2	0	2	4	1	0	0	1	1	2	1	0
otu.36694	3	1	86	1	12	26	4	13	22	5	27	69	31	3	0	11	32	17	0	6	1	5	14	0	4	0	0	10	4	12
otu.36695	0	0	0	0	0	0	1	0	0	0	2	2	3	0	1	0	0	0	0	0	0	0	0	0	0	0	0	0	0	0
otu.36697	0	0	0	0	2	1	0	1	0	1	0	0	0	0	0	0	0	2	0	0	0	0	0	0	0	0	0	0	0	0
otu.36711	1	0	0	0	2	2	0	0	0	8	1	0	0	0	0	0	0	0	0	0	0	0	0	0	0	0	0	0	0	0
otu.36716	0	0	0	0	0	0	0	0	0	0	2	0	6	0	0	1	0	1	0	0	1	3	0	0	0	1	1	0	0	0
otu.36717	14	31	691	1	52	3	3	6	32	4	72	0	0	393	77	0	3	0	0	0	0	0	0	0	99	0	0	0	3	0
otu.36721	0	0	0	5	0	2	0	0	2	0	2	0	0	0	0	0	0	1	0	0	2	0	0	0	0	0	0	1	0	3
otu.36722	3	1	7	2	3	12	1	0	7	2	10	14	8	1	1	16	30	4	1	1	0	1	0	0	0	0	0	2	9	29
otu.36733	0	4	3	0	1	0	0	2	0	0	1	0	0	0	0	0	0	0	0	0	0	0	0	0	0	0	0	0	0	2
otu.36738	1	1	1	0	0	0	0	0	0	1	1	0	0	0	0	0	0	0	0	0	0	0	0	0	0	0	0	0	0	0
otu.36744	5	0	0	0	0	0	0	0	1	0	2	1	1	1	0	0	0	0	1	0	0	0	1	0	1	0	0	0	0	1
otu.36748	0	0	0	1	1	5	0	0	0	0	0	0	3	0	0	1	0	0	0	0	0	0	1	0	0	0	0	0	0	1
otu.36773	0	0	0	0	0	0	0	0	0	2	1	0	0	1	0	0	1	0	0	1	0	0	0	1	0	0	0	0	0	1
otu.36777	0	0	0	0	1	1	83	0	6	0	53	1	0	0	89	28	11	6	0	21	24	90	0	1	1	6	0	0	18	17
otu.36783	1	0	1	3	1	0	0	1	2	0	23	1	2	1	0	14	1	2	0	29	0	0	1	0	4	0	1	4	1	4
otu.36794	0	0	0	0	0	1	8	1	0	0	1	1	0	0	1	0	0	12	1	0	1	6	0	1	0	1	0	0	0	0
otu.36808	0	0	0	0	0	1	0	0	0	0	0	0	0	0	0	0	0	1	1	0	1	0	0	0	0	0	0	0	0	0
otu.36819	1	0	0	0	0	0	1	0	1	1	2	0	0	2	1	0	0	0	0	0	0	0	0	0	0	0	0	0	0	0
otu.36833	0	0	0	0	0	0	0	0	1	0	2	0	0	0	0	3	3	0	3	1	0	0	0	0	1	1	2	0	0	1
otu.36838	0	0	0	0	0	0	0	0	0	0	14	4	0	0	2	9	2	1	8	4	0	0	0	0	0	0	2	0	0	0
otu.36844	0	0	0	0	0	0	0	0	1	0	0	0	0	0	0	1	0	3	1	0	0	3	0	2	0	0	0	1	0	0
otu.36852	0	0	0	0	0	0	0	0	1	0	7	0	0	0	1	18	1	1	7	0	0	0	11	0	0	1	0	0	0	1
otu.36881	0	0	0	0	0	0	0	0	0	0	0	0	0	0	12	2	2	0	0	1	0	2	0	0	0	9	0	0	0	0
otu.36888	0	7	1	0	13	132	9	30	0	3	12	1	0	30	0	0	0	0	0	0	0	1	0	0	0	0	0	0	0	0
otu.36899	0	0	0	1	0	0	32	0	0	0	0	0	2	0	0	0	1	0	3	0	0	0	1	0	0	0	0	0	0	1
otu.36923	0	0	0	0	0	0	0	0	0	0	1	0	0	0	0	0	0	0	0	1	0	0	0	0	0	1	2	0	0	0
otu.36938	0	0	0	0	0	0	0	0	0	0	0	0	0	0	0	1	0	0	1	0	0	0	0	0	0	0	0	2	0	1
otu.36957	0	0	0	0	0	0	1	0	0	0	0	0	0	0	0	4	1	0	0	2	0	2	0	0	0	0	0	0	0	1
otu.36974	0	0	0	0	0	0	0	0	0	0	0	0	0	0	0	6	3	0	8	0	0	0	0	6	0	4	8	0	0	0
otu.36975	0	0	0	0	0	0	0	0	0	0	0	0	0	0	0	3	6	2	7	0	0	2	0	0	0	3	0	5	0	0
otu.36984	0	0	0	0	1	0	0	1	0	3	7	0	0	2	1	0	0	0	0	0	0	0	0	0	0	0	0	0	0	0
otu.36988	0	0	0	0	0	0	0	0	0	0	0	0	0	0	0	3	1	0	0	1	0	0	0	0	4	1	10	5	1	0
otu.36989	0	0	0	0	0	0	0	0	0	0	0	0	0	0	0	0	0	4	1	0	0	0	3	0	0	0	0	0	0	1
otu.36997	9	147	43	0	57	0	29	0	0	0	7	22	0	4	11	0	0	0	0	0	0	0	0	0	1	0	0	0	0	0
otu.37021	0	0	0	0	0	0	0	0	0	0	0	0	0	0	0	0	0	0	0	0	0	0	0	1	3	0	0	0	3	4
otu.37041	3	1	0	0	0	1	0	0	0	0	434	26	2	4	0	23	1	1	0	0	1	0	0	2	0	0	0	1	0	1
otu.37076	1	0	0	0	0	1	0	0	0	1	0	0	0	0	0	0	0	0	0	0	0	0	1	0	1	0	0	0	1	0
otu.37081	0	1	192	0	2	0	0	0	0	13	1	0	0	0	0	0	0	0	0	1	0	0	0	0	69	0	0	0	0	0
otu.37087	0	0	0	0	0	3	1	0	0	0	0	1	0	0	0	2	0	0	0	0	1	1	1	0	0	0	0	0	0	0
otu.37096	0	0	0	0	0	0	0	0	0	0	0	0	0	0	0	0	0	3	3	0	0	0	0	0	0	0	1	1	3	0
otu.37107	3	0	0	0	1	0	5	0	0	1	0	0	0	4	1	0	0	0	0	0	0	0	0	1	0	0	0	0	0	0
otu.37115	0	0	0	0	0	0	0	0	0	0	0	0	0	0	0	0	0	0	0	14	0	1	0	2	0	0	0	0	0	21
otu.37130	0	0	1	0	3	2	0	13	1	1	0	1	1	1	0	0	4	1	0	1	0	1	0	0	0	0	0	11	0	2
otu.37163	0	0	0	0	0	0	0	0	0	2	0	2	4	5	2	0	0	0	0	0	0	0	0	0	0	0	0	0	0	0
otu.37183	0	0	0	0	0	0	0	0	0	0	0	0	0	0	0	2	0	26	8	0	0	0	0	0	0	0	1	0	0	0
otu.37199	0	0	0	1	1	0	0	0	0	0	1	0	0	1	0	1	0	0	0	2	0	0	0	1	0	0	0	0	0	17
otu.37215	0	0	0	0	0	0	0	0	0	0	0	0	0	0	0	4	0	5	8	1	1	3	2	1	0	0	0	0	0	0
otu.37222	2	0	0	0	0	0	3	0	1	0	9	0	0	6	11	1	0	3	0	1	2	5	0	0	0	0	0	0	1	2
otu.37229	0	0	0	0	0	0	0	0	0	0	0	0	0	0	0	0	0	1	2	0	0	1	0	0	0	0	1	0	0	0
otu.37246	0	0	0	0	0	0	0	0	0	0	0	0	0	0	0	5	3	1	4	0	0	4	0	0	0	0	3	0	31	2
otu.37254	0	0	0	0	0	0	0	0	0	0	0	0	0	0	1	1	0	0	1	0	0	1	0	0	0	1	0	0	0	1
otu.37281	0	0	0	0	5	1	0	0	0	0	1	0	0	0	0	2	0	0	0	0	0	0	0	0	0	0	0	0	0	0
otu.37286	0	0	0	0	0	0	0	0	0	0	0	0	0	0	0	0	0	0	7	1	1	0	4	0	0	1	0	0	0	0
otu.37309	0	0	0	1	0	0	0	0	0	0	0	0	0	0	0	2	3	5	0	3	1	2	0	0	0	1	1	0	0	4
otu.37310	0	0	0	0	0	0	0	1	0	0	0	0	0	0	0	1	0	1	5	0	0	0	0	1	0	1	2	0	0	0
otu.37340	0	0	0	0	0	0	0	0	0	0	0	0	0	0	0	1	0	0	1	0	0	0	0	2	0	2	0	0	0	0
otu.37343	0	0	0	1	0	0	0	0	0	0	0	0	0	0	0	2	3	1	0	0	2	3	0	3	0	0	3	0	0	6
otu.37346	0	0	0	0	0	0	2	0	0	0	1	0	0	0	0	0	0	4	0	0	0	16	0	1	0	0	0	0	0	0
otu.37360	0	0	0	0	0	0	0	0	0	0	1	0	0	1	1	0	0	0	0	0	0	1	0	0	0	0	0	0	0	0
otu.37363	0	0	0	0	0	0	1	0	0	0	1	2	0	0	0	30	42	11	6	49	0	25	0	5	4	6	2	3	1	11
otu.37366	0	0	0	0	0	0	0	0	1	0	3	1	0	0	0	24	1	0	10	0	8	39	0	4	0	48	0	0	0	0
otu.37373	0	0	0	0	9	3	11	2	0	1	32	1	1	5	32	17	10	0	0	5	9	16	0	6	0	7	0	0	3	10
otu.37374	0	0	0	0	0	0	1	0	0	0	0	0	0	0	0	0	0	2	0	0	1	6	0	0	0	0	0	0	0	4
otu.37419	0	0	0	0	0	0	0	0	0	0	0	0	1	0	2	0	0	0	17	0	2	0	0	2	0	17	13	0	0	0
otu.37429	0	0	0	0	0	0	0	0	0	0	0	0	0	0	0	2	0	0	0	0	0	0	0	28	0	1	1	1	0	0
otu.37489	1	3	0	0	139	1	0	26	9	1	2	0	0	26	0	0	0	0	0	0	0	0	0	0	2	0	0	0	0	0
otu.37503	0	0	0	0	0	0	0	0	0	0	2	0	0	0	0	5	0	3	1	0	0	1	0	0	0	1	5	0	0	0
otu.37504	0	0	0	1	0	0	0	0	0	0	0	0	0	0	0	104	0	17	1	0	0	9	0	0	0	10	3	1	3	0
otu.37512	0	0	1	0	0	0	0	0	0	0	1	0	0	0	0	7	2	0	0	0	1	0	0	0	1	0	0	0	0	1
otu.37568	0	1	0	0	6	3	0	2	0	0	2	0	0	8	0	1	0	0	0	0	0	0	0	0	0	0	0	0	0	0
otu.37570	0	0	0	0	0	0	0	0	0	0	0	0	0	0	0	1	0	0	9	1	1	0	1	0	0	1	0	0	0	0
otu.37584	0	31	9	0	106	202	0	0	0	61	123	0	0	19	12	0	0	0	0	0	0	0	0	0	0	0	0	0	0	0
otu.37590	0	0	1	0	0	0	0	0	1	0	4	0	0	1	3	0	5	0	0	0	0	0	0	0	0	2	0	0	0	1
otu.37592	0	0	0	0	0	0	2	0	0	0	1	0	0	1	3	1	0	0	0	1	0	0	0	0	0	0	0	0	0	0
otu.37633	0	0	0	0	0	0	0	0	0	0	0	1	0	0	0	0	6	0	1	0	0	0	0	0	3	0	0	0	0	12
otu.37638	1	1	3	0	3	4	13	4	1	0	3	28	0	6	0	1	0	0	0	0	1	0	0	0	0	0	0	1	0	0
otu.37644	0	0	0	0	0	0	0	1	0	0	1	0	0	0	0	2	0	0	22	0	0	0	0	0	0	0	9	0	0	0
otu.37690	0	2	2	0	0	0	2	0	0	0	1	0	0	0	0	0	0	0	0	0	0	0	0	0	0	0	0	0	0	0
otu.37703	0	0	0	0	0	0	0	0	0	0	0	0	0	0	0	25	7	0	4	1	0	0	0	0	0	0	1	0	0	0
otu.37710	0	0	0	0	0	0	0	0	0	0	5	0	0	0	0	1	3	0	2	0	0	0	0	0	0	0	0	0	0	0
otu.37715	0	0	0	0	0	0	0	0	0	0	3	0	0	0	0	10	0	0	27	4	0	2	0	0	0	8	3	0	0	0
otu.37744	0	0	0	0	0	0	0	0	0	0	1	0	0	0	0	1	0	2	0	1	6	1	1	1	0	9	0	0	0	2
otu.37756	0	0	0	0	0	0	0	0	0	0	0	0	0	0	0	0	0	1	2	0	26	0	0	0	0	0	0	1	0	0
otu.37763	0	0	18	0	0	0	0	0	0	0	10	6	0	0	2	36	96	3	3	31	12	8	1	0	11	7	3	0	6	8
otu.37803	0	0	0	0	0	0	0	0	0	0	0	0	0	0	0	0	2	2	26	0	0	2	0	0	0	0	2	0	0	0
otu.37816	0	0	0	0	0	0	0	0	0	0	0	0	0	0	0	13	1	1	7	0	2	1	0	0	0	6	1	1	1	1
otu.37817	0	0	0	0	0	0	0	0	0	0	0	0	0	0	0	7	0	0	14	0	2	0	0	2	0	0	0	0	2	0
otu.37823	0	0	0	0	0	0	0	1	1	1	5	0	0	0	0	0	0	0	1	0	0	0	1	0	0	0	0	1	0	0
otu.37824	0	0	0	0	0	0	0	0	0	0	0	0	0	0	0	0	0	4	3	0	0	1	0	0	0	2	1	0	0	0
otu.37826	0	0	0	0	0	0	1	0	0	0	0	1	1	0	0	0	0	1	0	0	0	0	0	0	1	0	0	0	0	1
otu.37827	4	0	3	0	2	0	0	0	0	12	15	0	0	1	0	0	0	0	0	0	0	0	0	0	0	0	0	0	0	0
otu.37841	3	0	0	0	0	0	0	0	0	0	0	0	0	0	0	0	0	1	0	0	0	0	0	1	0	0	0	2	0	0
otu.37849	0	0	0	0	0	0	0	0	0	0	0	1	0	0	0	1	1	40	15	0	0	0	0	0	0	3	4	3	2	0
otu.37853	1	0	0	0	0	1	8	0	0	0	1	0	3	0	0	0	0	0	0	0	0	0	0	0	0	0	0	0	0	0
otu.37866	1	1	3	1	0	1	1	1	2	7	3	0	6	5	5	0	2	0	0	2	0	0	0	0	5	0	1	0	0	0
otu.37868	1	0	0	0	0	0	1	1	0	0	0	1	0	2	0	1	0	0	0	0	0	0	0	0	0	0	0	0	0	0
otu.37869	3	0	0	0	0	0	0	0	0	1	0	0	0	1	1	0	0	0	0	0	0	0	0	0	0	0	0	0	0	0
otu.37872	0	0	0	0	0	0	2	0	3	1	2	0	5	1	0	1	0	0	2	0	0	0	0	0	1	1	0	0	0	0
otu.37884	0	1	0	0	0	0	0	0	0	0	0	0	0	0	0	2	10	1	0	0	10	6	2	6	61	1	0	0	29	60
otu.37892	0	0	0	0	0	0	1	0	0	26	0	0	0	0	11	0	0	0	0	0	0	0	0	0	0	2	0	0	0	0
otu.37897	1	0	4	25	7	17	5	1	12	1	19	17	28	6	1	45	7	2	1	2	2	8	10	0	5	0	0	0	13	21
otu.37898	0	0	1	2	1	3	0	0	2	0	3	0	0	1	0	1	0	0	0	0	1	0	0	0	0	0	0	0	0	4
otu.37924	0	0	0	0	0	1	0	0	0	0	1	1	1	0	0	0	0	0	0	0	0	0	0	0	0	0	0	0	0	0
otu.37931	1	0	0	1	0	7	2	0	2	1	1	4	1	0	0	15	0	5	0	0	1	1	2	1	0	0	0	1	0	5
otu.37955	0	0	0	0	0	0	0	0	0	0	0	0	0	0	0	0	1	0	1	0	0	1	0	0	0	0	2	0	0	0
otu.37961	0	0	1	0	0	0	0	0	0	1	4	0	0	0	0	0	0	0	0	0	0	0	1	0	0	0	0	0	0	0
otu.37968	0	0	0	0	0	0	0	5	1	0	13	0	0	0	0	1	0	0	0	0	0	0	0	0	0	0	0	2	0	0
otu.37976	3	1	1	2	1	0	10	1	8	55	6	12	27	33	120	0	4	0	0	1	1	0	0	0	3	2	4	3	0	2
otu.37997	0	0	0	0	0	0	0	0	0	0	0	0	0	0	0	8	0	5	4	0	0	0	0	0	0	0	0	1	16	0
otu.38016	0	0	0	0	0	0	0	0	0	0	0	0	0	0	0	14	7	6	50	1	5	0	0	1	0	7	12	15	9	4
otu.38019	7	1	0	0	0	0	3	0	0	1	1	1	5	0	1	0	0	0	0	0	0	0	0	2	0	0	0	0	0	0
otu.38032	0	0	0	2	0	0	0	0	1	0	0	0	0	0	0	21	14	9	46	6	14	13	0	9	0	47	63	7	40	7
otu.38038	0	0	0	1	1	0	0	0	0	0	1	0	0	0	0	2	0	0	0	0	0	0	0	0	0	0	0	0	0	2
otu.38049	1	1	1	3	2	0	1	0	5	1	1	0	17	12	3	0	0	0	0	0	0	0	0	0	57	0	4	0	0	0
otu.38052	0	0	0	0	0	0	0	0	2	0	0	0	0	0	0	7	0	1	2	2	5	0	0	0	0	8	4	0	6	1
otu.38054	24	14	26	0	0	0	0	0	9	2	16	0	0	0	0	1	0	0	0	1	0	0	0	0	5	0	0	0	0	0
otu.38055	0	0	0	0	0	0	0	0	0	0	0	0	0	0	0	10	0	0	2	1	0	0	0	0	0	4	6	3	0	1
otu.38064	4	0	0	0	0	0	1	0	0	2	4	0	1	0	0	0	0	0	0	0	0	0	0	1	0	0	0	0	0	0
otu.38070	1	0	0	0	0	0	0	0	1	1	30	3	0	0	0	2	0	1	0	0	0	0	0	0	0	0	0	0	0	2
otu.38072	3	1	0	0	0	0	2	0	0	1	0	0	1	0	3	0	0	0	0	0	0	0	0	1	0	0	0	0	0	0
otu.38073	14	2	2	6	0	0	1	2	2	1	7	6	2	2	2	0	1	0	0	0	0	0	1	3	49	0	0	1	0	1
otu.38074	1	0	0	0	0	0	0	1	0	0	0	0	1	0	0	0	0	0	0	0	0	0	0	0	0	0	0	5	0	0
otu.38084	3	0	1	0	6	2	0	5	0	0	0	1	0	0	0	0	0	0	0	1	0	0	0	0	0	0	0	0	0	0
otu.38086	0	0	0	0	0	0	0	0	0	0	0	0	0	0	0	0	0	4	15	0	0	0	0	4	0	0	1	1	0	0
otu.38094	3	0	0	0	0	0	1	0	0	0	2	0	0	0	0	2	0	0	0	0	0	0	0	0	0	0	0	0	0	0
otu.38097	0	0	0	0	0	0	0	0	0	0	0	1	0	0	0	6	0	7	25	0	0	0	0	2	0	1	6	1	6	1
otu.38101	0	0	0	0	0	0	2	0	0	2	1	0	3	0	0	0	1	0	0	0	0	0	0	0	0	0	0	1	0	0
otu.38129	0	0	0	0	0	0	0	0	0	0	0	0	0	0	0	0	0	3	3	0	0	0	0	0	0	1	0	1	0	0
otu.38130	0	0	0	0	0	0	0	0	0	0	0	1	0	0	0	3	3	7	17	0	0	17	0	0	0	1	1	2	6	0
otu.38139	12	21	0	0	0	0	3	0	1	86	0	2	11	11	192	0	4	0	0	0	3	1	0	0	0	5	0	0	0	0
otu.38145	2	0	3	9	1	9	2	12	7	1	5	2	1	1	0	2	2	1	2	0	0	0	1	0	4	0	0	7	0	1
otu.38157	0	0	0	0	0	0	0	0	0	0	0	0	0	0	0	5	3	1	0	0	3	2	0	0	0	8	8	1	5	2
otu.38160	3	0	0	4	0	0	0	0	2	0	1	0	0	0	1	1	0	5	3	2	3	0	2	4	0	1	10	1	6	6
otu.38166	0	0	0	0	1	0	2	0	0	0	0	0	0	0	0	1	1	0	3	1	0	1	0	1	0	13	0	9	0	2
otu.38173	0	0	0	0	0	0	0	0	0	0	0	0	0	0	0	1	0	0	0	0	0	0	0	1	0	0	0	1	0	1
otu.38174	8	0	2	2	2	1	0	0	9	2	30	1	0	2	0	23	1	0	0	0	0	0	1	0	1	0	0	0	2	14
otu.38185	0	0	0	0	0	0	0	0	0	0	0	0	0	0	0	2	1	1	3	0	0	2	0	0	0	0	1	0	1	0
otu.38187	0	0	0	0	0	2	0	0	0	0	2	0	2	0	0	0	0	0	1	0	0	0	2	0	0	0	0	0	0	0
otu.38191	0	1	2	1	1	4	0	11	0	13	11	0	0	0	1	0	0	0	0	0	0	0	0	0	0	0	0	0	0	0
otu.38192	28	11	9	0	0	0	0	0	1	0	31	0	0	11	2	0	0	0	0	0	0	0	0	0	1	0	0	0	1	0
otu.38193	5	26	99	8	9	22	2	9	0	263	346	0	0	2	1	2	0	0	0	0	1	2	0	0	18	0	0	0	0	0
otu.38197	0	0	7	7	0	0	45	0	4	0	3	21	40	0	0	4	1	2	8	3	7	8	0	1	0	4	4	0	5	0
otu.38202	1	0	0	0	0	2	0	0	0	0	3	2	1	0	0	1	0	3	0	0	0	0	3	1	0	0	1	0	0	0
otu.38205	0	0	0	0	0	0	0	0	0	0	1	2	1	0	0	0	0	1	0	0	0	0	1	0	0	0	0	0	0	0
otu.38212	20	0	0	0	0	0	0	2	0	0	0	0	0	0	0	0	0	1	1	0	0	0	0	4	0	0	0	1	0	0
otu.38225	3	0	0	0	0	4	1	0	0	0	3	1	1	0	0	3	2	2	0	0	0	0	0	0	1	0	0	0	1	1
otu.38230	0	0	1	0	13	0	0	0	7	5	1	0	0	0	1	1	0	0	0	0	1	0	0	0	0	0	0	0	0	0
otu.38237	3	5	0	0	0	0	3	0	0	4	0	11	13	1	4	0	0	1	0	0	0	0	0	0	0	1	0	0	0	0
otu.38245	0	0	1	0	0	0	0	0	1	0	1	3	0	0	1	0	0	0	0	0	0	0	0	0	0	0	0	0	0	0
otu.38253	1	2	1	1	1	11	3	1	0	0	0	2	1	0	0	0	0	4	0	1	0	1	0	0	2	0	0	0	0	0
otu.38256	0	0	0	2	0	0	0	0	0	0	0	0	0	0	0	34	0	4	16	0	2	14	0	0	0	0	7	3	8	0
otu.38260	0	0	0	0	0	4	0	5	7	3	48	0	0	0	0	0	3	0	3	0	0	0	0	1	0	0	0	4	0	0
otu.38261	23	6	1	0	0	3	0	11	1	0	4	1	3	0	2	0	0	2	0	0	0	1	5	7	0	0	1	3	0	0
otu.38263	124	64	0	0	0	0	0	6	0	0	0	0	1	1	0	0	2	0	0	0	3	0	0	23	0	0	0	1	0	0
otu.38269	0	0	0	0	0	0	0	0	0	0	0	0	0	0	0	0	0	0	8	0	1	0	0	1	0	2	2	0	0	0
otu.38272	0	0	0	0	0	1	0	0	0	1	2	0	1	0	0	1	0	0	0	0	0	0	0	0	0	0	0	0	0	1
otu.38281	2	1	1	2	0	5	1	2	0	0	3	14	1	1	0	0	0	6	0	0	0	4	4	0	0	0	0	0	0	0
otu.38286	0	0	1	2	0	4	0	1	1	0	15	1	5	4	1	3	2	0	3	1	0	0	3	0	0	0	1	1	0	7
otu.38292	0	0	2	0	0	0	0	0	2	0	5	0	0	1	0	0	0	0	0	0	0	0	0	0	2	0	0	0	1	1
otu.38294	9	24	2	0	89	0	0	0	0	58	212	0	0	1	1	2	0	0	0	0	0	0	0	0	0	0	0	0	0	0
otu.38298	2	2	7	0	0	0	1	0	0	0	2	0	0	0	0	0	0	0	0	0	0	0	0	0	0	0	0	0	0	0
otu.38302	1	24	1	0	31	2	0	0	0	6	83	0	0	0	0	1	0	0	0	0	0	0	0	0	0	0	0	0	0	0
otu.38303	1	2	0	0	0	0	2	0	0	0	1	2	1	0	0	0	0	0	0	0	0	0	0	0	1	0	0	1	0	0
otu.38304	3	1	1	1	0	0	7	0	2	18	2	3	27	3	10	0	0	0	0	0	1	0	0	0	0	0	2	1	0	1
otu.38305	0	0	0	0	0	0	0	0	0	0	0	0	0	0	0	0	0	0	0	0	0	2	1	1	0	2	0	0	0	0
otu.38306	18	0	0	0	0	0	0	0	0	0	0	1	0	0	1	0	0	0	0	0	0	0	0	8	0	0	0	0	0	0
otu.38319	0	0	0	0	0	0	0	0	1	0	2	0	0	1	0	2	0	0	0	0	0	0	0	0	0	0	0	0	0	0
otu.38321	0	0	0	0	0	0	0	0	0	0	0	0	0	0	0	0	1	0	12	0	0	1	0	1	0	0	3	1	0	0
otu.38334	4	1	0	0	0	0	8	0	0	52	4	26	26	5	24	0	2	0	2	0	0	0	0	0	0	2	0	0	0	0
otu.38348	2	0	2	0	0	0	0	0	5	0	7	0	0	0	0	0	0	0	0	0	0	0	0	0	0	0	0	0	0	0
otu.38349	207	105	3	4	1	6	0	1	8	78	2	55	1	10	58	1	90	3	0	0	91	3	0	34	1	18	2	0	0	11
otu.38350	0	0	4	0	0	0	0	0	1	0	0	0	20	0	0	0	0	0	0	1	0	0	0	0	0	0	0	0	1	0
otu.38351	17	1	1	0	0	0	0	0	0	3	0	0	4	0	2	0	0	0	0	0	0	0	0	0	0	0	0	0	0	0
otu.38357	0	0	0	0	0	0	0	0	0	0	0	0	0	0	0	0	1	0	1	0	0	3	0	18	0	1	0	0	0	0
otu.38369	0	0	0	1	0	0	0	0	0	0	0	0	0	0	0	0	0	1	0	0	1	0	0	2	0	3	1	1	0	0
otu.38379	3	0	0	0	0	0	0	0	2	0	7	0	5	0	0	2	1	0	0	0	0	0	0	0	0	0	0	0	0	0
otu.38382	18	21	29	103	23	296	38	92	98	9	254	1671	98	35	18	15	18	208	63	10	13	61	79	3	73	4	18	37	20	39
otu.38388	0	0	0	2	0	0	0	0	0	0	0	0	0	0	0	0	0	0	0	29	0	1	0	0	0	0	0	2	0	1
otu.38394	0	4	3	4	0	8	0	1	1	0	7	7	3	2	1	0	0	1	0	0	0	0	18	0	2	0	0	0	3	4
otu.38412	0	3	0	0	1	0	0	0	0	2	22	0	0	0	0	0	0	0	0	0	0	0	0	0	0	0	0	0	0	0
otu.38419	0	0	0	0	0	0	0	0	0	0	0	0	0	0	0	0	3	2	0	0	0	4	0	1	33	1	0	0	4	2
otu.38421	2	10	0	0	0	0	3	0	1	293	0	24	17	8	74	0	12	1	0	0	0	0	0	0	0	4	0	0	0	0
otu.38423	0	0	0	0	0	0	4	0	1	4	5	1	11	2	2	0	0	0	0	1	0	0	1	0	0	0	0	0	0	2
otu.38424	1	0	0	1	0	2	1	0	0	0	3	0	0	0	0	1	0	2	0	0	0	0	0	0	0	0	0	0	0	0
otu.38439	0	0	0	0	0	0	0	0	0	0	0	0	0	0	0	2	0	1	0	1	0	0	0	0	1	3	0	1	1	5
otu.38445	0	0	0	0	0	0	0	0	0	0	1	0	0	0	0	3	1	0	0	0	0	0	0	1	0	0	0	0	0	0
otu.38451	5	3	1	2	0	11	0	4	2	0	18	6	3	6	5	3	2	2	0	1	6	0	3	0	4	1	0	2	2	4
otu.38452	0	0	0	0	0	0	0	0	1	0	0	0	4	2	1	0	0	0	0	0	0	0	0	0	0	0	0	0	0	0
otu.38456	5	0	0	3	0	2	1	1	0	0	14	2	1	0	0	0	1	1	0	0	1	1	0	1	1	0	1	0	0	0
otu.38459	0	0	0	0	0	0	0	0	0	0	0	0	0	0	0	1	1	0	1	1	2	0	0	0	0	0	5	17	1	0
otu.38461	1	1	4	14	6	16	1	4	4	1	11	9	5	0	0	22	3	3	0	1	3	2	0	0	7	1	0	18	0	13
otu.38465	1	0	0	0	0	0	0	0	0	0	0	1	0	0	0	0	0	0	0	0	0	0	1	1	0	0	0	0	0	0
otu.38472	1	0	0	0	0	0	0	0	0	0	8	0	2	0	0	0	0	0	1	0	0	0	1	0	0	0	0	0	0	0
otu.38473	0	0	0	0	0	0	8	0	1	2	2	0	1	0	1	0	0	0	0	0	0	0	0	0	0	0	0	0	0	0
otu.38480	0	0	0	0	0	0	0	0	0	0	0	0	0	0	0	4	1	28	14	0	3	0	0	0	0	0	5	4	0	0
otu.38486	1	2	1	0	1	2	0	1	0	0	1	0	0	0	1	0	0	0	0	0	0	0	0	0	0	0	0	0	0	0
otu.38490	0	0	4	2	0	0	6	0	7	0	1	0	63	0	1	0	1	0	1	3	0	0	0	1	1	0	0	1	1	0
otu.38496	1	0	1	0	0	0	1	0	0	0	1	1	2	0	0	0	0	0	0	0	0	0	0	0	0	0	1	0	0	0
otu.38503	0	0	0	2	1	1	0	0	1	0	0	0	1	0	0	4	0	0	0	0	0	0	0	0	0	0	0	0	0	1
otu.38508	0	0	0	0	0	0	0	0	0	0	0	0	0	0	1	0	0	3	1	0	0	0	0	0	0	0	0	0	7	1
otu.38518	0	0	0	2	0	0	0	0	0	0	1	0	0	1	0	5	1	17	9	1	0	4	3	2	0	0	0	4	20	1
otu.38526	0	0	0	0	0	0	0	0	5	0	15	0	0	0	0	0	0	0	3	0	0	0	0	1	0	0	0	0	0	0
otu.38538	0	0	0	1	0	0	0	0	0	0	0	2	0	0	0	12	0	15	5	0	0	0	0	1	0	1	0	0	7	1
otu.38551	0	0	0	0	0	0	0	0	0	0	0	0	0	0	0	13	3	1	36	1	3	0	0	1	0	6	7	3	1	0
otu.38574	0	0	0	0	0	3	0	1	16	3	45	0	0	0	0	0	1	0	4	0	0	0	0	3	0	0	1	0	0	0
otu.38599	0	0	0	0	0	24	1	0	2	0	5	36	9	1	0	1	0	11	2	0	0	2	1	0	1	0	1	0	0	4
otu.38605	0	0	0	15	0	0	16	0	1	0	0	0	1	0	0	2	1	0	11	2	3	0	0	0	0	1	0	0	9	2
otu.38626	0	0	0	1	0	0	0	0	0	0	0	0	0	0	0	0	0	0	1	1	0	0	0	0	0	0	0	0	1	0
otu.38631	0	0	3	1	2	3	0	11	8	1	12	0	5	1	0	15	8	1	0	2	0	2	1	1	0	0	0	2	1	9
otu.38637	3	0	0	3	0	1	0	0	1	0	9	3	0	0	0	0	0	1	0	1	2	1	1	1	6	0	2	0	1	3
otu.38645	5	2	26	22	7	8	1	97	38	0	133	7	7	23	0	11	7	1	4	2	0	1	5	1	35	0	6	20	2	24
otu.38659	0	3	3	0	3	0	0	0	1	0	0	2	0	0	0	0	0	0	0	0	0	0	0	0	0	0	0	0	0	0
otu.38665	22	32	233	15	451	47	11	41	510	28	62	39	27	25	28	106	17	2	0	61	4	12	1	0	17	1	0	9	14	175
otu.38668	0	0	2	0	0	0	0	0	0	0	1	0	0	1	0	0	1	0	0	1	0	0	0	0	0	0	0	0	0	0
otu.38670	9	1	1	0	0	7	1	0	0	1	30	4	0	0	0	0	0	2	3	0	0	0	4	2	1	0	1	0	0	1
otu.38698	0	0	0	1	0	0	2	0	1	0	3	3	1	0	2	1	0	0	1	0	0	0	0	0	1	0	0	0	2	0
otu.38716	0	0	1	0	0	0	3	0	1	2	0	1	5	2	0	0	0	0	0	0	0	0	1	0	0	0	0	0	0	0
otu.38725	4	0	1	2	0	9	3	86	1	0	20	25	4	0	1	5	2	24	3	1	2	0	1	1	18	0	1	51	0	2
otu.38740	0	0	0	6	0	0	0	0	0	0	0	0	0	0	0	29	5	4	16	0	6	1	0	0	0	0	5	0	22	0
otu.38743	0	0	0	0	0	0	0	0	0	0	0	0	0	0	1	0	0	4	3	0	1	5	0	10	0	1	0	0	0	0
otu.38756	1	0	0	0	0	21	1	0	0	0	20	6	0	3	0	1	0	0	0	0	0	0	0	0	0	0	0	0	0	0
otu.38758	0	2	5	9	1	3	1	0	16	0	2	2	0	1	0	11	3	0	0	0	0	0	1	0	0	0	0	0	3	10
otu.38765	20	12	118	354	133	137	40	3	162	22	140	541	67	13	8	277	66	88	1	25	40	53	29	8	214	4	0	9	61	173
otu.38767	0	0	0	0	0	0	1	0	0	0	0	2	1	1	0	0	0	0	0	0	0	0	0	0	0	0	1	0	0	0
otu.38768	4	1	4	1	22	6	0	2	22	1	8	2	2	5	2	12	4	0	0	11	0	2	0	0	0	0	0	0	3	22
otu.38770	1	0	1	0	0	0	2	0	0	1	5	1	0	0	0	0	0	0	1	0	0	0	0	0	0	0	0	0	0	0
otu.38775	0	0	0	9	0	0	0	0	2	0	0	0	2	0	0	0	0	0	0	14	0	0	0	3	3	1	0	0	5	1
otu.38778	1	0	1	0	0	6	0	0	1	0	7	7	2	2	0	1	0	6	4	1	0	1	2	1	3	0	0	0	0	0
otu.38783	10	0	214	95	99	25	3	3	238	39	48	16	5	7	4	173	30	0	0	28	7	3	0	5	49	2	0	3	57	133
otu.38786	0	0	0	0	0	0	0	0	0	0	0	0	0	0	0	13	2	0	20	1	0	0	0	1	0	0	9	0	1	0
otu.38797	0	0	0	0	0	0	0	0	0	0	1	0	0	0	0	16	2	2	0	0	11	4	0	0	0	0	0	0	0	1
otu.38799	0	0	0	1	0	0	0	0	0	0	0	2	0	0	0	0	0	0	0	0	0	0	0	0	0	0	0	1	1	0
otu.38802	1	29	19	0	213	44	0	59	0	6	189	23	0	149	12	5	0	0	0	0	0	0	0	0	0	0	0	0	0	0
otu.38809	2	0	2	1	0	1	0	0	0	0	3	1	0	0	0	0	0	0	0	0	0	0	0	0	0	0	0	0	0	1
otu.38815	0	0	0	0	0	0	0	0	0	0	0	7	1	0	0	0	0	4	1	0	0	3	0	0	0	0	0	0	0	0
otu.38820	0	0	0	0	0	0	0	0	0	0	1	2	0	0	0	0	0	0	0	0	0	0	0	0	2	0	0	0	2	0
otu.38822	0	1	16	0	2	0	0	0	2	0	7	0	0	1	0	5	18	0	1	14	3	0	0	1	2	11	3	2	0	1
otu.38823	0	0	0	30	0	0	0	0	7	0	0	0	4	0	3	12	8	0	1	26	4	0	0	0	18	3	1	1	25	1
otu.38825	0	0	0	0	0	0	0	0	0	0	0	2	0	0	0	0	0	0	0	1	0	3	0	0	2	0	0	0	0	1
otu.38826	1	0	1	0	0	0	5	0	0	6	0	2	5	9	3	0	1	0	0	0	0	0	0	0	0	1	2	0	0	1
otu.38829	0	0	0	0	0	0	0	0	0	0	0	0	0	0	0	12	7	3	0	21	0	5	1	1	0	3	1	1	23	58
otu.38833	2	0	1	0	0	2	16	4	0	3	11	6	47	4	1	0	1	0	0	0	0	0	0	0	1	1	1	1	0	0
otu.38839	2	1	0	1	1	3	0	1	1	0	9	5	0	3	0	0	0	0	1	0	1	0	23	0	2	0	0	0	0	3
otu.38844	0	1	0	2	0	0	2	0	2	1	0	2	29	4	0	0	1	0	0	0	0	0	0	0	0	0	1	0	0	0
otu.38849	0	0	0	9	0	0	0	0	1	0	0	0	0	0	0	168	15	6	227	32	45	18	1	15	0	120	107	18	50	33
otu.38854	0	0	0	0	0	0	0	0	0	0	0	0	0	0	1	4	3	1	6	0	4	3	0	7	0	14	0	0	6	2
otu.38862	10	0	0	0	1	2	1	0	0	0	11	0	0	1	0	5	0	0	0	0	0	1	5	0	0	0	0	1	0	2
otu.38867	18	0	0	0	1	0	0	0	0	0	1	1	2	0	0	6	0	2	0	0	0	0	0	8	0	0	0	0	0	1
otu.38870	17	19	7	3	1	3	0	0	0	184	287	0	0	1	0	1	0	0	0	0	0	0	1	0	4	0	0	0	0	0
otu.38880	1	10	0	0	0	0	0	0	0	1	0	0	0	0	0	0	0	0	0	1	0	0	0	0	0	0	0	0	0	0
otu.38886	2	2	23	0	0	3	3	0	0	0	13	0	0	0	4	0	0	0	0	0	0	0	0	0	9	0	0	0	0	0
otu.38889	0	1	9	25	4	12	2	1	21	0	13	8	6	1	1	30	11	8	0	3	3	5	10	0	4	0	0	9	5	20
otu.38894	1	0	3	8	2	3	0	0	7	1	0	1	0	1	1	3	0	8	0	4	4	4	0	0	5	1	0	12	0	6
otu.38900	12	4	0	1	0	0	0	0	0	0	2	0	0	1	0	0	0	0	0	0	2	0	1	0	0	0	0	0	0	0
otu.38922	0	0	0	1	0	0	0	0	0	0	0	0	1	0	0	1	0	0	0	0	0	0	1	0	0	0	2	1	0	0
otu.38924	0	0	0	0	0	0	1	0	0	0	0	0	0	0	0	1	0	0	0	2	0	0	0	0	0	0	0	0	0	1
otu.38939	0	0	0	0	0	2	1	0	0	0	2	0	0	0	0	0	0	0	1	0	0	0	1	0	0	0	0	0	0	0
otu.38945	10	0	1	0	2	1	0	20	1	1	6	4	1	0	1	15	1	5	0	1	3	0	0	4	3	0	0	20	0	2
otu.38947	0	0	0	0	0	0	0	0	0	0	0	0	0	0	0	11	1	1	20	3	9	0	0	1	0	19	10	3	7	2
otu.38948	0	0	0	3	0	0	0	0	3	0	2	0	0	1	0	11	4	1	16	1	4	2	0	0	2	1	0	2	11	10
otu.38950	0	0	0	0	0	0	0	0	0	0	0	0	0	0	0	0	0	0	2	0	10	3	0	26	0	19	0	1	0	0
otu.38957	3	0	0	0	0	3	1	1	0	0	1	5	0	0	0	0	0	0	0	0	0	1	0	1	0	0	0	0	0	0
otu.38960	12	0	0	0	0	0	0	0	0	4	0	2	0	0	1	0	0	0	0	0	0	0	0	2	0	0	0	0	0	0
otu.38961	0	0	0	0	0	0	0	0	0	0	0	0	0	0	0	0	2	0	9	0	6	2	0	2	0	10	0	1	0	3
otu.38964	1	2	1	2	0	0	14	1	1	25	1	16	9	2	5	0	0	0	2	0	0	0	1	0	0	0	2	2	0	0
otu.38966	164	52	3	5	1	3	6	5	5	6	3	91	5	4	18	0	8	3	2	0	22	6	3	33	1	5	1	4	0	2
otu.38970	0	8	8	0	0	0	0	0	0	0	2	0	0	6	0	0	0	0	0	0	0	0	0	0	0	0	0	0	0	0
otu.38971	2	0	0	0	0	2	0	1	1	0	1	0	0	0	1	1	0	0	0	0	0	0	0	0	0	0	0	0	0	1
otu.38972	2	0	0	6	0	3	1	0	0	0	2	2	2	0	0	4	0	5	0	0	2	1	13	0	1	0	0	13	1	6
otu.38987	0	0	0	0	0	0	12	0	0	0	0	0	0	3	0	0	0	0	1	0	0	0	0	0	0	0	0	0	0	1
otu.38989	0	0	2	0	0	0	0	0	0	0	2	0	2	0	0	1	0	0	1	0	1	0	0	0	0	0	0	0	0	0
otu.38992	2	0	0	2	0	0	0	0	1	1	2	4	0	0	0	13	0	0	0	0	0	0	1	2	2	0	0	0	3	3
otu.38994	18	2	0	0	0	11	0	0	4	1	34	14	63	5	1	69	144	1	0	13	0	3	24	3	1	0	0	0	22	45
otu.39014	3	6	1	1	0	2	0	45	0	0	13	1	2	2	0	1	0	1	1	0	0	1	6	0	3	0	1	20	0	2
otu.39031	0	0	0	1	0	0	0	0	0	0	0	1	0	0	0	42	13	2	16	5	26	2	0	1	0	6	0	2	15	1
otu.39038	1	0	0	0	0	0	2	0	0	0	0	0	2	1	0	0	0	0	0	0	0	0	0	0	0	0	0	0	0	0
otu.39045	0	0	0	6	0	0	0	0	0	0	0	0	0	0	0	50	8	3	30	2	15	4	0	3	0	19	8	6	29	3
otu.39046	20	2	0	1	0	0	1	0	0	0	3	6	1	0	2	1	0	0	1	1	0	1	4	3	0	0	1	1	0	1
otu.39047	10	21	205	0	8	0	0	4	49	21	96	0	0	0	0	3	0	0	0	5	0	0	0	0	17	0	0	0	0	0
otu.39059	1	0	0	0	0	0	0	0	1	1	0	1	0	0	0	0	1	0	0	0	1	0	0	0	0	0	0	1	0	0
otu.39062	4	1	4	2	33	1	0	5	4	20	4	0	0	0	5	0	2	0	0	0	0	0	0	0	0	0	0	1	0	0
otu.39064	0	1	6	1	1	2	1	1	4	0	28	5	3	2	0	3	0	2	2	0	1	0	0	0	4	0	1	1	1	2
otu.39067	0	0	0	1	0	3	1	0	0	0	0	0	0	0	0	2	1	2	0	0	0	0	1	0	0	0	0	0	0	0
otu.39076	1	0	0	0	0	0	0	0	0	1	0	0	2	1	1	0	0	0	0	0	0	0	0	0	0	0	0	0	0	0
otu.39078	6	2	13	8	7	1	7	1	7	34	40	2	32	22	18	5	2	0	1	0	0	0	0	1	27	0	3	0	0	5
otu.39089	0	0	0	0	0	2	3	0	0	0	1	2	0	0	0	4	0	8	0	0	0	1	0	0	0	0	0	0	0	1
otu.39103	90	60	1371	889	363	172	16	205	1044	71	2358	386	241	315	59	343	130	3	81	87	57	9	9	6	2158	22	90	92	135	281
otu.39108	0	1	3	18	0	5	0	7	9	0	25	7	4	2	0	3	1	1	0	0	1	0	1	0	6	1	2	1	2	3
otu.39115	0	1	0	0	0	0	3	0	0	1	4	1	11	2	0	0	0	1	1	0	0	0	0	0	0	0	0	0	0	1
otu.39120	4	0	0	0	0	0	1	0	0	1	9	1	0	1	0	1	0	0	1	0	0	0	0	0	2	0	0	0	0	0
otu.39121	3	1	0	0	0	0	0	0	1	0	9	0	0	0	0	0	0	0	0	0	0	0	0	0	0	0	0	0	0	0
otu.39122	0	1	3	0	0	0	0	0	2	0	2	0	0	0	0	0	0	0	0	0	0	0	0	0	1	0	0	0	0	0
otu.39125	1	0	2	0	0	0	0	1	0	0	30	0	1	0	0	3	0	0	0	0	0	0	0	0	0	0	0	0	0	0
otu.39126	0	0	7	1	0	2	0	0	0	0	0	1	2	0	0	0	0	0	0	0	0	0	0	0	0	0	0	0	0	0
otu.39129	0	0	0	0	0	0	0	0	0	0	2	0	0	0	1	11	6	0	1	2	0	2	0	0	0	2	0	0	0	1
otu.39137	6	0	8	0	35	0	0	3	124	3	6	1	0	2	4	10	0	0	0	17	0	0	0	0	0	0	0	1	1	1
otu.39139	0	0	0	1	0	0	0	0	0	0	0	0	0	0	0	0	1	7	0	0	0	1	0	0	0	20	0	0	0	1
otu.39155	3	0	0	0	0	0	2	0	0	0	1	0	2	0	0	0	0	1	0	0	0	0	0	0	0	0	0	0	0	0
otu.39156	0	0	0	0	0	0	3	0	0	0	0	0	20	0	1	0	0	0	0	0	0	0	0	1	0	0	0	0	0	1
otu.39159	0	0	2	4	1	11	2	6	3	0	8	12	35	0	2	9	35	23	0	6	2	5	40	0	1	0	0	5	12	12
otu.39167	0	0	0	0	1	0	0	0	0	0	0	3	0	0	3	31	6	5	3	0	4	37	1	0	0	19	9	3	4	5
otu.39168	0	0	0	0	0	0	0	0	0	0	0	0	0	0	0	2	0	0	2	0	0	0	0	5	0	0	0	0	2	0
otu.39171	8	0	4	4	1	0	1	0	4	28	18	0	48	35	13	5	3	0	4	0	0	0	0	0	0	2	5	0	2	1
otu.39174	0	0	0	0	0	0	0	0	0	0	0	0	0	0	0	2	0	0	0	3	0	0	0	1	0	0	0	0	0	1
otu.39175	0	0	6	85	2	27	7	3	48	1	5	12	10	0	1	5	3	66	0	2	1	3	5	0	13	0	0	20	0	10
otu.39176	0	0	1	4	2	3	3	3	3	3	2	7	2	0	0	2	1	9	0	0	0	4	4	0	1	0	0	2	3	4
otu.39179	0	0	0	1	0	0	0	0	0	0	0	0	0	0	0	0	1	23	19	0	2	0	0	0	0	2	0	3	1	0
otu.39181	4	0	0	0	0	0	1	0	0	0	1	0	1	0	0	0	0	0	0	0	0	0	0	0	0	0	0	0	0	0
otu.39186	6	39	240	0	6	0	0	1	165	13	114	0	0	11	0	1	0	0	0	3	0	0	0	0	28	0	0	0	0	0
otu.39187	0	0	0	0	0	1	1	1	0	0	6	1	0	0	0	14	0	3	0	0	0	1	1	0	0	0	0	0	0	0
otu.39188	0	0	0	2	0	0	1	0	0	0	2	4	7	2	0	0	1	0	0	0	0	0	0	0	1	0	0	0	0	1
otu.39190	0	0	2	1	0	0	2	0	0	1	3	0	3	0	2	0	1	0	0	0	0	0	0	0	0	0	0	1	0	0
otu.39192	7	0	0	0	0	1	4	0	0	3	8	2	7	0	0	3	0	0	2	0	0	0	0	1	0	0	0	0	0	0
otu.39194	1	0	1	3	0	18	5	0	9	4	2	8	2	3	2	4	8	30	0	0	1	1	20	0	2	0	0	0	0	5
otu.39196	0	0	0	0	0	0	0	0	0	0	0	0	0	0	0	4	0	0	1	0	0	0	0	11	0	0	0	0	0	1
otu.39201	2	0	3	0	0	9	1	2	0	26	51	0	0	0	0	1	0	0	0	0	0	0	0	0	1	0	0	0	0	0
otu.39204	8	2	2	9	0	2	0	2	6	0	3	7	4	1	0	6	2	7	0	0	11	0	5	1	3	0	1	17	0	8
otu.39205	0	0	0	0	1	0	2	0	0	0	1	3	8	1	0	0	0	0	0	0	0	0	0	0	0	0	1	0	0	0
otu.39213	0	1	5	2	4	12	3	2	3	0	0	5	1	1	0	0	1	4	0	0	6	0	0	0	6	0	0	6	0	4
otu.39219	0	0	0	2	0	0	0	0	2	0	0	0	0	0	0	1	0	1	2	1	0	0	0	0	0	0	0	0	0	1
otu.39221	0	0	1	0	0	0	0	0	0	0	1	1	4	0	0	0	0	0	0	0	0	0	0	0	0	0	0	0	0	0
otu.39227	4	0	3	1	0	0	2	0	1	16	23	3	12	10	4	3	0	0	1	0	0	0	0	0	2	0	1	1	1	2
otu.39232	0	0	0	1	0	5	1	1	0	0	4	3	11	0	0	4	6	8	0	1	0	2	3	0	0	0	0	1	1	3
otu.39235	28	13	252	47	99	13	619	13	105	768	105	1071	1582	408	236	4	29	1	17	10	1	2	1	4	57	21	11	14	21	20
otu.39236	0	1	0	0	0	2	129	0	0	2	4	317	129	4	12	0	0	4	4	0	0	0	0	0	0	0	1	0	0	0
otu.39239	1	0	0	0	0	1	0	0	0	0	0	0	1	0	0	1	0	0	0	0	0	0	2	0	0	0	0	0	0	0
otu.39243	1	0	2	1	9	4	0	0	9	2	6	2	1	2	1	9	0	0	1	2	0	1	0	0	0	1	0	0	1	7
otu.39244	0	0	0	0	0	1	0	0	0	0	1	1	1	0	0	0	0	0	0	0	0	0	1	0	0	0	0	0	0	0
otu.39250	0	0	0	14	0	0	0	0	1	0	0	0	0	0	0	94	86	4	49	22	31	32	1	9	0	64	13	0	102	8
otu.39269	4	0	63	0	2	0	2	2	4	0	22	19	3	3	0	3	1	1	0	1	0	1	0	1	0	0	0	1	0	5
otu.39271	3	0	1	0	0	7	1	0	0	0	4	0	0	0	0	2	0	2	0	0	0	1	8	1	0	0	0	0	0	0
otu.39279	0	0	1	0	1	0	0	1	7	0	0	0	0	0	0	2	0	0	0	0	0	0	0	0	0	0	0	0	0	0
otu.39285	0	0	0	0	9	0	0	1	0	2	0	0	0	1	0	0	0	0	0	0	0	0	0	0	0	0	0	0	0	0
otu.39288	1	0	2	0	0	0	0	0	1	0	0	0	8	0	0	2	5	0	0	0	0	0	2	0	2	0	0	0	1	16
otu.39289	2	0	0	0	0	2	0	0	0	0	4	4	2	0	0	1	0	1	0	0	0	0	0	0	0	0	0	0	0	1
otu.39290	4	0	0	0	1	4	1	1	0	0	12	0	0	0	0	0	0	0	0	0	0	1	0	0	0	0	1	0	1	0
otu.39305	0	0	0	0	0	0	1	0	0	0	0	0	2	0	0	0	0	0	1	0	0	0	0	0	0	0	0	0	1	0
otu.39306	1	3	21	8	8	4	319	6	24	62	29	86	392	99	25	3	6	1	6	2	0	1	7	2	6	0	4	4	3	9
otu.39311	1	0	0	0	2	0	0	0	4	2	0	0	0	0	1	4	7	0	0	1	1	1	0	0	1	3	0	0	0	8
otu.39322	0	0	0	0	0	0	4	0	0	0	0	1	6	2	0	0	0	0	0	0	0	0	0	0	0	0	0	0	0	0
otu.39324	4	0	0	0	0	0	2	0	0	3	4	1	5	1	4	0	0	0	1	0	0	0	0	0	0	0	0	0	0	0
otu.39344	0	0	0	0	0	0	0	0	0	0	0	0	0	0	0	0	0	0	0	9	1	0	0	0	0	2	1	0	0	0
otu.39363	0	0	0	0	0	0	0	0	0	0	0	0	0	0	0	0	0	0	10	0	1	0	0	0	0	7	1	0	0	0
otu.39393	0	0	0	0	0	0	1	0	0	0	0	0	0	0	1	0	0	0	0	0	0	0	0	2	0	0	16	0	0	0
otu.39398	0	0	0	0	0	0	0	0	0	0	6	0	0	0	0	16	10	1	1	12	0	0	0	3	1	8	7	1	3	2
otu.39509	0	9	1	0	28	5	1	1	0	4	7	0	0	41	2	0	0	0	0	3	0	0	0	0	0	0	0	0	0	0
otu.39510	0	0	0	0	0	0	0	0	0	0	0	0	0	0	2	14	35	0	0	20	1	1	0	0	1	11	3	0	0	11
otu.39546	1	1	1	0	44	0	0	0	0	7	7	0	0	12	0	1	0	0	0	0	0	0	0	0	0	0	0	0	0	0
otu.39585	0	0	2	0	0	0	0	0	0	0	0	0	0	0	0	3	1	0	0	2	0	0	0	1	0	7	1	0	0	1
otu.39595	0	0	0	0	0	0	0	0	0	0	0	0	0	0	0	1	1	0	0	1	0	0	0	0	0	1	0	0	0	0
otu.39664	0	0	0	0	0	0	0	0	0	0	1	0	0	0	0	12	0	0	17	1	0	0	0	1	0	0	1	1	1	0
otu.39678	0	0	0	0	0	0	0	0	0	0	0	0	0	0	0	12	4	0	10	0	0	0	0	6	0	0	0	0	0	0
otu.39686	0	0	0	0	0	0	0	0	0	0	0	1	0	0	0	0	0	4	1	2	1	11	0	0	0	16	28	7	4	0
otu.39696	0	0	0	1	0	0	0	0	0	0	0	0	0	0	0	0	0	0	0	2	0	0	0	0	0	0	0	4	0	1
otu.39759	0	0	0	0	0	1	0	2	19	1	17	0	0	0	0	1	0	0	0	0	1	0	0	0	0	0	0	0	0	0
otu.39773	0	0	0	0	0	0	0	0	0	0	0	0	0	0	0	2	0	0	2	0	0	1	0	2	0	1	0	1	0	1
otu.39811	0	0	0	0	1	0	0	1	2	0	3	0	0	1	0	0	0	0	0	0	0	0	0	0	0	0	0	0	0	0
otu.39835	0	0	0	0	0	0	0	0	0	0	0	0	0	0	0	4	2	0	0	2	1	0	0	0	0	0	0	0	0	0
otu.39852	0	0	0	8	0	0	0	0	0	0	0	3	0	0	1	2	0	0	1	0	0	2	0	2	0	0	10	1	2	0
otu.39880	0	0	0	0	0	0	1	0	0	0	0	0	0	0	0	0	0	0	15	0	1	1	0	0	0	0	0	0	1	0
otu.39885	0	0	0	0	0	0	0	0	0	0	0	0	0	0	0	4	0	0	0	0	1	0	0	0	0	0	0	0	1	1
otu.39902	0	0	0	0	0	0	0	0	0	0	3	0	0	0	0	4	1	0	0	2	0	0	0	0	0	1	0	1	0	0
otu.39918	0	0	0	2	0	0	0	0	0	0	0	0	0	0	0	0	1	0	0	1	0	0	0	0	0	0	0	0	1	0
otu.39921	0	0	0	0	0	0	0	0	0	0	0	0	0	0	0	0	0	0	0	1	0	0	0	2	2	3	1	2	0	0
otu.39934	0	0	0	0	0	0	0	0	0	0	0	0	0	0	0	0	1	1	4	1	0	0	0	0	0	0	0	0	0	0
otu.39953	0	1	0	0	1	0	0	0	0	0	2	0	0	9	0	0	0	0	0	0	0	0	0	0	0	0	0	0	0	0
otu.39971	0	0	0	0	0	0	0	0	0	0	0	0	0	0	0	1	0	0	0	5	0	0	0	1	3	0	0	0	0	2
otu.39977	0	0	0	0	0	0	0	0	2	0	16	0	0	0	0	1	0	0	1	0	0	0	0	0	0	0	0	0	0	0
otu.39993	0	0	0	0	0	1	0	0	0	0	0	0	0	0	0	1	0	0	0	0	0	0	0	1	0	0	0	0	0	1
otu.40008	0	0	0	0	0	0	0	0	0	0	0	0	0	0	0	0	0	2	0	0	0	0	0	0	0	0	3	1	1	0
otu.40052	0	0	0	0	0	0	0	0	0	0	0	0	0	0	0	5	0	1	0	0	30	1	0	0	0	0	0	0	0	0
otu.40055	0	0	2	1	0	0	0	0	0	0	1	0	0	0	0	0	0	0	0	0	0	0	0	0	0	0	0	0	0	1
otu.40063	0	8	0	0	27	7	1	7	0	23	130	0	0	39	11	1	0	0	0	0	0	0	0	0	0	0	0	0	0	0
otu.40077	0	0	0	49	0	0	0	0	0	0	0	0	0	0	0	6	4	8	2	0	10	2	2	0	0	5	0	0	0	3
otu.40082	0	0	0	2	0	0	0	0	0	0	0	0	2	0	0	6	0	0	0	0	1	0	0	0	0	0	0	1	0	0
otu.40136	0	0	0	0	0	0	0	0	0	0	0	0	0	0	0	0	1	0	0	0	0	0	0	0	3	1	0	0	0	3
otu.40146	0	0	0	0	0	0	0	0	0	0	0	0	0	0	0	1	2	0	0	2	0	0	0	0	7	1	1	2	3	0
otu.40150	0	0	0	0	1	0	0	0	0	0	2	0	0	0	0	0	1	0	0	1	1	0	0	0	2	0	0	0	0	2
otu.40174	0	0	0	1	0	0	1	0	5	0	1	0	0	0	0	0	5	0	39	1	6	4	0	0	0	18	14	0	0	0
otu.40219	5	3	8	0	40	2	0	8	0	9	2	0	0	31	0	1	0	0	0	0	0	0	0	0	0	0	3	0	0	0
otu.40231	0	1	3	0	7	0	0	3	4	0	1	0	1	9	0	0	0	0	0	0	0	0	0	0	0	0	0	0	0	1
otu.40245	0	0	0	0	0	0	0	0	0	0	1	0	0	0	0	3	1	0	0	0	0	0	1	0	0	0	0	0	0	0
otu.40285	1	2	0	0	10	0	0	0	0	0	5	0	0	7	0	1	0	0	0	0	0	0	0	0	0	0	0	0	0	0
otu.40332	0	0	0	0	0	0	0	0	0	0	0	0	0	0	0	0	15	2	20	1	3	0	0	0	0	0	0	0	0	0
otu.40356	1	0	0	0	0	0	0	0	0	0	0	0	0	0	0	10	0	0	0	0	0	0	0	2	0	0	0	0	1	0
otu.40396	0	0	0	0	0	0	0	0	0	0	0	0	0	0	0	0	0	0	7	0	1	0	0	0	0	6	0	0	2	0
otu.40444	0	0	0	0	0	0	0	0	0	1	0	0	0	0	0	1	0	0	0	1	0	0	1	0	0	0	0	1	0	0
otu.40506	0	0	1	0	0	1	0	0	16	2	43	0	0	0	0	2	4	0	5	0	0	0	0	0	0	2	3	0	0	0
otu.40507	0	0	0	0	0	0	0	0	0	0	0	0	0	0	0	4	0	3	0	0	0	0	2	0	1	0	0	0	3	1
otu.40540	0	0	0	0	0	0	0	0	0	0	0	0	0	0	0	0	1	0	5	16	15	0	0	0	0	0	1	0	0	0
otu.40557	0	0	0	2	0	2	0	0	1	0	0	0	0	0	1	0	1	1	0	0	0	0	0	0	0	0	0	0	0	1
otu.40580	0	0	0	0	0	0	0	0	0	0	0	0	0	0	0	7	2	0	1	0	1	3	0	1	2	11	4	0	0	0
otu.40600	0	0	0	0	0	0	0	0	0	0	0	0	0	0	0	3	0	0	0	0	1	0	0	0	0	0	0	1	0	2
otu.40616	0	0	3	3	0	0	0	0	1	6	12	0	1	0	1	3	5	0	0	2	0	0	0	0	12	0	1	0	1	18
otu.40631	0	1	4	0	1	0	2	1	0	0	1	1	0	0	0	0	0	0	0	0	0	0	0	0	1	0	0	0	0	0
otu.40727	0	0	0	0	0	0	0	0	0	0	0	0	0	0	0	36	1	3	1	0	2	0	0	1	0	0	0	3	8	0
otu.40735	0	0	0	0	0	0	0	0	0	0	0	0	0	0	0	10	1	0	0	4	2	2	0	0	0	0	1	0	1	0
otu.40741	1	1	0	0	1	0	0	0	0	0	1	0	0	1	0	0	0	0	0	0	0	0	0	0	0	0	0	0	0	0
otu.40766	0	0	0	0	0	0	0	0	0	0	0	0	0	0	1	15	1	1	2	0	0	1	0	1	0	0	2	0	0	0
otu.40822	0	0	0	0	0	0	0	0	0	0	1	0	0	0	0	1	2	0	1	1	0	1	0	0	0	1	0	1	0	1
otu.40843	0	2	1	0	0	0	0	1	0	0	5	0	0	2	2	0	0	0	0	0	0	0	0	0	0	0	0	0	0	0
otu.40849	0	0	0	0	0	0	0	0	0	0	0	1	0	0	0	0	3	1	13	2	6	0	2	0	0	0	0	0	0	0
otu.40894	0	0	0	0	0	0	0	0	0	0	0	0	0	0	0	1	0	0	0	0	0	0	0	0	1	0	0	0	1	1
otu.40897	0	0	0	0	0	0	0	0	0	0	21	2	0	2	0	2	0	0	0	0	0	0	0	0	0	0	0	0	0	1
otu.40916	0	0	0	0	0	0	0	0	0	0	0	0	0	0	0	1	0	0	0	3	0	1	0	2	0	0	0	3	0	0
otu.40938	0	0	5	0	0	0	0	1	0	0	3	0	0	1	0	0	0	0	0	0	0	0	0	0	0	0	0	0	0	0
otu.40943	0	0	0	0	0	0	0	0	0	0	0	0	0	0	0	13	3	18	58	1	27	0	1	1	0	14	9	1	0	0
otu.40945	1	0	1	0	10	3	0	9	2	1	0	1	0	6	0	0	0	0	0	0	0	0	0	0	0	0	0	0	0	0
otu.40947	0	0	0	1	0	0	0	0	3	0	0	0	6	0	0	0	0	0	0	0	0	0	0	0	1	0	0	0	0	0
otu.40971	0	0	0	0	0	0	0	0	0	0	0	0	0	0	0	0	8	4	7	2	2	0	0	0	0	0	0	0	0	0
otu.40978	0	0	0	0	0	0	0	0	0	0	7	0	0	0	0	1	1	0	0	0	0	0	0	0	0	0	0	0	0	1
otu.40981	0	1	1	0	0	0	0	0	0	0	1	2	0	5	1	0	0	0	0	0	0	0	0	0	0	0	0	0	0	0
otu.41048	0	0	0	42	0	0	0	0	0	0	0	0	0	0	0	21	4	33	12	0	6	0	0	0	0	0	0	0	0	9
otu.41059	0	0	0	0	0	0	0	0	0	0	3	0	0	1	5	168	85	0	4	29	19	5	0	4	0	2	6	1	11	3
otu.41071	0	0	0	0	0	0	0	0	0	0	0	0	0	0	0	1	0	0	0	0	0	0	0	0	0	1	3	1	0	1
otu.41148	0	0	0	0	0	0	0	0	0	0	0	0	0	0	0	2	7	0	0	0	0	0	0	0	0	1	1	0	0	3
otu.41170	0	0	0	1	0	0	8	0	0	1	0	0	0	0	0	0	0	0	0	0	1	0	0	0	0	1	0	0	0	0
otu.41173	0	0	0	0	1	1	0	3	0	0	5	0	0	0	0	0	0	0	0	0	0	0	0	0	0	0	0	0	0	0
otu.41174	0	0	0	1	0	0	0	0	0	0	0	0	0	0	0	3	0	0	0	2	0	0	0	1	2	0	0	0	10	1
otu.41202	0	0	0	9	0	0	0	0	0	0	0	0	0	0	2	0	0	0	0	1	0	0	0	0	0	0	0	1	0	0
otu.41210	0	0	0	0	1	0	0	0	1	0	5	0	0	0	0	14	1	0	1	2	0	0	0	2	0	2	2	0	0	0
otu.41213	0	0	0	0	0	0	0	0	0	0	0	0	0	0	1	1	0	0	0	1	6	0	1	0	0	0	0	0	0	0
otu.41262	0	0	0	0	0	0	0	0	0	0	0	0	0	0	0	0	2	0	1	0	1	0	0	0	0	3	2	0	0	0
otu.41280	0	0	0	0	0	0	0	0	0	0	0	0	0	0	0	17	20	1	24	8	22	2	7	0	0	12	0	0	0	0
otu.41293	0	0	1	2	2	0	0	1	0	0	0	0	0	1	0	0	1	0	0	1	0	0	0	0	2	0	0	0	1	0
otu.41347	0	0	0	0	0	0	0	0	0	0	0	0	0	0	0	2	0	0	0	0	0	0	0	1	0	0	0	1	0	1
otu.41391	0	0	0	3	1	0	0	0	1	0	0	0	0	0	2	0	0	1	1	0	4	3	0	1	2	0	0	0	18	0
otu.41395	0	0	0	0	0	0	0	0	0	0	0	0	0	0	0	1	1	0	0	0	0	1	0	3	11	0	0	0	7	1
otu.41478	0	0	0	7	0	0	0	0	0	0	0	0	0	0	1	2	0	0	0	19	0	0	0	1	0	0	0	2	0	0
otu.41496	0	0	0	0	0	0	0	0	0	0	0	0	0	0	0	12	1	0	16	0	6	0	0	0	0	10	2	1	3	0
otu.41500	0	0	0	0	0	0	0	0	0	0	0	0	0	0	0	3	0	0	8	0	0	0	1	2	0	2	0	0	0	0
otu.41567	0	0	0	0	0	0	0	0	2	0	0	0	0	0	0	1	16	0	0	0	0	0	0	0	1	0	1	0	0	0
otu.41571	0	3	0	0	0	0	0	1	0	1	1	0	0	1	0	0	0	0	0	0	0	0	0	0	0	0	0	0	0	0
otu.41599	0	0	0	0	0	0	0	0	0	0	0	0	0	0	0	0	0	0	0	0	0	0	0	1	2	3	0	1	0	0
otu.41600	0	0	0	11	0	0	0	0	0	0	0	1	0	0	0	0	0	0	0	13	0	0	0	1	0	0	0	0	0	5
otu.41680	0	0	0	0	0	0	0	0	0	0	0	0	0	0	0	1	0	0	7	0	0	0	0	0	0	0	1	1	0	0
otu.41739	0	5	0	0	0	0	0	2	0	0	8	0	0	4	0	0	0	0	0	0	0	0	0	0	0	0	0	0	0	0
otu.41753	0	0	0	0	0	0	0	0	0	0	0	0	0	0	0	3	0	0	0	0	0	0	0	1	0	0	1	1	0	0
otu.41763	0	0	0	0	0	0	0	0	0	0	0	0	0	0	0	1	1	3	1	0	0	0	0	0	0	1	0	0	7	1
otu.41782	0	0	0	0	0	0	0	1	1	0	13	0	0	0	0	2	16	3	1	0	0	0	1	0	0	2	0	1	0	0
otu.41795	1	0	0	0	0	0	0	0	0	0	0	1	0	0	0	1	0	0	0	1	0	0	0	1	0	0	0	0	0	0
otu.41841	0	0	0	0	0	0	0	0	0	0	0	0	0	0	1	0	0	0	0	0	0	0	0	1	1	0	0	0	0	2
otu.41876	0	0	0	4	0	0	0	0	0	0	0	0	0	0	2	2	2	0	0	0	0	0	0	0	0	3	0	5	0	0
otu.41913	0	0	0	1	0	0	0	0	0	0	0	0	0	0	0	2	0	0	0	0	2	0	0	0	0	9	11	0	0	0
otu.41921	0	0	1	0	0	0	0	0	3	0	0	0	0	1	0	0	0	0	0	7	0	0	0	0	0	0	0	0	0	2
otu.41955	0	0	0	0	0	0	0	0	0	0	0	0	0	0	0	9	2	0	0	0	1	0	0	2	0	0	1	0	0	0
otu.41958	0	0	0	1	0	0	0	0	0	0	0	0	0	0	0	0	0	0	0	12	0	0	0	0	0	2	0	2	0	0
otu.41984	0	0	0	0	0	0	0	0	0	0	0	0	0	0	0	3	0	1	1	0	0	0	0	1	0	0	0	0	0	0
otu.42016	0	0	0	0	1	0	0	1	0	0	1	0	0	3	0	0	0	0	0	0	0	0	0	0	0	0	0	0	0	0
otu.42035	0	0	1	1	0	0	0	0	0	0	1	0	1	0	1	0	0	0	0	0	0	1	0	0	0	0	0	3	0	0
otu.42125	0	0	0	0	0	0	0	0	1	0	2	0	0	0	0	0	3	1	2	4	0	0	0	0	0	1	0	0	0	0
otu.42140	0	0	0	0	0	0	0	0	0	0	0	0	0	0	0	0	1	0	0	0	0	1	0	0	0	3	1	1	0	0
otu.42171	0	0	0	0	0	0	1	0	0	0	1	0	1	2	1	0	0	0	0	0	0	0	0	0	0	0	0	0	0	0
otu.42175	0	0	0	0	0	0	1	0	0	0	0	0	0	0	0	1	1	4	0	7	0	1	0	2	0	5	2	0	2	6
otu.42185	0	0	0	1	0	0	2	0	0	0	0	0	0	0	0	0	0	0	0	0	0	0	0	1	0	0	0	1	0	0
otu.42213	0	0	0	0	0	0	0	0	0	0	0	0	0	0	0	2	3	0	0	6	0	0	0	0	0	2	1	3	0	1
otu.42310	0	0	0	0	0	0	0	0	0	0	2	0	0	0	0	3	0	0	0	0	0	0	1	0	0	0	1	0	0	0
otu.42313	0	0	0	0	0	0	0	0	0	0	0	0	0	0	0	3	2	0	1	0	2	0	0	0	0	4	0	1	0	0
otu.42316	0	0	0	0	0	0	0	0	0	0	0	0	0	0	0	5	3	0	6	5	0	0	0	0	0	4	1	0	0	0
otu.42330	0	0	0	0	0	0	0	0	0	0	1	0	0	0	0	26	0	0	2	0	0	0	0	0	0	2	7	0	0	0
otu.42349	0	0	0	0	0	0	0	0	1	0	0	0	0	0	0	4	0	0	0	1	0	0	0	0	16	2	0	3	4	9
otu.42383	0	0	0	0	0	0	0	0	0	0	0	0	0	0	0	1	0	0	2	0	0	0	0	0	0	1	1	0	0	0
otu.42466	0	1	0	0	2	0	0	2	0	0	16	0	0	1	3	0	0	0	0	0	0	0	0	0	0	0	0	0	0	0
otu.42487	0	1	0	0	0	1	2	3	2	0	2	0	0	3	0	0	0	0	0	0	0	0	0	0	1	0	0	0	0	0
otu.42498	0	0	0	1	0	0	0	0	0	0	0	0	0	0	0	10	22	0	1	3	0	1	0	0	5	2	0	0	0	8
otu.42587	0	0	0	0	1	0	0	0	0	0	0	0	0	0	1	0	0	0	2	0	0	0	0	1	0	0	0	0	0	0
otu.42600	0	2	0	0	1	1	0	2	0	3	1	0	0	0	0	0	0	0	0	0	0	0	0	0	0	0	0	0	0	0
otu.42609	0	0	0	0	0	0	0	0	0	0	1	0	0	0	0	3	1	1	7	0	0	0	0	0	0	7	0	0	0	0
otu.42718	0	10	9	0	14	0	0	0	0	0	0	0	0	2	0	0	0	0	0	1	0	0	0	0	0	0	0	0	0	0
otu.42721	0	0	0	0	0	0	1	0	0	0	0	0	0	0	0	0	1	0	1	0	0	0	0	1	0	0	1	2	1	0
otu.42741	0	0	0	0	0	0	0	0	0	0	0	0	0	0	0	1	0	2	0	0	0	1	0	0	0	0	0	0	1	0
otu.42743	0	0	0	1	0	0	0	0	0	0	0	0	0	0	0	1	0	0	0	0	0	0	0	2	0	0	0	3	2	0
otu.42761	0	0	0	0	1	0	0	0	0	1	36	1	0	0	1	103	6	0	3	40	0	0	0	1	0	14	3	0	1	5
otu.42794	0	0	0	1	0	0	0	0	0	0	0	0	0	0	0	0	0	4	2	1	2	0	0	0	0	2	0	0	18	1
otu.42795	0	0	0	1	0	0	0	0	0	0	0	0	0	0	0	11	0	0	2	0	0	1	0	0	0	0	0	1	0	2
otu.42845	0	0	0	0	0	0	0	0	0	0	0	0	0	0	0	20	0	0	2	15	15	0	0	0	0	1	0	0	0	0
otu.42885	0	0	0	3	0	0	0	0	14	0	1	0	0	0	0	9	40	0	12	5	0	1	0	1	41	0	0	2	96	9
otu.42888	0	0	0	0	0	0	0	0	0	0	0	0	0	0	0	7	0	0	2	2	0	1	0	0	0	0	2	0	0	1
otu.42907	0	0	0	0	0	0	0	0	0	0	0	0	0	0	0	0	2	0	1	0	2	0	0	0	0	1	0	0	0	0
otu.42987	0	0	0	0	0	0	0	0	0	0	0	0	0	0	4	10	1	0	0	0	0	2	0	0	0	3	4	1	1	7
otu.43037	0	0	0	0	0	0	0	0	0	0	0	0	0	0	0	10	2	0	0	0	3	0	0	0	0	0	1	0	0	1
otu.43087	0	0	0	0	0	0	0	0	0	0	0	0	0	0	0	0	1	1	1	0	2	0	0	0	0	5	0	0	2	0
otu.43179	0	5	2	0	9	5	0	3	0	0	4	1	0	0	1	0	0	0	0	0	0	0	0	0	0	0	0	0	0	0
otu.43196	0	1	0	0	0	0	0	0	0	0	2	1	0	2	0	0	0	0	0	0	0	0	0	0	0	0	0	0	0	0
otu.43231	0	0	0	18	0	0	0	0	0	0	0	0	0	0	0	2	6	2	3	0	3	0	0	0	0	1	0	0	0	1
otu.43275	0	0	0	2	0	0	0	0	0	0	1	1	0	0	0	69	0	1	0	0	7	1	0	0	0	24	30	0	10	0
otu.43308	0	1	8	0	28	18	0	0	0	2	27	0	0	1	1	0	0	0	0	0	0	0	0	0	0	0	0	0	0	0
otu.43309	0	0	0	0	0	0	0	0	0	0	1	0	0	0	0	0	14	2	0	0	0	0	2	0	0	0	0	0	0	0
otu.43328	0	0	0	0	0	0	0	0	0	0	1	0	0	0	0	2	0	0	0	0	0	0	0	0	0	0	4	0	0	4
otu.43365	0	0	0	0	0	0	0	0	0	0	0	0	0	0	0	2	1	0	0	1	0	0	0	0	0	0	0	0	0	1
otu.43381	0	0	0	0	0	0	0	0	0	0	0	0	0	0	0	0	0	0	0	0	1	0	1	0	0	0	3	0	1	0
otu.43385	0	0	0	0	0	0	1	0	0	0	0	0	0	0	0	0	0	0	12	0	0	2	0	0	0	1	0	0	0	0
otu.43403	0	0	0	0	0	0	0	0	0	0	0	0	0	0	0	3	0	0	2	0	1	0	0	13	1	2	7	0	0	4
otu.43474	0	0	0	10	0	0	0	0	0	0	0	0	0	0	0	1	2	2	2	0	0	0	0	0	0	0	0	0	0	0
otu.43535	0	0	0	2	0	0	1	0	0	0	1	3	9	2	4	1	3	0	0	2	13	0	0	1	8	1	0	0	1	28
otu.43593	0	0	0	0	0	0	0	0	0	0	0	0	0	0	0	6	0	0	0	0	0	0	0	0	22	0	0	0	8	1
otu.43607	0	0	0	2	0	0	0	0	0	0	0	1	0	0	0	1	0	1	1	5	4	1	0	1	0	30	29	1	4	0
otu.43652	0	0	0	0	0	0	0	0	0	0	0	0	0	0	0	0	0	0	30	0	7	0	0	1	0	2	0	0	0	0
otu.43674	0	0	0	0	0	0	0	0	0	0	0	0	0	1	0	6	4	1	2	2	0	0	1	1	0	1	0	0	0	3
otu.43677	0	0	0	0	0	0	0	0	0	0	0	0	0	0	0	6	0	1	4	1	15	0	0	0	0	0	0	0	0	0
otu.43690	0	0	0	0	0	0	0	0	0	0	0	0	0	0	0	2	0	0	0	0	1	4	0	1	0	2	5	2	0	3
otu.43738	0	0	0	0	0	0	0	0	0	0	0	0	0	0	0	2	3	0	1	0	0	0	0	1	0	1	1	0	0	0
otu.43769	0	0	0	2	0	0	0	0	0	0	0	0	0	0	0	2	0	1	0	6	0	0	0	0	0	0	0	0	0	5
otu.43803	0	0	0	0	0	0	0	0	0	0	0	0	0	0	0	2	0	0	2	0	3	0	0	0	0	1	1	0	1	0
otu.43809	0	0	0	3	0	0	0	0	0	0	0	0	0	0	0	10	0	6	1	6	0	1	4	1	0	0	1	0	7	1
otu.43812	0	0	0	0	0	0	0	0	0	0	0	0	0	0	0	1	0	0	6	0	2	0	0	0	0	0	1	0	0	0
otu.43829	0	0	0	0	0	0	0	0	0	0	0	0	0	0	0	1	0	2	0	6	1	0	0	0	0	0	0	0	0	0
otu.43849	0	0	0	0	0	0	0	0	0	0	0	0	0	0	0	3	4	0	3	0	0	0	0	0	0	9	1	1	0	0
otu.43862	0	0	0	0	0	0	0	1	0	0	2	0	0	0	0	5	0	0	28	0	0	1	0	0	0	4	2	1	0	0
otu.43881	0	0	0	0	0	0	0	0	0	0	0	0	0	0	0	0	0	0	7	0	0	0	0	8	0	22	14	0	0	0
otu.43900	0	0	3	0	2	0	0	0	1	0	2	0	0	0	1	2	0	0	0	4	0	0	0	4	19	0	0	1	0	11
otu.43965	4	23	0	0	4	0	0	0	0	0	0	0	0	1	0	0	0	0	0	0	0	0	0	0	0	0	0	0	0	0
otu.44002	0	1	0	0	0	0	0	0	0	0	1	0	0	0	0	17	0	0	1	0	0	0	0	0	0	1	12	0	0	0
otu.44051	0	0	0	0	0	0	0	0	0	0	0	0	0	0	0	2	9	0	2	0	10	0	1	0	0	0	0	0	0	0
otu.44053	0	0	0	0	0	0	0	0	1	0	0	0	0	0	0	4	2	0	4	0	0	1	0	0	1	0	0	0	13	2
otu.44073	0	0	0	0	0	0	0	0	1	0	0	0	0	0	1	0	0	0	18	0	0	3	0	1	0	1	1	0	0	0
otu.44083	0	0	0	1	0	0	0	0	0	0	0	0	0	0	0	3	0	1	0	0	0	0	0	0	0	2	3	0	0	0
otu.44133	0	0	0	4	0	0	15	0	0	0	1	1	0	0	0	1	0	1	0	0	0	2	0	0	0	0	2	0	0	2
otu.44154	0	0	0	0	3	1	0	16	0	0	10	1	0	3	0	1	0	0	0	0	0	0	0	0	0	0	0	0	0	0
otu.44229	0	2	0	0	20	2	0	5	0	1	0	0	0	1	1	0	0	0	0	0	0	0	0	0	0	0	0	0	0	0
otu.44260	0	0	0	0	25	0	0	0	2	0	1	0	0	0	0	1	0	0	0	0	0	0	0	0	0	0	0	0	0	0
otu.44270	1	1	0	0	3	0	0	0	0	0	1	0	0	0	0	0	0	0	0	0	0	0	0	0	0	0	0	0	0	0
otu.44273	0	7	8	0	15	0	1	0	29	1	24	1	0	4	1	1	0	0	0	0	0	0	0	0	0	0	0	0	0	0
otu.44280	0	0	0	0	0	0	0	0	0	0	0	0	0	0	1	4	9	0	1	11	1	0	0	0	3	2	0	1	30	2
otu.44286	0	6	12	0	0	0	0	0	2	2	3	1	0	0	2	0	0	0	0	0	0	0	0	0	0	0	0	0	0	0
otu.44332	0	0	0	0	0	0	0	0	0	0	0	0	0	0	0	1	0	0	0	1	0	0	0	0	55	1	1	1	1	0
otu.44385	0	0	0	0	0	0	0	0	0	0	12	1	0	0	2	28	3	0	20	0	11	4	0	3	0	42	3	1	0	0
otu.44398	0	0	0	0	0	0	0	0	0	0	0	0	0	0	0	6	0	0	0	3	0	0	0	0	0	3	4	0	0	0
otu.44451	0	0	0	0	0	1	4	0	0	0	0	0	0	0	0	0	1	0	0	0	0	0	0	0	0	1	0	0	0	0
otu.44465	0	0	0	0	0	1	0	0	1	0	12	0	0	0	0	0	0	0	6	0	0	0	0	0	0	0	0	3	0	0
otu.44496	0	0	0	0	0	0	3	0	2	0	11	0	0	0	0	2	0	0	0	0	0	0	2	0	0	0	0	0	0	0
otu.44522	0	0	0	0	0	0	0	1	0	0	1	0	0	2	0	2	0	0	0	0	0	0	0	0	0	0	0	0	0	0
otu.44564	0	0	0	0	0	0	0	0	0	0	0	0	0	0	0	14	0	1	1	0	4	0	0	4	0	8	0	1	0	0
otu.44592	0	0	0	0	0	0	0	0	0	0	0	0	0	0	1	1	3	0	0	0	0	0	0	0	0	0	0	0	0	3
otu.44596	0	0	0	0	0	0	0	0	0	0	0	0	0	0	0	4	0	0	3	0	0	0	0	0	0	0	2	3	0	1
otu.44628	0	0	0	0	0	0	0	0	0	0	0	0	0	0	0	2	4	0	1	0	0	0	0	0	0	1	0	3	0	0
otu.44632	0	0	0	0	0	0	0	0	0	0	0	0	0	0	0	1	0	0	12	0	0	0	0	0	0	1	6	0	0	0
otu.44634	2	0	0	0	21	4	0	1	1	21	8	0	0	0	1	0	0	0	0	0	0	0	0	0	0	0	0	0	0	1
otu.44635	0	1	0	1	0	0	0	0	0	0	0	3	1	0	0	3	0	0	0	0	1	1	0	0	3	0	0	0	8	1
otu.44693	0	0	2	0	6	0	0	3	1	0	2	0	0	0	0	0	0	0	0	0	0	0	0	0	1	0	0	0	0	0
otu.44716	0	0	0	0	0	0	0	0	0	0	0	0	0	0	0	0	1	0	1	2	0	0	1	0	0	0	0	0	0	0
otu.44751	0	0	0	0	0	0	0	0	0	0	0	0	0	0	0	0	1	1	1	1	0	0	0	0	0	0	2	0	0	0
otu.44777	0	0	0	0	0	0	0	0	0	0	0	0	0	0	0	0	1	0	1	0	0	0	0	1	0	1	1	1	0	0
otu.44829	0	0	0	34	0	0	0	0	0	0	0	4	0	0	0	1	1	1	0	0	3	1	1	0	0	0	4	0	3	1
otu.44842	0	0	0	0	0	0	0	0	0	0	0	0	0	0	0	0	1	0	2	0	0	0	1	0	0	2	0	0	0	0
otu.44852	0	0	0	0	0	0	0	0	0	0	0	0	0	0	0	14	2	0	0	6	3	0	0	0	0	0	0	0	2	0
otu.44869	0	0	0	0	0	0	0	1	0	0	0	0	0	1	0	10	1	0	3	1	1	3	0	0	0	0	2	1	0	0
otu.44876	0	0	0	0	0	0	0	0	0	0	0	0	0	0	0	2	1	0	1	0	0	1	0	0	0	0	0	0	0	0
otu.44893	0	0	0	0	0	0	0	0	0	0	0	0	0	0	0	1	0	2	1	1	0	0	0	0	0	0	0	0	1	0
otu.44940	0	0	0	1	0	0	0	0	0	0	0	0	0	0	0	9	0	3	0	0	0	1	0	17	0	20	5	0	11	1
otu.44970	0	0	0	0	0	0	0	0	0	0	0	0	0	0	1	0	0	0	0	0	0	0	0	2	17	0	0	0	2	1
otu.44988	0	0	0	1	0	0	0	0	0	0	0	0	0	0	0	0	0	0	0	2	0	0	0	0	0	0	1	1	1	2
otu.44996	0	0	0	0	0	0	0	0	0	0	3	0	0	0	0	1	2	0	0	1	0	0	0	0	1	0	2	0	0	0
otu.45019	0	0	0	0	0	0	0	0	0	0	0	0	0	0	0	3	0	0	1	0	0	0	1	0	0	1	0	0	0	0
otu.45097	0	3	1	1	0	0	0	0	100	14	204	0	0	0	0	2	7	0	6	0	2	0	0	0	1	0	1	0	0	0
otu.45138	0	0	0	0	0	0	0	0	0	0	0	0	0	0	0	1	7	0	0	7	0	0	0	0	0	2	2	0	0	0
otu.45158	0	0	0	1	0	0	0	0	0	0	0	0	0	0	0	1	1	0	0	0	1	0	0	25	0	1	0	0	0	1
otu.45162	0	0	0	0	0	0	0	0	0	1	0	0	0	0	0	87	58	2	72	5	9	6	2	5	0	38	31	5	0	0
otu.45169	0	1	0	0	0	0	0	0	0	0	1	0	0	1	1	0	0	0	0	0	0	0	0	0	0	0	0	0	0	0
otu.45197	0	0	0	0	0	0	0	0	0	0	0	0	0	0	0	0	0	0	0	1	0	0	0	2	0	0	1	1	0	2
otu.45212	0	0	0	0	0	0	0	0	0	0	0	0	0	0	0	4	3	1	0	0	5	0	0	0	0	0	0	0	0	0
otu.45213	0	0	0	0	0	0	0	0	0	0	0	0	0	0	0	1	2	0	0	2	0	0	0	0	0	2	0	1	0	1
otu.45227	0	0	0	1	0	0	0	0	0	0	0	0	0	0	0	0	0	4	1	0	1	1	0	0	0	0	0	0	0	0
otu.45273	0	0	0	0	0	0	0	0	0	0	3	0	0	0	0	1	31	5	0	0	0	0	9	0	0	0	0	0	0	0
otu.45274	0	0	0	0	0	0	0	0	0	0	0	0	0	0	0	1	0	0	1	0	10	0	0	1	0	1	0	1	0	0
otu.45318	0	0	0	0	0	0	0	0	0	0	0	0	0	0	0	0	1	0	0	0	1	0	0	0	0	3	2	0	0	0
otu.45347	0	0	0	0	0	0	0	0	0	0	1	0	0	0	0	7	3	0	0	0	0	0	0	0	0	3	0	0	0	2
otu.45351	0	0	2	0	1	0	1	1	1	1	23	0	0	18	0	0	0	0	1	0	0	0	0	0	0	0	0	0	0	0
otu.45375	0	0	0	0	0	0	0	0	0	0	0	0	0	0	0	12	1	0	1	8	0	0	0	0	0	8	2	1	1	8
