otu	DYEY1	DYEY10	DYEY2	DYEY3	DYEY4	DYEY5	DYEY6	DYEY7	DYEY8	DYEY9	TET1	TET10	TET100	TET103	TET104	TET105	TET106	TET107	TET108	TET109	TET110	TET112	TET113	TET114	TET115	TET117	TET118	TET119	TET120	TET121	TET14	TET15	TET16	TET18	TET19	TET2	TET20	TET24	TET26	TET28	TET29	TET31	TET33	TET34	TET35	TET36	TET37	TET38	TET39	TET4	TET40	TET41	TET42	TET43	TET44	TET45	TET46	TET47	TET48	TET5	TET51	TET52	TET53	TET54	TET56	TET57	TET58	TET6	TET60	TET61	TET62	TET63	TET65	TET67	TET68	TET7	TET70	TET71	TET72	TET75	TET76	TET77	TET78	TET79	TET8	TET80	TET81	TET82	TET84	TET85	TET86	TET87	TET88	TET89	TET9	TET90	TET92	TET93	TET94	TET95	TET96	TET97	TET98	TL100	TL30	TL107	TL106	TL80	TL76	TL65	TL7	TL96	TL86	TL103	TL95	TL111	TL61	TL94	TL62	TL63	TL37	TL116	TL31	TL118	TL13	TL121	TL57	TL87	TL64	TL2	TL108	TL73	TL55	TL109	TL77	TL38	TL12	TL67	TL10	TL3	TL14	TL97	TL123	TL6	100a	TL120	TL54	TL117	TL44	TL71	TL20	TL1	TL124	TL78	TL105	TL81	TL91	TL66	TL92	TL88	TL60	TL69	TL93	TL113	TL59	TL115	TL85	TL4	TL39	TL16	TL114	TL129	TL102	TL110	TL84	TL112	TL74	TL70	TL99	TL82	TL18	TL23	TL83	100b	TL90	TL27	TL5	TL58	TL119
OTU_1	291	22	46	435	1443	14	75	51	740	5576	134	1140	59	6319	5007	58	3190	683	725	314	240	1417	479	446	774	117	507	150	169	248	212	47	61	199	305	340	242	77	404	1524	1074	51	358	495	28	1517	57	1343	69	190	195	451	19	163	230	1074	28	118	119	1143	212	473	745	171	392	128	965	243	209	337	403	14226	98	722	306	128	1786	1722	335	419	6519	499	3764	871	70	3591	1916	335	8235	519	180	426	1835	433	655	526	214	5310	1119	69	1291	628	173	4529	29	392	8535	2044	930	11	72	307	81	739	133	522	44	1322	5484	25	140	80	119	179	2448	2350	255	315	1086	669	138	4252	158	948	545	479	1985	29	959	37780	4532	26990	311	375	401	3278	414	121	43	6784	61	406	457	123	327	232	441	640	426	3217	21	321	8719	1340	282	1891	36	524	3563	407	376	239	1967	623	3619	690	5	98	613	348	5467	402	3011	603	1490	13095	18984	2937	526
OTU_2	7265	1320	14112	16715	1907	23585	1995	5421	2171	3806	413	10170	141	1280	1028	403	602	653	8303	708	4118	138	8035	2818	3844	1631	1800	112	1504	452	1111	1507	11967	2670	967	646	2507	1599	1717	3270	17540	1868	13422	393	6675	8875	711	3276	599	6835	1296	313	4377	1562	639	4550	12052	12629	1464	335	94	752	707	390	853	8485	924	2634	1250	4317	1921	991	188	676	120	1092	4223	1131	85	340	147	255	4107	675	2693	394	61	10152	10165	2254	1394	3833	2206	351	4937	1031	1517	106	1039	3329	965	369	1139	1875	1872	10915	891	116	2353	93	2041	558	14233	12726	12972	5411	571	5019	2421	776	12590	630	572	431	2902	860	681	1231	9848	6200	5580	4061	191	7110	670	2330	2548	9911	472	892	1082	1392	2022	1396	7704	5982	11914	1401	92	793	561	25127	2297	13607	391	6698	3370	1607	1761	4299	834	394	8566	15147	13370	932	1321	11505	19019	1074	2911	1716	1084	6578	137	4513	99	4281	6782	6490	5861	703	3540	12114	2150	11452	454	6886	381
OTU_3	2138	10	78	31	8	3	2322	8	3607	8	22	128	16	108	488	129	23	32	7	118	51	84	85	5981	131	5	43	17	16	70	1317	43	11	220	9	317	52	17845	8	57	36	73	3994	35	12	4	4085	6174	53	36	9	96	11	6	11	128	21	92	566	46	13	50	22	29	58	211	1063	99	16	79	4462	40	1025	25	4	53	4	3	38	17	4	862	17	3	84	27	27	78	46	50	99	5	29	5	34	238	1	1125	1487	1980	5076	6	8	6431	42720	57	110	793	38	183	8212	526	6202	77	9632	20504	31985	10776	1384	3791	174	14376	33491	27882	12317	10845	9782	1317	8100	141	26776	408	1585	520	2425	48	363	12055	2167	29	684	437	1640	4296	436	1025	3143	21538	14699	8532	3925	3791	58	118	34138	411	12398	6481	333	29	15468	4445	3217	418	4380	504	21624	118	247	1709	2908	27799	647	5865	1898	914	33515	29820	485	98	15213	50	4475	1675	1481	3880	46	9009	67
OTU_4	9458	527	8248	14606	8656	2255	3750	6672	3342	972	6557	2798	3755	1656	371	2660	2394	603	1157	1210	719	1136	1027	1673	1696	1109	1136	256	899	3524	10261	23240	1536	2589	2521	2808	2536	899	894	7641	1488	8047	4854	1060	2541	3598	1226	1739	8258	1807	2924	964	5712	1140	635	1249	1366	1745	583	3256	1662	1954	3468	1926	10729	2193	6884	5557	1575	1448	945	809	1450	4898	707	2421	1342	334	1372	619	73	3094	1633	136	3709	3287	1822	5326	1196	4294	5105	1655	1973	2408	7223	884	1159	502	1871	966	1843	3184	2270	756	14	118	128	2519	4753	223	483	1108	131	224	329	1354	174	380	181	178	744	119	72	63	692	1610	246	2100	104	544	172	236	38	431	908	58	737	233	2571	837	1169	3375	1154	2669	558	573	287	242	27	225	519	580	301	388	18	2030	840	869	1944	8899	228	502	79	287	310	75	54	1137	244	2517	691	338	257	1782	1704	166	109	92	355	88	547	54	1361	263	1077	222	439	319	7705
OTU_5	2	54	3	36	690	75	817	55	746	177	59	833	5	53	25	47	439	48	160	240	15	28	201	7	36	11	286	18	36	72	154	26	9	228	28	74	360	61	118	4	3	19	110	10	12	59	73	526	30	184	9	30	7	107	76	145	4	51	11	35	173	174	357	47	18	39	38	43	75	18	108	321	8	40	48	19	3024	58	143	79	2160	14	81	41	24	174	240	11	220	209	97	475	17	3	284	32	39	86	349	13	51	77	29	3712	349	780	21035	4759	76	4	305	18138	943	2072	12	3039	218	1709	7420	39	488	376	634	1140	767	1504	131	185	111	25	3367	19867	855	262	3948	430	504	4183	19321	3209	453	272	59	83	6	172	204	5387	38	7010	163	248	31	94	9	455	1203	819	591	138	42	38444	393	640	276	74	30	5151	95	138	443	185	544	69	10314	54	472	24	17	895	25628	44	2071	5	1295	714	1213	93	4630
OTU_6	154	41	1980	1548	2562	188	4542	5453	3375	1240	1559	2963	1498	1137	141	760	277	5898	104	4499	266	8762	547	947	216	453	229	1893	266	1116	4859	194	93	3370	1941	2442	922	217	2664	916	258	2237	1636	1421	1548	1623	172	2455	1462	203	346	837	3820	232	581	81	13	239	213	5452	658	5450	610	1891	1797	74	255	19591	1175	524	1065	1541	1066	10322	1027	862	618	17	100	1294	8949	1676	3812	41	2064	1054	98	428	2049	531	480	783	1727	404	69	1344	96	238	2093	117	2221	332	285	400	72	83	21	7248	2110	4	740	555	85	81	1060	1374	141	507	304	148	167	488	546	264	188	91	129	5461	4206	246	168	10494	37	4105	3778	148	145	686	3478	251	137	3954	63	1970	74	581	312	157	17	545	1655	250	744	1128	36	1582	673	607	762	26	656	47	5	73	796	1005	89	244	119	10650	557	190	2990	1284	2593	144	46	444	581	470	6652	1572	481	115	1403	35	3352	1045	10437
OTU_7	212	257	878	9411	5657	2709	2022	10953	11042	753	7148	1712	2975	822	137	7358	5993	385	534	6198	1499	5564	226	1980	2375	4909	1485	2680	5609	7886	4136	1628	171	877	5574	7238	4773	523	6429	1841	3735	54	6370	9896	1833	1960	1914	622	1719	9513	3261	4996	253	1807	11560	791	192	168	495	104	6106	1856	4257	5913	489	4069	3272	848	4281	7182	253	9343	1155	3267	12386	2323	705	107	11537	1339	575	239	591	14266	10118	3630	2135	2226	704	4630	289	885	1447	7077	6672	1737	11477	988	4720	280	1875	817	3351	27	9	46	5	596	1023	0	15	1351	9	33	2	69	1	1	6	0	73	0	2	0	174	18	3	116	59	89	57	4	0	40	43	5	13	0	156	11	115	1190	0	86	25	12	2	0	1	25	0	69	0	35	3	509	73	1	289	1767	1	0	0	67	0	102	1	289	123	43	0	48	50	11	126	13	1	1	2	5	302	9	7	8	259	24	21	23	294
OTU_8	3895	22	7558	6772	8917	1198	1911	33	4134	17	5869	1048	26	43	94	44	900	202	140	1173	1401	4909	542	1157	62	69	417	2159	450	1285	1576	31763	21	602	23	296	2121	278	17	1356	42	29	239	87	92	1551	2168	2093	1750	1589	1537	110	40	1320	2575	63	38	37	367	17	36	953	2327	1947	5337	39	660	121	42	52	68	46	1346	389	108	57	216	12	1290	54	61	3253	804	48	2747	2175	2490	201	84	141	41	66	2465	61	49	403	2092	255	1607	493	2743	15	1599	898	8	5	24	3735	332	1	473	75	58	100	1	289	95	70	360	22	257	5	32	18	111	1272	139	794	142	3	75	31	173	107	907	33	5	41	77	26	282	3818	44	3051	6	952	3	181	24	119	158	5	177	237	11	310	385	153	19	15	41	714	53	76	45	499	24	109	53	1665	700	31	174	241	1323	302	6	11	39	46	93	17	3527	6	1200	77	1114	202	8961
OTU_9	309	646	1244	6424	3172	142	802	7454	2934	482	512	1222	37	750	160	350	243	537	1119	1003	617	223	762	1764	436	16	549	70	308	864	699	63	1218	2073	526	219	4595	1954	864	470	179	903	2547	530	1461	3913	1355	1765	291	1661	1508	386	1138	734	205	575	1692	486	2259	27	138	2233	3890	2438	431	49	358	891	4100	54	54	134	322	94	24	2292	69	120	41	155	1212	1329	529	13	3513	756	1183	1370	5919	216	216	1188	631	694	31	223	203	91	884	749	265	722	416	681	234	230	8	5727	3110	22	125	358	336	614	288	3042	298	351	751	149	1872	233	249	242	1015	497	263	1970	1075	150	144	18	216	411	1340	185	752	1153	953	502	84	813	129	186	544	560	443	383	298	171	232	71	73	166	86	1047	1220	529	1631	1	748	1117	433	70	1050	53	113	541	1850	317	191	204	702	1785	1134	480	183	577	108	427	186	143	725	225	884	449	632	581	151
OTU_10	73	0	11	25	1280	34	6	4059	185	1	1	55	4	50	306	350	10	31	10	522	163	26	6931	2346	9422	6	31	3	89	22	246	19	537	1314	21	15	16	136	715	18	4	58	161	4	9	4	8	7597	29	5	9	21	7	5	6	36	2	6	57	15	4	30	652	62	108	22	69	52	12	14	199	49	199	1050	30	9	2020	0	74	17	4	6	203	17	7695	45	2	67	7	30	19	7	23	1062	13	1	0	11	109	1595	35	11	4	530	381	8450	15598	180	368	17	1176	82	6206	25	3176	659	12	1390	9	105	4549	3791	1560	7	278	312	77	811	1016	18	2036	276	8	407	43	1519	3	9269	597	1278	122	336	3180	14	244	19	3682	327	14	121	234	11	109	96	522	103	1312	21	15506	2	282	165	58	104	829	34	5264	165	117	13	729	694	4521	458	6	23	82	5276	7197	15	3677	2562	96	398	1059	94	15	4996	121
OTU_11	2861	336	93	7973	2425	725	816	855	1409	2620	568	2499	429	439	68	110	761	944	476	892	507	71	181	338	264	1910	503	320	222	6821	3224	805	84	3856	302	341	593	191	920	3382	296	596	1155	561	1349	523	1649	245	897	1410	146	454	3941	588	879	1309	49	280	152	1291	2975	3231	1439	1076	5178	1707	456	9790	877	460	89	1958	85	912	137	41	844	15	985	662	3821	386	2346	638	295	1032	190	1063	1266	676	189	303	366	610	209	2354	72	749	1275	105	4139	1602	176	826	2	15	16	1059	158	9	179	192	16	46	73	1854	6	378	10	791	63	26	11	274	112	540	250	590	29	12	53	195	1	106	112	12	366	73	189	164	2152	184	60	617	104	325	20	2	1	985	7	93	13	57	6	833	3629	12	221	156	22	505	22	465	75	0	181	1079	50	97	180	80	32	83	10831	109	606	21	22	1	64	7	206	93	77	104	28	72	995
OTU_12	1773	11	758	17	15	5312	153	16823	26	1682	38	7266	7	145	245	687	15	67	13	16	29	50	33	68	995	98	469	8	166	31	205	22	2579	1759	157	75	30	826	14	816	11409	405	322	560	31	545	18	127	222	25	23	273	37	7	1	822	20	31	41	53	8	29	55	74	175	31	191	81	64	3317	540	87	14	154	48	554	11	7	14	35	16	29	9	50	22	76	7	78	28	70	77	3	843	152	697	6	631	27	292	35	217	40	547	698	379	4148	1010	37	7031	17	924	67	9848	4626	861	510	98	794	240	1166	7371	666	395	20	1348	247	347	379	1598	12	491	131	10	255	25	999	3654	1705	444	28	151	406	391	125	384	581	889	1454	36	550	163	34	913	60	199	2056	132	1012	792	1244	941	96	1798	14953	1425	398	1303	187	4256	4	340	133	369	1574	17	208	49	85	1008	804	863	257	251	380	105	1835	4320	2484	40
OTU_13	7922	6669	1133	1373	416	4547	196	1763	1777	2275	186	6366	74	494	252	226	242	341	1383	125	712	63	621	271	2004	2040	1193	36	303	125	401	3775	4690	313	592	233	486	1182	6358	1545	4481	1368	4074	27623	1918	327	474	933	323	3480	1212	13564	366	713	112	280	524	4629	587	469	812	88	87	250	776	9501	361	192	2455	49	962	236	1854	238	40	314	1992	18454	22	299	136	1516	2745	410	4510	62	999	2320	2121	771	1685	838	2290	331	1115	201	100	47	457	204	663	182	1528	54	99	1124	37	251	260	8	457	1155	1232	362	654	1750	981	1624	724	523	1723	210	409	496	582	243	154	267	218	4303	545	72	397	2990	471	273	1260	373	175	773	116	1091	516	479	3270	691	1205	648	19	248	906	7349	4561	1147	96	506	369	1356	404	428	53	87	325	1389	1283	2686	866	1381	6005	81	98	153	416	779	114	324	27	188	2842	470	258	74	238	3656	4693	459	408	491	90
OTU_14	1795	1251	6781	3758	10657	92	2398	2293	2352	79	70	1798	32	1210	145	249	303	335	547	822	742	182	766	1250	2098	1339	949	393	274	635	3303	12814	510	1039	666	621	4601	507	1854	1853	71	1911	3447	1588	2080	2578	1987	674	483	838	1196	991	275	898	652	4415	143	97	1410	55	762	228	2788	1804	1809	624	855	292	1209	98	1059	468	269	304	308	1709	778	57	441	1269	15	1852	1025	42	1099	2700	3165	1276	880	993	104	1321	1089	2531	745	854	433	79	1174	348	782	1019	117	109	13	57	5	2752	1209	490	51	1662	26	84	102	613	41	91	52	28	232	40	27	10	220	845	51	840	85	488	25	106	7	203	268	18	266	187	238	880	134	1519	275	673	20	42	33	23	2	692	56	73	104	482	8	316	182	33	1313	749	54	185	21	318	66	702	14	465	92	291	218	57	219	284	360	43	13	46	234	29	233	32	77	8	226	85	95	82	1249
OTU_15	301	176	692	40	1460	2862	286	183	29	777	3208	1177	2652	456	33	225	556	25	237	91	34	136	69	30	101	1253	87	33	114	511	1464	1197	42	472	186	323	313	14	827	988	383	1195	261	706	50	451	64	16	470	32	432	409	647	29	183	2897	68	1254	32	10299	44	196	692	1821	120	468	1897	538	48	1475	109	2045	24	1298	699	72	375	621	74	1631	1278	32	3963	5638	179	590	2387	517	100	135	736	417	42	125	402	20	322	34	74	24	93	1874	32	19	2	19	189	673	430	20	74	77	138	59	21	222	2	3	8	4	107	85	3	11	11	210	3	527	289	99	14	4792	0	125	49	3	6	42	173	59	69	100	1062	1662	69	56	3171	5	3	999	62	1684	91	23	3	127	42	5	721	4253	4	0	1	240	11	5	3	314	1897	12	112	38	13	34	40	36	1	3	2	0	142	3	4	161	37	16	5054	232	219
OTU_16	4785	419	7253	4350	9611	461	1425	7461	2250	39	1504	611	55	507	94	4595	2305	160	319	910	1458	6260	318	1660	2136	753	375	1708	911	1289	2536	5211	216	336	195	377	1506	364	1016	1516	563	552	779	706	1545	1410	2227	862	2169	1375	2403	547	432	307	1922	1074	138	131	969	38	1548	164	1929	840	3165	287	3349	670	820	83	196	820	669	2886	421	266	25	425	54	1026	111	1587	1071	54	822	1038	973	2540	406	2588	809	491	1182	3429	1082	1618	2807	327	1887	463	2466	908	984	456	6	41	11	492	1074	6	196	385	14	55	127	299	78	189	30	59	210	28	29	33	219	217	97	533	73	90	65	13	40	128	560	7	65	60	760	121	250	2468	148	3793	36	122	163	82	9	107	30	76	190	89	8	311	147	99	863	320	52	54	104	84	71	22	24	344	83	1164	125	74	459	832	1040	64	23	34	274	19	127	15	583	17	455	132	567	84	7089
OTU_17	0	5	1	26	2	0	55	4	49	0	737	6	2	0	17	2	31	4	6	1	0	211	33	6	1	7	16	10	11	64	7	1	0	2	29	63	227	9	2	2	139	1	14	8	2	270	0	7	1	30	0	11	1	0	60	77	0	9	8	17	15	1	27	0	2	6	34	11	2	2	14	233	5	1	3	16	10	9	14	28	28	5	1	1086	5	6	5	3	6	9	2	7	6	3	159	3	1	16	10	18	4	9	1	0	2	0	1	1	0	0	0	23	1	0	1	1	0	2	4	0	4	0	0	44	1	3	2	4	1	0	124	0	0	23	3	0	23	1	0	1	4	808	5	132	1	104	0	1	1	8	0	4	0	3	1	8	12	0	0	2	0	0	0	51	13	2	0	2	312	2	3	1	3	17	21	75	0	1	0	0	7	1	27	0	6	124	1	10	2467
OTU_18	2884	1015	798	3034	1064	1272	1176	20259	305	2867	357	439	217	2136	314	1357	286	106	1735	313	7637	128	3419	1675	4048	1070	439	46	955	371	242	928	38	245	802	211	407	1802	127	336	4428	264	7046	1560	8039	731	220	584	268	8067	1244	505	380	5716	553	293	2466	2694	1637	57	89	141	186	263	1449	5101	330	331	354	5421	885	178	1940	63	81	1128	236	895	28	87	70	494	431	138	2968	139	18	3802	1649	1317	2780	975	1519	668	126	155	1682	51	3747	837	317	72	3825	232	57	5613	384	37	534	25307	892	439	1894	6419	856	1457	89	1294	2062	459	5002	192	161	139	2117	76	186	658	431	22	1273	121	66	3648	291	1262	1495	387	253	865	264	5528	2059	2641	4274	1463	2560	319	31	166	122	967	2593	663	552	2733	715	3661	498	246	155	91	1476	3521	868	637	272	2282	420	245	974	164	283	10701	71	720	38	74	1399	1250	496	179	572	4710	494	1832	1203	670	178
OTU_19	56	13	101	4098	566	56	542	174	945	1	24	308	4	1187	201	3341	55	167	26	1923	845	198	1002	83	1665	13	123	158	178	815	505	53	47	740	474	260	20	41	28	35	14	22	1132	435	904	2089	100	993	670	1100	28	498	36	12	77	44	2	945	118	34	6	238	518	1186	43	22	64	62	1017	63	79	36	149	32	31	3305	13	8	14	1980	10	556	160	34	1594	3185	1	132	57	284	31	2830	7556	928	1430	110	710	31	216	101	585	2380	381	1059	56	151	3	41	85	2	68	106	72	810	22	812	9	145	168	35	176	10	3	8	59	428	40	1746	79	767	186	8	34	273	542	31	145	99	95	11	169	1207	6	201	11	110	1	42	3	26	68	14	160	1185	18	631	84	40	60	0	4	331	97	0	96	54	27	95	59	861	40	126	118	239	159	245	4	82	209	87	84	54	418	11	924	168	1526	389	1765
OTU_20	495	1627	2124	2341	1864	29	970	734	3611	101	78	207	4939	105	184	1525	2738	923	87	3196	1685	109	837	1619	1694	81	898	204	168	3923	449	140	126	218	216	209	1588	1002	809	50	268	11445	309	175	1400	585	560	1058	609	1409	424	321	2098	62	6372	130	130	100	312	145	121	704	2807	1650	266	42	376	845	332	74	172	201	563	164	1170	245	112	26	328	801	94	1130	1536	48	492	3019	1043	182	2818	611	234	870	853	2338	1132	166	20	120	290	413	129	42	713	614	470	160	19	5303	4765	2138	131	577	2044	1933	856	3949	1448	677	746	624	6446	231	975	1885	2017	1228	716	2003	601	1215	915	20	127	691	4083	832	703	1331	354	1807	718	2369	116	345	150	1732	45	2011	286	635	451	250	180	515	358	943	4558	394	1487	31	1930	891	1159	93	882	38	795	7803	178	3114	421	2407	775	2080	490	1226	1649	289	2240	368	3733	281	905	112	1309	1305	409	1395	255
OTU_21	4146	676	3918	4585	3999	4550	1496	6055	1784	51	6534	3970	2748	1915	187	1663	1392	130	53	1945	2160	1000	348	972	897	3857	743	1029	830	3077	5699	6365	354	700	2290	2240	2143	326	1177	1906	1086	2559	2893	676	1685	1308	2585	741	5600	894	6279	629	65	1024	2463	2190	240	2141	721	61	3720	1297	1877	2902	2486	2711	741	169	4515	5903	539	2100	646	578	1378	1103	452	200	920	156	58	2322	349	34	3067	3655	979	1501	405	928	8156	291	1053	3695	732	229	34	361	2132	644	531	1350	1046	80	15	54	16	408	843	44	24	1330	26	91	25	770	10	49	12	48	194	24	8	4	95	382	60	863	22	195	22	45	2	108	228	8	200	51	461	71	396	5460	840	324	203	49	269	3	1	90	20	67	15	164	19	358	134	36	1432	531	10	34	37	87	30	255	8	279	73	1066	111	72	40	317	110	19	6	16	36	27	130	5	136	121	152	72	182	39	924
OTU_22	69	72	97	1542	1575	162	3503	6448	3707	137	303	146	12	1726	88	103	353	8923	128	112	107	596	126	146	66	1098	311	236	162	252	5682	330	124	235	4173	4351	81	19	2804	427	68	726	183	2414	62	420	146	631	1761	67	178	1292	1771	69	902	16	21	79	36	488	114	473	973	2368	144	30	23	2534	209	236	58	404	119	1170	194	1598	25	7	16	39	80	93	1150	7	317	62	49	1229	2903	157	46	502	654	105	52	102	86	160	690	119	747	46	390	38	10	102	12	647	133	7	175	84	383	665	151	6559	11	5763	652	97	496	208	50	316	28	3429	1972	471	2186	98	19	5425	28	170	6610	12	215	370	2013	101	28	1160	279	1783	5	654	512	1499	355	1338	54	38	292	50	69	3386	80	83	50	417	151	74	13	94	189	398	30	475	80	5305	116	172	805	214	1833	192	42	486	130	17	678	13	134	22	1613	36	7290	722	1742
OTU_23	10922	463	3405	417	147	1545	487	1375	1442	3379	50	59	19	70	126	1634	1009	93	361	327	438	733	384	320	631	55	885	88	202	1188	399	66	254	473	591	912	360	330	34	13	467	80	682	628	499	1264	2031	244	1238	52	1248	441	85	628	2592	65	36	67	336	39	1308	1514	2083	1456	1701	35	2088	135	1255	104	57	878	1526	240	57	68	41	113	1222	519	64	501	554	42	1101	294	2609	912	308	95	46	253	454	554	30	196	578	121	1187	693	394	555	206	388	7	13	8	1724	0	9	64	223	41	50	34	276	97	98	42	38	105	32	35	20	279	430	38	103	77	79	80	5	28	128	544	18	41	98	76	159	233	1976	27	2985	10	67	165	24	17	21	74	39	90	36	7	118	227	201	37	714	174	220	76	6	92	138	6	125	65	831	97	57	52	757	926	11	13	36	94	23	113	10	923	3	284	106	107	131	2059
OTU_24	201	6	1	32	485	1	15	0	105	2	12	159	0	24	843	29	47	217	4	39	3	120	165	234	1098	0	25	137	0	39	2901	20	403	402	17	57	21	5506	16	12	26	35	647	18	46	31	25	196	265	24	17	32	6896	0	210	13	6	25	6	53	1	3	50	1	72	35	199	146	2	25	830	29	1	446	1	9	3337	2	3	134	4	2	357	7	5	16	6	20	5	3	53	794	62	1	18196	3	0	8	324	629	29	4	6	29	9	442	5599	10	4713	1963	245	68	645	266	7	1527	4	10	3	104	133	720	10	44	0	444	71	226	427	0	17	34	2	26	300	2009	5	343	177	38	11	42	114	25	8	6	13	2	85	0	1175	6966	6	118	29	76	22	13	2699	14928	2	44	762	116	0	2	98	37	80	4	336	34	14244	8	5	8	14	1	2	5	21	11505	3	32	27	1185	16	202	46
OTU_25	19	54	834	4588	8826	42	245	1873	1237	2633	17	117	1636	964	75	64	2131	332	738	2050	1435	6589	89	438	940	373	589	682	352	965	562	449	37	5617	1053	1344	2175	337	3515	11	20	15	1154	436	22	79	45	164	1328	2248	589	302	1439	495	1958	37	187	49	25	662	311	503	3178	173	189	36	263	1398	283	49	1128	187	61	34	1006	241	44	13	516	464	78	545	97	17	1039	50	1277	71	2527	3710	232	4714	2193	41	13	4	1306	59	1347	242	925	2341	289	9	1	151	5	26	11	4	130	52	4	13	16	949	1	2	211	92	250	2	25	11	5	303	19	146	1	2540	43	18	5	316	1550	79	39	201	35	3172	68	93	10	24	24	22	116	256	4	84	4	37	50	473	28	237	41	230	3418	9	56	10	1	1447	5	14	0	1198	38	2448	2	78	470	544	19	17	2	94	5	1	184	27	393	34	353	31	4018	177	1165
OTU_26	2117	79	1960	190	2540	1131	401	2091	2974	21	1394	330	7	300	33	2521	542	1210	108	2577	851	68	100	77	350	13	477	136	154	562	49	5495	212	291	503	441	1196	12	752	622	693	3855	70	19	362	7	259	422	850	1427	414	99	28	467	920	26	21	38	966	8	851	1271	1632	3392	2714	17	142	101	583	16	36	95	801	54	3620	20	149	6	1096	2286	3473	599	2944	39	99	53	26	419	183	453	16	745	824	1709	1168	246	7	426	2428	322	27	1785	26	133	8	153	4	10	474	83	182	317	74	31	27	646	13	28	8	33	1214	52	11	30	114	1014	38	3616	72	1	13	180	1	88	444	5	42	81	1598	337	34	762	15	18	2	231	11	32	3	21	46	166	69	346	2	65	382	90	229	11	47	11	34	79	71	1554	5	55	362	197	37	37	50	769	12	69	10	19	69	12	67	11	20	2	616	31	42	52	2440
OTU_27	1	0	0	0	0	0	0	0	0	0	0	0	0	0	0	0	0	0	0	0	0	0	0	0	0	0	0	0	2	0	0	0	0	0	0	0	0	0	0	0	0	1	0	0	0	0	0	0	0	0	0	0	1	0	0	0	0	0	0	0	0	1	0	0	1	0	0	0	0	0	0	0	0	0	0	0	0	0	0	0	0	0	0	0	0	0	0	0	0	0	0	0	0	0	0	0	0	0	0	0	0	0	0	0	0	0	0	0	0	0	0	0	0	0	0	0	0	0	0	0	0	0	0	0	0	0	0	0	0	0	0	0	0	0	0	0	0	0	0	0	0	0	2	0	0	0	0	0	0	0	0	0	0	0	0	0	0	0	0	0	0	0	0	0	0	0	0	0	0	0	0	0	0	0	0	0	0	0	0	0	0	0	0	0	0	0	1	0	0
OTU_28	345	16	3843	1402	3951	99	3210	6909	1500	6	25	1050	3	59	140	19	333	1416	219	95	1908	302	1841	1602	1650	11	706	108	131	320	2000	39	1166	366	50	111	5225	1539	3667	13	2172	89	848	24	5813	430	1500	1318	117	6054	842	70	1655	8	694	485	218	24	179	44	356	103	2385	556	49	17	292	3614	542	23	633	112	146	5667	38	1714	722	9	3319	23	14	874	964	21	1712	605	17	972	791	76	30	704	1253	239	25	87	41	458	1012	174	51	8	976	705	7	384	4	1292	1581	5	489	1654	82	158	39	326	39	199	76	86	89	100	42	44	357	682	60	48	648	4	40	40	63	131	516	18	133	59	2939	616	159	3177	23	1141	12	615	162	194	20	85	43	12	382	16	32	243	370	317	41	7	32	92	2148	4	158	507	33	111	244	484	525	166	288	304	307	333	25	93	120	112	149	18	508	7	1207	3336	1201	168	3484
OTU_29	0	14	7	12	1452	13589	5887	21088	570	5	9	44	9	4	116	29	63	13	10	827	15	18	0	652	10	3944	20	12	16	57	160	9	8543	1307	378	9	4	9	5	22	2	752	79	21	29	19	70	1253	85	9	2972	33	3938	6	155	10	3	33	5	3	9	13	5	8	287	1	10	581	8	6	4	355	7	460	18	87	2355	127	34	12	6	273	16	16	37	8	7	23	5	28	9	3	9	6	16	265	2	7	44	11	16	8	7	8	16	20	5794	131	4161	6	6	27	8564	22	24	1665	55	4358	1014	723	321	0	8	2	77	982	3	542	2496	3	37	1	2	9417	739	657	3	5587	108	6	47	75	93	7	139	1	442	4	19	19	35	6	5	5078	310	1693	1153	2	6574	1	233	432	2	18	273	4	4004	17	48	9	657	11	482	39	6	5	1	2638	98	5	27	17	61	194	416	29	327	3253	36
OTU_30	117	222	389	568	511	1151	1478	5128	1502	93	8970	1089	595	1175	73	296	294	1347	383	1576	272	2213	374	135	193	552	150	850	247	742	12071	563	335	1621	3552	2996	2452	198	3814	730	279	187	525	1023	1012	1020	165	1330	1517	290	1354	523	88	138	500	254	26	609	485	2485	273	1789	278	3526	2541	40	136	253	570	1695	77	662	491	1849	925	2586	177	5	238	88	1037	598	1819	812	886	492	528	220	2148	936	93	1435	2511	148	158	354	647	271	2856	43	295	80	127	279	29	105	15	69	142	45	213	135	69	211	43	474	5	183	219	365	91	15	7	32	175	171	226	2547	33	418	34	390	24	75	623	8	42	92	3422	54	52	882	49	1785	14	264	253	121	16	877	6	19	215	218	24	250	135	272	95	1812	18	99	3	182	185	117	74	494	49	4576	131	55	273	574	452	114	5	200	132	8	94	8	262	15	673	19	2044	84	978
OTU_31	2282	65	5062	1323	4779	53	1266	2770	1861	26	1748	330	18	43	79	887	9	330	127	1079	627	279	103	679	384	9	158	540	67	124	1123	70	441	514	654	666	467	130	17	480	10	66	123	674	407	364	717	355	126	201	22	340	38	664	22	75	5	53	1091	32	1221	88	622	2582	857	2021	749	91	550	43	70	1170	878	45	914	24	10	8	12	558	6	36	758	31	678	869	12	1506	693	59	57	455	637	185	9	404	4	127	648	373	1648	1785	26	341	12	33	80	795	641	86	173	278	281	34	54	525	155	205	283	155	227	136	30	162	213	815	90	1226	206	345	56	28	54	143	841	23	2	110	1409	200	225	780	162	932	84	148	23	247	14	97	125	38	583	210	8	279	673	246	499	18	232	301	151	115	138	68	39	222	62	708	450	35	247	479	862	94	138	61	367	59	279	19	1161	29	595	192	237	155	1447
OTU_32	4531	27	42	2582	164	21	4077	281	149	24	2	14	742	884	239	495	49	9	6	4	22	484	22	32	57	3	1528	83	47	1593	207	7	11	14	30	419	701	33	689	3	5	101	964	2598	1651	1141	470	32	1694	2	1528	2033	2	60	153	55	0	4	229	32100	193	77	12	54	5614	1	88	4	404	19	62	9	512	3	5	426	2153	5509	25	69	10	443	6	24	5	7	4	49	14	1206	13	4	561	8	25	2071	6	885	2662	1412	3	30	60	3	22	148	1	1364	1	14	14	78	13	22	7	662	2	1	283	162	6	0	0	0	80	12	10	29	65	0	4	0	0	11	334	0	12	7	594	1	11	7	11	4	0	1	2	79	1	21	0	2	10	5	5	12	4	77	1	16	9	0	9	0	3	1825	16	36	4	818	3	2	11	1396	4	12	0	8	102	0	5	1	9	0	15	34	5	21	168
OTU_33	168	1018	2577	1271	1548	717	1006	195	1011	540	22	41	58	223	112	1096	95	81	68	519	2867	743	323	301	412	450	97	331	451	734	143	51	361	212	231	265	380	154	1570	13	176	49	795	172	3231	302	293	332	83	1921	438	158	30	39	130	3682	27	44	749	22	721	84	186	1084	327	18	177	78	318	29	105	58	954	456	222	1397	16	41	381	199	9	900	113	28	595	764	68	315	370	916	563	141	1027	3626	382	2507	1248	286	207	160	192	1657	244	239	4	14	3	106	989	62	374	201	55	29	17	390	15	129	123	24	81	36	49	19	266	1298	183	251	54	208	17	103	53	68	279	13	29	113	1040	366	365	2361	27	1129	3	111	63	127	12	51	67	17	264	354	10	140	143	259	167	46	112	165	52	11	80	273	37	94	44	191	193	35	122	254	524	24	29	34	1374	14	60	19	561	3	357	81	219	50	750
OTU_34	13	1	12	22	5	1	1927	4	1018	0	11	14	0	60	19	33	42	13	0	300	912	20	8315	11	12	1	7	1	20	4	37	4	3	15	4	27	9	7	5	2374	2	10	287	16	3	33	9	16	21	1470	4	28	18	8	7	12	4	7	7	18	5	49	66	134	70	23	5	22	3	4	9	421	1	5	1	2	6	37	1	11	13	309	13	16	8	90	0	56	19	31	1	4	1648	16	3	1	9	6	92	10	3	5	4	778	82	1916	1120	9	1067	26	584	28	6302	18	1568	141	4	3291	208	591	9630	3	787	6	46	6	30	783	12	21	1358	84	9	1496	39	20	6	946	81	23	321	408	151	25	76	486	24	555	15	193	36	12	3753	69	13	73	82	967	516	1	236	258	1317	557	18	39	65	244	20785	1	2356	25	116	2460	10	358	6	2390	9689	4325	74	37	65	60	662	1546	8	1590	6
OTU_35	1738	6	6	3358	3	129	1307	8248	485	5	10	31	58	18	99	127	91	42	8	82	707	52	197	711	1539	3	269	19	111	77	139	409	758	37	24	10	91	2069	12	370	2643	50	340	10	473	17	17	1156	39	1282	702	18	9	1326	175	44	2	11	182	26	26	39	110	82	114	13	53	16	369	6	437	67	140	59	27	218	3	3	28	5	5	1	9	7	1641	12	6	36	896	2010	1459	115	1819	576	210	317	459	8	319	296	322	37	390	508	30	578	56	303	1831	2571	68	91	1779	2759	2334	3826	23	2609	1067	2239	840	12	615	33	636	143	599	187	2206	4	212	7	5	1932	384	10	95	2891	200	11	64	1026	505	39	117	950	38	120	8	73	1194	21	1391	269	517	622	2015	5685	112	1	231	610	2045	923	1460	53	490	19	181	1	2355	378	1508	2383	44	702	16	1316	3783	2666	265	14	64	183	2511	3529	1317	575	35
OTU_36	2982	19	226	1057	493	2434	1080	2005	400	1043	97	37	278	40	135	145	30	24	21	148	32	10	30	175	20	259	1068	58	124	191	172	13	17	170	4	19	15	55	16	30	5171	12	170	922	16	989	3	1869	11	13	8	473	1472	28	4	2328	1050	31	368	14	8	48	81	82	69	60	231	690	17	16	1393	16	224	242	11	4	7	115	9	14	5	3	29	20	445	25	8	28	27	689	41	14	338	174	19	744	152	8	183	214	214	45	593	302	13	381	88	56	65	6	110	30	892	1291	720	2383	13	1022	313	247	333	13	388	40	1958	43	10	246	1344	31	566	13	132	554	362	14	8	1077	442	7	351	300	51	37	71	633	1006	872	8	300	90	39	24	366	202	213	1375	412	337	235	131	26	247	1294	2222	265	326	43	105	1550	348	760	159	929	21	420	44	438	697	178	507	17	191	46	364	383	116	528	174
OTU_37	451	414	1929	1522	3263	1938	1169	1686	815	907	468	302	1859	507	145	431	1008	78	171	1335	996	767	446	432	586	683	215	127	514	346	467	1015	117	157	699	706	390	152	340	931	144	110	2062	769	1624	1135	143	999	1137	431	648	380	65	120	178	1283	389	308	554	24	990	191	542	838	2474	29	1802	149	297	33	105	128	112	1412	238	714	277	26	148	728	3118	654	1033	46	411	216	542	1633	264	806	538	253	1232	895	3295	196	2107	155	547	388	243	963	1547	201	16	21	11	376	2622	191	203	96	18	69	22	1426	29	97	270	103	176	59	13	69	331	1408	108	2907	102	243	27	37	37	118	483	3	45	107	390	267	432	1926	32	1790	101	88	145	147	4	105	73	37	126	193	5	249	157	51	167	109	123	58	180	118	543	31	25	719	50	1804	789	56	66	553	435	72	87	73	36	12	56	16	283	60	494	227	341	77	2462
OTU_38	107	202	8088	1771	9934	48	695	1032	2423	15	2496	15	9	25	117	826	402	177	20	356	260	25	66	556	247	8	237	632	40	777	35	282	1096	359	4489	5336	39	57	1461	21	29	98	118	2075	202	41	59	1207	2620	145	30	1281	52	167	1026	61	10	65	199	27	489	60	933	1747	83	26	97	78	771	39	34	176	125	265	18	53	27	5	916	1876	312	816	66	57	10	77	25	237	830	555	41	25	625	44	35	248	4	156	463	109	90	8	166	694	60	128	6	100	172	18	744	1226	134	43	57	1122	40	99	14	138	461	241	4	40	19	48	35	159	768	3	23	57	58	92	743	21	17	50	2811	249	59	219	161	81	14	124	332	281	39	110	34	60	267	18	1	83	1000	40	3796	20	119	310	34	45	128	419	18	77	35	401	168	39	206	124	1511	105	73	36	81	17	2326	15	460	9	528	101	56	139	1503
OTU_39	21	0	2229	2015	17	316	7	31	666	1	112	447	225	192	249	39	84	24	3	68	128	16	127	3019	4461	335	27	23	132	73	114	7	4	224	15	32	16	1606	4	7	9	10	372	414	10	5007	16	1620	28	2	659	246	702	4034	60	1443	2	25	97	42	3	84	28	134	168	25	214	346	503	17	935	18	602	485	21	395	276	3	8	11	7	105	12	6	12	36	11	63	252	1751	433	137	500	13	161	260	554	1	139	11	205	4	795	309	206	1362	65	89	146	6986	276	325	265	891	1259	449	255	1081	1424	337	1251	195	471	123	1273	394	76	369	715	8	904	18	158	1293	986	367	2	1063	65	2	274	2741	36	1164	46	961	902	392	165	117	691	170	2843	43	283	315	580	1293	60	28	104	34	314	298	569	391	562	35	43	181	493	42	295	2179	144	521	97	324	1197	383	424	53	1769	35	593	466	385	666	169
OTU_40	1366	245	7	3136	111	1524	310	147	926	592	14	883	4	29	34	29	6	29353	70	126	10	36	28	323	126	108	18	0	64	55	969	6	192	17393	9	38	269	176	9796	84	1	1450	150	6	48	68	405	544	68	91	68	77	9314	16	21	7	1	227	362	62	11	14803	569	223	187	1484	968	12672	5	257	156	150	8	337	75	346	61	1	3253	4984	1390	29	1860	18	115	1883	34	456	96	107	19	2490	51	4	97	1	3	11796	12	401	44	114	42	90	11	37	878	658	884	1	3	750	218	11	219	1247	11	712	2	115	129	28	853	351	46	37	282	7011	150	2	1886	118	5	152	85	52	3695	177	75	149	32	49	69	99	32	15	140	45	19	807	2	278	0	1159	14	441	68	6	442	475	8	40	6	581	130	21	195	69	30	31	21	184	35	49	97	14	417	73	36	309	1275	10	2	22	286	13	7	41	62
OTU_41	1	3	2510	768	815	1610	42	34	55	509	3	32	1	1	9	12	16	9	0	15	4	56	63	13	637	1	28	16	45	9	439	132	10	771	109	21	208	2491	9	156	1516	136	1084	4	8	6	6	290	4	19	14	11	488	0	59	495	411	294	1	153	18	128	231	5	58	38	5	79	349	7	33	26	1	393	3	7	350	0	10	2	1	105	774	1	550	16	5	4	8	71	195	1	211	79	851	22	4	9	337	5	222	12	2	80	1744	2017	1141	19	2	8	195	40	1699	379	1860	591	11	490	954	116	41	6	390	7	1	767	39	1703	1232	0	558	20	1	1487	18	52	627	373	21	344	122	125	1197	68	4404	3	174	12	23	27	3345	1634	7	2216	10	195	15	5	490	0	7	7	1836	480	956	776	32	681	265	31	14	75	1504	769	4	30	0	40	10	478	748	495	19	4159	7	4942	128	141	29
OTU_42	0	4	2	3	1	2	2	10	6748	100	0	24	0	27	62	0	1	2	39	5	1	101	45	3	29	6	2	1	11	4	118	0	0	89	0	1	1	24	0	2	0	4	65	5	6	0	1	1	33	1	8	7	1	1	1	6	3	5	2	18	10	4	26	14	7	34	1	7	17	2	6	1	10	3	2	0	0	12	13	1	2	43	3	0	2	3	647	1	48	1	4	0	25	38	10	2	17	2	19	0	7	1	10	221	3	11	32	39	5	0	36	12	8	1	0	8	0	215	0	81	2	0	0	4	0	0	1	15	7	0	7	4	0	4	11	0	0	19	19	0	37	13762	1	2	0	0	4	3	0	1443	9	28	0	2	5	6	0	1	65	1	3	0	7	465	0	148	0	42	9	16	0	2	4	36	83	0	10	4	0	0	0	7	180	0	1	12	7	58	55
OTU_43	3	198	141	422	1	4608	74	94	844	6	33	9	3	38	63	14	11	60	207	22	8	32	18	15	14	33	40	8	47	96	92	6	73	1667	16	66	343	12	586	292	528	15	269	325	125	894	22	56	14	807	211	316	13	106	4	74	204	1568	33	11	2	71	161	18	18	1424	177	22	209	7	748	798	2	60	2	499	4	6	8	186	7	61	56	79	258	19	240	7	438	500	41	405	10	148	1386	175	30	7	273	10	147	9	10	9	137	360	1	16	2532	1146	5	892	64	3	5	17	3	53	387	32	693	3	869	14	1	4688	112	13	28	441	676	2	17	4126	98	33	1358	15	40	3	24	166	32	13	89	31	69	61	6	28	5	46	0	2314	13	87	30	49	137	29	22	1	10	85	4	22	84	25	1449	12	2	526	142	1188	10	324	0	723	17	152	666	45	0	38	19	18	37	14	33
OTU_44	2	4	34	3211	3283	8	1	219	1696	1	11	29	8	45	202	5	93	18	383	594	13	822	366	8	4733	292	192	8	110	13	72	1889	1230	84	1756	377	7	10	8	6	28	114	1111	1035	10429	27	1969	1	355	11	10	874	11	5	203	2045	2	22	5	8	12	122	65	75	32	10	9	23	10	20	234	21	402	26	23	18	81	3	5	1	6	1150	30	4	12	39	5	66	22	41	5832	43	405	16	20	27	609	7	39	2	1559	333	836	231	230	395	4	14	0	36	960	26	330	17	0	8219	3	171	326	604	128	21	100	779	109	8	1311	369	24	85	36	63	139	37	15	48	919	46	61	29	20	1496	4358	243	3	798	36	1844	70	588	6	214	13190	34	4	830	1545	9	39	7	1717	134	188	14	67	553	34	40	19	211	3616	31	457	3468	1177	621	6	9	337	1	205	3	31	4	14	275	2806	321	30
OTU_45	56	1764	355	936	3426	16	1498	102	1541	55	149	71	2	511	62	34	38	30	34	96	289	31	1475	113	210	793	36	5	28	175	346	31	78	90	210	180	2814	572	61	1195	121	585	199	68	23	562	145	325	39	412	32	130	24	4	101	247	4	61	279	5	46	3306	666	581	64	27	77	31	74	24	109	23	171	29	25	23	151	2	11	317	3	3	283	12	26	241	256	134	4680	221	393	67	149	16	12	12	3	10	90	71	788	211	84	893	98	402	4	3578	12	274	131	214	418	294	307	1106	60	387	53	1	2480	61	193	266	207	839	56	1605	3142	1305	27	83	71	562	437	119	146	494	5540	384	52	362	45	19	20	116	67	376	37	333	640	43	520	925	5	438	668	31	69	0	95	282	373	114	557	50	21	212	54	27	40	263	138	397	164	87	20	447	22	266	118	54	408	15	400	437	95	357	46
OTU_46	1	2	1	2	0	11	652	224	77	7	165	0	0	32	38	6	41	53	4	1106	2	7	51	0	7	5	3	182	0	57	437	26	7	1498	390	485	0	14	1	0	0	1	17	115	3	0	1	6	9	3	2	60	306	1	76	50	0	7	2	8	48	107	18	4	22	7	17	2897	1	4	19	28	8	10	2	3	0	5	10	1	11	1	7	0	0	1	663	6	32	17	30	0	3	35	0	1	10	1	48	1	42	4	3	2640	0	0	5	326	35	1	81	21	2	1	0	10	0	336	4	104	8	0	5	29	5	1	1	129	0	3	86	11	4	16	5	1	0	13	81	180	2379	1424	2	1	0	0	4	0	3	384	9	31	0	3	14	348	364	0	0	8	10	2	13	96	0	36	4	34	56	0	77	6	9	186	0	0	22	0	0	0	5	4	244	0	7	68	9	2	16
OTU_47	81	315	7	2247	1260	7	2870	12	537	9	5	17	10	7	42	862	55	67	14	7	1488	21	284	3873	451	97	19	27	90	45	407	97	554	1026	1253	184	20	1015	4	6	864	67	154	22	13	752	36	3528	79	1429	21	29	21	12	99	17	4	20	159	12	34	25	6	312	104	9	39	28	7	7	7	26	2368	12	9	1250	3	2	56	42	4	1872	134	3	1727	73	7	30	791	72	4	7	942	22	13	175	13	16	505	144	19	4	129	3698	66	28	2	898	2	7	82	17	953	419	374	54	328	509	192	202	980	172	159	183	931	570	54	280	585	225	103	10	396	290	1511	72	40	4	313	20	1653	210	57	358	15	922	1136	294	166	126	854	16	498	28	131	425	7311	821	31	6	517	88	2070	32	3461	248	117	76	151	350	3467	346	34	1476	1120	522	355	66	562	439	517	16	1966	12	2034	2706	42	49	548
OTU_48	316	489	65	33	57	2	145	468	23	17	115	103	102	449	23	151	1	34	438	393	11	32	13	20	243	2	331	3	52	30	227	45	11	406	422	217	210	19	3419	5	17	30	63	1594	1489	9166	17	3480	1164	103	14	2203	17	536	1	23	0	7	51	26	21	56	932	31	55	13	59	4	186	40	46	8	1	321	23	1489	4	3	3	50	28	39	13	8	4	943	167	1191	3851	447	333	28	443	16	395	0	437	21	220	1456	80	18	412	52	80	2	11	731	75	2	1	45	1	276	5	546	0	1412	24	2	28	0	546	0	5	20	12	53	35	1336	1580	11	0	54	16	2	179	12	9006	81	44	594	5	5	4	3	1	0	1	120	3	1	1	9	4	38	9	0	37	0	1	7	0	1	0	2	4	35	26	1751	0	14	17	12	15	3	1	0	2	6029	40	1	5	0	146	36	14	1	41
OTU_49	0	0	0	0	0	0	5	1	0	0	11	0	1	37	0	1	7	1	0	1	0	0	0	6	0	0	0	5	0	4	17	15	8	2	228	448	0	0	0	3	0	1	2	1	1	0	0	0	1	0	0	1	7	0	16	0	0	1	0	0	8	150	1	0	0	0	1	88	0	0	2	89	0	0	2	1	12	0	4	0	2	14	0	0	0	1	1	1	0	3	1	0	0	14	0	1	1	1	0	0	0	0	0	12	0	0	0	53	0	0	1	2	0	0	0	28	0	21	2	1	3	0	0	21	1	1	2	2	0	39	0	1	1	2	2	0	0	0	2	4	237	34	1	2	0	0	4	0	0	24	0	87	0	0	7	19	30	0	0	5	0	0	2	95	0	1	0	0	0	1	36	0	0	27	0	1	1	0	0	0	0	0	27	0	1	3	0	1	0
OTU_50	40	32	221	489	166	141	907	7844	1310	326	554	508	56	973	47	93	73	522	9	126	72	507	168	48	59	667	15	126	24	836	1606	58	124	299	632	528	27	26	409	16	6	1321	206	283	341	209	16	369	125	55	226	189	20	5	186	10	11	392	186	581	28	4526	22	993	412	17	79	84	86	246	20	145	190	130	42	808	123	2	58	147	29	311	3183	11	161	518	3778	59	319	283	76	105	543	106	55	25	13	776	262	21	264	145	79	22	26	205	3	30	10	1	32	47	6	159	6	475	0	238	149	47	48	0	5	21	63	15	123	1113	17	343	11	113	19	29	765	2	39	10	401	27	19	312	20	1046	4	93	2	52	7	435	3	4	292	85	7	95	89	205	359	3	28	5	5	21	104	92	43	154	99	2008	6	25	192	660	21	60	10	112	273	13	145	7	205	3	580	4	162	73	404
OTU_51	48	27	32	685	2665	16	535	644	765	8	17	21	7	132	37	220	19	262	83	267	329	18	138	166	206	253	39	130	36	311	421	22	211	76	301	223	309	64	324	1099	414	25	277	412	8	108	414	56	278	111	102	198	10	81	21	224	5	22	191	10	110	57	191	553	545	12	266	33	198	253	24	517	515	16	17	23	4	5	323	294	2	237	44	15	322	715	535	481	334	32	15	80	633	485	345	255	16	77	262	81	36	864	9	249	6	13	3	730	183	13	195	40	12	8	28	372	42	47	51	79	51	37	11	7	110	794	32	587	181	63	25	13	21	41	250	11	38	95	918	84	314	440	258	643	12	49	6	68	3	41	78	36	156	8	4	145	165	187	187	7	26	191	20	74	83	47	2	78	19	551	193	13	18	250	696	43	20	7	29	10	53	6	352	7	207	49	294	64	2287
OTU_52	442	1	0	20	5	2	185	12	305	405	9	10	29	5	22	280	84	10	223	64	685	37	75	80	247	283	74	7	103	19	36	448	4	8	429	225	8	12	0	528	1071	3	122	0	4	167	248	3	27	4	0	5	8	539	232	487	1040	9	190	7	6	18	17	66	178	1	44	8	2	3	83	8	334	16	7	220	344	112	9	3	1	1	32	2	785	5	10	578	464	27	1193	20	29	93	51	46	16	6	97	174	24	4	2	2	69	1071	19	4	699	8262	24	46	467	57	374	3144	2	177	688	310	73	205	58	32	178	4	22	256	14	40	1288	3	1	1192	49	2	2	455	175	1	133	110	184	10	185	685	413	14	6	24	7	3	142	7	4	86	62	4335	67	0	33	11	96	1120	14	25	1431	11	9	10	182	306	160	2967	5	396	2	58	258	320	92	13	73	320	546	165	340	186	47
OTU_53	901	61	6692	13	152	11	965	106	597	4	9	18	6	9	63	312	79	475	15	1302	260	34	19	654	19	12	326	18	75	77	61	11	1	410	8	57	18	116	792	8	4	802	72	14	249	563	5	613	45	125	0	43	18	1	202	23	4	21	205	8	10	24	931	767	22	11	291	53	467	11	21	10	236	1372	9	6	6	1	7	4	2	398	33	4	7	18	776	374	19	17	26	1	229	164	8	220	229	7	405	67	528	4	159	81	26	16	121	205	286	4	95	440	29	16	20	42	198	153	110	42	49	109	37	37	77	12	42	325	372	679	11	11	9	172	248	63	7	157	452	55	100	736	11	989	8	207	141	107	3	46	42	3	87	130	14	137	191	200	14	1059	234	154	44	148	240	83	11	303	68	127	162	25	154	218	443	63	174	31	130	28	372	33	155	5	115	81	146	76	1348
OTU_54	0	0	0	2	217	0	18	21	39	13	7	2	0	102	10	12	0	133	8	271	4	30	34	0	4	2	2	17	5	0	6	116	29	33	1379	1547	5	0	42	1	15	0	8	9	1	2	13	14	145	2	1	13	0	4	5	152	0	1	0	196	2	11	2	4	3	4	2	10	4	9	18	32	0	0	6	10	6	0	4	1	1	0	28	49	12	9	88	4	99	4	5	5	4	3	1	0	1	1	11	2	2054	3	4	394	4	8	197	627	206	2	5	34	12	8	1	10	0	194	5	1	157	3	1	18	2	4	4	16	3	0	7	226	76	3	9	0	1	5	523	1	70	36	1	36	0	1	0	6	0	581	1	2	36	12	64	9	8	0	12	5	0	4	61	66	12	33	13	1205	4	1	22	2	26	94	1080	3	5	2	3	3	14	2	4	0	50	64	48	35	990
OTU_55	0	2	2	283	7	15	244	924	8	0	1	225	2	2	9	62	4	19	0	24	26	4	79	5	305	0	3	22	89	10	29	3	210	57	12	4	201	901	25	1	3	10	14	363	10	276	31	166	39	51	24	129	0	3	5	86	2130	4	2	8	2	13	57	11	136	3	4	10	195	3	15	8	2	11	5	4	1	1	8	2	2	49	16	3	942	76	9	92	240	382	116	566	32	447	11	3	22	4	152	1	15	7	0	122	339	291	3	3	0	6	0	5	523	1202	24	1850	15	302	32	5	407	1	460	11	70	4	55	198	0	1448	33	0	1	39	23	95	815	1050	14	893	599	25	20	10	4	8	52	11	58	29	3	19	2	8	3	1268	12	45	15	0	2	0	163	2	788	39	112	10	21	280	2	123	24	1025	44	2	20	384	73	18	20	9	254	11	58	172	211	4	112
OTU_56	34	6	7122	443	7373	44	10	131	74	292	1016	10	74	30	32	6	123	22	16	479	446	20	20	11	28	19	23	17	17	79	26	434	452	8	25	21	345	9	2126	65	137	56	146	49	140	12	286	14	31	262	19	32	9	11	25	133	4	17	1158	3013	9	16	48	21	17	33	732	26	11	99	21	9	7	37	16	17	112	2	7	428	5	2	2299	1184	16	8	24	572	11	30	76	2	60	13	67	45	16	17	176	51	29	42	13	14	0	0	36	12	189	11	8	159	4	2	12	184	5	3	5	2	15	18	0	5	50	681	4	328	0	84	9	117	0	32	21	3	0	153	20	410	251	45	229	6	2	2	42	7	1	15	18	3	4	176	2	13	76	30	53	0	1	2	3	3	31	0	1	44	23	8	4	5	33	52	17	3	0	2	26	1	37	2	30	1	33	12	16	42	108
OTU_57	63	27	78	134	60	459	14	114	82	2	9	566	25	11	198	3	4	68	0	17	23	12	15	77	76	1	10	3	9	18	159	14	154	23	21	12	377	126	47	28	17	158	476	9	16	13	60	23	12	71	6	13	235	3	1	10	4	267	32	7	7	7	58	8	14	20	362	453	14	137	179	7	17	86	0	4	39	14	8	17	1	2	21	0	25	35	4	17	43	11	18	28	3	6	294	1	0	4	44	4	19	16	7	31	148	30	517	215	257	1269	17	277	42	41	121	171	192	50	62	10	110	29	42	31	139	223	67	20	43	3	72	5	27	365	233	44	106	75	10	56	12	23	43	14	14	36	6	21	6	11	39	57	2	114	5	90	158	7	968	3107	30	3	2	88	6	42	97	21	101	1	23	65	563	85	29	32	14	65	99	93	137	431	172	5	19	18	11	29	15
OTU_58	2	0	1	11	2	1	307	1	17	48	0	0	0	2	6	26	71	19	3	3	2	69	9	226	0	0	4	0	4	27	15	0	4	1	4	4	5	3	0	3	0	1	23	3	0	1	16	3	12	3	5	8	5	3	127	1	2	6	3	1	0	16	563	7	111	5	5	5	25	1	8	2	92	4	1	1457	2	1	2	7	1	1	1	2	3	8	3	5	3	0	1	1	3	0	1	0	3	1	4	21	1	6	1	465	0	87	0	7	0	6	159	7	3	22	1	13	77	38	147	34	12	23	2	75	2	173	13	5	1	3	10	11	658	35	65	31	0	2	16	7	55	154	5	366	10	1365	13	7	11	16	156	9	75	6	1	26	1377	86	20	0	8	19	234	1	1	2737	60	9	14	97	99	33	3	241	858	321	13	21	2	146	71	1	799	3	40	236	7	9	8
OTU_59	53	11	39	117	98	52	552	2755	698	87	40	78	23	2243	40	56	47	1715	271	230	141	3301	71	432	63	46	28	982	37	136	2241	44	9	50	331	337	104	93	2244	71	15	92	206	572	255	296	4	92	147	82	70	309	19	146	156	12	3	25	78	113	97	684	173	487	90	15	44	65	56	79	62	154	34	116	337	511	59	3	211	10	2	121	458	4	411	55	413	65	384	146	69	89	281	68	17	56	29	48	2107	15	672	17	252	15	1	76	1	4	154	0	54	743	35	54	5	267	4	63	147	136	16	0	16	11	31	10	102	1451	1	56	14	6	6	56	376	5	92	10	129	10	8	88	64	310	2	81	1061	79	12	153	4	2	43	50	56	56	50	111	11	4	30	3	2	33	16	120	8	16	41	1141	97	149	28	370	14	168	1	39	162	147	667	12	177	3	1211	11	290	56	288
OTU_60	207	28	30	25	7	269	207	644	31	176	33	15	36	41	22	35	16	15	392	5	10	8	14	204	807	5	29	3	57	42	50	16	269	183	12	6	45	435	4	320	257	60	167	3	161	147	4	698	18	7	2	4	203	2	25	51	146	291	71	2	2	16	18	25	36	220	325	91	10	831	1350	8	44	24	9	5	875	10	1	14	2	64	78	0	9	40	31	16	230	122	144	2	329	27	22	151	304	3	25	107	81	10	20	200	24	327	90	4	24	1493	24	12	16	75	300	48	86	708	206	28	610	34	41	139	99	87	5	34	247	2	907	1	141	1147	163	13	93	153	10	6	48	15	129	11	202	188	71	78	6	49	6	92	404	62	159	82	232	96	59	36	121	28	15	255	20	225	72	35	71	0	23	33	53	405	38	113	34	47	978	1139	711	27	126	123	95	32	12	167	5
OTU_61	3	0	42	493	1	7	104	681	254	11	10	18	2	4	30	382	2	88	308	10	3157	16	99	171	3	1	5	5	2	24	30	12	3865	3	241	31	1394	420	1	8	3	274	51	2	9	889	9	7	14	6583	13	31	17	1	1	4	0	11	1678	0	718	17	5	42	16	9	204	21	2	7	6	12	3	7	3	18	2	4	2	1	1	14	20	3	3170	89	2	8	588	15	5	9	175	2560	105	75	2	1	112	35	369	6	22	75	9	6	2	240	0	10	5	3	2	2	0	7	4	184	25	41	261	0	2	5	30	2	121	11	72	2	37	1	15	3	36	41	9	1	19	1	626	140	15	11	7	14	0	64	1	40	12	2	18	3	0	19	12	36	7	1	41	10	9	1	49	26	8	13	6	180	4	3	7	1874	5	13	2	3	867	110	7	5	83	1	345	2	2	9	23
OTU_62	101	531	549	462	1151	696	195	220	828	152	204	781	135	520	32	183	466	193	71	306	256	42	69	140	904	153	45	19	65	19	1608	108	88	654	210	111	117	487	365	88	68	665	490	8	59	155	403	148	242	897	376	45	6	468	297	168	41	16	35	10	87	110	216	328	221	7	27	24	10	326	70	302	110	15	62	282	268	4	25	149	139	15	80	3	136	105	59	219	326	231	865	287	313	33	446	7	144	9	123	47	30	107	293	80	0	98	2	11	289	79	11	337	23	119	33	766	18	46	4	44	68	16	56	7	9	280	80	385	400	68	85	1	7	51	35	6	262	138	302	522	54	148	18	21	13	10	28	3	0	60	0	9	595	267	0	158	101	8	175	1	16	37	32	1	106	221	35	330	55	94	19	16	19	82	9	26	2	70	49	64	54	0	21	3	33	67	182	47	27
OTU_63	45	216	10	352	119	1820	386	308	138	61	2	12	3	75	37	284	34	13	308	136	313	13	3054	28	54	122	36	3	27	27	138	23	259	961	64	48	75	381	8	4	18	549	425	8	123	196	24	129	57	278	30	69	23	78	54	70	49	40	466	7	10	59	82	52	64	7	83	32	13	28	19	23	48	19	3	93	14	227	68	43	8	98	12	8	81	30	6	630	687	119	1169	28	111	572	8	40	62	4	248	241	46	14	47	703	302	720	6	157	2902	1954	31	27	1908	79	205	567	187	2989	301	36	278	39	497	3190	1428	1251	1057	243	218	245	71	3	101	700	551	177	724	771	91	123	614	251	153	846	16	112	94	1746	40	460	1848	405	99	673	37	1847	131	1234	158	5	106	20	78	3	56	130	427	125	39	749	48	218	268	370	434	117	79	962	173	259	37	75	140	23	1098	112	119	31	78
OTU_64	144	0	3214	197	16	51	48	270	60	7	85	7	0	14	3	33	34	4	10	46	44	30	14	18	37	5	12	52	55	9	11	357	30	20	182	153	51	13	11	254	133	7	85	2	77	98	63	4	11	291	5	3	1	5	43	150	93	2	4	6	11	7	21	48	3	1	3	6	260	5	54	5	22	14	5	61	37	23	3	9	4	87	4	2	53	90	0	3	58	21	13	5	168	61	16	4	114	3	10	4	21	63	5	6	4	27	2	40	99	52	12	24	25	28	10	1540	1	13	131	216	76	4	0	1	78	5	3	84	17	1290	70	0	14	10	1	0	12	20	4	14	78	115	2	489	0	684	4	19	2	14	1	10	36	3	2	38	49	115	31	0	14	0	9	2	250	137	6	4	3	72	156	7	1	310	40	465	2	0	13	1	9	5	27	2	12	22	84	11	1874
OTU_65	0	0	1	4	0	0	0	0	0	0	5	156	0	0	0	0	2	1	3	0	0	1	1	0	0	1	0	3	0	11	11	0	5	1	0	3	3	0	0	0	1	12	1	0	1	0	0	0	1	0	0	0	0	0	3	0	0	1	0	1	0	74	0	2	3	0	0	0	2	3	0	0	1	0	0	0	0	0	1	0	0	0	8	0	0	3	0	0	6	0	0	0	1	0	0	6	0	0	3	0	0	0	2	3	0	0	0	138	0	0	5	1	1	9	0	1	0	0	2	0	6	0	0	1	0	0	0	1	0	0	1	0	6	13	2	0	0	0	7	7	47	2048	0	2	0	0	0	0	0	20	1	0	0	0	4	86	28	0	1	2	0	1	1	1	0	0	0	3	1	0	258	2	0	0	0	0	0	0	0	0	1	0	2	0	1	1	5	0	7
OTU_66	45	362	100	42	86	98	95	65	27	11	23	205	0	5	32	0	23	79	9	6	46	28	24	30	19	2	10	0	14	4	47	2	157	393	70	25	171	29	4	10	10	839	41	3	10	20	9	51	39	6	14	7	5	1	1	5	3	5	21	4	0	51	39	3	8	7	2	16	47	8	2	1	4	5	6	9	0	1	2	0	2	7	10	2	26	28	1	2	642	4	3	1	20	3	99	0	1	15	33	30	9	6	2	4	534	14	23	3	976	1267	16	17	304	118	62	104	473	14	266	56	499	112	185	743	66	989	27	179	378	75	4	383	208	80	170	480	155	1445	33	15	30	19	150	9	6	115	52	567	6	294	59	87	4	192	11	60	160	23	80	0	62	45	33	407	72	311	53	74	52	20	9	442	26	119	422	64	85	155	71	41	187	7	22	14	45	35	131	259	25
OTU_67	205	25	1980	69	107	1669	57	266	43	88	6	6	2	6	18	12	296	109	59	52	22	69	30	4	36	87	14	86	68	25	52	712	18	80	26	24	12	15	944	323	211	167	323	168	5	29	5	45	78	99	156	82	70	31	28	315	41	290	9	9	47	18	29	127	48	72	8	52	8	4	63	41	6	334	46	10	27	254	6	155	13	40	81	4	45	10	63	434	123	83	423	20	62	110	25	12	222	9	21	9	352	36	24	18	3	16	3	274	417	217	20	12	103	8	12	902	7	24	234	25	75	1	113	70	105	198	2	227	516	280	13	4	4	18	125	2	59	141	45	50	7	33	253	9	8	398	18	258	0	96	151	471	690	27	4	94	74	254	24	0	7	99	15	571	963	177	5	12	10	63	851	9	13	1085	11	198	1	13	1	16	237	4	2	46	211	31	147	98	79
OTU_68	312	0	0	1	0	0	0	0	15	2	5	1	0	0	18	68	13	40	2	173	0	1	0	8	1	2	3	0	0	0	0	0	0	3	0	11	0	0	0	2	2	1	97	11	5	16	0	1	0	2	0	4	4988	4	0	6	1	3	0	6	1	1	168	0	15	2	0	787	2	2	42	29	46	7	0	0	0	0	11	0	0	0	1	0	3	1	2	3	4	3	8	1	4	0	3	0	1	0	2	0	5	3	0	1	9	3	4	16	3	15	119	181	237	28	8	527	5866	7	39	7	34	2695	9	2756	6901	14	12	602	76	10	244	25	71	124	36	12490	11	10	1	6	102	50	118	69	113	572	109	105	940	155	5427	377	320	90	8051	7	4622	26	22	2	1793	6	4	10	8167	316	7	1	17	12	45	1	10141	30	152	309	2570	6	2	2	6403	6281	148	214	3	65	11	566	13
OTU_69	4	57	293	101	72	1	245	64	87	4	3	5	4	24	5	6	51	3	3	20	40	163	26	58	47	2	12	16	7	36	15	1	25	16	17	15	3	108	1	3	60	4	33	2	86	160	243	2	15	2	2	5	0	5	7	9	1	4	3	8	6	3	640	27	16	3	7	4	9	4	12	5	80	10	0	59	0	2	3	1	2	36	8	3	39	23	10	128	6	16	15	1	50	48	1	89	15	1	521	26	7	9	8	128	38	4	4	6	0	5	108	7	5	38	26	1042	348	23	256	107	35	51	3	26	56	678	155	84	189	1267	9	3	88	74	166	2	94	3	69	52	48	122	19	141	2	674	3	88	8	35	67	3	285	3	13	337	131	32	8	1	39	93	37	2	26	242	92	75	9	195	96	23	56	685	1160	263	51	61	16	21	21	2	1093	8	78	49	217	13	32
OTU_70	511	428	4	854	183	570	1002	29	94	119	50	2450	10	46	3	1	11	18	28	21	2	29	14	88	55	21	9	1	4	62	2142	9	12	6176	62	21	281	61	1408	28	62	186	207	8	73	112	129	479	26	75	72	45	650	18	13	13	1	61	12	154	1	12352	78	62	8	1454	10	75	3	463	21	900	0	393	2	73	61	3	44	84	17	18	275	0	25	297	14	78	204	58	17	42	3	5	235	2	1	78	58	32	34	61	4	11	3	12	127	384	11	0	18	96	8	21	163	333	2	75	28	157	43	18	12	95	1	3	79	259	58	10	8	1091	28	654	14	7	896	9	65	38	68	16	21	4	18	1	30	0	1	215	1	406	1	77	18	394	338	1	768	86	3	433	1	859	1	0	19	10	13	24	42	43	300	3	222	6	110	2	0	41	107	28	13	8	1	17	13	81	12
OTU_71	82	4	104	13	549	1574	1	32	2	702	4	20	422	290	5	1	41	15	74	68	17	2	52	2	2	500	15	2	93	686	5	452	1	5	5	5	7	3	41	341	172	137	477	2	1	3	13	2	249	0	2	30	201	3	65	26	17	845	2	497	6	330	165	715	16	6	53	140	56	881	121	17	3	9	99	3	16	45	2	9	286	7	175	7	3	34	410	326	11	11	12	2	8	7	55	2	4	20	3	3	17	7	6	4	1	0	7	85	0	741	7	2	0	7	12	224	1	0	3	2	8	3	7	16	2	39	0	25	1	11	4	116	0	17	1	64	3	3	414	1	4	10	292	13	2	33	412	5	0	99	0	1812	2	2	0	9	21	0	33	1	1	2	0	30	0	0	1	816	18	0	1	4	0	4	8	6	0	2	0	0	21	1	250	0	9	3	3	55	21
OTU_72	0	0	5	116	33	0	0	0	8	0	2	1	0	1	0	0	2104	0	1	6	0	251	0	0	0	42	0	0	3	1	10	1	3	0	1	3	349	46	0	1	0	1	8	1	0	13	241	1	0	60	0	1	0	1	65	1	0	1	0	5	1	1	0	0	1	0	1	1	1	0	1	3	0	3	2	2	2	1	1	0	86	2	1	13	950	0	161	2	14	0	1	2	0	0	0	0	1	2	2	0	0	0	0	0	0	0	0	0	0	0	0	0	0	0	0	2	0	0	0	0	0	0	0	0	0	0	0	4	0	0	1	0	0	0	1	0	0	0	1	0	0	2	0	0	0	0	0	0	0	0	0	0	0	0	1	2	0	0	0	62	0	0	0	0	0	0	0	0	0	0	0	0	0	0	0	0	0	0	0	0	0	0	0	1	0	0	0	0	2
OTU_73	185	57	1	266	24	1	468	754	88	48	66	4	2	23	11	18	5	17	25	18	93	8	50	171	84	29	32	3	37	12	11	24	55	10	14	13	2	93	10	82	747	4	64	161	95	77	38	109	5	90	31	97	38	185	6	103	53	341	43	3	3	6	6	8	122	4	32	13	108	4	69	14	69	3	1	15	241	53	4	0	0	20	2	3	272	15	20	5	57	18	122	13	201	130	12	31	44	1	38	41	39	3	51	14	125	97	1	10	0	8	18	20	155	78	81	970	96	477	376	121	2496	53	76	178	1764	35	22	173	185	118	165	0	120	128	107	37	4	250	21	2	54	191	54	7	25	680	468	110	63	39	81	251	107	24	387	19	3596	1632	51	0	43	14	227	11	150	24	244	4	258	10	123	470	55	1197	9	337	0	403	318	253	25	4	133	27	99	355	93	63	1
OTU_74	638	859	882	1	0	1	1955	3	3	21	3	16	0	5	7	6	11	6	1	3	548	6	7	331	7	1	2	181	14	12	37	3	2	6	0	23	4	266	4	1	142	6	20	38	31	4	0	2	47	450	2	14	13	65	6	2	18	8	341	8	3	2	1	8	12	4	41	19	2	11	8	3	57	8	9	0	3	2	4	5	2	3	4	2	336	2	79	8	2	3	5	10	17	657	470	49	1	10	365	11	1	0	2	2	152	5	0	606	0	0	12	9	0	773	378	30	186	2	718	24	12	8	0	103	1	4	3	919	2	2	133	0	10	82	30	1	1	172	8	5	11	273	13	18	0	55	125	2	5	22	1	12	0	3	1	4	14	67	6	0	92	2	0	11	169	8	3	10	12	9	53	259	1	603	7	205	0	203	0	0	8	1	109	0	1335	5	8	12	1556
OTU_75	37	9	5	0	36	30	5	22	5	269	20	36	421	17	14	1	127	3	22	21	0	11	12	7	5	505	25	5	70	177	102	359	0	6	8	18	1	6	29	1	2	183	22	127	7	111	4	2	25	39	58	62	28	6	21	602	2	520	1	1886	12	5	21	11	29	179	165	88	17	259	20	223	8	235	56	10	73	85	6	12	26	10	30	883	30	12	103	4	49	5	173	4	13	15	18	4	132	4	22	1	63	26	4	0	0	0	6	2	30	3	2	4	3	1	0	0	0	1	1	0	1	0	0	0	92	0	0	37	0	24	3	0	0	3	0	0	2	2	2	12	28	22	138	911	2	71	21	1	0	5	0	1	57	5	1	19	11	0	7	466	0	0	1	3	1	0	1	341	2	2	0	0	2	15	3	14	1	0	1	0	9	0	1	6	6	0	1	0	12
OTU_76	7	1	3	2008	0	16	835	69	22	11	2	35	1	5	6	10	126	5	5	14	5	112	4	17	3	1329	14	0	119	8	32	12	19	9	134	54	3	5	1	3	32	292	78	9	3	5	26	1	26	8	994	12	0	1	372	26	6	3	22	8	0	19	34	194	20	19	7	12	915	29	5	22	2	1	6	21	4	1	2	8	14	1	3	10	1	15	8	642	1608	9	1362	0	9	116	12	0	2	3	33	6	10	60	5	37	14	23	120	0	27	52	44	8	73	55	4	52	526	402	144	9	519	29	35	3	4	44	4	13	21	4	10	3	15	5586	23	9	17	108	13	0	12	41	6	11	55	138	274	43	6	18	0	54	6779	8	9	28	11	51	225	3	13	51	11	41	13	409	71	20	37	1	47	77	54	906	6	99	1	9	315	8	8	1	51	40	70	16	34	9	48
OTU_77	0	0	0	0	0	0	0	0	7	0	4	17	0	195	0	3	1	4	0	2	3	6	1	728	13	0	3	1	0	3	189	1	0	2029	0	12	1	0	2	0	0	0	17	6	3	0	1	0	5	5	0	10	4	0	5	0	0	1	1	0	1	8	1	4	6	7	3	9	0	5206	4	1	0	0	0	1	1993	0	1	4	1	3	1	0	2	40	0	5	8	2	14	1	2	0	2	0	0	1	4	0	8	0	0	0	2	1	2	496	0	0	1	9	2	0	0	4	4	1312	2	3	4	1	0	0	306	585	0	1	1	0	3	0	0	10	2	244	0	0	13	1	0	5	0	9	11	1	3	0	5	1	0	0	0	0	690	4	97	4	6	0	0	0	0	0	1	24	0	109	3	0	0	9	5	1	4	5	1	0	1	0	1931	0	0	72	2	4	2	1	12
OTU_78	170	29	210	111	204	608	49	451	79	97	46	3	19	195	20	72	209	9	145	38	17	126	14	25	120	132	86	40	62	75	60	166	30	70	80	62	29	20	98	321	318	61	172	182	90	42	21	164	246	16	130	199	3	105	55	154	28	297	18	1182	67	21	122	34	129	74	10	5	36	19	26	5	7	224	91	14	13	333	6	23	6	16	300	4	41	7	17	75	209	54	153	7	21	197	16	5	174	9	36	18	881	8	3	9	2	11	2	58	50	109	17	4	4	3	14	31	4	6	33	14	43	2	1	0	18	26	2	75	4	180	5	2	9	9	64	0	5	0	126	7	16	155	110	59	126	59	65	3	1	3	33	90	122	14	4	39	3	39	647	0	5	0	10	103	10	59	0	129	2	45	12	4	27	76	40	18	1	7	3	2	16	0	19	181	22	23	54	7	28
OTU_79	0	3	0	468	0	0	0	1	5	1	33	2	0	1	6	0	1	2	1	2	0	5	0	1	2	1	0	2	0	2	3	7	2	33	2	4	3	11	0	2	0	6	25	3	2	1	0	7	10	5	25	8	437	0	1	1	1	2	0	0	0	131	0	2	8	2	1	5	2	2	2	1	0	0	0	1	4	0	1	1	122	1	7	1	4	3	40	4	5	22	16	18	0	0	2	1	0	0	4	0	15	0	0	128	1	42	643	117	100	0	4	8	2	1	0	155	114	6	14	13	6	0	0	0	1	50	3	136	2	0	8	2	1	36	0	0	3	0	10	2	4	1075	1	61	126	8	0	0	30	5	1	0	0	4	16	12	2624	0	2	0	0	2072	0	28	4	3	1	23	5	0	0	2	0	0	1	1	0	0	2	0	15	4	140	201	3	55	2	327	5
OTU_80	0	1103	0	0	0	0	3	2	8	34	1	7	0	0	13	9	19	2	1	4	1	8	1	230	331	0	4	1	1	2	14	6	1	13	3	14	0	1407	0	1	3	58	49	2	75	2	251	4	7	31	0	14	2	2	1	2	1	1	138	1	0	4	64	6	35	6	19	21	1	3	4	3	6	6	0	1	1	2	0	3	0	19	2	1	133	3	0	2	339	11	9	1	35	2	4	0	0	0	7	251	2	0	0	395	16	64	2	3	1	1	6	26	668	62	1	787	552	216	581	292	97	637	836	178	1317	426	49	61	36	25	45	8	11	144	394	30	13	16	15	12	56	29	10	5	6	125	21	347	34	109	374	27	14	10	420	3	31	142	20	1	475	1	405	1	408	0	30	8	20	93	75	440	1026	1795	793	98	25	712	1941	199	17	10	54	4	84	481	13	13	15
OTU_81	144	28	316	36	122	1341	6	1241	45	61	95	902	103	301	48	24	39	15	80	4	25	9	50	9	37	21	13	2	61	30	214	15	29	107	3	5	27	11	245	169	916	80	159	101	155	34	14	421	454	3	41	66	125	93	33	532	158	1108	17	37	21	40	81	44	71	90	13	123	44	537	20	159	3	271	29	21	576	257	9	20	61	15	142	57	128	21	155	476	106	64	56	200	8	26	154	3	16	4	50	12	114	8	10	3	2	81	6	26	151	157	9	31	10	8	15	10	3	5	12	6	23	1	2	0	24	5	2	36	23	39	51	2	1	9	8	3	3	7	76	15	11	60	16	9	69	22	126	1	1	1	4	47	37	48	1	10	18	5	302	461	1	2	3	72	26	7	0	891	166	4	3	1	145	26	4	11	0	3	6	7	49	1	8	130	24	11	60	27	7
OTU_82	5	29	79	87	187	1	74	74	164	11	7	9	2	25	30	6	11	33	3	26	30	9	86	80	48	2	22	2	7	10	34	10	46	50	2	14	1	103	406	24	4	5	77	9	36	56	151	140	16	71	32	18	16	53	12	48	6	7	57	7	8	10	167	54	10	75	169	17	32	21	176	102	79	29	0	98	32	4	16	161	1	7	20	2	12	95	1	10	596	16	4	57	15	0	137	2	0	15	3	45	9	17	8	148	35	115	2	333	367	614	35	89	103	35	109	262	190	81	61	30	270	249	32	52	91	168	161	62	245	80	89	8	53	123	40	61	10	225	14	67	12	19	20	20	15	130	15	86	41	38	117	392	6	71	8	78	377	19	24	1	145	3	42	9	133	141	42	25	34	3	85	86	142	163	39	77	143	103	44	66	68	102	35	13	8	51	32	182	15
OTU_83	0	0	0	0	0	0	0	0	0	0	1	0	0	0	0	0	0	1	0	1	1	0	0	0	0	0	0	0	0	0	0	0	0	0	0	0	0	0	1	0	0	0	0	0	0	0	0	0	0	1	0	0	0	0	0	0	0	0	0	0	0	1	0	1	0	0	0	0	0	0	0	0	0	0	0	0	1	0	0	0	0	0	0	0	0	1	0	0	0	0	0	0	1	1	0	0	0	0	0	0	0	0	0	0	0	0	0	0	0	0	0	0	0	0	0	0	0	0	0	0	0	0	0	0	0	0	0	0	1	0	0	0	0	0	0	0	0	0	0	0	0	0	0	0	0	0	0	0	0	0	0	0	0	0	0	0	0	0	0	0	0	0	0	0	0	0	0	0	0	0	0	0	0	0	0	0	0	0	0	0	0	0	0	0	0	0	0	0	0
OTU_84	0	0	1	0	0	0	0	0	2	0	0	0	0	0	0	248	0	5	0	6	0	1	0	0	0	0	1	0	0	0	0	0	0	0	0	0	0	0	0	0	0	0	106	0	0	0	0	0	8	0	0	0	0	1	0	0	0	4	0	0	0	0	1	2	149	0	0	1	0	1	0	1	0	3	0	0	0	0	12	0	0	0	1	0	1	2	0	5	1	5	0	0	1	0	0	0	0	0	0	0	0	0	0	639	0	138	0	5	0	4	10	3	2	3	0	36	20	2	13	0	1	0	1	186	0	1	396	2	1	1	117	1	156	12	331	17	6	0	14	0	0	9	42	0	0	5508	34	2	7	0	53	18	1	0	5	1	783	86	6	0	2	15	347	1	1	233	0	7	33	0	1	7	1	3	637	821	0	86	17	0	3	1	2315	0	26	845	0	63	3
OTU_85	0	0	0	2	2	2	437	1	21	0	1	5	0	2	25	103	1	8	0	10	2	1	17	246	0	0	6	2	3	5	0	3	3	0	1	2	1	872	0	0	3	2	41	2	4	1	1	1	10	0	3	4	0	3	1	9	0	9	21	3	1	1	2	9	96	3	5	6	0	5	10	7	105	3	0	1	0	1	27	0	0	3	3	0	106	3	0	3	1	2	255	1	61	5	7	22	2	1	91	0	5	0	0	1698	70	14	0	7	1	15	8	7	3	7	4	22	212	105	668	2386	14	5	1	51	4	3	12	7	0	8	137	0	755	22	242	25	1	4	106	3	284	463	1	23	1	530	6	537	31	233	1081	16	162	9	81	58	3328	1014	11	3	253	20	1	1	3	451	199	27	12	108	118	212	2	1856	1	369	205	2	222	94	22	5	3538	2	159	105	7	10	9
OTU_86	2	56	0	0	10	0	151	1	58	4	0	2	0	0	11	45	1	1	0	3	1	0	4	0	1	0	1	0	0	3	9	3	3	2	53	17	1	1	0	1	0	0	8	0	0	23	27	2	2	0	1	1	2	2	0	3	0	2	77	0	0	1	0	1	15	2	6	7	0	3	2	5	24	2	0	0	0	0	6	7	0	0	0	0	59	1	0	5	1	3	1	0	26	0	1	1	0	1	884	2	1	0	4	65	13	1	1	3	1	4	59	5	3	5	0	36	83	116	539	455	120	2	0	273	20	192	129	6	3	3	57	7	387	23	340	2	4	5	6	6	51	72	26	65	3	30	6	403	26	112	218	46	855	2	8	7	30	239	8	0	62	26	116	1	3	610	1	6	15	48	70	36	8	430	4	51	35	17	12	15	28	4	39	6	320	176	161	6	3
OTU_87	1	6	0	356	4	118	8	11825	377	20	2	358	2	818	14	320	25	9	7	11	2	86	67	11	3	1	11	0	11	312	11	7	6	10	6	20	2	13	1	6	1	11	387	3	3	286	3	6252	8	7	280	13	12	4	29	3	3	8	8	7	0	20	291	34	18	9	23	8	430	29	11	84	1	2	117	14	2	4	28	10	2	9	190	9	4	131	1	16	2021	702	9	0	7	4	1	3	4	8	6	313	14	6	4	306	2	878	1	16	1	9	357	10	120	0	2	77	2	1035	2060	851	320	155	1101	113	3878	1354	64	10	132	559	11	24	2	16	799	39	284	18	22	634	293	121	18	658	2	493	98	2302	10	665	1095	21	82	8	20	312	304	659	6	1	138	6	135	7	61	5417	20	1701	18	617	11	3	274	781	1287	326	811	1	94	73	22	23	367	2	721	182	692	236	8
OTU_88	70	1	0	2	0	0	0	0	1	0	0	14	17	2	0	0	4	0	0	1	0	6	64	4	8	0	1	0	44	10	34	0	1	25	0	18	0	0	0	0	0	3	5	0	0	1	0	1	2	0	0	1	367	5	1	0	0	0	2	8	0	6	1	0	5	0	3	622	0	2	1	0	2200	1	1	0	1	2	0	0	0	0	1	4	0	4	0	9	0	2	0	0	0	0	3	0	1	6	6	0	0	0	4	10	0	0	2	7	0	0	0	14	1	0	0	10	191	0	0	0	8	0	1	0	648	3	5	7	2	0	32	0	28	39	468	0	0	0	4	5	7	5	0	3007	0	0	0	93	6	22	0	1	0	4	0	8	20	0	0	0	0	106	0	0	0	0	0	160	6	0	0	0	0	2	1843	0	6	0	0	0	8	4	1022	3	4	0	2	0	10
OTU_89	10	0	0	0	1	0	1	0	467	0	1	12	2	4	5	1	14	1	0	2	0	4	1	5	4	0	3	0	287	770	32	5	0	6	4	11	0	2	1	1	0	1	56	2	0	6	0	1	2	0	1	1	2	0	56	0	1	8	0	1	1	0	4	7	14	2	32	6	1	14	4	0	225	2	1	0	2	1	1	17	3	2	7	1	9	6	0	3	0	3	6	0	9	2	1	0	0	24	60	2	0	0	4	2	0	6	3	8	0	0	182	4	4	3	1	14	26	231	25	67	4	26	3	60	291	4	60	10	48	0	6	17	77	3	68	0	2	291	13	8	3	4	8	1409	0	0	1	419	9	105	79	15	124	9	4	17	1483	155	1	1185	392	98	87	3	127	263	29	7	11	18	2	34	98	476	472	2	7	23	129	1	6	66	232	0	9	109	8	0	9
OTU_90	8	0	0	5	0	0	0	0	0	0	0	0	1	0	0	0	1	1	0	1	2	10	0	0	0	3	1	1	0	2	40	1	1	1	1	2	0	0	0	1	15	617	2	1	0	2	0	1	1	25	1	4	785	0	0	0	0	1	1	0	0	0	0	0	7	3	1	915	3	0	1	0	1	0	0	3	0	0	0	0	0	7	176	0	0	0	1	11	3	0	0	0	1	0	0	0	0	0	1	1	0	0	0	4	0	1	0	40	9	0	253	0	1088	42	0	71	12	0	2	1	20	2500	6	3	0	591	0	99	2651	0	5	54	1	11	0	0	1	5	3	1	1	2	87	17	0	7	15	2	0	1	14	351	2	74	1	4	9	4	237	0	16	1	0	2	90	0	4	2	5	0	78	0	0	3	0	0	55	0	1	0	1569	0	11	0	30	2	3	94	7
OTU_91	266	65	400	127	228	272	9	1238	82	71	86	85	118	135	9	127	291	10	12	124	64	160	5	4	30	136	43	36	80	128	126	139	23	12	74	174	76	1	127	308	14	36	91	324	68	4	42	16	213	18	50	228	2	102	82	241	15	33	27	311	86	8	118	78	410	39	24	19	105	191	53	63	0	106	60	57	12	393	15	45	115	17	210	3	80	22	53	347	18	161	73	21	7	93	142	8	134	14	4	17	40	108	26	3	2	14	0	19	30	5	8	18	0	0	2	5	0	0	5	0	5	0	0	0	4	3	0	17	0	26	0	2	0	3	3	0	11	1	264	16	35	62	3	15	2	5	20	0	1	0	5	11	5	2	0	10	7	0	89	0	0	0	0	17	4	1	0	11	1	26	0	0	6	38	2	0	0	0	0	1	6	0	3	1	19	2	25	7	739
OTU_92	29	15	115	71	74	50	15	18	20	9	9	15	29	16	5	15	23	119	6	34	5	1	7	7	6	27	11	27	11	35	68	162	6	168	2	6	17	5	23	66	9	94	22	10	38	12	10	23	20	4	14	15	29	4	14	17	2	11	7	7	19	302	35	42	69	31	48	47	10	22	10	74	7	53	10	4	12	0	23	34	86	17	82	9	14	45	32	42	17	16	14	7	26	5	37	1	2	48	3	8	30	71	0	62	0	5	7	118	19	0	2	55	5	0	12	47	23	38	3	55	5	2	3	57	40	5	19	56	21	2	4	26	5	0	8	9	25	24	26	4	77	7	32	62	3	68	1	6	0	93	3	18	2	7	0	173	213	22	26	7	2	9	14	56	3	11	21	16	14	32	20	10	5	2	57	4	48	1	6	2	12	3	56	0	11	24	0	4	169
OTU_93	18	0	0	0	1	0	0	0	27	0	2	39	5	1	11	1	1	0	2	0	1	13	0	5	6	0	7	4	10	29	145	3	0	10	0	2	3	0	3	3	3	1	5	2	0	2	0	0	2	0	0	0	2	0	0	2	0	3	0	1	0	0	0	1	32	1	0	16	0	1	1	2	557	7	0	1	0	0	3	0	0	0	0	0	1	1	0	14	2	6	0	235	0	2	1	150	0	4	15	0	0	0	2	3	11	1	4	10	1	1	3	2	5	5	27	24	1759	5	6	1	35	6	1	4	4	4	813	23	14	6	1986	0	29	32	1147	672	17	10	0	2	2786	12	124	29	32	607	7	2132	519	651	5580	5	66	14	0	16	9706	0	3	3	10	3	0	2	2903	27	964	9	19	22	7	0	5	19	453	281	639	832	22	2	469	5	1626	20	880	100	11	552	9
OTU_94	69	235	1304	358	453	1274	783	563	476	8	84	118	361	101	31	166	53	165	93	122	63	22	105	198	233	55	23	3	31	103	415	435	288	197	145	73	243	198	13	423	8	237	183	22	171	43	442	184	113	209	120	33	72	156	109	464	1	12	84	35	225	18	237	249	212	143	198	153	13	89	29	181	191	26	24	115	164	4	39	281	3	149	107	3	55	232	9	37	444	215	845	172	125	23	487	22	25	58	67	202	31	185	36	276	50	73	16	480	474	23	48	108	277	160	72	986	48	139	110	47	92	28	118	85	82	329	59	660	322	104	29	52	13	102	351	11	37	137	211	143	108	223	25	11	13	42	20	75	14	473	34	63	3	283	16	237	177	30	625	1	27	134	18	184	98	58	65	80	26	114	64	121	64	115	360	30	13	42	161	110	283	21	153	18	82	38	244	49	35
OTU_95	0	0	32	11	7	312	0	18	0	0	1	0	2	11	8	1	13	0	17	22	5	3	6	1	4	0	5	6	13	6	7	1	41	2	11	4	33	20	13	6	21	4	8	22	1	6	6	13	6	14	4	14	0	10	6	5	1	2	7	3	10	34	62	0	5	1078	3	1	1	6	1	8	1	3	1	12	35	0	1	32	0	0	41	0	9	5	2	0	17	2	13	3	1	0	14	0	0	3	2	0	4	0	4	12	68	5	105	1	5	0	2	19	0	66	5	410	262	2	34	5	565	0	35	266	115	9	207	31	9	8	0	43	81	31	21	336	486	18	8	38	3	34	45	7	4	27	0	149	34	115	2	59	0	180	4	8	34	6	74	0	5	9	13	9	165	4	62	7	0	12	7	112	22	3	32	13	100	2	19	0	17	1	6	5	15	6	6	10	13
OTU_96	288	2	6	1	37	2	380	13	45	11	1	17	3	1	19	91	8	3	25	9	107	146	39	64	177	1	65	75	34	19	365	32	43	151	332	341	150	144	3	2	2	7	21	247	187	126	11	28	33	209	3	137	6	2	1	6	1	8	64	8	558	14	145	9	15	2	13	7	231	4	6	8	121	4	9	300	0	1	1	0	0	12	5	5	202	111	1	8	1	11	8	7	315	301	1	125	130	7	298	31	13	169	1	76	8	14	2	6	166	2	38	7	9	19	9	125	22	34	50	18	14	10	3	13	80	117	38	13	22	0	9	4	29	11	37	3	22	35	9	5	113	147	28	461	1	173	2	65	1	21	17	4	66	19	5	43	22	138	7	4	9	8	9	0	25	59	5	13	9	272	29	10	38	191	284	50	6	11	25	2	13	18	223	2	92	14	75	26	721
OTU_97	1968	391	6555	276	34	14	1046	640	381	15	1273	4	12	6	22	271	57	35	10	46	103	6	5	96	126	3	244	46	11	837	148	27	110	8	407	535	6	11	137	7	7	346	27	137	44	128	54	14	250	21	4	131	12	17	148	21	2	10	26	4	191	11	610	282	1178	10	217	18	148	6	4	21	13	3	0	273	310	3	6	497	80	7	13	8	626	18	4	39	73	155	11	68	163	3	2	487	2	25	98	63	18	431	40	250	4	32	2	4	16	1	236	88	40	9	27	303	0	41	186	0	86	1	1	238	168	122	3	24	161	0	13	9	5	23	46	1	113	6	1179	53	141	14	5	2	31	65	26	215	0	73	6	23	35	1	0	187	148	806	437	1	30	37	9	1	19	153	26	16	8	497	2	49	26	282	11	49	15	26	55	27	332	2	17	27	103	21	7	106	378
OTU_98	303	1280	73	426	301	24	296	524	66	1916	145	884	102	524	83	58	132	23	676	95	709	29	456	215	1843	120	1181	20	127	160	146	227	23	295	133	61	795	993	31	1556	1303	379	3133	125	664	940	121	160	24	1138	11	72	271	402	156	663	402	1461	31	16	22	48	26	141	69	2055	194	116	718	761	307	66	119	535	21	6	79	213	9	58	30	277	1293	771	595	60	58	47	1399	788	23	678	506	210	237	76	447	9	163	202	169	80	483	49	13	223	135	22	3	4	37	663	703	51	264	1415	83	158	65	24	1014	1	15	57	336	59	28	243	18	2652	1096	8	22	140	15	91	99	220	23	313	47	436	82	31	5355	238	572	173	17	56	20	2798	15	43	40	799	304	19	208	51	32	20	29	213	470	43	201	827	3070	16	111	87	273	449	16	170	25	318	76	455	318	49	53	3335	208	78	43	133	19
OTU_99	7	1193	5	527	48	4	5	215	130	36	2	6	10	12	16	40	57	29	10	59	219	11	49	12	42	14	3	1	21	21	50	30	0	27	0	8	123	455	10	6	69	664	566	7	22	18	7	123	46	105	29	19	1	44	6	43	7	3	7	1	2	5	2	42	24	5	26	7	25	8	41	13	7	3	4	93	13	180	20	479	4	4	11	2	1	15	5	44	502	33	33	59	26	199	371	18	10	11	42	1	5	6	35	145	31	31	4	3	1008	24	13	7	45	7	26	131	178	12	207	50	320	9	18	678	1744	193	269	161	103	30	8	2	85	13	265	232	570	74	18	40	119	400	37	222	2	247	18	1009	7	301	35	73	12	10	63	221	152	26	3	0	171	17	27	667	315	243	17	5	65	101	17	157	83	3014	79	195	112	880	35	15	45	4	95	3	61	34	19	118	26
OTU_100	7	141	21	409	579	9	18	40	91	3	3	82	0	12	21	3	12	386	14	4	1	7	20	1	3	6	1	8	14	10	57	0	1	67	31	9	309	57	63	16	7	518	67	9	12	13	160	8	20	5	30	10	1	15	1	17	6	6	89	5	1	33	91	24	7	1	119	13	46	2	14	3	3	198	0	52	40	2	23	33	0	4	52	1	43	107	5	14	79	7	3	142	50	4	1	3	2	7	19	43	6	8	10	63	1	15	0	9	142	7	9	128	9	18	6	90	55	28	318	14	31	6	20	11	50	89	50	62	10	134	8	3	25	46	38	7	43	113	11	226	7	16	7	5	2	98	8	87	0	1294	10	50	50	1	1	193	42	20	2	0	64	1	24	93	52	1	14	13	8	16	17	19	22	125	44	71	3	22	71	15	48	1	36	1	6	28	21	38	4
OTU_101	1	258	44	15	304	0	9	239	173	10	26	255	4	16	17	10	3	22	61	7	56	47	219	65	43	2	23	12	13	66	35	306	119	29	46	57	223	54	4	2	97	7	14	3	10	491	8	4	23	60	69	9	4	47	10	7	13	13	9	5	2	38	111	7	22	3	6	16	5	7	6	9	4	57	0	3	47	1	2	3	0	1	5	3	174	9	10	13	696	32	13	1	91	21	6	2	2	3	59	51	10	27	5	50	77	49	0	1378	0	1	5	922	43	135	304	5	23	31	161	17	13	3	1	2	2	12	25	132	68	9	4	1	8	129	136	10	58	33	318	9	15	237	3	61	10	27	9	52	1	17	20	0	9	673	76	13	23	128	6	0	25	18	8	3	72	521	0	192	8	45	270	2	45	51	10	32	0	1	121	4	35	3	16	7	20	21	52	7	41
OTU_102	62	1	0	7	0	0	0	0	12	0	1	1	0	1	414	0	0	1	0	1	136	2	3	0	1	1	0	0	0	0	0	0	1	0	1	1	1	0	0	2	1	1	61	0	0	0	53	1	1	0	0	1	1	0	0	5	0	0	93	1	1	1	0	0	23	0	10	10	0	0	1	0	14	0	0	0	0	77	1	0	0	0	1	0	1	0	0	5	5	2	8	0	12	0	0	0	0	0	3	1	6	0	0	106	0	4	2	4	0	5	13	8	538	1	1	34	333	3	8	1	560	562	0	203	1	1	153	1	11	2	1	4	160	2	7	0	3	11	4	1	1	2	31	39	4	243	79	210	6	67	1	17	45	5	3	2	1191	80	9	0	258	96	5	5	4	30	6	0	0	0	115	638	8	221	250	129	187	4	270	0	500	3	0	4	154	18	1	305	1
OTU_103	0	0	0	0	0	431	0	6	5	0	1	0	1	185	0	0	0	6	3	1	2	1	6	0	320	158	5	30	2	4	93	2	66	4	6	3	1	0	0	0	656	5	4	0	1	18	0	0	74	0	0	4	3	0	1	1	3	2	2	0	201	4	12	7	1	1	1	1	1	2	2	1097	0	0	1	0	1	2	0	4	2	5	0	7	2	4	0	2	125	24	4	4	5	683	1	1	2	0	0	1	4	461	1	5	0	15	0	0	348	0	0	2	0	0	17	0	0	2	38	1	0	0	0	0	0	1	0	3	1	0	0	0	0	1	1	0	0	1	327	1	15	2	1	2	0	24	0	0	0	0	4	0	0	0	0	0	2	1	3	0	0	0	0	52	1	0	0	1	1	0	38	0	1	4	0	37	0	0	2	0	29	2	0	0	7	0	0	73	2
OTU_104	1	0	0	2	2	0	500	3	0	1	7	11	1	7	14	5	22	4	0	19	3	52	249	5	0	0	4	0	3	2	23	1	4	62	3	3	1626	0	9	16	6	5	26	2	0	2	144	5	16	658	2	6	7	4	1	4	0	2	18	5	0	1	0	4	25	3	2	5	0	2	2	4	93	12	0	919	0	1	0	1	0	1	14	0	7	3	1	6	2	2	0	4	46	5	3	1	0	1	100	2	0	0	0	734	2	14	0	4	0	12	3	5	1	1	230	645	25	4	588	11	19	2	0	1134	1330	1448	621	5492	1	5	16	3	179	33	604	0	488	3	70	8	17	131	108	2	7	70	4	896	11	261	0	127	18	10	2	15	703	1	6	3	734	9	0	1	161	3606	1	14	9	46	102	2	29	281	1210	44	259	504	80	21	18	14	9	6	51	13	10	28	4
OTU_105	70	0	193	207	733	63	58	403	141	3	204	9	3	2	9	148	43	19	2	113	80	667	2	4	1	0	19	118	55	121	126	17	39	2	243	276	1	41	2	2	79	2	105	328	126	102	4	4	73	50	1	111	0	37	137	8	3	5	55	1	118	22	72	8	228	1	25	5	106	5	1	23	77	135	100	153	0	16	7	5	2	94	51	1	90	6	1	248	119	9	111	23	200	160	2	39	83	6	8	28	250	1	8	34	4	7	1	10	75	0	43	3	3	4	0	73	7	0	14	9	12	2	0	1	0	79	0	137	4	0	7	1	11	11	6	0	0	9	3	4	86	86	31	1	1	96	0	17	4	7	12	14	0	6	2	7	59	78	3	2	7	6	24	12	24	111	9	4	2	95	0	1	2	3	0	35	1	6	23	1	13	5	10	0	36	54	2	8	5
OTU_106	339	1167	227	1057	995	2197	147	3856	911	784	489	5451	208	115	89	65	465	127	317	179	374	232	334	85	836	99	138	11	115	62	278	429	1458	1427	155	52	1067	907	520	672	161	780	753	267	1512	210	271	413	318	871	81	259	3066	196	373	332	246	1888	370	112	71	428	545	176	175	3562	184	718	233	510	311	309	98	284	47	1067	1088	400	102	375	23	153	503	10	204	207	53	225	2049	44	253	193	140	217	3572	51	21	22	155	518	143	382	132	191	94	108	2	1580	1263	1820	91	118	461	485	148	684	87	142	205	220	763	81	355	406	465	519	228	674	1153	830	226	414	91	154	214	309	1520	1230	317	323	73	319	137	68	192	777	101	937	56	273	73	56	44	779	67	560	836	61	1501	14	124	510	77	2408	424	7	69	87	5118	45	153	158	129	1189	54	529	131	414	61	87	1692	29	81	319	109	111	157	583	40
OTU_107	49	38	365	155	3	0	45	83	22	0	2	3	8	26	1	8	4	3	4	5	25	1	5	8	15	1	20	9	8	2	9	4	57	22	8	4	42	68	7	7	13	11	54	49	34	85	1	17	7	6	8	23	33	1	8	26	13	4	4	4	1	2	95	2	5	130	9	24	57	1	26	3	10	8	1	5	1	18	1	0	0	2	25	2	18	16	0	4	140	3	2	14	50	31	0	0	12	1	140	40	34	1	0	95	35	1	34	12	160	3	0	358	109	29	84	28	10	43	34	9	126	10	9	6	23	146	6	37	3	0	44	0	1	50	99	60	0	20	33	12	4	32	0	0	211	107	1	14	20	3	40	111	3	72	6	22	403	17	342	1	1	22	8	55	19	17	20	28	113	4	5	24	67	165	83	50	4	28	6	114	134	14	13	171	21	21	7	12	1
OTU_108	59	1083	1	287	2120	42	118	300	61	26	0	6	0	21	9	14	58	710	382	14	91	5	922	33	149	12	41	0	33	15	177	17	455	165	50	13	6	105	39	2	8	32	179	2	237	54	71	14	29	271	17	15	2	4	2	6	0	7	193	8	201	16	86	81	105	3	107	10	90	2	55	2	11	2	1	1177	0	0	53	238	1	79	4	0	287	36	20	1123	307	47	3	82	24	135	5	32	2	102	32	50	8	65	62	17	8	111	3	113	340	7	5	120	200	153	19	76	25	247	9	21	124	0	218	3	11	31	10	90	7	30	53	0	0	136	73	2	1	13	38	438	12	35	199	4	6	19	34	15	1	18	23	2	27	1091	1	159	36	26	10	0	2	0	156	0	32	1	14	27	13	14	18	6	14	137	33	14	3	7	236	7	75	0	75	2	77	193	26	5	10
OTU_109	4	0	0	0	1	0	0	0	14	0	1	32	2	0	68	5	2	6	0	9	2	1873	0	5	0	0	3	0	2	5	61	0	0	1	0	10	1	0	0	0	0	0	6	1	0	0	0	0	0	11	0	23	0	0	0	1	0	16	13	0	1	158	3	11	12	0	13	3	0	1	4	11	11	7	0	2	0	0	0	0	0	0	4	3	0	16	0	7	8	1	1	0	229	0	0	1	0	1	0	597	14	1	0	3	3	0	2	2	0	0	0	4	13	1	0	47	1	4	540	0	0	1	0	621	0	0	0	6	6	0	0	0	72	0	0	0	0	0	1	1	3	18	0	1	0	0	7	0	0	9	125	67	1099	1	0	44	0	3765	0	0	10	5	0	0	0	5	0	0	12	0	9	1	10	8	0	0	0	2	0	0	0	0	661	0	0	1	7	0	0
OTU_110	0	0	0	0	0	0	0	0	63	0	1	0	0	0	57	2	0	3	0	5	0	0	2	305	0	0	2	0	0	1	0	1	1	0	0	0	1	2204	0	1	0	2	32	1	0	0	0	2	0	1	0	0	2	0	0	8	0	1	0	0	0	0	0	0	1	1	1	3	1	1	3	3	5	0	0	1	0	0	9	0	0	1	0	1	2	1	0	7	2	5	5	0	1	0	0	0	0	0	0	0	5	0	0	0	0	7	0	1	2	1	157	6	1328	2	1	14	3620	0	0	0	8	1501	0	1	1	1	1101	3	43	0	4	13	60	0	16	0	19	0	1	0	0	38	327	22	42	203	76	0	2856	0	0	3	0	24	3	0	6	7	7	1	0	4	1	1	0	3	1	1	0	0	29	0	3542	4	771	38	23	3	12	1	9	2955	2729	23	0	0	0	45	1
OTU_111	126	4841	1	239	6	56	112	6581	11	233	4	19	25	279	12	62	8	3	1	7	57	60	21	21	30	122	12	7	14	43	45	2	5	7	27	15	1	316	3	68	176	3	143	27	49	208	10	20	22	3783	64	20	8	12	0	4	96	28	736	6	1	13	20	11	11	3	87	10	41	12	23	6	351	4	6	421	3	5	4	6	5	20	11	3	23	9	1	600	36	114	11	0	169	391	2	166	17	4	20	653	5	9	21	66	1	50	1	0	0	8	7	22	99	14	25	154	42	55	94	146	33	49	8	91	11	25	25	37	10	6	66	1	60	119	9	48	19	2	4	74	32	18	12	22	1498	91	60	115	5	43	1	133	23	100	8	37	81	141	23	0	55	4	162	8	113	2430	5	15	20	3	17	69	6	766	7	27	56	41	401	76	13	0	76	2858	47	227	55	29	6
OTU_112	1	138	1	9	0	1	135	1	5	11	0	2	6	1	59	5	3	1	3	0	125	11	0	51	2	0	1	0	8	3	6	4	3	0	29	18	0	638	0	0	2	6	15	2	6	0	1	1	1	0	1	6	0	5	0	2	0	3	51	0	0	11	0	15	4	2	10	5	0	2	1	4	249	3	3	0	0	1	52	0	0	0	3	0	237	5	0	4	1	1	1	1	2206	5	1	10	42	0	108	204	115	0	2	211	1	3	0	3	1	8	1	6	31	76	0	202	18	33	501	103	1	2	1	111	36	3	75	8	2	2	66	0	267	2	173	1	2	7	21	2	111	11	14	9	5	177	191	243	78	63	233	19	342	5	51	5	1	497	6	1	12	9	73	3	0	70	79	13	7	123	19	67	2	2204	4	82	87	95	101	0	7	1	196	3	71	105	2	5	3
OTU_113	3	183	0	50	9	2	261	110	78	11	0	1	1	1	4	12	10	5	1	2	49	1	7	130	3	1	6	1	0	1	10	2	31	68	11	3	12	73	1	2	124	11	16	2	17	69	45	189	5	120	0	2	1	0	1	11	0	0	23	0	0	0	218	11	31	3	2	1	8	4	7	5	80	0	0	103	0	0	3	4	0	0	5	1	127	3	0	46	26	92	3	0	155	23	2	15	0	0	39	7	11	0	5	200	41	72	0	13	4	2	13	5	323	30	47	209	53	65	303	125	1345	73	47	137	187	131	32	22	193	1	881	0	76	25	95	58	22	57	31	5	83	110	13	24	4	280	103	99	115	49	70	28	90	0	154	55	705	40	6	0	53	80	252	5	380	38	20	8	18	6	149	414	197	287	46	201	61	84	35	234	84	6	217	7	71	448	110	32	14
OTU_114	0	0	22	1266	1	4	5964	13	3	1	0	5	0	2	4	120	0	7	0	13	73	3	240	308	3	0	7	1	8	3	6	71	24	2	952	267	2	2	0	0	2	0	11	0	17	0	2	2	3	1	1	3	4	0	1	2	0	0	64	1	0	1	2	2	46	1	30	4	1	0	2	2	0	0	0	2	2	1	0	3	0	0	2	6	3	1	0	2	1	35	0	0	1639	3	3	15	0	22	6	1376	1	3	0	23	0	7	0	3	0	2	3	4	1	2	0	28	47	11	261	0	15	1	0	55	117	228	60	1	0	1	83	0	86	8	16	0	274	1	5	53	20	87	20	7	7	30	1	88	27	20	0	3	9	2	0	4	1	2033	12	0	0	4	27	1	263	49	81	6	1	17	3	31	4	35	1	21	0	140	34	2	7	1	556	1	150	31	1	2	1
OTU_115	0	32	2	83	193	1	202	1	40	34	0	5	0	1	1	35	15	1	23	3	17	158	5	4	24	17	16	1	6	1	6	70	13	0	55	54	0	12	0	12	47	15	27	361	147	43	4	1	6	53	45	158	15	87	46	4	11	3	21	0	103	4	87	132	74	2	9	10	20	2	10	1	21	1	104	136	12	2	15	2	0	22	1	1	21	41	3	80	1	2	122	11	66	140	0	0	14	7	21	33	98	1	42	3	0	3	0	61	0	0	2	46	0	7	39	32	10	13	33	12	4	0	5	9	1	73	3	4	4	1	5	0	0	10	10	1	0	0	0	26	27	201	0	0	1	16	0	3	4	3	23	1	0	7	1	23	83	19	2	0	2	0	11	0	14	7	4	0	7	204	2	7	70	75	4	7	0	0	46	3	1	1	3	2	39	13	139	4	13
OTU_116	0	0	0	2	0	0	255	0	0	0	0	2	0	0	5	9	0	10	0	7	32	125	1	5	1	0	3	0	11	1	4	2	1	2	7	5	2	1	0	1	0	0	2	0	5	0	3	1	6	1	4	5	0	1	1	0	0	3	7	0	0	7	0	5	74	1	5	0	0	1	2	1	68	4	2	0	0	0	6	3	1	2	3	0	2	2	0	12	1	1	0	0	26	2	0	0	19	0	0	31	3	0	0	240	0	10	0	4	0	11	1	7	3	2	2	7	7	0	333	51	10	0	1	73	2	3	20	2	0	1	4	0	337	1	111	1	0	0	8	3	17	61	7	0	0	1184	1	18	10	24	0	6	29	1	1	22	12	202	3	0	13	13	15	1	2	733	3	4	3	34	6	6	1	1390	0	230	0	9	2	2	5	5	137	0	48	29	6	9	0
OTU_117	0	1	735	7	2	2	1467	2	354	177	0	10	11	3	61	114	0	2	125	44	144	9	14	665	4	0	2	0	9	5	42	3	2	6	32	15	3	0	0	5	1	0	40	1	1	3	0	8	1	2	2	3	0	1	0	1	1	94	0	0	0	2	0	6	77	0	15	2	2	1	92	5	0	5	0	1	0	0	1	1	1	0	5	2	2	11	2	112	1	4	0	0	1043	641	4	0	0	1	169	3	4	1	0	108	187	4	6	0	193	2	75	277	1	3	0	61	3	219	89	77	3250	46	100	287	37	8	117	198	432	0	116	3	54	956	29	0	4	263	17	1	34	261	23	0	7	25	1	279	2	97	12	37	0	5	58	121	359	637	38	2	44	4	244	180	0	2	17	4	30	0	15	1	149	2892	22	7	2	0	601	558	14	3	94	16	48	382	3	46	48
OTU_118	0	0	0	0	0	0	0	0	830	5	0	1	0	0	6	0	0	0	1	0	0	0	0	0	0	0	0	0	0	7	1	0	0	0	0	0	6	0	0	0	0	0	1	0	0	0	0	0	0	0	0	1	0	0	2	0	0	0	0	0	0	0	1	0	0	0	3	1	0	0	1	0	0	0	0	0	0	0	0	0	0	0	0	0	0	0	0	0	0	0	0	0	0	0	0	0	0	0	0	0	359	0	0	0	0	4	0	0	0	0	0	0	0	0	0	1	0	0	0	6	0	0	0	0	9	0	0	4	0	1	0	0	0	3	0	0	0	1	0	0	0	2	0	0	0	1	0	0	0	0	0	1	0	0	0	1	1	0	2	0	0	0	0	2	25	0	0	1	0	0	2	0	1	1	0	1	0	15	1	0	0	3	0	0	0	0	0	1	0
OTU_119	2	1	0	5	1	1	12	15	12	3	7	2	1	2	5	11	9	4	2	4	1	2	1	3	1	2	4	10	0	7	23	2	3	3	30	25	1	3	6	1	1	4	10	3	3	4	2	3	10	1	6	1	2	0	7	3	1	3	1	2	6	39	5	13	15	3	6	8	2	2	1	6	0	9	12	0	1	0	7	3	13	6	9	0	1	5	11	1	4	7	4	2	8	9	41	2	6	4	2	0	108	6	1	426	0	1	1	127	7	0	3	4	0	3	3	9	0	24	1	51	3	0	0	45	9	20	4	8	1	0	2	18	0	3	1	2	5	1	25	1	583	7	0	64	0	4	3	0	1	335	1	4	3	2	0	37	60	2	20	11	3	4	2	14	2	13	9	5	4	2	6	0	2	8	140	0	7	2	1	1	4	3	95	0	4	6	1	3	792
OTU_120	10	34	19	9	28	3	2	0	1	40	5	5	0	1	13	3	1	28	17	10	10	3	3	4	8	0	0	0	7	1	46	1	48	22	2	0	135	84	1	9	0	2	71	3	9	8	15	6	7	12	1	5	8	0	5	5	2	3	30	1	1	1	3	13	6	9	15	8	0	3	31	0	1	2	0	17	7	10	6	29	0	1	6	1	10	0	0	0	28	4	1	10	3	3	3	0	0	3	2	29	2	0	0	23	66	11	24	17	54	211	1	14	180	9	41	66	16	20	116	11	65	9	50	46	41	47	22	11	43	7	190	1	30	27	139	32	32	33	0	84	2	1	6	11	2	23	0	74	18	27	2	4	1	38	1	84	68	3	95	16	28	2	15	2	5	2	20	5	4	3	4	107	98	48	9	15	16	71	21	34	56	81	6	6	1	21	13	18	16
OTU_121	80	21	39	100	65	38	76	55	52	34	59	20	46	32	5	25	44	54	10	30	16	16	11	4	13	46	8	13	7	34	174	148	3	57	9	11	15	3	50	79	11	101	25	43	19	11	20	30	43	18	15	21	35	6	13	32	4	31	10	29	13	201	35	42	115	4	37	270	31	81	8	53	17	78	15	15	5	68	24	25	55	21	77	16	17	61	40	81	6	19	37	16	18	19	31	10	13	112	9	14	46	54	2	21	0	0	1	147	40	2	3	8	1	0	5	19	2	3	1	5	3	5	1	1	4	11	3	102	2	3	2	28	10	5	7	1	11	3	32	20	44	21	5	72	1	51	16	1	0	24	4	2	3	7	0	14	42	10	5	12	12	52	4	6	5	13	1	6	2	24	7	2	2	7	154	18	2	0	2	3	5	1	115	0	43	4	13	2	203
OTU_122	0	0	0	0	0	0	0	0	1	0	0	0	0	0	0	0	0	0	0	0	0	0	0	0	0	0	0	0	0	0	0	0	0	0	0	0	0	0	1	0	0	0	0	0	0	0	0	0	0	0	0	0	0	0	0	0	0	0	0	0	0	0	0	0	0	0	0	0	0	0	0	0	0	0	0	0	0	0	0	0	0	0	0	0	0	0	0	0	0	0	0	0	1	0	0	0	0	0	0	0	0	0	0	0	0	0	0	0	0	0	0	0	0	0	0	0	0	0	0	0	0	0	0	0	0	0	0	0	0	0	0	0	0	0	0	0	0	0	0	0	0	0	0	0	0	0	0	0	0	0	0	0	0	0	0	0	0	0	0	0	0	0	0	0	1	0	0	0	0	0	0	0	0	0	0	0	0	0	0	0	0	0	0	0	0	0	0	0	0
OTU_123	0	724	1	392	0	0	73	1	0	26	0	15	0	1	3	40	2	2	4	1	4	4	2	3	4	0	3	0	1	4	19	4	170	10	8	3	3	2	0	0	0	22	6	1	1	1	6	2	10	3	1	3	0	1	2	1	0	5	161	6	0	2	179	7	3	7	23	6	1	11	4	3	7	2	0	198	2	0	1	3	3	16	2	0	0	3	0	1	4	5	2	2	140	4	2	1	3	0	36	3	4	2	2	1	43	13	1	2	4	0	2	0	2	11	27	9	316	46	103	4	265	0	133	2	56	5	7	7	5	2	2	0	3	69	101	10	52	4	0	246	1251	22	13	188	6	14	130	22	13	8	66	2	16	5	6	241	18	139	14	6	1	0	162	0	78	45	223	2	12	400	1	289	0	211	5	19	0	475	22	0	1	0	450	2	201	225	610	0	2
OTU_124	10	26	69	114	2233	14	13	3	267	0	136	2	19	219	10	245	24	24	358	11	16	215	15	4	83	13	145	211	133	1044	10	990	7	43	65	44	27	195	8	2201	541	3	314	509	10	958	184	394	10	10	21	232	7	670	84	360	0	3	3	1	934	19	49	623	26	4	27	6	3	1	12	25	3	2183	21	497	2	2	10	18	2	23	63	4	105	6	1	152	477	2877	15	35	27	2225	5	1010	130	21	11	4	1017	10	20	5	0	1	0	5	1	2	12	0	1	0	0	3	1	11	1	0	27	0	2	0	3	1	19	4	2	4	0	0	4	3	2	1	205	1	6	2	14	64	273	10	0	26	1	0	2	2	0	0	1	0	0	7	1	3	415	0	0	1	1	0	4	24	1	12	0	4	0	0	170	11	11	4	0	0	0	28	10	1	2	0	8	2	7	0	8
OTU_125	176	91	6	56	1146	3	75	176	98	2	146	161	2	6	44	68	3	9	5	5	14	12	40	15	119	0	3	84	7	13	3	5	9	1	52	53	1	18	5	1	1	554	272	4	0	31	64	5	13	4	58	15	0	8	0	5	6	8	73	1	34	8	76	461	720	1	13	5	28	2	43	2	67	6	2	1	0	6	1	1	1	154	5	4	1	6	0	86	3	11	5	3	56	8	1	46	0	2	49	16	8	84	2	17	88	1	1	69	41	0	13	2	3	2	7	109	12	20	1	2	10	0	0	0	15	43	3	90	11	0	4	1	2	10	26	2	2	15	2	1	14	26	0	17	0	37	9	27	1	14	2	0	33	2	2	7	24	37	71	0	6	5	6	36	2	99	0	2	3	28	0	9	13	30	46	26	0	4	18	1	6	5	127	0	32	12	28	9	159
OTU_126	0	0	0	2	5	2	0	0	0	1	0	0	1	1	1	1	6	1	3	0	1	2	2	1	1	1	0	3	0	4	1	0	4	0	2	0	2	1	0	1	0	1	4	0	0	0	12	0	2	0	4	1	0	0	0	1	2	1	0	1	2	0	12	0	1	1	6	1	0	1	21	0	1	1	6	6	2	5	2	4	0	4	0	0	0	0	0	1	0	1	0	0	2	0	0	4	3	0	0	1	0	14	0	0	2	2	1	1	1	0	37	0	4	2	2	4	0	1	0	5	0	7	2	0	1	1	24	0	0	3	0	11	1	0	1	8	16	0	0	0	0	0	0	1	0	1	1	2	3	0	1	0	2	3	0	0	0	0	2	13	3	1	4	0	0	1	2	1	0	0	4	0	5	0	0	2	8	0	6	10	1	1	2	0	0	0	1	3	0
OTU_127	44	3	44	1	31	3	10	29	4	76	30	12	8	10	4	11	96	6	5	3	6	37	0	2	1	20	3	7	12	7	3	67	1	0	12	8	1	1	13	21	29	18	4	386	5	4	1	1	17	3	14	72	6	13	15	82	3	24	0	112	16	2	36	13	22	11	0	11	18	32	5	4	1	11	28	3	9	13	2	3	112	17	20	0	5	3	14	11	2	0	4	5	13	6	8	3	62	2	7	2	8	22	2	0	0	2	2	1	6	2	1	10	4	0	13	7	0	3	0	0	6	0	0	0	0	5	0	18	1	4	0	2	0	1	4	0	1	0	8	0	1	6	6	87	0	45	9	0	0	8	0	5	5	5	1	4	4	3	30	11	1	0	0	3	0	0	4	22	17	2	0	1	6	13	3	8	0	1	0	0	1	0	17	0	2	0	18	2	12
OTU_128	104	0	1	8	1	0	0	0	1	0	59	2	0	18	1	1	12	0	14	35	0	0	1	0	0	33	1	1	49	5	4	103	1	1	332	276	0	1	2	8	15	47	1	7	9	96	0	0	11	0	18	0	1	13	36	6	2	11	0	152	1	31	1	13	3	0	0	2	0	15	2	7	0	2	39	0	8	0	33	1	0	0	0	0	0	14	59	5	6	9	7	7	0	0	1	1	218	1	10	0	7	61	0	0	0	0	0	1	2	0	2	1	0	1	1	0	0	0	1	12	1	0	0	0	0	0	0	0	0	0	0	0	0	1	0	0	1	0	0	4	1	1	13	0	0	0	3	0	0	0	0	0	0	5	0	1	1	0	0	0	0	0	0	1	0	0	0	1	0	0	0	0	0	0	0	0	0	0	0	0	0	0	17	0	37	0	0	0	15
OTU_129	3	126	0	4	0	2	212	1	49	1	2	1	1	4	27	5	1	3	0	3	112	3	12	170	230	4	20	0	15	3	25	7	0	10	29	1	23	157	5	3	0	1	10	3	1	182	0	128	22	1	34	2	1	0	0	41	0	5	1	1	0	10	27	0	12	0	7	6	173	1	103	7	110	1	2	2	0	0	2	1	0	0	3	0	0	2	0	101	0	1	93	0	278	73	1	12	56	0	68	0	16	0	1	41	4	90	0	3	0	7	9	5	52	172	2	6	27	160	30	24	898	10	23	15	0	8	12	30	8	0	432	2	18	25	9	92	1	11	10	0	177	188	16	21	8	128	97	97	16	37	2	1	107	5	66	10	472	190	5	0	31	3	193	1	0	7	57	2	21	0	152	43	47	898	110	102	0	39	215	94	12	2	26	9	261	272	98	15	10
OTU_130	1	12	0	0	1	0	0	3	0	0	1	0	0	0	0	0	0	0	2	1	668	0	0	1	1	0	1	0	0	0	0	0	0	0	0	0	0	1	0	0	2	1	0	0	0	0	0	0	0	0	1	0	0	0	0	0	4	0	0	0	1	0	1	3	0	2	2	1	0	0	1	2	0	1	1	2	0	1	1	0	1	0	0	0	12	0	1	0	2	0	0	0	1	1	0	0	1	4	1	0	0	0	0	1	0	6	0	0	0	1	1	0	0	0	0	8	2	1	96	0	0	0	0	96	0	1	5	0	0	1	0	3	1	10	0	18	1	1	0	0	2	1	4	0	0	1	1	1	0	2	0	13	0	0	0	3	0	0	1	2	1	1	0	0	0	4	2	0	0	0	3	0	2	379	0	2	0	20	16	0	2	2	4	0	1	1	0	0	0
OTU_131	0	3	0	0	0	0	0	0	0	7	1	1	0	3	4	2	0	5	0	7	31	1	6	1	1	0	6	0	2	2	0	1	0	1	0	67	1	55	0	1	0	1	6	0	1	0	0	3	2	0	0	2	0	1	1	7	0	1	306	0	2	4	0	8	54	0	37	2	0	2	2	1	1	3	0	1	1	0	0	0	0	0	5	1	98	3	0	9	1	2	0	1	36	5	0	0	0	0	1372	178	1	0	1	126	22	8	2	1	1	3	0	15	0	1	0	616	2	106	554	188	2	0	0	270	10	191	6	38	3	4	5	2	2	5	106	27	0	9	4	3	265	65	2	7	0	38	1	43	0	9	239	73	3097	2	1	5	4	220	5	0	1	17	0	0	0	1937	1	13	4	2	78	47	1	5191	5	38	0	0	13	15	2	2	1560	0	284	5	1314	1	2
OTU_132	2	1296	2	5	1	3	0	6	8	30	0	4	0	0	4	13	3	3	2	69	1014	5	0	2	7	0	7	0	0	1	4	64	12	1	835	352	1	286	0	0	0	1	2	1	0	0	1	1	21	44	8	14	1	0	5	1	0	8	66	0	12	5	855	7	0	0	13	2	1	2	2	3	2	9	1	5	1	0	3	1	0	1	3	1	4	11	0	8	316	1	1	0	4	2	0	1	5	1	3	1	11	2	97	0	0	1	0	2	0	21	7	7	0	0	0	227	14	0	64	0	0	0	1	0	1	2	292	20	0	1	9	1	0	0	0	0	58	5	0	0	20	0	53	2359	1	102	0	62	1	15	0	0	0	1	0	34	0	0	1	0	15	2	48	0	8	1	11	2	4	14	0	17	1	2844	7	89	1	96	790	0	6	0	0	0	28	48	43	1	5
OTU_133	0	0	2	8	0	0	299	0	37	0	0	5	0	2	1	1	2	0	0	1	2	0	34	0	1	0	2	0	24	11	5	4	0	0	63	40	0	0	0	0	0	0	35	0	0	0	1	0	1	0	0	2	0	0	1	8	0	0	1	2	0	0	0	28	0	0	2	1	2	6	0	0	0	2	0	0	0	0	0	0	0	0	1	0	0	3	0	0	0	0	0	0	3	0	1	67	0	0	7	0	1	1	0	2	0	1775	2	0	2	0	31	0	0	6	1	263	143	36	121	19	9	43	168	1	193	0	60	20	2	3	0	7	2	859	0	1	1	89	11	1	6	11	29	3	0	76	509	172	13	68	31	0	0	2	2	5	195	1	39	0	286	2	181	17	14	2	205	1173	14	0	1	1	1	415	0	49	5	0	51	1	3	3	0	1	35	190	0	0	3
OTU_134	0	0	0	0	0	0	0	0	0	0	0	0	0	0	0	0	0	0	0	0	0	0	0	0	0	0	0	0	3	0	0	0	0	0	0	0	0	0	0	0	0	0	0	0	0	0	0	0	0	0	0	0	0	0	0	0	0	0	0	0	0	0	0	0	0	0	0	0	0	0	0	0	0	0	0	0	0	0	0	0	0	0	0	0	0	0	0	0	0	0	0	0	0	0	0	0	7	0	0	0	0	0	0	0	0	0	0	0	0	0	1	0	0	0	0	0	0	0	7	0	14	0	0	0	0	0	0	0	0	0	0	2	0	0	0	0	0	0	0	0	0	0	0	0	0	0	1	0	0	16	0	0	0	0	0	0	0	0	0	0	0	0	0	2	0	0	0	0	0	0	0	0	0	0	0	1	0	0	0	0	1	0	0	0	0	0	0	0	0
OTU_135	0	0	0	0	0	0	3	0	546	0	0	0	0	39	2	0	0	2	0	154	0	1	7525	0	0	113	0	0	2	0	1	0	484	0	13	0	0	0	0	1	0	23	11	0	0	0	0	2	0	0	1	0	0	0	0	23	0	1	0	0	0	11	0	5	38	0	0	4	0	1	0	2	0	0	0	1	1	0	0	0	0	0	3	3	1	0	3	18	0	6	0	0	4	2	0	0	0	1	14	2	0	0	4	0	0	2	0	1	0	0	3	1	3	1	0	31	0	0	2	1	1	0	0	0	0	0	0	4	0	0	2	0	0	10	0	5	0	0	0	0	2	32	1	1	1	83	0	0	0	0	0	0	0	0	0	0	1	1	3	0	0	3	0	1	1	1	0	168	0	0	0	2	0	0	0	76	0	0	1	0	2	5	0	0	1	1	3	0	1
OTU_136	1	0	2	2	0	0	303	0	19	0	1	8	0	1	1	4	0	6	0	3	74	7	0	73	3	0	1	15	10	1	11	3	1	3	6	3	0	25	2	0	0	2	7	1	0	36	0	1	7	1	1	4	0	0	0	1	0	4	31	1	1	3	2	0	12	1	6	5	0	4	1	4	37	6	1	3	2	0	0	2	0	0	0	3	80	2	0	7	1	0	11	1	4	62	0	0	49	1	2	30	2	0	1	105	14	1	0	0	0	6	6	2	2	4	1	180	42	54	153	129	47	0	2	11	166	9	20	14	0	3	3	0	315	7	67	8	8	2	6	2	33	4	3	3	1	233	2	206	10	83	339	6	23	3	29	15	12	271	7	0	14	20	36	2	1	181	49	4	4	22	0	51	3	470	14	87	0	8	24	64	135	2	570	3	59	34	4	6	2
OTU_137	1	0	0	0	0	4	0	0	0	0	0	0	0	0	0	1	4	1	0	0	0	4	0	9	0	0	0	0	0	30	0	0	0	0	0	0	4	1	11	0	0	0	14	0	0	0	0	0	0	0	0	12	0	0	8	0	0	0	0	0	0	0	0	4	0	0	11	2	0	0	0	0	0	1	0	5	0	1	0	0	0	0	0	0	0	0	0	2	0	60	0	0	0	0	0	0	0	0	0	0	0	0	0	0	0	0	0	10	0	0	0	0	0	0	0	1	0	0	0	0	0	0	0	0	0	0	0	0	0	0	0	0	0	1	0	1	0	0	0	0	1	16	0	0	1	0	0	0	0	0	0	2	576	0	0	0	0	0	0	0	0	1	0	0	0	5	0	0	2	0	4	0	0	0	0	0	0	0	0	0	0	0	0	0	0	0	14	1	0
OTU_138	292	0	2	113	2	2	100	343	103	3	1	9	47	2	9	87	70	4	11	3	111	535	10	85	0	2	5	2	27	18	59	7	8	10	75	84	0	2	1	8	0	2	42	4	155	0	1	2	18	1	1	5	1	1	131	2	2	3	40	1	1	7	1	96	118	2	16	1	2	4	3	1	54	48	9	72	16	0	1	2	1	1	3	2	39	10	5	77	31	2	39	0	141	20	1	45	130	0	51	26	3	2	0	14	0	1	0	29	0	0	70	11	1	4	0	180	2	1	21	3	3	3	0	3	0	1	5	101	6	0	1	6	2	3	17	0	7	0	5	10	27	70	21	497	1	122	33	3	1	5	0	1	133	2	0	7	9	49	1	0	1	1	6	1	45	74	0	5	1	121	21	1	6	93	187	26	1	7	1	0	2	0	76	0	80	10	121	8	801
OTU_139	0	1	1	622	1	0	156	4	2	1	0	4	1	1	7	8	0	0	78	53	6	9	104	7	2	0	2	0	5	0	22	1	464	5	21	10	590	109	0	1	3	36	18	1	1	4	445	0	3	202	6	5	1	2	0	5	1	4	1	6	0	1	1	0	0	3	1	3	0	7	6	0	330	2	0	5	0	0	0	1	0	0	8	1	35	1	0	50	0	1	3	0	5	0	10	0	0	3	595	2	1	3	0	162	85	4	0	29	818	0	92	1	1	1	127	3	47	5	1	46	2	0	0	22	70	294	2	1	0	37	3	3	0	2	107	0	0	0	9	221	45	831	1	2571	0	45	0	76	1	16	233	0	9	2	24	4	3	15	3	2	24	0	0	0	2	12	59	24	0	1	71	1	0	79	317	40	21	2	119	22	1	0	33	0	73	2	5	5	9
OTU_140	0	1	0	0	0	0	0	0	672	1	0	3	0	0	8	3200	0	6	0	18	6	470	1	0	0	3	2	0	5	0	14	1	1	0	0	0	0	0	0	0	0	0	6	1	0	0	1	0	0	0	0	7	0	0	0	2	0	5	18	0	0	52	1	44	1	4	18	1	1	0	4	6	27	7	1	0	1	0	0	1	2	0	12	4	0	9	1	11	10	1	0	0	9	0	0	0	0	0	1	753	5	0	0	9	0	0	0	1	0	1	0	3	0	0	0	14	301	0	1	0	0	0	0	0	0	1	48	8	1	1	9	0	0	0	0	0	0	3	0	10	37	6	8	0	0	0	0	0	1	13	0	1	0	1	0	52	0	1	8	0	266	0	0	0	2	0	0	1	1	0	0	4	5	537	2	0	0	0	0	0	5	0	49	0	29	3	0	22	1
OTU_141	91	2	233	39	1	31	4	13	2	66	83	1	135	73	7	7	704	4	16	60	12	23	5	6	12	127	34	23	120	68	9	447	1	3	12	27	11	2	86	277	252	212	23	97	37	10	13	81	110	4	30	44	15	13	264	532	12	2	0	199	76	21	4	15	17	1	10	16	22	29	1	10	1	108	20	120	61	31	8	19	31	27	9	3	10	8	142	27	3	198	132	9	12	17	33	1	501	20	8	2	116	35	2	10	0	4	0	8	3	8	0	2	0	1	2	8	2	0	1	10	4	0	1	0	0	2	0	38	2	0	2	1	0	1	0	0	1	0	11	1	7	2	2	2	28	19	6	0	1	1	0	30	1	19	0	5	4	1	12	0	0	6	0	10	5	4	0	4	3	9	0	0	3	26	25	6	0	0	0	0	5	1	7	21	2	2	15	0	201
OTU_142	59	0	3	5	1	0	0	0	5	0	0	4	0	1	8	5	0	7	0	2	3	2	1	49	3	0	4	0	1	0	35	2	0	14	1	0	0	1117	0	4	0	0	39	1	0	1	0	2	11	0	0	2	1	0	0	4	0	1	0	5	0	0	115	4	2	2	0	0	1	4	4	1	0	0	0	0	0	0	1	0	0	0	1	1	4	1	0	0	1	6	2	0	2	0	0	0	0	0	3	1	1	0	0	71	0	7	236	2	233	0	85	16	1	960	1	18	2	145	0	31	300	106	0	28	258	55	15	2	731	0	23	11	6	16	12	298	444	246	54	3	8	4	3	26	13	1	2	78	0	36	0	1	8	8	0	3	34	1	8	0	2	66	36	334	175	72	1	9	4	1	17	515	323	13	8	3	73	359	262	0	712	243	31	2	52	37	2	189	3
OTU_143	0	0	0	0	0	0	177	0	1	1	0	0	0	0	0	0	0	0	0	1	0	0	1	0	0	0	0	0	0	1	0	0	0	0	0	0	1	0	0	0	0	0	2	0	1	0	0	2	2	0	0	1	0	1	0	0	0	1	0	0	0	3	0	0	0	0	0	0	0	2	0	0	0	0	0	0	0	0	19	0	2	1	0	0	0	0	0	2	0	1	0	0	0	0	0	4	0	0	0	0	0	0	0	0	0	31	0	2	0	0	0	0	3	2	0	7	1	0	339	0	2	1	0	114	0	1	110	2	0	8	0	0	436	0	452	0	3	0	0	0	0	0	19	190	0	0	1	1	19	0	296	12	9	0	6	4	0	90	0	0	1	16	0	0	1	0	2	3	3	0	1	0	2	1	1	0	0	0	0	0	0	3	1312	0	1	0	1	1	1
OTU_144	0	0	1	64	0	0	0	0	6	0	0	1	1	1	18	0	1	0	4	0	0	0	0	0	1	1	2	2	1	1	0	1	0	2	1	2	0	1	2	0	2	0	17	1	0	0	0	0	0	854	0	2	1	0	2	1	0	1	0	1	0	18	0	0	13	2	1	2	3	0	1	0	0	0	0	0	0	0	1	0	0	0	0	2	2	470	0	0	2	1	3	0	7	0	0	0	0	2	10	0	2	0	0	0	77	1	0	8	0	1	1	0	73	880	0	0	0	1	9	0	22	0	0	0	3	3	0	11	0	0	29	0	2	12	7	0	0	0	0	581	18	4	0	4	16	446	2	0	0	3	2	1	0	5	0	13	17	33	1	0	0	0	0	1	3	1	2	0	15	0	0	0	2	4	3	359	0	0	799	0	2	0	0	9	18	1	6	9	1
OTU_145	13	0	2	0	1	2	0	0	23	6	119	606	0	97	14	0	23	0	1	4	1	5	24	1	0	0	5	0	1	86	4	4	53	2	5	7	0	0	2	0	0	17	6	1	75	0	0	0	1	135	0	3	1	1	57	3	0	3	0	2	168	66	7	5	1	2	6	8	1	3	8	3	0	387	1	1	1	1	1	9	0	5	138	3	1	21	2	18	5	0	11	0	83	8	32	0	1	6	138	26	37	1	0	4	0	0	0	1	0	25	2	0	0	5	0	8	0	0	0	0	12	0	0	0	0	2	0	2	0	11	0	0	0	9	3	16	0	0	2	2	1	16	0	3	17	0	0	0	0	0	0	0	0	3	0	2	4	0	266	0	0	0	0	0	0	0	4	75	4	1	0	6	9	6	1	0	0	0	1	0	5	5	0	11	0	2	0	0	8
OTU_146	0	0	0	0	28	1	9	0	1	0	0	0	0	0	0	0	0	0	0	1	0	0	2	0	0	0	0	0	3	0	0	0	0	4	1	0	0	0	0	0	0	0	0	1	0	1	0	21	0	0	0	2	0	0	0	0	0	1	2	2	0	17	2	1	1	0	0	1	2	0	0	0	0	1	0	0	0	0	0	0	0	0	1	6	3	1	17	1	25	0	0	0	0	2	0	0	0	0	0	0	29	0	0	3	0	1	0	0	1	0	4	5	4	1	0	1	0	3	11	0	8	1	0	0	0	0	0	0	0	0	0	137	0	0	7	0	2	0	2	0	6	24	2	13	0	27	86	0	0	134	0	0	0	0	0	1	10	0	0	3	0	0	1	4	0	3	1	0	1	3	0	0	2	0	3	10	0	0	0	0	5	1	0	0	0	0	165	15	9
OTU_147	38	129	329	36	5	65	5	329	125	90	25	11	2	36	8	10	38	1	52	12	86	0	4	10	83	1	25	2	51	3	10	13	10	16	4	4	3	18	16	311	295	1	76	102	28	152	13	242	15	55	5	63	13	27	65	42	511	8	10	2	8	19	15	8	6	0	4	25	22	140	14	4	1	179	3	7	98	203	2	2	3	15	6	11	15	6	4	2	74	32	8	18	13	18	4	2	11	1	1	216	96	14	4	10	20	20	0	1	0	111	2	16	114	28	0	7	10	8	25	17	39	4	13	1	13	7	0	18	17	82	37	0	7	4	22	79	7	2	20	6	3	15	120	59	166	28	3	0	0	2	134	28	19	19	0	24	34	4	1	4	1	0	2	1	40	17	14	2	3	1	4	5	4	56	1	35	0	6	27	2	14	2	24	182	12	6	10	12	7
OTU_148	1	0	0	2	1	0	0	0	1	1	0	2	0	0	2	9	0	1	1	1	6	50	1	0	0	0	0	0	3	1	0	0	0	0	0	7	0	0	0	1	0	0	4	1	11	0	0	0	3	0	0	2	0	1	0	0	0	1	6	1	0	0	0	1	0	2	1	1	0	1	1	8	3	1	0	0	0	0	6	11	0	0	0	0	0	2	0	2	1	0	0	0	1	1	0	0	0	0	0	1	1	0	0	121	0	6	3	3	0	5	1	5	0	0	1	1	5	9	62	0	3	0	2	1	1	9	9	0	0	3	0	0	267	0	245	1	0	1	3	0	9	3	0	6	0	0	1	34	27	14	9	0	103	4	1	8	5	61	3	0	2	8	96	0	0	1	1	4	9	182	1	44	5	249	426	0	0	6	23	0	1	0	209	1	264	138	2	0	1
OTU_149	0	12	3	16	2	0	260	95	19	1	2	2	1	0	2	19	32	4	4	7	24	157	3	3	39	0	4	2	7	4	4	4	1	1	36	40	0	12	0	0	0	5	3	426	0	69	11	5	2	5	35	644	1	0	1	2	1	3	1	2	1	3	365	15	41	0	0	5	1	0	2	1	10	2	4	36	25	2	1	3	0	2	4	5	5	5	2	5	6	11	29	2	11	2	2	3	30	2	55	6	7	1	8	10	0	3	0	4	0	10	5	3	6	1	0	40	137	19	4	29	2	5	1	0	0	354	11	3	1	0	4	1	16	16	3	0	50	1	0	1	8	27	3	2	0	172	1	4	0	2	8	2	158	2	4	7	12	17	3	1	0	2	57	0	39	42	1	1	3	275	2	7	3	302	189	103	1	0	118	6	3	1	74	0	19	66	40	0	4
OTU_150	0	0	0	0	0	0	0	0	0	0	0	0	0	0	0	0	0	0	0	0	0	0	6	0	0	0	0	0	0	0	0	0	0	0	0	0	0	0	0	0	0	0	0	0	0	0	0	0	0	0	0	0	0	0	0	0	0	0	0	0	0	0	0	0	1	0	0	0	0	0	0	0	0	1	0	0	0	0	2	0	0	0	0	5	0	0	0	0	0	0	0	0	0	0	0	0	0	0	1	1	0	0	0	0	2	2	2	0	0	0	1	0	1	7	5	111	2	4	0	0	2	19	0	6	1	0	1	9	2	0	1	1	0	0	0	4956	2	1	0	0	0	122	11	1	2	0	2	0	2	2	2934	28	358	0	0	0	2	0	1	1	0	4	0	1	0	6	1	13	2	0	16	1	0	1	0	0	2422	1	0	1	0	10	269	15	0	0	2	0	0
OTU_151	0	9	0	15	0	1	4	0	10	1	0	0	0	1	6	5	4	11	1	2	50	16	3	44	0	0	3	0	2	1	0	1	0	0	4	5	0	167	0	1	0	0	5	0	0	0	0	0	1	0	6	0	0	2	3	0	0	2	1	0	0	5	21	3	67	0	3	1	0	1	3	6	26	2	0	0	1	0	1	0	0	0	1	0	26	2	0	42	0	4	1	0	56	1	0	0	3	0	2	37	1	0	0	46	1	24	0	0	0	9	29	1	1	4	0	7	4	67	464	8	27	0	1	14	65	0	14	0	0	4	2	1	98	2	44	1	1	3	4	2	22	70	5	2	0	642	3	17	4	14	1	2	304	0	1	5	71	57	11	0	25	5	1	0	2	48	0	2	1	83	4	3	7	658	26	173	0	27	0	12	6	0	80	0	30	3	2	3	0
OTU_152	25	2	0	10	1	1	481	2	10	2	525	8	3	0	4	0	1	3	2	2	2	4	47	155	149	0	0	119	4	26	19	2	0	5	0	6	250	96	1	0	283	0	3	1	2	0	0	0	13	2	0	0	2	0	1	1	0	1	2	2	4	0	3	4	16	0	2	3	1	0	0	0	181	3	1	0	0	0	2	0	1	154	6	1	0	4	1	1	118	0	0	0	693	1	0	129	2	357	177	1	254	1	3	4	3	1	0	2	0	0	34	3	5	7	0	6	12	9	57	0	5	9	0	0	61	2	2	1	1	0	2	0	66	0	1531	0	0	0	17	3	0	4	2	955	0	124	0	23	2	7	0	1	134	2	3	3	3	387	1	14	5	50	0	9	10	331	2	4	1	1	77	0	1	74	197	52	4	0	0	4	1	0	155	0	1	0	4	12	2
OTU_153	2	2	0	16	3	161	9	17	17	0	2	79	2	3	12	2	2	22	27	8	7	3	2	12	3	0	4	0	9	3	14	1	19	52	4	1	222	58	0	2	5	191	55	5	1	2	11	6	5	35	6	12	91	0	1	23	0	38	9	2	5	23	15	0	1	175	15	22	28	1	26	0	1	5	0	9	27	7	0	11	1	1	3	0	4	4	6	1	152	2	6	1	2	0	13	2	0	20	8	6	1	3	0	38	63	18	159	10	92	108	3	17	204	4	33	24	36	28	58	2	299	15	42	42	37	80	25	2	21	18	75	27	54	54	13	89	15	37	11	18	1	3	3	1	74	19	4	42	18	17	4	14	0	31	27	5	167	2	55	0	13	3	6	164	4	6	39	3	140	1	2	69	45	16	1	24	16	37	16	84	79	29	7	44	0	10	2	53	3
OTU_154	104	2	1	291	0	106	0	275	3	153	2	75	17	199	1	9	732	3	14	1	7	13	9	4	24	71	5	448	91	204	76	246	2	7	47	53	9	3	7	27	255	111	49	426	80	207	5	10	335	3	156	180	86	47	303	5	17	129	2	555	128	45	10	9	128	11	48	93	134	6	78	16	0	71	15	219	51	18	170	5	21	96	1	0	7	8	236	231	87	282	224	41	3	2	59	1	256	7	1	0	224	81	9	1	0	1	0	2	13	5	0	1	0	0	0	3	0	0	0	0	0	0	3	0	0	5	0	5	0	2	1	0	0	1	1	0	5	0	2	0	4	4	39	5	2	0	0	0	1	2	0	0	0	2	0	4	0	0	1	0	0	0	6	2	0	0	0	3	3	18	0	0	0	1	0	0	0	1	0	0	2	1	0	2	11	4	5	19	3
OTU_155	0	0	0	186	0	0	0	0	1	0	0	0	0	1	28	143	0	2	0	3	4	2	49	10	0	0	0	0	1	0	0	22	8	0	267	81	1	0	0	1	0	0	12	6	0	6	1	1	0	0	1	0	0	0	0	5	0	0	0	4	0	0	0	1	2	0	0	0	0	0	13	4	0	0	0	2	0	0	0	0	0	0	1	0	1	0	0	9	0	0	0	0	123	0	6	0	0	0	9	0	1	0	0	0	0	6	2	2	0	15	0	7	1	1	0	8	0	1	3608	3461	4	3	0	2	0	2	355	1	0	9	102	0	607	0	877	1	10	1	0	1	0	1138	40	3	0	0	6	266	2	89	1	2	81	3	0	2	4	6	6	0	2	23	0	0	6	0	0	5	1	970	1	113	2	1956	0	7	0	4	0	0	5	4	0	1	881	3	1	36	0
OTU_156	0	0	0	0	0	0	0	0	0	0	0	0	0	0	0	0	0	0	0	1	0	0	0	0	0	0	0	0	1	0	0	0	0	0	0	0	0	0	0	0	0	0	0	0	0	0	0	0	0	6	0	0	0	0	0	0	0	0	0	0	0	0	0	0	0	0	0	0	0	0	0	0	0	0	0	0	0	0	0	0	0	0	0	0	0	0	0	0	0	0	0	0	0	0	0	0	0	0	0	0	0	0	0	0	0	0	0	0	0	0	0	0	0	0	0	0	0	0	0	0	0	0	0	0	0	0	0	0	0	0	0	0	0	0	0	0	0	0	0	0	0	0	0	0	0	0	0	0	0	0	0	0	0	0	0	0	0	0	0	0	0	0	0	0	0	13	0	0	0	0	0	0	0	0	0	0	0	0	0	0	0	0	0	0	0	0	0	0	0
OTU_157	0	1	189	0	0	310	1	4	8	0	0	0	2	0	0	0	0	0	4	0	0	1	0	0	0	0	1	0	1	0	0	0	0	2	0	7	0	0	0	0	0	0	2	0	3	1	0	0	105	0	0	9	0	1	1	0	0	5	0	0	0	882	1	0	1	0	0	11	1	0	0	14	0	4	0	0	126	0	0	0	0	1	0	0	0	27	0	1	1	6	0	1	0	2	0	0	0	0	5	1	4	0	0	0	0	0	0	0	61	0	0	3	0	3	0	0	0	0	0	0	3	0	0	0	0	4	0	62	0	17	0	0	0	0	0	0	0	0	0	0	4	0	7	3	0	0	1	0	0	0	0	0	0	0	2	2	1	0	2	0	0	0	0	0	0	0	0	0	0	1	0	0	1	0	0	0	0	0	0	0	5	0	0	0	0	1	0	0	4
OTU_158	0	0	0	0	0	0	0	0	0	0	0	0	0	0	51	0	0	0	1	5	0	0	0	0	0	0	0	0	0	2	0	0	0	0	0	0	0	0	1	0	0	0	8	0	0	0	0	0	0	0	0	0	0	0	0	3	0	0	0	0	0	0	0	2	1	0	0	0	0	0	0	2	0	3	0	0	0	1	0	0	0	0	0	0	0	0	0	2	0	0	3	0	80	0	0	0	0	0	0	0	0	0	0	0	2	0	0	0	2	0	0	0	0	0	0	2021	127	0	1	0	2	2	1	0	0	0	1	88	0	0	0	0	0	0	1	0	0	0	9	1	13	0	0	1	1	0	1	0	0	0	0	0	0	1	0	10	0	1	5	0	0	18	0	4	0	1	0	12	0	0	0	1	0	0	0	1	0	0	0	0	8	0	0	2	0	1	0	0	3
OTU_159	1	0	1	1	40	0	98	0	2	0	8	2	0	0	0	0	10	0	0	0	1	4	0	1	1	0	0	12	0	0	146	1	0	7	8	15	32	0	1	0	0	1	0	0	0	2	0	5	1	42	0	1	0	1	13	0	1	0	0	3	0	2	0	0	3	2	0	0	2	0	0	0	0	0	0	0	1	0	3	0	0	0	0	0	1	3	0	1	3	1	0	0	0	0	2	0	0	0	0	0	0	0	0	10	1	0	0	0	103	0	0	0	3	0	0	0	0	14	1	0	0	0	0	4	3	0	0	2	0	0	0	0	3	0	0	0	0	0	4	0	0	1	0	0	0	0	0	108	0	39	0	0	0	1	0	0	1	1	0	0	0	29	8	0	0	0	19	0	0	1	0	0	5	0	5	0	0	0	0	0	1	0	41	0	2	16	0	0	3
OTU_160	0	0	0	0	0	0	0	0	0	0	0	0	0	0	0	0	0	0	0	0	0	0	0	0	0	0	0	0	0	0	0	0	0	0	0	0	0	0	0	0	0	0	0	0	0	0	0	0	0	0	0	0	0	0	0	0	0	0	0	0	0	0	0	0	0	0	0	0	0	0	0	0	0	0	0	0	0	0	0	0	0	0	0	0	0	0	0	0	0	0	0	0	0	0	0	0	0	0	0	0	0	0	0	0	0	0	0	1	0	0	0	0	0	0	0	0	0	0	0	0	0	0	0	0	0	0	0	0	0	0	0	0	0	0	0	0	0	0	0	0	0	0	0	0	0	0	0	0	0	0	0	0	0	0	0	0	0	0	0	0	0	0	0	0	0	0	0	0	0	0	0	0	0	0	0	0	0	0	0	0	0	0	0	0	0	0	0	0	0
OTU_161	18	12	0	50	21	23	10	67	8	0	1	4	1	0	3	3	38	4	0	17	9	15	6	20	51	1	3	3	8	5	1	0	18	6	2	4	0	2	0	18	26	1	13	59	1	28	50	0	7	58	1	27	0	7	32	10	0	1	4	4	0	1	3	2	14	1	1	1	15	0	11	0	6	11	0	12	3	0	0	1	0	17	1	0	7	0	0	377	6	5	5	2	30	33	3	7	29	0	56	11	30	0	2	25	2	4	0	1	0	19	4	0	23	26	86	192	1	14	22	11	16	0	1	1	61	1	2	15	125	40	1	0	0	0	11	1	5	1	25	2	10	6	0	12	0	49	0	44	1	18	0	0	16	0	0	31	21	94	0	0	3	0	39	0	8	154	4	2	7	10	25	3	0	1373	87	48	2	6	8	5	4	0	11	0	5	52	118	7	1
OTU_162	0	0	0	0	0	0	0	0	0	0	0	0	0	0	0	0	0	0	0	0	0	0	0	0	0	0	0	0	0	0	0	0	0	0	0	0	0	0	0	0	0	0	0	0	0	0	0	0	4	0	0	0	0	1	0	0	0	0	0	0	0	0	0	0	0	0	0	0	0	0	0	0	0	0	0	0	0	0	7	0	0	0	0	0	0	0	0	0	0	0	0	0	0	0	0	0	1	0	0	0	0	0	0	0	1	1	0	1	0	3	0	0	0	7	0	0	0	0	0	0	1	0	0	0	0	1	0	0	0	0	0	0	0	0	0	0	0	0	0	0	0	0	0	0	0	0	0	0	0	2	2	0	0	0	0	0	0	0	0	0	246	1	0	0	7	0	1	0	0	0	0	0	0	18	0	4	0	0	0	0	0	0	0	0	0	0	0	0	0
OTU_164	21	0	0	0	1	7	13	39	17	0	1	1	0	0	12	0	2	57	1	1	44	0	3	5	17	3	2	0	0	3	7	2	156	3	4	1	318	0	1	3	5	10	3	0	2	1	0	1	1	0	2	1	2	1	0	10	0	1	68	0	1	5	6	2	2	0	17	3	0	1	2	1	8	2	0	1	0	0	1	0	0	0	0	0	0	189	1	5	2	3	6	0	4	2	1	9	0	24	7	2	4	4	0	11	2	0	1	1	49	0	9	3	3	7	0	3	22	49	10	45	7	21	24	6	21	93	13	4	15	0	0	0	1	2	48	2	66	2	28	1	124	4	2	61	0	4	13	7	0	2	2	0	6	17	0	2	10	59	5	5	8	0	5	10	11	0	2	8	0	52	27	0	6	11	19	10	0	3	23	52	5	2	416	0	30	3	1	8	7
OTU_165	0	142	18	51	152	5	0	1	1	2	0	21	0	0	0	0	0	28	0	0	0	0	0	1	0	0	0	0	2	2	153	0	1	4	3	0	56	0	1	0	0	0	0	2	0	7	1	0	9	5	1	5	0	0	0	3	0	0	27	3	0	28	0	10	1	0	2	1	0	0	0	0	1	0	0	1	0	0	0	155	1	0	1	2	26	14	2	1	0	0	20	0	1	1	17	0	0	0	1	0	2	1	1	0	4	1	0	0	155	0	2	0	0	2	0	38	0	4	0	25	182	1	0	0	1	2	22	1	0	0	1	17	2	17	2	0	252	51	0	325	0	0	2	0	1	0	0	1	0	2	0	0	2	2	0	0	2	1	2	0	4	0	5	0	0	0	4	33	1	3	1	25	0	338	2	0	0	6	90	0	0	0	0	0	3	1	3	0	2
OTU_166	12	34	10	128	10	9	657	665	152	4	1	5	5	53	5	364	11	55	3	3	191	16	13	175	38	0	41	22	30	46	8	15	28	6	208	83	64	19	1	2	2	3	11	71	58	171	32	1	16	87	1	46	5	2	0	45	0	8	99	0	11	5	48	166	256	0	22	2	88	1	6	2	71	5	5	90	1	0	17	34	1	30	64	1	16	17	0	17	37	5	1	8	49	2	52	42	130	3	133	2	5	3	27	91	3	5	0	3	139	1	35	1	11	31	12	334	25	81	129	19	28	4	0	6	64	140	24	20	39	0	18	4	60	19	686	1	5	1	40	26	18	103	14	857	1	131	90	51	0	34	91	0	130	1	2	51	44	150	1	0	53	36	89	1	43	131	3	9	5	171	68	18	2	468	182	77	6	27	35	0	4	1	356	0	184	121	5	2	11
OTU_167	0	0	0	3	0	0	0	0	0	0	0	0	3	0	0	0	0	0	0	0	0	0	0	0	0	3	0	1	0	0	1	0	0	0	0	0	0	0	0	0	0	0	0	0	0	0	0	0	0	0	0	0	0	0	0	0	0	0	0	0	0	0	0	0	0	0	0	0	0	0	2	0	0	0	0	0	0	0	0	0	0	0	0	0	0	0	0	0	0	0	0	0	1	0	0	0	0	0	22	0	0	0	0	0	0	0	0	0	0	0	0	0	0	0	0	1	0	119	0	0	0	0	0	0	0	0	1	0	0	0	0	0	0	0	0	0	17	0	0	0	0	2	0	0	0	0	0	0	0	0	0	0	0	0	0	0	0	0	0	0	0	0	0	0	0	0	0	1	0	0	0	2	0	0	0	0	0	0	0	0	1	0	0	0	0	1	0	0	0
OTU_168	7	0	0	0	21	0	0	0	12	0	2	0	0	0	0	1	0	1	0	1	39	0	34	6	0	2	1	0	0	0	6	0	0	1	1	0	0	143	0	0	1	1	3	2	0	0	0	0	0	2	0	0	408	1	0	0	0	1	0	0	2	0	0	1	0	2	1	58	0	0	0	0	2	0	0	0	0	0	1	0	0	0	1	0	0	0	0	1	1	1	1	0	6	0	0	0	0	3	3	0	0	0	0	0	1	1	4	26	0	3	23	3	278	61	552	477	245	811	0	1	0	36	2	198	380	0	5	26	242	3	0	4	12	3	0	0	1	147	0	1	0	1	19	1	5	33	0	3	54	6	396	27	1	0	205	0	0	1	0	1	1	2	0	2	612	0	0	10	0	0	178	0	1	27	8	5	133	1	214	1	2	2	2	0	0	1	0	791	0
OTU_169	23	0	0	5	184	0	0	7	3	2	1	2	0	0	5	1	0	0	0	1	410	1	1	0	1	0	2	0	4	0	9	1	21	1	1	2	4	1	0	0	2	1	31	0	2	0	0	0	0	8	2	0	2	3	0	1	0	1	0	0	0	8	0	1	2	0	0	4	0	1	0	0	41	0	0	1	0	0	2	0	0	0	1	0	0	3	0	3	0	0	0	5	5	1	0	0	0	6	0	0	15	0	0	167	2	224	0	7	0	1	29	3	0	85	3	2	84	39	428	0	2	0	0	0	1	6	16	174	1	2	4	1	163	5	198	174	0	108	43	0	76	3	6	0	5	58	0	208	42	72	857	0	0	1	13	2	215	151	1	0	63	72	181	1	4	3	0	12	17	1	0	60	0	3	33	16	0	0	203	0	186	2	9	0	6	307	23	65	4
OTU_170	97	131	47	99	184	376	227	128	51	39	21	49	32	37	2	85	47	131	30	11	28	62	10	47	126	32	19	7	13	33	149	23	48	10	31	12	41	30	199	57	46	38	25	54	11	30	14	66	79	20	24	42	18	7	20	33	4	40	9	34	13	28	80	17	30	47	10	30	42	69	14	73	2	340	23	53	43	60	3	38	4	6	71	0	32	20	14	44	119	14	10	34	41	29	73	0	18	25	2	54	16	9	4	2	0	10	8	0	175	31	0	47	7	0	4	105	0	0	18	1	10	11	11	0	0	63	4	103	0	59	27	3	0	3	2	5	76	72	186	31	6	31	21	4	1	71	42	0	0	0	0	1	0	54	2	35	2	0	106	1	0	20	0	15	0	0	3	234	24	38	0	1	33	347	2	23	0	0	0	0	44	8	1	3	0	0	28	2	9
OTU_171	0	3	0	2	0	0	12	11	0	0	1	0	2	0	1	0	0	0	0	0	0	0	0	0	0	0	0	6	0	8	2	0	0	0	3	1	129	0	0	0	0	0	2	67	0	0	0	22	1	0	0	36	0	2	0	0	1	0	0	0	0	0	2	1	4	2	0	0	0	0	0	0	0	0	0	0	0	61	0	0	0	0	0	0	0	0	0	0	0	0	0	0	0	1	1	23	0	1	5	0	33	0	0	7	0	19	191	0	0	2	0	0	1	3	0	4	0	2	354	0	137	0	0	0	1	0	0	5	0	1	5	0	0	96	0	2	0	1	0	0	5	112	0	0	0	0	0	0	0	1	0	1	1	2	0	12	3445	1	7	0	53	15	1	57	0	5	0	1	6	0	0	0	0	292	0	1	0	0	0	0	14	0	0	15	3	40	0	8	5
OTU_172	0	11	1	3	0	0	684	2	92	1	1	1	0	0	1	9	0	8	0	6	2	16	56	0	2	1	2	0	16	3	2	34	10	0	539	212	0	110	0	1	2	1	2	0	43	227	2	0	1	0	1	3	0	0	1	4	0	2	75	0	1	21	1	3	7	3	17	3	1	0	5	23	1	0	0	18	0	0	0	2	1	0	2	1	83	4	0	1	1	0	0	0	10	3	1	9	0	2	474	404	0	0	0	2	5	0	0	1	0	3	0	3	0	1	0	24	5	0	90	39	5	0	0	184	236	0	78	3	0	1	2	1	12	2	401	0	43	0	0	0	38	1315	9	3	0	81	1	1	2	2	0	18	17	4	0	11	3	93	1	1	0	1	0	0	16	5	1	6	1	171	0	21	3	242	1	17	0	0	58	0	3	0	3	1	1080	0	2	0	2
OTU_173	0	2	1	2	2	0	214	0	54	0	0	4	1	0	2	90	3	4	19	0	72	26	10	1	1	0	69	0	2	1	10	0	2	3	0	0	0	22	1	48	0	1	6	1	0	1	0	52	2	0	74	1	1	0	15	1	0	1	3	1	3	5	19	20	80	0	4	2	0	2	2	2	71	29	0	0	13	142	1	1	0	49	0	1	0	2	1	1	53	1	3	1	2	0	1	2	0	1	6	61	79	0	1	2	7	3	0	6	0	2	43	2	14	102	0	29	2	33	17	25	5	9	21	0	1	3	0	40	21	1	75	4	0	19	10	5	0	0	1	0	22	216	64	53	1	205	62	2	1	3	10	1	0	0	2	4	710	23	2	2	2	0	72	3	108	13	1	0	10	0	102	0	2	499	103	47	1	11	16	0	4	1	0	0	5	104	338	4	3
OTU_174	0	2	0	1	14	0	54	0	2	0	2	1	1	0	0	1	0	0	1	1	1	1	0	1	3	0	0	291	1	0	5	0	0	4	0	1	2	0	1	1	0	0	5	0	1	17	0	0	4	16	0	1	0	0	0	3	0	0	6	1	0	1	0	1	1	4	4	0	0	0	5	1	0	0	0	0	0	0	0	0	0	0	0	0	2	1	0	0	1	12	0	0	1	1	0	0	1	1	0	1	0	0	2	1428	1	5	0	0	15	0	0	1	1	0	0	5	4	21	12	0	2	0	0	34	8	0	0	0	6	0	3	0	4	5	39	0	0	0	23	1	10	14	0	5	0	1	0	94	0	27	0	1	0	5	1	3	0	2	2	0	0	0	56	0	0	6	0	15	13	5	0	0	10	1	13	0	1	0	0	0	8	4	61	3	215	56	0	0	80
OTU_175	0	75	0	1	27	0	18	1	13	0	0	1	1	2	3	6	2	4	2	2	71	0	0	4	0	1	0	3	0	5	13	1	24	2	5	2	0	440	0	0	59	1	13	0	0	0	0	1	0	0	0	1	0	1	0	0	0	0	0	0	2	4	0	0	57	0	1	0	27	0	22	1	19	1	0	0	77	47	0	0	0	11	0	1	0	1	0	32	0	3	46	2	16	0	1	30	7	0	23	7	2	0	0	61	47	1	3	2	0	7	8	3	93	0	64	11	112	91	360	67	205	1	0	62	277	4	15	10	7	1	439	3	21	9	128	7	2	5	1	0	48	3	25	1	4	221	266	13	15	9	9	13	78	6	82	14	298	513	7	0	21	5	61	9	4	3	47	1	4	0	29	1243	3	909	19	127	45	47	254	11	11	4	113	4	44	100	0	24	7
OTU_176	0	12	0	1	0	0	17	0	6	1	0	0	1	1	21	8	0	2	19	0	5	0	1	0	2	1	22	1	0	1	0	55	20	1	846	226	17	69	7	2	0	7	3	2	0	0	0	3	3	0	1	19	0	0	1	2	0	5	1	2	1	11	3284	13	1	2	0	5	0	0	0	3	1	1	0	1	0	1	0	4	0	0	0	5	1	9	1	4	6	235	0	0	71	2	0	2	0	2	0	1	10	0	2	2	0	1	0	0	1	1	3	1	1	0	0	14	0	9	25	0	2	0	67	0	1	2	131	0	0	1	25	0	12	114	2	1	60	0	3	0	3	2	11	0	1	81	0	1	2	14	2	0	1	2	1	7	0	70	7	0	11	1	0	1	1	0	0	2	0	2	0	1	0	109	0	43	0	1	22	0	0	0	0	8	202	0	0	32	1
OTU_177	0	0	0	0	0	1	0	0	1	0	0	1	0	0	0	0	0	0	0	0	0	0	0	0	0	0	0	0	0	0	0	0	0	0	0	0	0	0	4	0	0	0	0	0	0	0	0	0	0	0	0	0	0	0	0	0	0	0	0	0	0	0	0	0	0	0	0	0	0	0	1	0	2	0	0	0	7	5	0	0	0	0	3	0	0	0	0	3	0	0	0	0	0	0	0	0	0	0	0	0	0	0	0	0	0	0	0	2	0	0	0	0	0	0	0	1	0	0	1	0	0	0	0	0	0	0	0	1	0	0	0	0	0	0	1	0	0	0	0	0	0	0	1	1	0	0	0	0	0	0	0	2	0	0	0	1	0	0	2	0	0	0	0	0	2	0	0	0	0	28	0	1	0	0	0	0	0	0	0	0	0	0	0	0	0	0	0	0	0
OTU_178	65	20	165	1	113	0	19	2	17	23	0	4	0	1	32	3	4	1	3	3	0	2	6	10	35	0	1	0	2	6	6	3	16	24	1	0	50	3	0	0	2	3	8	0	1	11	93	0	2	35	1	1	2	0	1	6	0	1	32	0	0	1	4	10	4	4	58	4	0	1	24	1	5	0	0	0	0	0	3	0	0	1	0	0	4	2	0	3	0	1	2	2	26	18	1	2	1	0	2	2	3	203	3	52	4	19	0	36	123	1	30	0	41	5	127	31	35	92	6	6	94	10	63	11	20	238	11	15	47	1	36	0	10	230	29	9	5	128	19	6	19	33	13	0	2	40	6	30	10	10	21	98	2	114	74	34	771	58	13	0	43	11	79	0	91	5	13	6	11	1	199	17	17	33	62	28	13	42	40	71	45	27	4	1	0	91	2	39	6
OTU_179	0	0	0	0	0	0	0	0	0	0	0	0	0	0	0	0	1	0	0	0	0	0	5	0	0	0	1	0	0	0	0	0	0	0	0	0	0	0	0	0	0	0	0	0	0	0	0	0	0	0	1	0	0	0	0	0	0	0	0	0	0	0	0	0	0	0	0	0	0	0	1	0	0	0	0	1	0	0	0	0	0	0	0	0	0	0	0	0	0	0	0	0	0	0	0	0	0	0	1	0	0	0	0	0	0	0	0	0	0	8	0	0	0	0	0	22	0	0	1806	26	0	0	0	0	0	0	52	0	1	3	0	0	3	0	0	0	2	0	0	0	0	27	8	7	0	22	1	49	4	34	0	0	0	0	0	0	0	3	0	0	8	6	0	0	0	0	0	0	1	16	1	0	0	1017	0	8	0	0	0	0	1	0	0	0	110	0	0	0	0
OTU_180	0	1	0	1	2	3	0	2	0	0	0	0	3	0	0	1	0	0	0	1	1	0	0	0	6	0	0	0	0	0	0	0	0	7	0	0	0	0	0	0	0	3	0	1	0	0	1	0	2	0	0	0	1	0	0	2	0	0	0	0	0	1	0	2	1	0	1	7	0	3	0	2	0	0	0	1	0	0	0	0	0	0	0	0	0	1	0	0	0	2	0	0	0	0	0	0	0	0	1	0	1	0	0	0	0	0	1	1	0	0	1	1	0	0	0	0	0	0	0	0	0	0	0	0	0	3	0	0	0	0	0	0	0	0	1	0	2	0	1	0	0	0	0	0	0	0	1	0	0	0	0	0	0	1	0	0	0	1	0	0	0	0	0	0	0	0	0	0	0	0	0	0	2	0	0	0	0	0	0	0	0	1	0	0	0	0	0	0	0
OTU_182	0	328	1	507	0	0	1	1	1	3	0	1	0	0	10	15	0	1	0	5	26	1	64	0	0	0	1	0	0	4	5	3	0	0	27	6	0	100	0	1	0	2	10	1	29	0	5	2	15	0	0	6	0	10	0	2	0	0	8	3	0	0	172	1	6	0	2	1	4	0	2	0	1	0	0	2	0	0	0	2	0	2	1	0	2	0	1	6	2	1	48	0	22	0	1	0	0	0	2	46	4	0	0	4	54	0	0	5	0	813	6	0	53	433	8	18	3	65	1	7	1	0	0	12	0	3	107	2	0	101	13	1	13	166	27	73	1255	0	2	248	8	1	25	0	4	17	0	73	1	18	1	4	2	263	29	3	3	5	4	1	0	2	67	0	0	1	11	5	7	21	1	34	4	171	0	10	0	34	238	6	1	2	0	0	0	74	177	2	5
OTU_183	0	0	0	0	0	0	0	0	33	0	0	0	0	0	0	0	0	0	0	0	0	0	2	0	1	0	0	0	0	1	0	4	0	0	61	91	0	0	14	0	2	0	0	0	5	0	219	0	0	0	1	0	0	0	0	1	0	0	0	0	0	12	0	0	0	1	0	1	0	0	0	1	0	0	0	1	0	0	0	0	4	0	0	0	0	0	1	0	0	1	0	0	0	0	0	0	0	0	3	0	1	1	0	0	0	1	0	16	0	0	11	0	1	0	0	1	0	4	0	0	0	0	0	0	0	0	0	0	0	1	1	14	0	3	0	0	0	0	0	0	77	0	0	0	0	0	0	0	0	4	0	0	0	0	0	0	0	0	0	3	0	0	0	4	0	10	0	0	0	0	0	0	0	0	0	0	0	0	0	0	0	0	6	0	0	0	0	0	6
OTU_184	2	181	0	0	0	0	46	1	2	5	0	2	0	58	3	1	13	3	2	6	158	4	7	2	1	0	4	0	3	2	60	6	1	1	45	24	0	18	1	0	0	1	5	2	0	1	17	95	0	0	0	6	0	3	1	1	1	3	21	1	0	2	0	4	4	2	6	2	11	3	1	0	2	6	0	5	0	0	1	2	0	0	15	0	1	1	94	19	1	5	17	1	2	1	1	0	0	1	51	0	28	0	3	85	7	0	0	0	155	1	1	2	0	6	20	565	0	31	3	18	20	7	0	5	39	1	5	36	24	0	2	0	2	50	58	1	0	1	3	16	24	4	2	0	9	19	40	9	1	14	5	3	142	1	0	21	100	38	2	0	23	1	145	6	36	62	11	4	13	24	0	19	3	43	4	23	2	20	118	0	58	4	4	46	23	197	373	3	7
OTU_185	0	0	13	0	0	0	0	0	2	4	0	0	0	0	2	0	0	0	0	0	2	0	0	0	0	0	3	0	0	0	0	0	0	0	1	0	0	0	0	1	0	0	2	0	0	0	0	1	0	0	0	0	1	0	0	0	0	1	1	0	0	0	10	2	0	1	1	4	0	0	2	0	0	0	0	0	0	0	0	0	0	0	0	0	0	0	0	0	0	0	1	1	1	0	0	0	0	0	0	0	1	0	1	0	0	0	0	0	0	0	0	0	0	0	0	0	0	0	460	0	1	0	0	0	0	0	0	0	0	0	0	0	1	8	1	0	0	0	0	0	0	0	0	0	0	1	0	0	0	1	0	0	0	0	0	2	0	0	1	0	0	1	0	0	0	0	0	1	0	1	0	0	1	0	0	13	7	0	11	0	0	1	0	1	2	0	0	0	0
OTU_186	3	25	0	276	2	0	113	1	8	4	0	0	2	0	2	2	0	0	1	1	0	0	0	158	0	0	0	0	16	0	0	0	19	4	28	7	0	94	0	77	0	3	2	0	0	181	1	1	0	0	0	0	0	1	0	0	0	0	0	0	0	3	0	3	0	2	0	0	0	0	1	0	30	0	5	0	21	0	0	0	0	0	33	0	0	2	2	54	0	72	0	0	314	436	0	0	72	1	2	8	0	0	0	5	5	0	0	0	0	1	0	0	59	2	3	8	2	27	31	36	27	7	1	23	1	0	6	1	6	0	18	0	0	21	37	2	0	0	4	0	74	6	5	0	2	131	103	1	17	4	73	4	0	0	25	1	8	22	1	1	12	1	29	2	0	52	26	0	6	1	0	0	3	216	82	42	44	15	80	12	18	0	99	0	82	51	0	28	1
OTU_187	28	56	225	75	500	0	236	109	57	5	0	38	26	3	7	124	6	27	0	85	86	53	12	32	31	1	11	10	6	106	75	15	4	3	110	134	2	12	4	34	13	1	5	1	0	41	97	3	17	31	2	8	1	14	15	3	11	0	69	0	0	4	30	325	1	0	80	4	2	2	1	2	40	2	0	196	1	2	1	2	1	19	4	0	26	29	0	75	1	19	3	2	26	224	0	31	41	4	30	22	3	25	22	10	0	3	0	14	4	0	16	21	2	5	5	53	3	30	18	10	5	8	0	1	25	63	17	43	6	11	3	0	0	11	44	0	15	10	14	36	15	79	8	20	1	6	3	9	3	10	4	2	27	17	0	9	28	18	2	0	6	18	2	0	20	48	1	7	2	74	10	4	3	22	21	10	1	13	9	0	10	1	16	1	14	8	3	19	115
OTU_188	2	0	1	24	0	0	348	0	5	0	0	0	0	0	2	6	5	0	0	0	17	1	4	26	13	0	3	0	2	1	9	0	23	47	3	1	0	56	0	0	1	0	12	0	2	1	53	0	2	10	4	0	0	1	0	1	0	0	14	0	0	1	0	9	5	1	4	1	2	1	3	1	29	1	1	51	0	0	0	0	0	0	1	0	39	0	0	2	0	1	6	0	75	1	0	3	1	0	33	66	30	0	1	13	12	1	0	1	0	0	13	2	0	15	1	65	11	142	32	119	80	2	12	25	65	1	12	4	0	1	10	0	59	5	61	2	4	2	8	3	98	47	3	85	3	8	2	149	16	26	120	5	18	1	6	4	66	35	2	0	7	1	10	0	32	4	4	1	3	104	10	15	2	282	112	4	124	4	26	26	13	1	28	4	65	9	25	2	1
OTU_189	0	0	0	0	0	0	0	0	1	0	2	0	0	1	0	0	0	0	0	1	0	0	1	0	0	0	0	1	0	0	0	0	0	0	0	0	0	0	0	0	0	0	3	0	0	0	0	0	0	0	0	0	0	0	0	0	0	1	0	0	0	0	0	0	0	0	0	1	0	0	0	0	0	0	0	0	0	0	0	0	0	0	3	0	1	0	2	2	0	0	0	0	1	0	0	0	0	0	0	0	0	0	0	0	0	0	0	0	0	0	0	2	0	0	0	7	0	0	0	0	0	1	0	2	0	0	0	3	0	0	2	0	0	3	0	0	0	0	4	0	0	0	0	27	0	0	0	2	0	828	0	0	0	4	0	41	80	0	2	0	1	2	0	0	1	0	0	2	0	0	2	0	0	0	0	0	156	0	0	0	4	0	0	0	1	6	0	0	3
OTU_191	0	184	0	74	0	1	31	12	4	8	0	11	0	0	5	2	0	1	8	3	46	0	5	0	74	0	12	0	17	4	36	1	0	3	0	1	143	32	1	3	3	45	6	0	23	37	4	20	6	1	10	4	0	1	0	3	1	2	1	0	0	0	917	4	176	1	3	1	1	0	2	3	2	3	0	34	0	1	1	0	0	0	3	3	0	4	0	2	4	5	1	1	26	34	0	0	0	0	18	31	1	1	3	4	5	0	0	3	0	1	0	13	47	612	0	103	12	49	9	8	301	0	17	11	7	411	3	88	0	112	5	0	2	31	20	11	0	48	6	3	10	17	4	1	1	7	0	10	1	7	1	0	0	1	22	26	19	12	5	1	0	1	20	1	23	10	0	2	4	20	0	87	7	256	2	13	5	0	47	0	5	3	1	0	4	26	22	0	0
OTU_192	0	241	12	0	0	0	0	0	7	589	1	13	0	0	2	3	0	3	0	2	0	12	0	7	5	37	0	0	2	0	43	0	0	23	0	2	0	0	1	2	0	1	30	980	0	1583	0	0	4	5	0	615	4	1	0	0	0	0	0	11	0	1	0	85	2	0	0	1	0	0	5	2	68	0	0	0	0	0	0	0	0	0	0	0	1	3	47	1	0	0	1	0	2	0	4	0	0	0	3	0	1	0	1	3	0	1	0	4	0	0	0	3	2	2	0	0	1	153	20	0	1	0	9	0	0	2	0	3	0	0	1117	0	0	0	413	0	0	0	1	1	2	1	0	2	0	0	0	0	1	0	0	0	2	0	0	3	7	0	0	0	0	0	121	0	0	107	1	0	12	0	18	0	1	31	0	1	0	0	0	0	22	0	0	0	1	177	0	0	2
OTU_193	0	4	0	1	5	0	0	3	1	0	0	0	1	6	1	6	1	4	0	4	1	1	1	1	103	0	4	15	0	0	0	0	0	4	0	0	4	0	86	0	0	3	0	257	3	0	0	0	2	38	14	217	0	0	6	193	0	0	0	0	0	1	13	0	1	2	0	0	0	0	1	2	1	1	0	21	1	0	2	5	0	0	0	0	23	0	16	76	0	0	1	0	22	1	0	1	2	3	6	5	2	1	0	139	0	81	2	0	0	1	1	5	0	19	709	78	0	2	0	0	0	0	1	0	1	0	0	7	0	0	33	0	0	36	2	2	1	7	20	1	0	67	0	1	0	0	2	0	0	1	2	0	0	0	13	0	61	0	6	0	0	33	102	3	10	68	3	3	14	6	3	0	2	32	0	1	0	0	1	1	2	1	0	0	1	203	225	0	27
OTU_194	0	20	1	226	0	0	0	0	0	1	0	0	0	0	0	156	1	0	26	1	1	0	5	0	0	0	6	0	0	3	0	1	0	0	0	1	0	0	0	0	0	0	1	231	0	0	2	0	1	0	1	92	0	0	0	0	0	0	0	2	0	8	17	2	3	0	0	2	0	0	3	0	0	0	0	68	0	0	6	1	0	0	11	0	0	4	0	0	0	10	90	1	385	0	1	0	0	0	26	0	0	24	0	107	0	122	100	0	2	2	3	2	0	2	0	6	0	285	0	82	4	0	241	0	2	199	128	4	0	0	2	0	0	2000	0	1	2	0	4	0	2	157	6	2	0	0	0	1	0	8	0	4	604	1	0	4	5	0	35	0	3	73	0	0	2	4	0	3	1	0	4	0	3	7	1	0	0	0	1	0	0	1	288	0	3	0	0	1	15
OTU_195	0	0	0	87	0	2	0	0	4	1	0	1	0	0	8	461	0	1	0	2	179	25	0	1	3716	0	2	0	0	0	15	1	0	42	0	0	2	0	5	0	0	0	25	0	23	0	5	0	11	0	1	1	0	2	0	0	0	0	2	2	0	0	0	11	3	0	1	4	0	0	1	1	0	0	0	111	0	0	0	0	0	0	5	0	3	0	0	0	14	1	0	3	2638	5	0	0	0	0	5	22	0	1	0	0	0	0	0	0	0	0	0	1	0	0	0	5	65	5	0	12	0	0	0	27	446	0	0	0	0	0	0	0	0	2	165	0	3	0	0	0	0	4	0	0	0	1	0	1	0	2	0	4	4	1	0	2	1	0	0	0	0	0	0	0	0	149	0	0	0	0	0	0	17	0	1	0	5	0	0	20	0	0	0	1	0	0	6	0	0
OTU_196	0	0	0	169	0	0	3	0	2	0	0	0	0	0	1	1	0	0	0	1	16	4	0	0	0	0	0	1	0	0	0	0	0	0	0	1	0	0	1	0	0	0	33	0	0	0	0	0	0	95	0	0	0	0	0	1	0	0	2	0	0	0	0	0	3	0	0	1	0	0	0	3	15	0	0	0	19	0	3	0	0	0	1	0	0	1	0	0	0	0	0	0	5	0	0	7	0	1	162	6	0	0	46	0	0	1	0	1	0	0	1	0	1	0	0	114	0	52	0	34	2	0	2	0	0	5	0	3	0	0	9	0	0	80	1	0	0	0	1	0	2	0	0	0	4	0	0	0	0	2	0	0	0	3	0	2	0	0	4	0	0	7	0	0	0	0	0	0	0	0	0	0	16	64	0	0	0	2	9	81	0	0	1	2	15	0	14	0	3
OTU_197	0	0	1	0	0	0	0	0	0	0	0	0	0	0	2	0	0	1	0	0	0	0	0	0	0	0	1	0	14	1	0	2	4	0	0	0	0	0	0	0	0	0	1	0	0	0	0	9	0	0	0	0	0	0	0	0	0	0	0	2	0	0	2	0	9	0	0	0	0	0	0	0	0	0	0	0	0	0	0	1	0	0	0	0	0	0	0	0	0	0	0	0	17	0	7	0	0	1	8	0	0	2	0	3	28	0	1	0	0	0	0	0	50	0	0	22	18	0	0	1	4255	0	0	1	0	0	0	9	0	0	1	0	0	4	1	0	0	4	0	1	6	3	0	0	5	61	0	1	0	0	0	78	3	2	0	3	65	0	6	0	1	1	26	63	1	0	0	0	4	0	0	2	0	7	0	56	0	0	0	0	1	0	0	0	4	1	0	11	0
OTU_198	0	0	0	0	0	0	0	0	0	0	0	0	0	0	27	3	0	0	0	0	4	0	0	0	0	0	0	0	0	0	0	0	1	0	3	0	0	0	0	0	0	0	2	0	0	0	0	0	0	0	2	1	0	0	0	0	0	0	0	0	1	1	0	1	5	0	0	0	0	0	0	1	0	0	0	2	0	0	0	0	0	0	1	0	0	0	0	6	0	0	0	0	136	3	0	0	0	0	1	0	1	0	0	0	0	0	1	3	0	3	0	0	0	0	0	0	0	0	1094	0	5	0	0	0	4	0	0	7	0	1	3	0	1	3	1768	0	0	5	0	0	7	2	0	0	0	0	0	1	13	1	0	0	0	2	0	6	6	2	0	0	0	3	0	0	2	0	0	3	8	0	0	0	3	73	0	2	0	0	0	0	0	0	0	0	2064	0	0	0	1
OTU_199	0	0	0	0	0	0	0	0	0	0	0	0	0	0	0	0	0	0	0	0	0	0	0	0	0	0	0	0	0	0	0	0	0	0	0	0	0	0	0	0	0	0	0	0	0	0	0	0	0	0	0	0	0	0	0	0	0	11	0	0	0	0	0	0	0	0	0	0	0	0	0	0	0	0	0	0	0	0	0	0	0	0	0	0	0	0	0	0	0	0	0	0	0	0	0	0	0	0	0	0	0	0	0	0	0	1	0	0	0	0	0	0	0	0	0	1	0	0	0	0	0	0	0	0	0	0	0	0	0	0	0	0	2	0	0	0	0	0	0	0	0	0	0	0	0	0	0	0	0	0	0	0	0	0	0	0	0	0	0	0	0	0	0	0	0	0	0	0	0	0	0	0	0	5	0	0	0	0	0	0	0	0	0	0	0	0	0	1	0
OTU_200	0	6	9	1	2	5	1	4	8	10	1	18	0	2	3	0	1	0	1	0	2	0	4	2	3	0	8	0	2	0	0	2	1	2	0	2	1	1	4	43	3	2	1	1	1	1	5	0	1	1	1	2	5	0	1	4	1	38	0	99	2	1	2	1	1	10	0	1	0	4	5	1	0	12	0	4	7	58	0	3	3	1	4	4	1	1	1	1	9	0	3	2	0	9	7	1	3	0	9	1	4	5	0	0	0	6	1	3	2	14	0	0	0	4	0	0	0	0	0	6	2	0	0	0	3	1	0	1	1	1	2	1	0	16	2	0	2	3	3	4	1	1	0	0	4	2	1	0	0	0	0	2	1	2	1	0	6	0	21	233	0	0	3	14	0	2	0	43	8	0	2	4	1	6	0	0	1	0	0	0	2	0	2	6	1	3	2	3	0
OTU_202	0	0	0	0	0	0	0	0	0	0	0	0	0	0	0	0	0	0	0	0	0	0	0	0	0	0	0	0	0	0	0	0	0	0	0	0	0	0	0	0	0	0	0	0	0	0	0	0	0	0	0	0	0	0	0	0	0	0	0	0	1	0	3	0	0	0	0	0	0	0	0	0	0	0	0	0	0	0	0	0	0	8	0	191	0	0	0	0	0	0	0	0	0	0	0	0	0	1	0	0	0	0	0	0	0	0	0	0	0	0	0	0	0	0	0	0	0	0	0	0	0	0	0	0	0	0	0	0	0	0	0	0	0	0	0	0	0	0	0	0	0	0	0	0	0	0	0	0	0	0	0	0	0	0	0	0	0	0	0	0	0	0	0	0	0	0	0	0	0	0	0	0	0	0	0	0	0	0	0	0	0	0	0	0	0	0	0	0	0
OTU_205	102	13	0	17	22	0	2	145	33	21	1	0	1	2	18	54	3	2	0	1	2	0	40	120	8	4	1	4	1	9	1	0	0	0	0	34	2	10	0	0	63	1	20	0	0	9	0	17	0	11	1	0	1	0	0	1	13	1	5	0	0	11	11	3	18	0	1	1	0	0	10	4	63	1	0	0	0	1	0	0	0	0	1	0	1	0	0	20	3	3	0	0	0	107	0	41	0	0	5	22	71	1	2	1	18	1	0	1	0	2	159	8	0	0	46	0	1	15	4	6	0	25	9	0	5	1	0	1	9	0	121	4	3	7	5	15	1	12	0	0	1	784	1	4	0	7	0	0	0	2	21	0	0	7	0	2	2	5	2	0	0	0	3	0	0	1	26	2	0	0	0	2	11	244	0	2	0	3	7	49	0	0	7	0	8	3	10	16	1
OTU_206	0	0	0	0	431	0	1	0	0	0	1	2	0	0	1	0	0	1	0	3	0	1	0	0	0	0	1	0	0	0	3	4	0	0	0	0	40	0	0	0	0	0	0	0	3	0	0	0	0	8	1	12	0	1	0	0	0	0	0	0	0	0	0	0	1	0	0	9	0	0	0	0	0	0	0	0	0	0	0	0	0	0	2	0	0	0	0	1	0	0	0	0	0	0	2	0	0	0	0	10	0	0	0	1	0	0	0	0	0	1	0	0	0	0	0	194	0	0	4	0	1	0	0	165	1	0	13	8	0	0	4	0	1	14	0	0	0	27	0	262	2	1	1	0	0	24	0	0	0	0	0	9	0	0	1	0	1	19	0	0	0	0	0	0	5	0	1	0	0	0	0	0	15	1	1	14	0	0	3	0	2	0	0	0	109	0	2	1	0
OTU_207	0	0	0	0	0	0	0	0	0	0	0	0	0	0	0	0	0	0	0	1	0	4	0	0	1	0	0	0	0	0	0	0	0	1	0	1	1	0	0	1	0	0	3	0	0	0	0	2	0	1	0	0	0	0	0	0	0	0	0	1	0	0	0	0	0	0	0	2	0	0	0	0	0	0	0	0	0	0	0	0	0	0	0	0	0	0	0	0	0	0	0	0	0	0	0	0	0	0	1	0	0	0	0	0	0	0	0	0	0	0	0	1	0	0	0	16	0	1	0	0	1	0	2	0	0	0	4	2	0	0	1	0	0	7	0	145	1	2	6	0	38	1	5	0	0	30	0	913	140	278	95	1	0	0	0	0	0	0	0	0	2	0	0	0	200	9	0	0	0	0	0	0	67	1	25	7	0	1	0	1	0	66	148	0	1	0	1	0	0
OTU_208	0	0	0	0	0	0	0	1	0	0	0	0	0	0	0	0	0	0	0	0	1	0	0	0	1	0	0	0	44	0	16	0	0	448	0	0	0	0	0	0	0	0	0	0	0	0	0	0	0	0	0	0	0	0	0	0	0	0	2	0	0	0	0	0	0	0	0	0	0	0	0	0	0	0	0	0	0	0	0	0	0	0	1	0	0	0	0	0	0	0	0	0	1	0	0	0	0	2	0	25	0	0	0	0	0	0	0	0	0	0	0	0	2	0	0	4	0	0	30	0	3	0	0	2	0	0	0	0	0	0	0	0	0	0	0	0	0	0	0	0	0	0	0	0	0	0	0	5	0	9	0	2	0	0	0	0	0	242	4	0	1	0	0	0	1	0	0	0	0	0	0	1	0	0	0	0	0	0	0	0	0	0	0	0	0	0	0	0	1
OTU_209	0	0	0	0	0	0	0	0	0	0	0	0	0	0	0	0	0	0	0	0	0	0	0	0	0	0	0	0	0	0	0	1	0	0	0	0	0	0	0	0	0	0	1	0	0	0	0	0	0	0	0	0	0	0	0	0	0	0	1	0	0	0	0	0	0	0	0	1	0	0	0	0	0	0	0	0	0	0	0	0	0	0	0	0	0	0	0	0	0	0	0	0	1	0	0	0	0	0	0	0	0	0	0	218	0	0	0	0	0	0	0	0	0	0	0	0	2	0	1	0	0	1	0	0	0	0	0	0	1	0	0	0	2	0	0	0	0	0	6	0	0	5	0	0	0	0	3	0	6	2	0	0	0	5	0	0	0	8	0	0	0	0	0	0	0	0	0	5	0	0	0	0	0	0	0	1	0	0	0	0	0	0	0	0	0	0	0	0	1
OTU_210	0	0	0	1	0	0	0	0	5	0	0	0	0	1	3	0	11	0	1	0	0	0	0	0	0	0	0	0	1	0	0	0	0	2	0	0	0	0	0	0	0	0	2	0	2	0	0	0	0	0	0	0	0	0	0	0	0	0	0	0	0	0	3	0	6	0	1	0	0	0	0	0	1	0	0	0	0	1	2	0	0	0	0	3	0	0	0	1	0	0	0	0	2	0	0	1	0	2	0	2	0	0	1	0	1	0	0	0	0	1	0	0	1	0	0	0	0	0	0	0	0	0	0	0	0	0	0	0	0	0	0	0	0	0	2	0	0	0	0	0	0	1	0	0	0	0	0	0	4	1	8	0	0	0	0	0	0	0	0	0	11	0	0	0	0	0	2	0	0	0	0	0	0	30	0	0	0	0	0	0	1	0	0	0	0	0	0	0	2
OTU_211	10	0	0	9	0	0	92	0	5	0	0	0	0	0	2	2	0	10	1	3	0	2	0	40	13	0	4	0	0	2	1	1	0	2	5	1	5	0	0	0	0	0	2	0	0	0	2	0	6	3	0	0	0	1	0	1	1	0	21	1	0	0	163	8	4	0	4	0	0	0	1	1	3	1	0	41	0	0	2	0	1	16	1	2	0	1	0	1	1	35	1	2	3	0	0	0	0	0	23	1	0	1	0	27	1	0	0	0	0	4	15	8	0	73	0	56	5	34	209	18	7	7	21	69	14	44	39	2	0	13	7	1	91	1	9	0	0	1	1	0	0	6	5	2	0	24	0	103	27	45	12	4	22	0	0	7	39	34	3	0	5	2	0	1	16	27	73	2	0	31	6	36	3	269	63	93	1	11	2	7	2	0	9	1	17	3	0	1	0
OTU_212	0	28	2	46	0	1	4	17	0	11	4	0	0	81	1	2	14	0	0	1	2	1	4	1	98	44	14	0	0	0	0	0	1	0	1	2	42	1	1	285	0	54	10	0	0	0	82	73	0	0	90	4	0	1	3	133	0	2	0	0	0	8	37	180	0	0	0	2	6	2	3	2	0	2	0	3	20	0	0	1	0	0	0	2	1	17	32	2	2	83	3	0	3	1	0	0	0	0	1	1	2	24	0	105	0	0	1	0	0	0	0	2	0	0	0	0	0	24	0	0	2	0	0	0	1	0	1	0	0	31	3	0	0	2	0	0	3	0	285	0	3	2	0	2	0	0	26	1	0	0	0	0	0	3	1	19	4	0	5	0	0	0	0	1	0	4	0	5	0	2	1	1	2	79	8	0	0	0	0	8	4	0	260	0	1	0	121	4	1325
OTU_213	0	58	1	1	0	0	0	0	0	4	0	1	0	0	0	226	0	1	0	0	218	0	0	0	0	0	4	0	0	0	0	6	0	0	29	15	1	0	0	0	1	0	2	0	842	1	9	1	2	88	0	0	1	0	0	1	0	0	3	0	0	0	0	6	28	0	2	0	0	0	1	2	1	0	0	603	0	0	0	0	0	0	2	0	40	0	0	0	0	1	76	0	3	300	0	0	0	0	0	96	0	0	0	0	0	104	0	0	5	7	0	1	1	0	0	24	0	150	0	0	0	0	0	0	0	0	0	0	0	0	0	0	43	4	0	0	0	0	0	36	0	0	0	0	0	0	0	1	0	3	0	0	0	0	0	0	1	1	1	0	3	4	633	1	0	0	0	0	41	0	0	3	0	658	1	55	0	1	16	0	2	1	0	0	2	892	48	0	0
OTU_214	1	7	0	7	0	2	7	5	41	0	0	0	0	1	4	2	1	44	1	6	7	1	18	9	4	0	1	0	2	1	8	1	19	19	0	4	1	45	0	2	1	2	30	0	4	2	0	12	4	2	0	0	0	6	0	2	0	1	18	0	1	2	86	4	4	1	28	6	1	1	36	1	36	14	0	1	0	0	1	13	0	0	1	0	6	13	4	1	0	0	1	16	3	0	1	1	0	18	6	34	0	0	0	11	37	4	1	14	40	1	2	1	50	1	30	15	13	27	32	3	85	0	8	14	22	10	7	2	5	3	312	0	13	28	6	13	5	35	1	29	4	5	1	2	3	29	1	54	6	17	7	1	0	3	28	18	151	9	2	0	21	0	37	49	17	2	84	1	179	0	1	57	42	57	1	23	5	30	11	43	16	31	12	3	4	45	3	14	2
OTU_215	0	0	0	0	0	0	0	2	0	0	0	0	0	0	0	0	0	0	0	0	0	0	0	0	0	0	0	0	0	0	0	0	0	0	0	0	0	0	0	0	0	0	0	0	0	0	0	1	0	0	1	0	0	0	0	0	0	0	0	0	0	0	0	0	0	0	0	0	0	0	0	0	0	2	0	0	0	0	0	0	0	0	0	0	0	0	0	0	0	0	0	0	0	0	0	0	0	0	0	0	0	0	0	0	0	0	0	0	0	1	0	0	1	0	0	0	0	0	0	0	0	0	0	0	0	0	0	0	0	1	0	0	0	0	4	0	0	0	0	0	0	0	0	0	0	0	0	0	0	0	0	0	0	0	0	0	0	0	0	0	0	0	0	0	0	0	0	0	0	0	0	0	0	0	0	0	0	1	0	0	0	0	0	0	0	0	0	13	0
OTU_216	0	0	0	0	0	0	0	0	1	1	0	0	0	1	3	0	0	0	0	0	0	0	0	0	0	0	0	0	0	0	29	0	0	0	0	0	0	0	0	0	0	0	1	0	0	0	0	0	0	0	0	0	0	0	1	0	0	1	22	0	1	0	0	0	15	0	3	0	0	0	1	1	1	0	0	9	0	0	0	0	0	0	1	0	0	0	0	0	0	3	0	0	3	0	0	0	0	0	1	1	0	0	2	0	0	0	0	0	0	0	0	1	0	24	0	4	0	9	0	0	823	1	0	19	0	0	48	1	0	0	4	0	1	11	1	0	573	0	0	23	14	1	8	0	1	20	0	2	1	12	0	0	19	3	0	125	5	1	5	0	1	0	16	26	46	0	2	1	1	0	0	219	0	0	0	8	0	0	97	0	0	0	0	2	5	0	6	5	0
OTU_217	14	1	0	1	1	41	0	0	3	806	4	4	0	4	0	0	15	0	0	7	5	8	0	0	10	246	3	1	29	43	0	6	5	1	29	24	0	0	0	0	0	24	1	134	0	2	1	0	1	0	10	47	0	2	23	0	3	5	3	0	0	0	2	98	63	0	12	0	0	0	1	7	0	13	8	24	1	0	0	88	0	0	0	213	2	12	0	4	4	14	14	0	1	12	0	3	249	4	0	0	15	0	0	0	0	0	0	6	0	4	0	0	0	0	0	0	0	0	0	0	4	0	0	0	0	0	0	0	0	8	1	0	0	2	0	0	0	0	28	0	0	0	0	0	1	3	0	0	0	0	0	0	0	0	0	1	0	0	1	0	0	0	0	1	0	0	0	0	1	1	0	0	0	2	0	1	0	0	0	0	0	0	0	0	5	0	3	0	0
OTU_218	89	9	66	10	41	3	32	61	17	1	28	1	24	4	2	22	13	0	4	49	49	120	1	2	9	13	4	19	4	10	23	78	3	4	16	32	0	2	12	32	7	6	13	103	22	0	10	8	3	15	18	51	0	7	8	27	2	0	8	8	30	1	12	26	93	1	2	1	19	0	6	2	4	18	21	43	1	5	0	0	1	16	18	2	27	5	26	47	8	12	37	9	46	50	0	37	13	2	40	3	22	12	5	1	0	1	0	3	4	2	3	1	0	0	1	0	0	0	1	0	1	0	0	0	0	13	0	11	2	1	0	0	0	0	0	0	0	0	42	3	9	33	0	11	0	5	0	0	0	1	3	0	2	1	0	4	3	0	0	0	0	1	0	9	4	2	0	0	0	0	2	0	9	19	2	3	0	1	0	0	0	0	2	0	13	0	13	2	252
OTU_219	10	0	86	4	1	0	93	1	8	0	1	1	11	0	3	0	0	1	0	1	15	2	21	13	1	0	9	10	2	11	2	1	0	1	5	13	0	25	1	1	13	0	30	0	0	16	43	0	3	23	0	3	0	4	0	0	0	0	57	1	50	0	18	36	2	0	3	4	1	1	0	1	27	0	0	10	2	0	0	1	0	0	0	2	0	2	0	7	2	1	0	1	36	12	0	28	4	1	58	4	1	0	11	3	3	0	0	3	0	0	7	0	0	1	2	20	7	4	53	8	1	0	2	3	9	40	2	21	0	0	3	0	3	3	14	0	3	0	75	1	29	28	0	31	0	1	1	24	0	10	1	0	1	12	0	20	5	14	1	2	8	2	1	0	19	21	4	6	1	73	5	0	1	59	15	3	1	1	16	3	5	0	21	0	11	7	24	1	98
OTU_220	0	3	0	0	0	0	1	0	1	1	0	0	3	0	6	0	0	0	0	0	0	0	0	0	0	0	0	0	0	0	3	1	10	84	0	0	0	2	0	0	0	2	0	0	0	0	0	0	0	0	0	0	0	0	0	0	0	1	5	1	0	1	0	0	0	0	0	2	0	1	0	0	0	1	0	0	0	0	1	0	0	1	0	0	1	0	0	0	0	0	0	0	20	0	0	0	0	0	0	2	0	0	0	0	0	1	1	0	7	0	2	1	204	1	0	25	0	1	6	22	0	0	1	4	30	0	258	1	0	0	0	0	24	4	0	0	2	0	1	3	19	1	33	1	0	19	0	72	2	16	0	1	10	0	52	0	0	8	1	0	0	0	26	0	0	0	1	0	2	5	0	0	41	41	1	13	1	1	419	0	0	0	4	0	0	21	0	0	1
OTU_221	0	0	0	0	0	0	0	0	0	0	0	0	0	0	0	0	0	0	1	0	0	0	0	0	0	0	0	0	0	0	0	0	0	0	0	0	0	0	0	0	0	0	0	0	0	0	0	5	0	0	0	0	0	0	0	0	0	1	0	0	0	0	0	0	2	0	0	0	0	0	0	0	1	0	0	2	0	0	0	0	0	0	0	0	0	0	0	0	0	0	0	0	0	0	0	0	0	0	0	0	0	0	0	0	0	8	0	0	0	0	2	4	3	1	0	1	0	1	33	2	0	0	1	1	0	0	0	0	0	0	0	0	0	0	0	0	0	0	0	0	0	0	0	0	0	5	0	0	1	67	0	0	1	0	0	0	1	3	0	0	0	0	0	0	0	0	0	0	2	0	0	0	0	1	1	0	0	0	0	0	0	2	0	0	0	1	5	2	55
OTU_222	0	0	0	0	0	1964	1	33	0	0	0	0	0	0	0	0	1	0	1	0	0	0	0	0	0	0	0	0	0	9	1	0	0	76	0	0	0	0	0	0	0	0	0	0	1	0	0	0	0	0	0	1	0	0	0	0	0	0	0	0	0	0	0	0	0	0	5	0	2	0	0	0	0	0	1	0	0	0	1	0	0	6	0	0	0	0	0	0	0	0	0	0	0	0	0	0	1	0	1	0	0	1	0	0	0	0	0	0	0	0	0	0	0	0	0	1	0	0	0	0	0	0	4	0	0	1	0	2	1	0	0	0	0	0	1	0	0	0	0	3	0	0	1	0	0	0	1	0	0	0	0	0	0	0	0	0	0	0	1	0	0	0	85	0	0	0	1	0	9	0	457	0	0	0	1223	0	6	0	0	0	3	0	0	0	0	154	0	0	0
OTU_223	12	2	24	9	16	6	7	6	19	0	3	3	3	4	1	12	12	23	1	2	0	1	2	1	6	2	2	3	0	6	33	20	5	18	2	0	4	1	5	20	0	17	8	1	2	2	6	13	8	0	1	2	5	0	3	4	0	2	3	0	3	20	8	8	27	2	5	39	5	3	3	13	0	6	4	1	2	0	2	2	83	3	15	2	1	3	2	4	8	6	7	0	15	9	9	0	0	5	1	1	9	5	0	7	1	0	0	4	11	0	2	27	0	2	2	6	0	12	1	0	0	1	0	4	11	11	1	8	7	0	1	2	0	2	1	0	0	3	10	1	10	3	0	16	0	2	0	2	0	2	2	2	0	4	0	19	4	6	2	1	0	0	0	2	2	2	0	0	4	2	1	1	0	3	8	1	3	3	3	0	1	0	2	0	10	0	1	0	15
OTU_224	0	0	0	0	0	0	0	0	0	0	0	0	0	0	0	0	0	0	0	0	0	0	0	0	0	0	0	0	0	0	0	0	0	0	0	1	0	0	0	0	0	0	0	0	0	72	0	0	0	0	0	0	0	0	0	0	0	0	0	0	1	0	0	0	1	0	0	0	0	0	0	1	0	0	0	0	0	9	0	2	0	0	0	0	0	0	0	0	0	0	0	0	0	0	0	0	0	0	0	0	0	0	0	2	196	0	0	0	0	1	51	11	301	0	0	0	0	0	16	0	0	0	0	0	0	0	0	0	1	1	0	0	0	7	11	0	0	0	0	1	0	2	0	156	2	0	2	0	0	0	0	0	0	0	529	0	0	127	0	0	0	1	0	0	0	0	0	1	0	0	402	0	0	363	1	0	0	1	0	0	0	0	73	0	0	0	0	9	1
OTU_225	8	1	0	15	0	138	2	164	2	14	0	6	0	11	0	0	2	1	2	1	1	3	0	0	0	0	5	1	0	2	5	12	0	21	1	0	20	0	9	15	16	0	26	24	18	2	3	0	2	0	8	9	0	2	0	6	9	0	0	0	6	9	8	2	1	7	0	2	16	1	12	0	0	10	0	0	52	43	0	0	0	0	0	0	0	0	2	0	0	25	5	9	1	10	3	1	0	0	0	1	11	6	0	1	0	37	0	0	72	180	0	41	4	0	3	21	0	0	17	0	1	0	1	1	0	3	0	2	0	80	0	0	0	1	1	0	0	7	9	10	1	3	71	0	126	4	2	0	0	0	0	38	1	30	0	0	0	0	1	0	1	0	0	0	0	1	0	19	8	0	0	4	16	1	1	0	0	0	0	0	20	0	0	160	0	1	5	7	2
OTU_226	0	0	0	0	0	0	0	0	499	0	0	0	0	0	0	0	0	2	0	0	0	0	0	0	0	0	0	0	0	0	0	0	0	0	1	0	0	0	0	0	0	0	0	0	0	0	0	0	0	0	0	1	0	0	0	1	0	0	1	0	0	1	0	0	1	1	0	0	0	0	0	1	0	0	0	0	0	0	0	1	1	0	0	0	0	0	0	1	2	0	0	0	0	0	0	0	0	0	1	0	0	0	0	572	0	5	0	1	0	0	0	3	1	0	0	0	55	0	0	269	4	0	1	0	0	1	1	0	0	0	1	0	0	0	0	0	0	0	15	0	421	4	0	0	0	0	0	4	5	10	0	0	0	0	0	0	0	0	1	1	2	0	0	1	3	0	1	11	0	0	0	35	0	0	823	5	0	0	0	0	0	1	28	0	2	0	0	0	2
OTU_228	8	0	0	42	0	0	37	5	27	0	4	1	9	0	4	3	0	2	1	0	0	1	0	1	4	0	10	5	0	2	9	3	0	71	30	0	0	0	2	4	0	0	15	22	4	1	53	0	2	1	29	20	0	6	1	0	0	1	1	0	2	56	122	5	0	0	0	4	0	1	1	2	0	0	0	21	0	1	1	1	4	1	47	0	0	0	62	1	2	30	2	14	1	39	1	4	0	0	0	0	21	0	0	15	9	45	118	181	52	0	6	1	1	34	1	6	9	13	48	0	14	5	1	2	19	144	20	304	340	36	60	1	1	65	13	14	4	7	1	1	1	8	2	2	1	14	8	29	7	496	28	2	0	214	1	5	224	0	1	0	2	42	2	44	1	0	8	3	1	76	21	2	874	10	33	8	1	0	7	0	181	233	44	3	2	7	65	65	0
OTU_229	0	3	0	91	1	37	0	1	6	72	9	1	0	4	4	0	29	19	1	1	2	0	0	0	1	0	11	0	20	0	0	187	0	0	2	0	1	1	6	143	53	4	9	23	0	0	0	22	3	0	1	9	7	5	3	8	191	12	0	320	7	4	30	5	0	2	1	10	2	1	2	0	1	0	0	0	10	190	2	8	2	1	0	0	0	0	31	455	0	3	8	2	5	2	8	0	2	1	5	1	3	4	0	0	0	3	1	0	0	0	17	0	1	0	11	0	2	0	0	0	3	0	0	1	4	2	0	0	0	1	2	1	0	1	3	0	2	0	2	2	0	2	0	2	3	2	0	0	0	0	1	6	0	0	0	0	4	2	17	0	0	0	0	19	0	0	0	2	27	0	0	1	2	1	2	0	0	1	0	0	8	0	0	4	2	0	1	1	5
OTU_230	0	0	0	0	0	0	0	0	1	0	0	0	0	0	0	0	0	3	0	0	0	0	1	0	0	0	0	0	0	0	0	0	0	0	0	0	8	0	4	0	0	0	1	0	0	0	0	0	0	0	0	1	0	0	0	1	0	0	0	0	0	1	0	2	5	0	1	2	0	0	0	0	0	0	0	0	0	0	1	0	0	0	2	0	1	0	0	2	0	1	0	0	0	0	0	0	0	0	0	0	0	0	0	0	0	2	0	0	0	0	0	2	0	0	0	0	0	0	0	0	4	0	0	0	0	0	0	0	0	0	0	0	0	7	0	0	0	0	0	0	0	0	0	0	0	0	0	0	0	0	0	0	0	0	0	0	0	0	0	0	0	0	0	0	0	0	0	0	0	0	0	0	0	0	0	0	0	0	0	0	0	0	0	0	0	0	0	0	0
OTU_231	1	0	0	1	0	0	0	0	0	0	0	0	0	0	0	0	0	0	0	0	1	0	0	0	0	0	0	6	1	0	0	0	0	0	0	0	0	0	0	0	0	0	1	0	0	9	0	13	0	0	0	1	0	0	0	1	0	1	0	0	0	0	0	0	0	0	0	0	0	0	0	1	1	0	0	0	0	0	0	0	0	0	2	0	0	0	0	0	0	0	0	0	1	0	0	0	0	0	0	0	0	0	3	0	0	1	0	2	0	1	0	4	0	2	0	0	0	0	3	0	0	0	0	0	0	0	0	2	0	0	0	7	0	0	0	0	2	1	1	1	0	2	6	0	0	33	94	0	0	6	0	0	0	0	0	0	0	0	0	0	0	0	0	1	0	2	0	0	8	0	0	0	1	2	2	3	0	0	0	1	0	0	0	0	5	1	470	0	0
OTU_232	6	0	5	0	7	0	1	2	14	1	1	6	3	0	0	0	1	1	0	0	1	0	0	1	0	0	6	0	4	23	1	3	0	0	8	9	0	0	0	38	0	2	1	0	0	2	0	2	0	12	1	0	0	3	2	0	1	1	1	0	19	0	0	5	14	0	1	0	0	0	2	0	3	0	1	1	6	2	0	0	1	1	6	0	1	0	4	3	2	3	0	0	7	37	0	83	0	0	0	0	0	0	0	1	0	0	0	15	9	0	3	0	0	0	1	0	0	0	1	1	0	1	0	0	1	1	0	2	0	0	0	0	0	2	0	0	0	0	5	0	0	1	0	0	1	22	0	1	2	0	0	0	11	0	0	0	0	7	0	0	0	0	0	3	0	0	0	1	4	0	0	1	2	2	0	4	0	0	0	0	0	0	1	0	0	0	3	1	0
OTU_233	8	3	1	0	0	1	4	188	0	3	1	0	0	0	1	1	0	2	0	0	0	3	0	7	1	2	0	0	0	0	0	0	0	0	0	0	1	0	0	0	0	0	1	18	1	3	3	1	0	0	1	1	4	2	0	1	0	0	1	0	0	0	1	1	2	0	0	0	0	0	0	0	1	0	0	0	0	0	0	2	0	0	0	0	0	0	0	0	0	1	2	0	2	0	5	0	0	0	18	0	1	0	2	1	1	1	0	0	0	6	0	0	0	1	3	1	0	6	1	4	0	0	6	0	0	2	0	0	0	0	6	0	2	85	1	2	0	1	8	0	1	1	0	0	0	19	2	0	0	0	0	6	1	0	0	1	2	1	2	0	0	0	3	0	0	2	1	1	2	0	1	0	0	6	0	4	0	0	3	0	1	0	131	0	1	6	0	2	0
OTU_234	11	0	0	2	1	2	103	64	73	3	107	2	0	79	2	4	20	1	0	19	0	7	0	68	13	1	7	56	5	107	67	6	6	28	141	169	7	37	9	67	3	37	11	122	349	18	0	6	3	1	37	58	9	7	53	1	3	1	0	27	71	2	14	88	28	5	2	6	8	2	6	18	3	1	4	1	6	0	6	0	11	43	118	0	1	2	20	3	1	0	6	3	3	58	7	5	8	7	2	0	100	0	2	2	0	0	0	29	2	2	8	0	0	0	0	0	0	2	3	46	0	2	0	0	0	0	4	9	0	7	0	70	0	3	6	0	1	0	1	4	184	3	3	2	1	0	0	0	0	5	0	0	0	1	0	2	22	0	2	6	0	0	3	0	0	0	0	0	0	1	0	0	0	3	22	0	1	0	0	0	0	0	8	0	1	4	0	0	1
OTU_235	0	3	1	5	5	4	0	0	6	59	29	0	43	15	0	0	16	0	0	4	15	0	0	0	0	7	2	11	15	1	0	2	0	1	21	33	0	1	0	0	1	0	2	49	5	0	1	26	0	11	7	22	0	8	26	6	0	0	1	0	15	3	2	40	0	0	1	0	3	1	3	0	2	1	20	0	51	139	1	3	0	0	0	0	0	0	2	5	0	0	0	0	0	0	0	0	77	1	0	3	0	1	0	7	0	0	0	0	0	0	0	0	0	0	0	0	0	0	0	0	0	0	0	0	0	0	0	0	0	0	2	0	0	0	0	0	0	0	0	0	0	0	0	0	0	7	1	0	0	0	0	0	1	0	0	0	2	0	0	0	0	0	0	0	0	6	0	0	1	0	0	0	0	0	5	2	0	0	0	0	0	0	0	0	0	0	3	0	0
OTU_236	5	5	0	190	0	0	0	17	21	0	0	3	0	1	5	0	1	4	0	1	0	9	4	10	0	0	2	5	1	1	11	1	1	13	18	8	0	0	4	0	0	0	13	3	2	201	0	0	0	2	7	9	3	3	0	4	0	0	0	1	1	4	49	0	1	2	0	4	1	0	5	1	4	1	0	3	0	0	0	1	0	0	4	0	0	3	0	1	286	15	12	0	2	0	0	0	2	0	0	3	158	5	0	87	0	0	0	28	0	1	16	1	0	3	0	102	38	12	91	29	7	1	2	4	0	87	1	9	0	33	0	0	2	16	79	0	1	0	11	0	3	40	2	1	0	233	0	9	0	1	33	0	1	1	1	4	48	193	1	0	31	0	6	0	0	41	1	3	0	0	26	1	5	24	306	55	5	1	5	2	2	0	167	0	34	8	0	11	3
OTU_237	0	0	0	0	0	0	0	0	0	0	0	0	0	0	0	0	0	0	0	0	0	0	0	0	0	0	0	0	0	0	0	0	0	0	0	0	0	0	0	0	0	0	0	0	0	0	0	0	0	0	0	0	0	0	0	0	0	1	0	0	0	0	0	0	0	0	0	0	0	0	0	0	0	0	0	0	0	0	0	0	0	0	0	0	0	0	0	1	0	0	0	0	0	0	0	0	0	0	0	0	0	0	0	0	0	0	0	0	0	1	0	0	0	0	0	1	0	0	0	0	0	0	0	0	0	0	0	0	0	1	0	0	0	0	0	0	0	0	0	0	0	0	0	0	0	0	0	0	0	0	0	0	0	0	0	0	0	0	0	0	0	0	0	0	0	0	0	0	1	0	0	0	0	0	0	0	5	0	0	0	0	0	0	0	0	0	0	0	0
OTU_239	2	0	0	9	0	4	0	1	62	0	0	0	3	0	0	1	0	0	0	1	20	0	0	0	0	0	0	2	0	20	0	0	4	0	0	0	32	0	0	107	0	1	8	0	0	25	0	0	1	0	0	0	0	0	0	0	0	2	0	0	3	0	12	0	2	1	0	0	0	0	0	20	26	0	0	0	0	61	0	0	0	2	0	1	0	0	0	2	0	2	0	6	0	0	0	83	0	0	377	0	3	0	2	6	0	1	1	0	0	0	0	0	0	0	0	0	5	3	12	10	0	0	0	4	0	0	8	1	0	0	2	0	0	0	0	3	0	0	0	0	1	1	0	0	0	0	8	1	0	3	3	0	0	0	0	0	11	0	2	0	0	0	0	1	9	22	0	0	0	1	3	2	0	41	0	1	0	1	1	0	0	0	0	0	14	1	0	0	104
OTU_240	0	0	0	0	0	0	0	0	0	0	0	0	0	0	0	0	0	0	0	0	0	0	0	0	0	0	0	0	0	0	0	0	0	0	0	0	0	0	0	0	0	0	1	0	0	0	0	0	0	0	0	0	0	0	0	1	0	0	0	0	0	0	0	0	0	0	1	0	0	0	0	0	0	0	1	0	0	0	0	0	0	0	0	0	0	0	0	0	0	0	0	0	0	0	0	0	0	0	0	0	0	0	0	0	0	0	0	0	0	0	0	0	0	0	0	0	0	0	0	0	0	0	0	0	0	0	0	0	0	0	0	0	0	0	0	0	0	0	0	0	0	0	0	0	0	0	0	0	0	0	0	0	0	0	2	0	0	0	0	0	0	0	0	0	0	0	0	0	0	0	0	0	0	0	0	0	0	0	0	0	0	0	0	0	0	0	0	0	0
OTU_241	1	0	1	131	0	0	0	0	0	0	0	0	0	0	3	0	1	1	0	0	0	1	0	0	0	0	0	0	0	1	0	0	0	0	0	2	0	0	0	0	0	0	1	0	0	0	0	0	0	0	0	2	0	0	1	2	0	0	0	0	0	1	0	0	0	0	0	0	0	0	0	0	0	0	0	0	0	0	0	0	0	0	0	0	0	2	0	0	1	0	0	0	7	0	0	0	0	0	2	0	3	0	0	0	0	2	0	0	0	0	2	4	0	0	0	34	0	22	10	0	0	0	0	0	1	0	0	3	0	0	0	0	49	4	0	1	0	0	5	0	1	3	1	312	0	17	0	68	0	17	1	0	0	0	24	320	1	44	0	2	1	3	0	0	0	0	0	0	0	0	0	0	0	0	1	13	0	0	58	56	0	1	0	0	6	0	0	0	1
OTU_242	6	0	0	0	1	2	80	0	1	0	0	3	1	2	3	17	0	19	0	1	1	0	4	109	0	0	0	2	2	16	1	1	34	1	7	1	0	44	1	0	0	3	3	0	223	1	0	1	15	0	1	1	0	0	0	0	0	1	15	0	0	4	0	2	1	1	1	0	0	0	12	1	56	0	0	1	1	0	1	0	0	0	0	0	17	0	0	2	0	0	0	0	42	144	1	34	1	0	55	0	153	0	0	53	0	0	0	0	1	0	5	0	0	2	0	29	1	4	69	11	14	0	0	11	22	0	7	3	1	0	0	1	12	0	55	0	1	0	6	0	59	127	0	116	0	5	0	14	2	7	1	3	13	0	0	3	14	70	1	0	5	2	17	0	0	14	0	1	2	41	7	0	0	59	138	1	4	0	7	0	0	0	33	0	26	20	0	2	1
OTU_243	0	0	0	0	0	4	0	2	1	0	0	0	0	0	1	2	0	0	0	0	6	1	1	0	0	0	0	0	15	1	0	5	0	0	49	21	3	0	2	0	0	1	0	0	0	0	2	8	0	0	1	0	1	0	0	1	0	0	0	0	38	0	0	24	63	0	0	0	0	0	0	0	0	33	0	0	0	2	0	1	0	4	0	5	0	1	0	36	4	3	0	0	170	0	0	0	20	2	0	0	1	4	0	0	1	0	0	0	0	139	1	0	1	0	0	0	0	0	0	0	1	0	0	0	6	0	0	0	0	0	0	0	0	0	0	0	0	0	0	0	0	0	0	0	0	0	0	0	0	0	0	0	0	0	0	0	2	0	0	0	0	0	0	0	0	0	0	0	1	0	0	0	0	1	0	0	0	1	0	0	0	0	0	0	2	0	0	0	0
OTU_245	0	0	0	0	0	0	332	0	0	0	0	1	0	0	7	1	0	0	0	2	1	0	0	0	0	0	0	0	1	0	2	0	0	1	2	0	0	0	0	0	0	0	3	1	0	0	3	0	2	0	1	0	0	1	0	0	0	2	0	0	0	8	0	1	1	0	0	0	0	0	0	0	0	0	0	162	0	0	6	0	0	1	3	0	1	1	0	0	0	0	0	0	9	0	1	0	0	0	1	0	1	0	11	2	0	0	0	1	0	0	0	1	0	0	0	0	7	0	18	0	3	0	0	1	0	0	9	0	1	1	0	0	48	0	5	0	1	0	0	0	1	5	1	2	1	302	1	0	3	4	0	0	61	0	1	6	0	34	1	0	7	0	0	0	0	838	1	1	1	27	9	0	1	0	0	57	0	0	2	0	0	0	208	0	79	0	0	0	0
OTU_246	2	1	0	0	0	0	0	1	0	0	0	0	0	0	0	0	0	1	0	0	0	0	0	26	0	0	0	0	0	0	0	0	19	0	0	0	0	0	2	0	0	0	0	0	0	0	0	0	0	2	1	2	0	0	0	0	0	1	0	0	1	0	0	0	0	0	0	0	0	0	0	0	0	0	0	0	0	6	0	0	0	0	0	0	1	0	0	0	0	0	0	0	0	0	0	0	0	0	0	0	0	0	0	9	0	0	0	0	0	0	0	9	0	0	0	0	0	3	0	0	0	0	0	0	5	0	0	0	0	0	0	0	0	0	9	3	0	0	0	0	0	1	0	0	0	0	0	0	0	0	0	0	0	0	1	0	0	0	0	0	0	17	0	0	0	0	2	0	0	0	0	0	0	0	0	0	0	1	0	0	0	0	24	1	0	0	0	2	0
OTU_247	0	0	0	1	0	0	480	1	1	1	0	2	0	1	4	6	1	0	0	1	2	0	6	7	0	9	0	16	0	0	0	0	1	0	0	0	0	7	0	0	14	2	2	0	0	0	0	0	3	0	0	0	0	62	11	1	0	0	9	0	0	2	0	18	1	0	0	0	0	0	5	1	3	0	0	0	0	0	0	5	0	0	0	0	0	0	2	1	1	4	0	0	84	13	0	0	0	0	2	0	0	0	0	1	1	0	0	2	0	0	0	0	0	12	0	0	1	0	2	0	0	0	0	0	0	2	2	19	0	0	0	0	0	0	6	0	1	0	5	0	7	73	0	47	0	5	0	2	0	1	0	1	29	0	1	1	2	11	0	0	0	0	0	0	1	3	1	1	0	200	0	0	1	19	3	0	0	0	1	0	2	0	8	0	17	0	1	1	24
OTU_248	0	0	0	0	0	0	0	0	0	0	0	0	0	4	0	0	0	0	2	0	0	0	0	0	1	0	0	0	0	0	0	0	1	0	0	0	0	0	0	0	0	0	0	0	0	0	0	0	0	0	0	0	0	0	0	0	0	0	0	0	0	0	0	0	12	9	0	0	2	1	5	0	0	0	0	0	0	0	0	0	0	0	0	1	0	0	0	3	0	0	4	0	0	0	0	0	0	0	54	0	0	0	0	0	0	0	0	0	0	0	0	0	0	0	0	0	0	0	0	0	3	0	0	0	0	1	0	2	0	0	1	0	0	1	0	2	0	0	0	0	1	0	0	0	0	0	0	0	0	0	0	0	0	1	0	23	0	0	0	2378	0	0	0	0	0	0	0	0	2	0	0	5	0	0	1	0	0	0	0	0	0	0	0	0	2	0	0	0	0
OTU_249	1	9	0	0	0	1	0	0	2	1	1	0	0	0	0	0	0	1	0	0	1	0	0	0	0	0	0	0	1	0	0	2	0	0	0	0	0	0	0	3	0	4	12	3	0	0	1	0	0	9	1	2	0	1	0	5	0	1	0	1	0	0	2	2	0	0	0	0	2	1	0	1	0	0	0	0	0	16	0	0	0	0	0	0	0	1	2	1	2	0	0	0	1	0	4	0	0	0	0	0	1	0	0	0	0	0	0	0	10	0	0	6	0	0	0	0	0	0	0	0	3	0	0	0	0	0	0	9	0	0	0	0	0	0	1	3	1	0	0	0	0	0	10	0	0	0	0	0	0	0	0	0	0	0	1	0	0	0	1	0	0	0	0	0	0	0	0	1	0	5	0	0	0	0	0	0	0	0	0	0	0	0	0	0	1	0	0	0	0
OTU_250	0	0	10	3	0	0	0	0	7	0	0	4	0	0	2	0	24	0	0	0	0	315	0	1	0	1	0	18	30	0	9	4	1	0	46	16	0	1	5	0	0	0	5	0	0	5	4	0	5	0	276	1	0	2	53	0	1	1	1	0	0	1	1	0	0	0	1	1	0	0	0	0	2	0	6	8	0	1	6	0	2	0	1	0	1	0	1	71	0	19	8	0	0	0	0	0	135	7	0	31	7	0	3	6	0	1	0	0	0	1	0	0	0	0	0	1	0	1	3	0	0	0	0	3	1	0	0	2	0	0	0	0	0	0	14	0	0	0	2	2	4	2	1	0	0	77	0	0	0	1	0	0	0	0	1	6	0	1	0	0	0	0	0	0	0	40	0	0	0	0	0	0	0	121	5	14	0	1	0	0	1	0	3	0	0	0	1	0	25
OTU_251	0	0	0	20	0	0	0	0	1	0	0	1	0	0	0	1	2	2	0	2	2	0	0	0	0	0	0	0	1	0	7	0	0	1	0	0	0	0	0	0	0	1	1	0	0	0	0	0	1	0	15	2	0	0	0	0	0	0	0	0	0	1	0	0	27	0	1	0	0	0	0	0	38	0	0	0	0	0	0	0	0	0	0	0	0	3	0	62	0	4	0	0	57	2	3	0	0	0	0	7	0	0	0	2	3	67	0	0	0	0	0	0	121	0	0	20	1	19	24	45	2	5	1	19	1	12	3	0	0	0	0	0	0	30	0	2	0	33	44	0	1	1	0	0	1	3	2	16	3	6	0	111	0	1	4	4	0	157	0	0	0	0	24	0	0	0	1	0	170	0	114	0	1	105	5	5	0	2	51	0	3	0	36	0	5	44	5	0	0
OTU_252	0	0	0	0	0	0	0	0	0	0	0	0	0	0	0	0	0	1	0	0	0	1	0	0	0	0	0	0	0	0	0	0	0	0	0	0	0	0	1	0	0	0	0	0	0	0	0	0	0	0	0	0	0	0	0	0	0	0	0	0	0	0	0	0	0	0	0	0	0	0	0	0	0	0	0	0	0	0	0	0	0	0	0	0	0	0	0	0	0	0	0	0	0	0	0	0	0	0	0	0	1	0	0	0	0	0	0	0	0	0	0	0	0	0	0	0	0	0	0	0	0	0	0	0	0	0	0	0	0	0	0	0	0	0	0	0	0	0	0	0	0	0	0	0	2	0	0	0	0	0	0	0	0	0	0	0	0	0	0	0	0	0	0	0	0	0	0	0	0	0	0	0	0	0	0	0	0	0	166	0	0	2	3	4	0	0	0	0	0
OTU_253	0	0	0	0	0	0	0	0	0	0	0	1	0	0	0	0	1	0	1	0	0	0	0	0	0	0	1	0	0	1	2	320	0	0	0	0	0	2	0	0	2	1	1	0	2	1	1	0	0	0	0	2	1	0	0	0	1	1	0	0	0	0	24	0	2	0	0	3	0	0	1	1	0	0	1	0	0	0	1	1	0	0	1	0	0	0	0	2	0	0	2	0	0	0	0	0	0	0	1	0	3	0	2	20	0	0	0	0	0	0	0	1	5	0	0	2	10	14	5	11	13	0	0	11	29	0	7	0	0	0	0	0	27	0	0	0	2	0	1	0	0	0	0	0	0	16	4	41	4	16	4	4	1	0	0	0	30	59	1	1	1	1	0	0	1	102	0	1	1	25	0	7	1	12	49	6	31	0	0	1	0	0	18	0	16	1	1	0	0
OTU_255	5	0	0	4	0	0	0	0	2	2	0	91	0	1	0	0	0	423	0	3	0	0	1	1	1	1	0	0	0	0	1	0	1	2	0	2	5	0	35	1	0	2	2	0	0	0	0	0	0	0	0	2	2	0	0	0	0	2	1	2	0	1071	2	1	2	17	0	5	0	1	1	0	0	0	0	0	0	0	18	12	2	0	140	0	13	30	0	12	0	0	0	1	5	0	5	0	0	3	0	0	3	0	1	0	1	102	0	18	27	0	1	0	1	0	6	5	0	10	0	1	14	10	65	15	1	8	7	14	7	0	41	485	0	186	0	1	124	17	0	0	0	0	2	1	1	0	0	2	0	0	1	9	1	0	1	3	42	0	19	0	0	0	0	15	0	1	2	1	1	0	0	3	1	0	2	0	1	1	0	0	851	0	0	2	0	0	1	11	3
OTU_256	0	0	0	35	0	0	0	0	0	0	0	0	0	0	0	0	1	0	0	0	64	0	1	0	15	0	0	10	0	0	0	1	0	0	0	0	0	2	0	0	0	0	2	0	0	0	0	60	7	0	0	0	0	0	1	0	0	2	0	0	0	4	0	0	1	0	1	1	0	0	1	1	0	0	0	0	0	0	0	0	0	0	0	0	0	1	0	1	0	0	1	0	0	1	0	0	0	0	2	0	1	0	1	48	0	0	1	0	0	0	0	0	0	0	0	0	0	0	88	0	0	1	0	2	7	0	0	0	10	0	0	0	0	0	0	0	0	2	4	0	6	1	32	3	0	5	0	0	0	0	0	1	0	0	0	3	0	0	0	135	0	3	11	0	0	0	0	2	3	53	0	1	0	0	23	3	0	3	7	0	1	0	2	0	0	11	0	0	0
OTU_257	0	0	0	0	0	0	0	0	0	0	0	0	0	0	0	0	0	0	0	0	0	0	0	0	0	0	0	0	3	0	0	0	0	0	0	0	0	0	0	0	0	0	0	0	0	0	0	0	0	0	0	0	0	0	0	0	0	1	0	0	0	1	0	0	0	0	0	0	0	0	0	0	0	0	0	0	0	0	0	0	0	0	2	0	0	0	0	0	0	0	0	1	0	0	0	0	0	0	0	0	0	0	0	0	0	0	0	0	0	0	0	0	0	0	0	0	0	0	0	0	0	0	0	0	0	0	0	0	0	0	0	0	0	0	0	0	0	0	0	0	0	0	0	0	0	0	0	0	0	0	0	0	0	0	0	0	0	0	0	0	0	0	0	0	0	0	0	0	0	0	0	0	0	0	0	0	0	0	0	0	0	0	0	0	0	0	0	0	0
OTU_258	4	0	0	15	116	98	0	3	8	0	10	3	0	31	1	0	9	8	19	2	4	0	5	2	0	1	10	22	10	1	3	212	14	22	27	3	2	9	2	114	24	50	2	1	6	7	23	2	1	1	7	3	2	61	7	33	1	4	4	1	0	2	28	30	2	0	8	5	16	4	13	2	1	99	0	85	39	10	3	13	1	1	0	0	3	2	0	4	325	4	7	16	14	0	1	2	27	2	0	0	6	1	1	28	4	43	0	18	0	146	49	1	15	1	7	32	13	25	6	15	18	0	0	3	12	136	3	5	0	92	11	6	2	14	14	0	0	10	28	13	1	14	8	3	1	66	3	0	1	1	0	0	75	0	0	3	192	4	2	0	0	0	232	2	13	18	0	2	20	0	14	5	31	41	157	28	10	4	31	21	16	2	53	0	10	303	26	7	6
OTU_259	0	1	0	3	0	0	1	2	0	2	0	0	0	0	0	0	1	5	0	0	0	0	0	1	0	2	0	0	0	15	0	0	0	0	0	0	195	0	0	0	0	0	3	0	0	0	0	7	0	0	0	0	1	0	1	0	1	0	2	0	0	0	0	0	0	0	675	0	1	0	0	0	2	1	0	0	0	0	0	0	1	0	0	0	1	0	3	0	6	1	0	0	0	0	0	0	0	0	2	1	0	0	0	0	0	0	0	2029	0	0	0	0	1	9	0	0	0	2	0	0	12	0	0	0	0	1	0	0	0	0	1	0	0	0	1	0	0	0	0	0	0	0	0	0	0	2	0	0	0	24	0	0	0	1	1	0	0	0	0	0	0	1	0	0	0	0	0	0	1	0	0	2	4	0	0	1	0	0	0	0	0	0	1	0	0	0	4	0	0
OTU_260	0	29	98	41	31	0	17	150	14	1	18	0	0	0	0	59	51	4	0	3	7	2	1	1	12	1	7	0	10	0	1	1	0	2	10	1	1	7	5	47	51	0	2	15	0	0	1	23	18	0	2	11	0	9	26	191	99	0	7	0	0	1	19	12	2	0	3	2	2	0	2	0	0	0	5	1	51	10	0	3	0	2	2	0	1	0	0	0	53	15	15	60	10	42	0	0	5	1	10	68	10	1	0	1	0	23	9	10	0	10	1	1	20	0	0	10	0	0	0	3	7	2	0	1	0	14	1	36	3	10	9	0	0	0	0	0	3	0	11	0	1	1	354	0	0	1	29	0	0	1	1	39	0	0	0	0	2	0	82	0	0	0	20	0	0	0	3	0	1	0	20	5	0	0	1	0	2	0	0	0	44	0	0	0	1	24	0	0	4
OTU_261	0	0	0	0	0	0	0	0	0	0	0	0	0	0	0	0	0	0	0	0	0	0	0	0	0	0	0	0	0	0	0	0	0	0	0	0	0	0	0	0	0	0	0	0	0	0	0	0	0	0	0	0	0	0	0	0	0	0	0	0	0	0	0	0	0	0	0	0	0	0	0	0	0	0	0	0	0	0	0	0	0	0	0	0	0	0	0	0	0	0	0	0	0	0	0	0	0	0	0	0	0	0	0	0	0	0	0	0	0	0	0	0	0	0	0	0	0	0	0	0	0	0	0	0	0	0	0	0	0	0	0	0	0	0	0	0	0	0	0	0	0	0	0	0	0	0	0	0	0	0	0	0	0	0	1	0	0	0	0	0	0	0	0	0	0	0	0	0	0	0	0	0	0	0	154	0	0	0	0	0	0	0	0	0	0	0	0	0	0
OTU_262	1	7	7	38	106	9	22	214	0	17	89	1	3	78	0	4	9	2	4	2	8	1	0	3	39	3	4	1	6	2	4	32	7	16	6	1	4	3	31	64	88	10	2	19	47	15	12	77	54	22	21	14	0	13	5	32	55	0	0	15	2	3	40	10	10	1	1	0	23	12	13	8	0	58	1	30	19	41	1	0	0	95	1	0	14	1	4	34	17	14	5	14	22	9	0	8	11	2	0	19	19	1	0	0	2	3	0	0	0	1	0	0	0	3	11	5	0	1	5	3	1	0	0	0	24	1	0	1	0	43	0	0	0	2	3	0	0	3	16	3	2	30	0	0	59	4	4	0	0	0	0	1	2	1	0	3	5	1	4	0	0	0	3	0	2	0	2	2	1	0	0	0	0	12	70	0	0	0	0	0	2	0	0	28	1	5	1	1	10
OTU_263	8	1	4	0	4	1	0	31	2	22	10	1	1	3	0	0	2	0	13	0	0	0	0	1	1	2	4	1	8	1	1	12	0	1	4	1	1	0	5	0	8	5	3	1	0	0	0	12	5	0	3	0	4	1	3	2	5	8	0	224	0	0	11	0	1	21	4	2	0	4	0	1	0	1	2	1	2	2	0	1	37	6	0	0	0	3	2	4	0	1	0	0	0	11	11	0	49	0	0	0	1	0	0	0	0	0	0	0	0	1	0	0	0	1	0	0	0	0	0	0	1	0	0	0	0	0	0	0	0	2	0	0	0	0	0	0	0	0	0	0	0	0	0	0	1	0	2	0	0	77	0	0	0	0	0	0	0	0	9	0	0	0	21	0	0	0	0	5	0	0	0	0	0	1	18	0	0	0	0	0	3	0	0	0	0	28	0	0	1
OTU_265	0	0	0	0	0	0	1	0	0	0	0	0	0	0	0	0	0	0	0	0	0	0	0	0	0	0	0	0	0	1	0	0	0	0	0	0	0	0	0	0	0	0	0	0	0	0	0	0	0	0	0	0	0	0	0	0	0	0	0	0	0	0	0	0	0	0	2	0	0	0	0	0	1	0	0	0	0	0	0	0	0	0	0	0	0	0	0	0	0	0	0	0	0	1	0	0	0	0	0	0	0	0	0	0	0	0	0	0	0	0	0	1	0	0	0	0	0	0	0	0	0	0	0	0	0	0	0	0	0	0	0	0	0	0	0	0	0	0	0	0	0	0	0	0	0	1	0	0	0	0	0	0	0	0	1	0	0	0	0	0	0	0	0	0	0	0	0	0	0	3	0	0	0	0	0	0	0	0	0	0	0	1	0	0	0	0	0	0	0
OTU_266	0	0	0	21	21	0	0	1	15	2	0	0	6	2	1	1	0	0	4	0	9	36	0	0	6	1	0	11	12	0	1	2	1	0	25	41	0	0	4	0	0	2	0	37	0	27	23	0	0	4	9	26	0	3	3	0	0	1	0	0	12	0	0	16	0	0	0	0	0	0	3	2	6	17	6	7	2	2	0	0	0	1	6	1	6	0	6	30	4	27	4	0	0	43	2	0	42	0	0	4	10	6	2	23	0	0	0	0	0	0	16	1	0	0	0	32	0	5	17	4	0	0	0	1	0	24	0	10	0	8	1	2	0	2	1	0	0	0	1	1	17	1	0	146	0	14	0	1	0	3	0	0	0	0	1	0	1	0	2	0	0	0	3	0	7	21	0	6	0	1	0	1	0	4	0	5	0	0	0	1	0	0	4	0	1	6	0	2	79
OTU_268	11	10	0	84	3	9	6	8	27	5	2	7	22	1	1	1	1	5	0	4	3	0	1	6	1	1	0	0	2	3	6	2	2	19	0	3	0	2	2	5	1	17	9	0	5	4	10	3	14	6	0	2	25	0	2	6	0	14	2	1	5	248	5	1	37	5	6	103	0	8	0	5	3	2	2	4	1	0	4	5	17	0	17	6	1	15	6	14	1	2	3	3	9	0	2	0	0	2	2	1	14	8	0	7	0	0	0	8	3	1	7	13	3	0	1	6	2	2	0	2	0	0	0	1	1	4	1	6	3	0	2	2	0	0	2	0	0	1	7	6	6	5	0	4	0	3	0	1	0	0	0	0	1	0	0	15	14	2	1	3	1	7	0	0	2	1	4	1	2	1	2	3	0	0	5	1	2	1	0	0	0	0	55	0	7	1	2	0	12
OTU_269	5	0	0	0	0	0	18	0	0	0	0	0	0	0	5	1	0	0	0	2	0	0	0	1	0	0	0	0	0	0	0	0	0	0	0	1	0	255	0	0	0	0	7	0	0	0	0	0	0	0	0	0	0	1	0	0	0	0	0	0	1	0	0	0	7	0	0	0	0	0	0	1	0	1	0	0	0	13	0	0	0	0	0	0	0	0	0	0	0	0	0	0	60	0	0	0	0	0	4	0	0	0	0	0	0	0	0	0	0	0	0	2	0	0	0	1	0	29	11	164	7	0	0	1	1	0	0	3	0	1	2	0	0	6	11	0	0	4	6	1	76	1	11	0	7	345	272	1	1	9	0	1	0	3	19	2	1238	50	3	0	0	4	169	5	0	2	0	3	17	0	293	105	0	2006	107	101	0	0	0	0	63	0	21	6	9	321	1	11	4
OTU_270	0	8	0	14	0	0	34	194	1	0	0	1	0	2	2	0	0	0	2	1	11	3	1	34	35	0	2	1	1	1	2	13	8	7	0	0	0	52	0	2	2	1	27	0	2	2	3	17	0	67	0	1	1	0	0	0	0	0	10	0	0	1	0	0	4	0	6	0	13	1	22	1	4	5	0	3	0	0	0	1	0	17	0	0	9	1	0	0	5	7	2	0	6	10	0	16	0	0	12	41	12	4	0	4	74	2	0	7	77	0	0	14	77	86	7	16	17	17	27	7	365	5	2	34	193	6	12	3	40	0	111	0	1	4	16	21	10	7	3	5	30	9	1	12	2	24	1	56	18	24	11	11	1	0	94	2	80	5	2	0	11	3	7	2	42	0	2	2	2	2	6	183	20	41	12	12	18	26	4	43	2	9	4	2	7	9	5	2	0
OTU_271	0	0	0	3	31	1	0	109	0	0	1	0	0	0	0	0	0	0	0	0	0	0	2	0	0	1	0	0	0	0	0	2	2	0	40	30	0	0	1	0	0	0	30	0	1	157	1	0	0	0	80	0	2	0	1	1	0	0	0	0	4	1	14	0	1	0	0	0	0	0	0	0	0	0	0	2	0	6	0	0	0	0	1	0	0	0	7	0	0	0	0	0	1	0	0	0	0	0	0	1	0	0	0	0	0	0	0	0	0	0	0	0	0	0	0	0	0	0	0	0	0	0	0	0	0	0	0	0	0	0	0	0	1	0	0	0	0	0	0	0	0	2	0	0	0	70	0	0	0	0	0	0	0	1	0	0	0	0	0	0	0	0	0	0	1	0	0	0	0	0	0	0	0	0	0	12	0	0	0	0	0	1	0	0	0	0	0	0	1
OTU_272	0	0	1	0	2	3	0	0	2	0	0	0	0	0	0	0	7	0	0	0	0	0	0	0	0	0	1	10	0	0	0	1	0	0	1	0	0	0	1	1	0	9	0	3	0	24	0	0	1	0	7	1	0	0	7	0	0	0	0	0	0	0	0	0	0	0	0	0	0	0	0	1	0	0	1	18	0	0	0	0	0	0	0	79	0	0	0	0	0	0	26	0	1	0	0	0	3	0	0	1	0	9	1	0	0	0	0	0	0	0	0	0	0	0	0	0	0	0	0	0	0	0	0	0	0	0	0	4	0	1	0	0	0	0	0	0	0	0	0	0	0	0	0	0	0	1	0	0	0	0	0	0	0	0	0	0	0	0	0	0	0	0	1	0	0	0	0	0	0	0	0	0	0	0	0	1	0	0	0	0	0	0	0	0	0	0	4	0	0
OTU_273	0	0	0	0	0	0	229	1	1	0	0	0	0	0	3	0	0	0	0	1	0	0	0	0	0	0	1	0	0	0	0	0	1	0	1	1	0	0	0	0	0	0	3	0	0	0	0	0	0	0	0	0	0	0	0	0	0	0	0	0	0	0	0	0	14	1	0	0	0	0	0	0	19	0	0	0	0	0	0	0	0	0	0	0	1	0	0	2	0	0	0	0	12	0	0	0	11	0	51	0	0	0	0	3	1	0	0	0	0	2	1	0	0	0	1	8	12	0	274	0	0	0	0	79	1	1	9	0	0	1	0	2	64	0	58	0	0	0	1	1	51	1	0	0	0	56	0	0	1	5	1	8	52	0	16	0	0	197	2	0	7	2	20	0	0	0	0	0	2	52	0	36	0	609	1	11	5	0	11	0	1	2	76	1	14	19	0	0	5
OTU_274	9	0	0	2	0	196	56	82	4	37	0	0	0	0	13	8	5	1	29	0	29	2	1	8	23	1	3	0	15	0	3	61	7	85	38	6	1	21	1	0	104	2	19	0	6	56	17	28	8	15	38	0	1	90	0	7	80	1	2	0	1	1	2	1	6	0	0	1	9	0	8	0	6	22	2	2	80	0	0	2	0	15	1	0	18	3	11	0	106	8	33	9	45	10	0	1	16	0	1	32	25	78	2	17	1	1	0	0	0	1	10	1	1	4	0	13	0	10	14	2	7	0	2	14	20	29	7	0	6	6	5	0	0	6	6	1	0	0	5	1	2	4	23	0	0	22	3	32	2	15	0	1	0	2	0	9	20	9	2	0	3	2	5	5	74	25	3	3	10	5	4	4	3	70	15	7	2	14	14	1	2	0	25	1	5	7	0	7	1
OTU_275	0	0	2	0	8	0	0	0	0	2	0	0	0	25	0	1	0	0	0	0	1	0	2	0	0	0	1	0	50	0	0	20	5	0	241	621	0	0	62	0	0	1	2	0	28	64	1	0	0	0	1	1	2	1	0	0	0	0	0	0	3	1	4	13	0	1	0	1	8	1	0	0	0	0	112	0	1	4	0	3	0	0	0	0	0	3	0	1	1	1	0	0	0	0	0	0	193	0	0	0	0	0	0	0	0	0	0	0	0	0	0	1	0	0	0	1	0	0	0	0	0	0	0	0	0	0	0	0	0	0	1	0	0	0	1	0	0	0	0	0	1	0	0	3	0	10	0	0	0	0	0	4	0	0	0	1	0	0	1	0	0	0	0	0	0	0	0	1	0	0	0	0	0	17	0	2	0	0	0	0	0	0	0	0	0	0	0	0	3
OTU_276	0	0	0	0	0	0	0	0	0	0	0	0	0	0	0	0	0	0	0	0	0	0	0	0	0	0	0	0	0	0	0	0	0	0	0	0	0	0	0	0	0	0	0	0	0	0	0	0	0	0	0	0	0	0	0	0	0	0	0	0	0	0	0	0	0	0	0	1	0	0	0	0	0	0	0	0	0	0	0	0	0	0	0	0	0	0	0	0	0	0	0	0	0	0	0	0	0	0	0	0	0	0	0	0	0	0	0	0	0	0	0	0	0	0	0	0	0	0	0	0	0	0	0	0	0	0	11	0	0	0	2	0	0	0	0	0	1	0	0	0	0	0	1	0	0	0	0	0	0	0	0	0	0	0	0	0	0	0	0	0	1	0	0	0	0	0	0	0	0	0	0	0	0	0	0	0	0	0	0	0	0	0	0	0	0	0	0	0	0
OTU_277	18	1	0	5	0	0	0	0	0	1	0	84	0	0	0	0	0	0	2	1	0	4	0	0	0	2	0	0	2	0	4	0	0	53	1	0	0	0	8	1	12	7	57	0	2	0	1	14	0	0	0	6	1	0	0	3	0	0	0	75	0	4	0	0	0	8	0	0	0	9	0	74	0	1	0	1	7	0	0	0	2	0	18	0	1	0	0	0	0	2	0	1	0	0	315	0	0	4	0	0	0	0	2	0	0	0	1	9	1	0	0	2	0	0	2	4	0	3	0	0	1	2	0	2	0	0	1	0	0	0	0	61	0	4	0	0	1	0	0	11	0	1	0	0	0	0	1	1	0	342	0	4	0	0	0	1	1	0	3	3	0	31	3	77	0	1	0	2	0	0	1	0	0	0	0	0	0	0	0	0	9	0	2	0	0	1	0	10	1
OTU_278	0	0	0	0	0	0	0	0	6	0	0	0	0	0	2	2	0	1	0	0	0	0	0	0	0	0	0	0	0	0	0	0	0	0	0	0	0	0	0	0	0	0	0	0	1	0	0	0	0	0	0	1	0	0	0	0	0	0	33	0	0	3	0	0	1	0	8	0	0	1	0	0	0	0	0	0	0	0	0	0	0	0	1	0	0	0	0	0	2	0	0	0	3	0	0	0	0	0	0	1	0	0	0	11	0	1	0	0	0	0	0	2	0	0	0	0	69	0	0	199	0	0	37	0	0	0	0	0	0	0	0	0	8	0	0	0	0	0	12	0	0	0	0	0	0	2	0	0	0	5	0	0	0	0	0	1	0	1	0	0	3	0	0	1	0	0	0	0	0	1	0	10	1	1	0	0	0	0	0	0	0	0	0	0	0	0	0	0	0
OTU_279	0	0	0	8	0	0	90	0	0	0	0	0	0	0	1	0	0	0	0	0	0	0	0	0	0	2	0	2	0	0	0	0	0	0	0	0	0	0	0	0	1	0	1	0	0	0	0	0	0	0	0	0	0	0	0	0	0	0	0	0	0	0	0	0	0	1	0	1	0	0	0	0	7	1	0	0	0	0	0	0	0	0	0	0	0	0	0	0	0	0	0	0	5	0	0	5	0	0	0	0	0	0	0	0	0	0	0	0	0	4	2	0	0	0	1	0	0	4	29	36	0	0	0	5	0	0	17	1	0	0	0	0	80	0	31	0	1	3	3	0	1	0	0	0	0	0	4	2	0	5	100	0	1	1	0	0	2	186	0	0	1	1	87	0	271	196	0	0	10	64	0	5	0	87	0	0	0	10	3	0	0	0	60	0	0	142	0	7	0
OTU_280	0	0	0	0	0	0	0	0	0	0	0	0	0	0	0	0	0	0	1	0	0	0	0	0	0	0	0	0	0	0	0	0	0	0	0	0	0	0	0	0	0	0	0	0	0	0	0	0	0	0	0	0	0	8	0	0	0	0	0	0	0	0	0	0	0	0	0	0	0	0	0	0	0	0	1	0	1	0	62	0	1	0	0	0	0	0	0	0	0	0	0	1	0	0	0	0	5	0	0	0	0	0	0	0	0	0	0	0	0	0	0	0	0	0	0	1	0	0	0	0	0	0	0	0	0	0	0	0	0	0	0	0	0	0	0	0	0	0	0	0	0	0	0	0	0	0	0	0	14	46	0	0	0	0	0	0	0	0	0	0	30	0	0	0	0	0	0	0	0	588	0	0	0	0	0	0	0	0	0	0	0	0	0	0	0	0	0	0	0
OTU_281	0	1280	0	0	0	0	0	0	1	25	0	0	0	0	1	1	0	0	0	0	0	1	0	0	0	0	0	0	0	0	0	0	0	0	1	1	0	0	0	0	0	0	44	0	0	0	0	0	0	0	0	0	0	0	0	0	0	0	0	0	0	0	0	0	0	0	0	0	0	1	0	0	0	0	1	0	0	0	0	0	0	0	0	0	0	1	0	0	0	0	0	0	0	0	0	0	0	0	0	0	0	3	0	0	0	1	0	0	0	0	4	0	0	0	0	0	0	0	1	0	1	0	0	0	0	3	0	0	0	0	1	0	0	1	1	0	0	0	0	0	1	1	0	2	0	0	0	0	0	1	0	0	2	0	0	3	1	0	0	0	0	1	0	0	0	0	4	9	0	83	0	0	0	0	0	0	0	0	643	0	2	0	0	0	85	0	0	5	1
OTU_282	0	0	0	0	0	0	0	0	0	0	0	0	0	0	0	0	0	0	0	0	0	0	0	0	0	0	0	0	0	0	0	0	0	0	0	0	0	0	0	0	0	0	13	0	0	0	0	0	0	0	0	0	0	0	0	0	0	0	0	0	0	0	0	0	0	0	0	0	0	0	0	0	0	0	0	0	0	0	1	0	0	0	0	0	0	0	0	0	0	0	0	1	0	0	0	0	0	0	0	0	0	0	0	0	0	0	1	0	0	0	0	0	0	0	0	0	0	0	0	0	0	0	0	0	0	0	27	0	0	0	0	0	0	0	0	0	0	0	0	0	0	0	3	0	0	65	0	1	0	0	0	0	0	0	0	0	0	0	0	0	0	0	0	0	2	0	1	0	0	0	0	0	0	0	0	32	0	0	0	0	0	0	0	0	0	0	0	0	0
OTU_283	11	0	5	6	6	7	2	1	4	4	0	15	4	3	0	3	10	13	0	1	0	0	1	1	2	3	3	1	0	2	8	4	2	0	0	0	0	2	1	31	2	42	0	2	0	1	1	3	3	2	1	7	0	1	4	0	0	0	2	3	0	26	4	7	2	6	26	0	0	25	0	26	0	1	2	2	0	0	3	5	5	0	9	10	1	12	2	3	1	0	0	17	3	0	2	0	3	7	0	0	1	10	0	0	0	0	0	0	1	0	0	0	0	0	0	0	0	0	0	0	0	0	0	0	0	3	0	4	3	0	0	3	0	0	1	0	0	0	1	2	0	0	0	15	0	0	0	0	0	0	0	0	0	0	0	0	0	0	0	0	0	4	0	1	0	0	0	4	0	0	0	0	0	0	0	0	0	0	0	0	2	0	0	0	0	0	0	0	3
OTU_284	0	1	2	0	43	0	31	0	4	0	11	0	0	0	0	0	3	1	0	0	0	1	0	0	0	1	0	9	0	1	1	0	0	0	1	3	12	0	0	2	0	0	0	0	0	13	0	0	1	22	0	0	0	0	26	2	0	0	0	0	0	11	1	0	0	0	0	0	0	1	0	0	0	2	0	0	0	0	0	0	0	1	0	0	0	6	0	0	0	0	0	0	0	0	4	0	1	0	0	0	2	0	1	2	0	0	0	0	0	0	0	0	0	0	0	2	0	0	2	0	3	0	0	2	0	1	0	0	0	0	0	0	0	1	1	0	0	2	3	0	0	3	0	0	0	0	0	4	0	0	0	0	0	0	0	0	0	0	2	0	0	0	3	0	0	0	0	0	0	2	0	0	1	0	0	0	0	0	0	0	0	0	2	0	0	1	0	0	25
OTU_285	0	200	0	3	0	0	92	0	0	1	1	0	0	1	0	0	0	0	0	0	0	0	0	2	0	0	0	0	0	0	0	0	0	0	5	0	0	26	0	0	0	0	0	0	0	0	0	0	1	0	0	0	0	0	0	0	0	0	0	0	0	0	0	0	0	0	0	0	0	0	0	0	1	0	0	0	0	0	0	0	0	0	0	0	0	0	0	0	0	4	0	0	0	0	0	0	0	0	2	0	1	0	0	0	54	0	0	0	0	2	1	0	0	0	3	24	89	82	2	9	72	7	0	425	22	0	179	0	1	0	0	0	11	1	83	522	175	0	0	38	15	1	22	0	4	83	1	604	1	174	376	47	0	1	0	0	0	6	0	0	0	1	3	1	37	0	189	0	0	13	0	0	0	345	0	46	1	176	2	43	2	0	3	0	18	0	1	0	6
OTU_286	1	0	1	0	0	1	38	0	0	0	0	2	0	0	0	0	1	2	0	1	1	0	2	17	0	0	1	0	1	4	4	0	1	0	1	3	0	1	0	0	1	2	1	0	1	24	0	0	2	2	0	1	0	0	0	2	0	0	129	0	0	1	1	1	0	1	17	1	2	0	0	1	35	2	0	0	0	0	0	0	0	0	2	0	0	8	1	3	1	2	1	0	3	2	0	10	5	1	15	5	0	0	16	17	0	0	0	3	0	0	0	0	0	0	0	0	19	6	22	2	5	0	0	14	15	41	6	1	0	1	1	0	10	4	52	0	4	1	0	11	33	22	1	19	0	4	1	12	0	7	5	2	25	1	1	1	1	9	0	0	3	0	1	0	1	0	0	2	0	225	13	2	0	16	7	3	3	2	9	0	0	0	30	0	10	0	2	1	5
OTU_287	11	7	21	26	16	129	2	59	14	100	9	107	17	16	134	2	132	10	31	4	9	1	12	29	17	2	17	6	6	7	18	63	13	18	0	5	14	6	46	97	20	48	58	28	6	15	16	6	14	5	18	36	136	8	12	25	18	161	1	458	6	21	100	10	4	254	2	164	22	8	24	4	2	113	5	12	68	198	0	20	78	2	7	17	1	3	9	24	22	29	11	16	3	6	266	5	61	3	11	16	6	6	1	3	2	10	18	17	45	206	5	4	5	2	9	18	0	3	9	5	10	1	0	3	53	4	2	6	6	53	13	1	0	87	6	2	7	10	14	2	2	14	5	3	60	89	8	0	0	1	2	42	22	24	8	18	135	5	78	495	1	1	12	59	7	52	3	39	107	0	4	5	4	24	4	28	1	3	3	2	20	2	3	116	3	22	9	9	4
OTU_288	0	0	0	2	0	0	0	0	0	0	0	0	0	0	0	0	0	0	0	0	0	0	0	0	0	0	0	0	0	0	0	0	0	0	0	0	0	0	0	0	0	0	1	0	0	0	0	0	0	0	0	0	0	0	0	0	0	1	0	0	0	0	0	0	0	0	0	0	0	0	0	0	0	0	0	0	0	0	0	0	0	0	0	0	0	0	0	0	0	0	0	0	0	0	0	0	0	0	0	0	0	0	0	0	0	0	0	0	0	22	0	0	0	0	0	1	0	0	2	0	0	0	0	0	0	0	0	0	0	2	0	0	0	0	0	0	0	3	0	0	0	0	0	0	0	0	0	0	0	0	0	0	0	0	0	0	0	0	0	0	3	2	0	0	0	0	0	0	0	0	0	0	0	101	0	0	0	0	0	0	0	0	0	0	0	0	0	2	0
OTU_289	0	31	3	25	0	0	2	0	40	0	0	1	14	9	1	1	2	2	85	6	14	2	0	0	0	4	1	0	0	1	0	3	12	5	0	1	0	14	0	0	0	170	2	9	1	0	0	3	0	0	0	5	0	0	0	1	0	0	14	0	9	7	65	0	3	0	1	2	2	1	0	0	0	0	0	0	1	0	0	0	0	0	0	1	17	20	1	1	25	0	0	0	0	1	32	3	0	0	1	0	1	0	0	2	47	7	0	0	2	2	3	56	15	68	27	132	14	2	2	0	1038	0	0	181	7	0	26	6	0	42	3	0	17	44	1	104	100	0	0	15	3	2	5	1	2	0	0	1	0	2	0	16	0	143	5	4	10	1	4	1	3	1	21	76	2	0	14	1	2	9	0	0	96	4	0	0	13	3	32	7	2	0	5	0	4	10	14	4	2
OTU_290	0	0	0	0	0	0	0	0	0	0	0	0	0	0	0	0	0	1	0	0	0	0	0	0	0	0	0	0	0	0	0	0	0	0	0	1	0	0	0	0	0	0	0	0	0	0	7	0	0	0	0	0	0	0	0	0	0	0	0	0	0	0	0	0	2	0	0	0	0	0	0	0	0	0	0	0	0	0	0	0	0	0	0	0	0	0	0	2	0	0	0	0	0	0	0	0	0	0	0	0	0	0	0	0	0	0	0	0	0	0	0	1	0	0	0	1	0	1	0	0	0	0	0	0	0	0	0	0	8	0	11	0	0	0	0	0	0	2	0	0	0	2	0	1	0	113	0	0	0	0	1	0	15	0	0	0	0	0	0	0	0	0	0	0	1	0	178	0	0	0	0	1	4	0	0	61	0	0	2	0	14	0	0	0	7	0	0	0	0
OTU_291	5	2	0	29	0	1	2	21	2	1	5	4	1	2	0	0	1	7	1	0	0	0	1	2	0	0	1	0	4	2	8	0	0	5	0	3	0	0	11	0	3	8	2	2	0	1	0	3	12	2	0	4	1	4	0	8	0	4	0	2	2	10	1	1	3	4	3	13	0	14	0	4	1	4	4	0	0	0	2	8	2	2	0	0	0	0	0	9	0	1	1	3	0	0	1	0	1	8	1	1	3	1	0	0	0	0	0	3	0	0	2	4	0	1	2	1	0	1	0	0	0	0	0	1	0	0	0	1	0	0	0	20	0	1	0	1	0	0	0	0	3	0	3	1	0	3	0	0	0	3	0	0	0	2	0	2	19	1	1	0	0	15	1	6	0	1	0	0	1	3	0	0	0	1	10	0	0	0	0	1	3	0	19	0	1	0	0	2	16
OTU_292	0	0	0	0	0	0	12	0	11	0	0	1	0	0	0	0	0	1	0	0	0	1	0	1	1	0	0	0	0	0	2	0	0	0	0	4	0	0	0	0	0	0	0	0	0	0	1	0	1	0	0	0	0	0	0	0	1	0	0	0	0	0	0	0	0	0	1	0	0	1	0	0	2	0	0	0	0	0	2	0	0	0	1	0	1	0	0	6	0	0	0	0	0	0	0	0	0	0	0	0	0	0	0	1	0	0	1	0	0	0	0	0	0	0	0	0	7	1	2	0	0	0	0	29	0	1	19	0	0	0	1	0	69	2	1	0	1	0	0	0	0	0	2	246	3	13	0	0	0	2	0	2	0	0	0	1	0	0	2	0	0	3	0	0	0	0	0	0	0	12	0	0	0	1	0	4	0	0	0	1	0	0	7	4	0	0	0	6	2
OTU_293	17	3	64	239	63	13	957	648	75	2	74	196	2	34	9	4	4	93	24	25	11	1169	82	44	21	80	6	9	30	13	1699	19	4	258	226	248	34	31	1229	2	4	401	48	154	2	150	25	38	392	7	97	72	31	2	12	1	0	20	160	262	1	34	7	181	11	6	29	37	1	8	10	12	262	81	10	751	4	0	2	1981	5	7	58	3	315	9	2	57	42	16	12	167	193	30	1	0	73	663	109	10	61	112	41	9	5	4	2	7	142	1	22	13	10	6	17	24	0	4	2	40	12	56	15	113	70	4	75	356	3	40	0	3	5	20	178	6	19	81	216	154	5	498	15	53	0	29	56	2	3	6	0	18	30	6	5	417	119	7	22	2	2	385	1	16	38	39	1	7	4	78	75	10	69	52	7	23	3	4	9	0	37	2	0	3	84	3	85	3	17
OTU_294	0	0	0	0	0	0	0	0	0	0	0	0	1	0	0	1	0	0	0	0	0	0	0	1	0	0	0	0	0	1	0	2	0	0	0	0	0	1	0	2	0	0	1	0	0	0	0	0	0	0	0	0	0	0	0	0	0	0	0	0	0	0	0	0	0	0	1	0	0	0	1	0	0	0	0	1	0	0	0	0	0	0	0	0	0	0	0	0	0	0	0	0	0	0	0	0	0	0	0	0	0	0	0	0	0	0	0	0	0	0	0	0	5	0	0	0	0	0	0	0	0	0	0	0	0	0	0	0	0	0	0	0	1	0	0	0	0	0	0	0	1	0	0	0	0	1	0	0	0	0	0	0	0	0	0	0	0	0	0	0	0	0	0	0	0	0	0	0	0	0	0	0	0	1	0	0	0	0	5	0	0	0	0	0	0	0	0	0	0
OTU_295	0	0	0	0	0	0	0	0	0	0	0	0	0	0	0	0	4	0	0	0	0	0	0	0	2	0	0	0	0	0	0	1	0	0	0	0	0	0	0	1	0	0	1	0	1	0	0	0	0	0	0	0	0	0	0	0	0	0	0	0	0	0	0	0	0	1	0	1	0	1	0	0	0	0	0	0	0	0	0	0	0	0	0	0	2	0	0	0	0	0	1	0	0	0	0	0	0	0	0	0	0	0	0	0	0	0	0	0	0	1	0	0	0	0	25	0	0	0	7	0	0	0	0	0	4	0	94	0	59	1	0	0	9	0	0	1	0	1	0	12	0	0	8	0	0	0	1	28	0	13	0	0	0	0	0	0	0	0	0	0	41	0	0	0	0	0	1	0	1	0	0	0	27	83	0	0	0	0	13	0	0	22	0	0	0	0	0	6	0
OTU_296	2	0	0	0	15	0	175	0	5	1	0	0	1	1	3	95	0	1	0	0	0	370	0	24	0	0	3	0	0	0	6	4	2	0	44	51	0	0	0	0	0	0	3	0	0	1	1	0	0	3	0	0	0	0	0	1	1	0	31	0	0	0	12	2	0	1	1	0	0	1	0	1	64	0	0	66	0	0	0	0	0	1	1	0	61	0	0	1	0	0	112	0	17	2	0	0	0	0	32	0	0	1	0	25	0	0	0	10	0	0	1	0	0	0	0	1	1	0	17	3	2	0	1	3	0	1	0	2	0	3	0	0	4	0	4	0	0	0	2	0	5	2	0	0	0	41	0	12	0	2	3	0	25	1	0	2	0	13	0	0	2	0	0	0	0	0	0	0	0	12	0	0	2	36	51	4	0	0	2	0	0	0	61	0	34	0	0	1	2
OTU_297	0	0	0	0	0	0	0	0	0	0	0	0	0	0	1	0	0	0	0	0	0	0	0	0	0	0	0	0	0	0	0	0	0	0	0	0	0	0	0	0	0	0	0	1	0	0	0	0	0	0	0	0	0	0	0	0	0	0	0	0	1	1	0	0	0	0	0	0	0	0	0	0	0	0	0	0	0	4	0	0	0	0	0	0	0	0	0	0	0	0	0	0	0	0	0	0	0	0	0	0	0	0	0	0	0	0	0	0	0	0	0	0	0	0	0	0	0	0	0	0	0	0	0	0	0	0	0	0	1	0	0	0	0	0	0	1	0	0	0	0	0	0	0	0	0	0	0	0	0	0	0	0	0	0	0	0	0	0	0	0	0	0	0	0	0	0	0	0	0	0	0	0	0	0	0	0	0	0	0	0	0	0	0	0	0	0	0	0	0
OTU_298	0	6	2	0	4	11	0	0	23	0	0	2	0	0	0	0	1	0	0	0	1	0	0	3	0	0	0	0	0	1	0	1	0	1	0	0	0	0	7	3	0	0	0	11	0	2	0	0	0	1	2	5	1	1	0	4	0	0	0	0	1	7	0	3	1	0	12	1	1	0	1	6	0	0	0	0	0	57	0	1	16	2	5	0	2	1	0	0	0	0	0	0	0	1	2	0	0	2	2	0	3	0	0	0	0	2	1	1	4	0	0	1	0	1	0	0	0	0	0	0	0	0	0	0	0	0	0	1	0	0	1	2	0	0	3	0	0	0	0	0	0	0	0	0	0	1	0	0	0	0	25	0	0	0	0	0	0	0	0	2	0	0	0	0	0	0	0	0	0	0	0	0	0	0	4	0	0	0	0	0	0	0	0	0	1	0	0	1	8
OTU_299	0	0	0	0	0	0	0	0	1	0	0	0	0	0	0	0	0	1	0	0	18	0	0	0	0	0	0	0	0	0	0	0	0	1	0	1	0	0	0	0	0	0	0	0	0	0	0	0	3	0	0	1	0	0	0	0	0	0	0	0	0	0	0	0	1	0	0	0	0	2	0	0	0	0	0	0	0	0	0	0	0	0	0	0	0	1	0	6	0	0	0	0	0	0	0	0	0	0	345	0	0	0	0	0	0	0	0	0	0	0	0	0	0	2	0	0	0	0	0	34	1	0	0	0	0	0	0	0	0	0	0	0	0	0	0	0	0	1	36	0	11	0	0	1	1	0	0	0	0	0	0	0	0	0	0	0	1	0	0	0	0	0	0	0	0	0	0	13	0	0	0	0	0	0	0	0	0	199	0	0	0	0	3	0	1	0	0	0	1
OTU_300	0	0	0	0	0	1	655	0	0	0	0	0	0	0	3	7	0	1	1	1	1	0	34	0	0	0	0	0	1	0	0	0	0	0	0	0	0	53	0	0	0	0	0	0	0	0	0	0	0	0	0	0	0	0	0	0	0	0	0	0	0	0	0	0	5	0	0	0	0	0	9	1	0	0	0	0	0	0	7	0	0	0	1	0	0	0	0	0	0	0	0	0	42	0	0	0	0	0	9	0	0	0	0	0	0	0	0	0	0	1	0	2	0	0	0	17	0	0	298	145	2	1	0	300	0	0	34	6	0	0	2	0	13	0	0	0	1	1	0	0	4	1089	2	0	0	0	0	0	7	0	0	31	0	0	1	8	1	34	0	0	1	0	0	0	0	0	0	4	3	288	1	0	0	1	0	1	20	0	0	0	1	0	0	0	1599	0	1	0	0
OTU_301	0	2	0	4	0	0	3	0	1	0	0	0	0	0	0	0	0	0	0	0	1	0	2	0	0	0	0	0	0	0	0	0	2	0	0	0	0	14	0	0	0	0	6	0	0	0	0	2	0	0	0	0	0	0	0	1	0	0	0	0	0	0	4	0	3	0	1	0	1	4	2	0	0	0	0	0	0	0	0	0	0	1	0	0	0	0	0	0	13	0	0	0	0	0	0	0	0	0	1	0	0	0	0	2	20	3	0	0	9	0	1	0	86	3	10	2	6	3	11	1	164	7	6	11	5	1	5	0	8	0	10	0	5	4	1	17	0	5	1	0	1	5	0	1	0	13	1	6	5	0	12	1	0	0	96	1	13	1	0	0	4	8	1	13	3	1	2	0	17	2	0	38	2	11	1	7	5	7	4	19	6	6	6	1	0	3	0	5	0
OTU_302	0	0	0	2	0	0	0	0	0	0	0	0	0	0	0	0	0	0	0	0	0	0	0	0	0	0	0	0	0	0	0	0	0	0	0	0	0	0	0	0	0	0	0	0	0	0	0	0	0	0	0	0	0	0	0	0	0	0	0	0	0	0	0	0	0	0	0	0	0	0	0	0	0	0	0	0	0	0	0	0	0	0	0	0	0	0	0	0	0	0	0	0	0	0	0	0	0	0	0	0	0	0	0	0	0	0	0	0	0	0	0	0	0	0	2	0	0	0	0	0	0	0	0	0	0	0	0	0	0	0	0	0	0	0	0	0	0	0	0	0	0	0	0	0	0	0	0	0	0	0	0	0	0	0	0	0	0	0	0	0	0	0	0	0	0	0	0	0	0	0	0	0	0	0	0	0	0	0	0	0	0	0	0	0	0	0	0	1	0
OTU_303	0	0	240	1	9	0	110	3	2	0	0	5	0	0	1	24	24	3	0	95	1	16	4	24	0	0	17	44	8	6	4	0	12	1	1	0	1	2	1	1	0	1	16	1	0	0	3	0	4	2	9	4	0	0	41	1	1	2	14	1	0	3	31	2	17	0	4	0	0	2	1	1	0	3	0	19	0	0	0	1	2	42	0	1	0	16	0	2	10	3	0	0	4	0	0	54	14	0	33	1	129	0	0	20	1	0	0	21	0	0	34	2	1	0	0	0	4	0	8	9	0	0	0	2	7	0	0	1	4	0	5	3	6	2	8	0	0	0	34	0	12	58	2	2	0	27	0	6	0	0	1	2	51	0	1	7	12	10	1	4	4	0	1	0	1	34	1	2	1	36	11	0	0	20	207	8	0	0	0	0	0	0	43	0	21	4	0	1	1
OTU_304	0	0	0	0	0	0	0	0	0	0	0	0	0	0	0	0	0	0	0	0	0	0	0	0	0	0	0	0	0	0	0	0	0	3	0	0	0	0	0	0	0	0	0	1	0	0	0	0	0	0	0	0	0	0	0	0	0	0	0	0	0	0	0	0	0	0	0	0	0	2	0	0	0	0	0	0	0	0	0	0	0	0	0	0	0	0	0	0	0	0	0	0	0	0	2	0	0	0	0	0	0	0	0	0	0	0	0	0	0	0	0	0	0	2	0	0	0	0	0	1	0	0	0	0	0	0	0	0	0	0	0	0	0	0	0	0	0	0	0	0	0	0	0	0	0	0	0	0	0	3	0	0	0	0	0	0	0	0	0	0	0	0	0	76	0	1	0	0	0	0	0	0	0	0	0	0	0	0	0	0	0	0	0	0	0	0	0	11	0
OTU_305	10	1	14	6	1	120	24	35	24	41	2	1	0	2	1	0	0	2	2	1	7	0	1	1	3	1	1	0	7	0	2	1	2	26	2	1	10	1	14	13	18	2	14	9	1	19	2	13	5	3	0	4	4	3	3	6	23	2	1	4	2	5	0	10	0	0	2	5	3	11	3	2	1	15	0	3	25	1	0	6	1	0	7	1	2	1	16	5	48	4	2	21	5	1	11	0	0	1	0	6	2	2	1	1	10	14	0	3	0	25	0	18	6	11	5	14	2	4	5	0	5	0	7	2	12	9	4	15	8	16	8	0	2	8	1	5	6	0	12	5	2	0	73	0	11	4	8	0	0	1	2	4	1	2	0	3	71	6	1	0	1	7	2	0	15	1	1	1	0	2	0	2	17	7	2	3	1	3	14	5	13	7	0	7	7	8	2	5	1
OTU_306	0	0	0	0	0	0	0	0	0	0	0	0	0	0	0	0	0	0	0	0	0	0	0	0	0	0	0	0	0	0	0	0	0	0	0	0	0	0	0	0	0	0	0	0	0	0	0	0	0	0	0	0	0	0	0	0	0	0	0	0	0	0	0	0	0	0	0	0	0	0	0	0	0	0	0	0	0	0	0	0	0	0	0	0	0	0	0	0	0	0	0	0	0	0	0	0	0	0	0	0	0	0	0	0	0	0	0	0	0	0	0	0	0	0	0	0	0	0	0	0	0	0	0	0	0	0	0	0	0	0	0	0	0	0	0	0	0	0	0	0	0	0	0	0	5	0	0	0	0	0	0	0	0	0	0	0	0	0	0	0	0	0	0	0	0	0	0	0	0	0	0	0	0	0	0	0	0	0	0	0	0	0	0	1	0	0	0	0	0
OTU_308	1	0	0	87	2	5	30	64	0	0	0	0	0	0	1	0	1	2	2	3	7	0	1	2	6	4	7	0	0	1	0	0	3	0	6	1	4	0	1	0	5	1	4	8	9	1	6	1	1	3	0	11	0	2	8	6	0	1	5	0	8	0	3	0	4	0	3	2	0	0	1	1	1	2	0	1	0	79	1	0	0	0	0	0	96	0	1	59	12	3	10	0	10	7	0	0	4	1	1	30	2	2	0	3	1	6	0	0	0	3	1	0	0	1	0	35	1	0	69	44	1	0	0	0	2	2	1	5	3	30	6	0	6	0	3	0	3	0	2	0	0	7	10	0	0	30	0	4	1	2	37	0	13	0	1	2	7	8	1	0	5	0	9	0	32	11	0	0	2	2	17	4	0	51	12	25	0	0	0	0	2	0	4	0	17	20	25	1	1
OTU_309	0	1	0	0	0	0	0	0	0	0	1	17	0	0	3	1	0	0	0	20	0	1	1	0	1	0	0	0	0	0	17	4	0	1	0	1	1	2	0	0	0	1	1	0	0	1	33	29	2	0	0	0	0	0	1	0	0	0	0	0	0	1	0	1	1	0	0	4	0	0	0	1	0	0	0	0	1	0	0	0	0	0	1	0	2	0	0	0	2	0	0	0	37	1	0	0	0	1	4	0	0	0	0	25	0	0	0	3	1	2	1	0	0	0	1	12	0	0	10	305	3	0	0	148	0	0	273	1	2	1	97	0	8	2	0	0	8	1	1	0	1	40	32	0	0	5	1	0	3	2	0	21	0	0	0	2	0	0	0	0	0	0	0	0	5	0	0	0	1	1	0	0	0	0	1	3	0	18	0	0	3	1	0	1	0	0	0	0	2
OTU_310	0	0	0	0	0	0	0	0	0	0	0	0	0	0	3	10	0	0	1	1	0	0	2	0	0	0	0	0	0	0	0	0	0	0	5	0	0	2	0	0	0	0	0	0	0	0	0	0	0	0	0	0	0	0	0	0	0	0	16	0	0	0	0	2	2	0	0	0	0	0	0	0	0	0	0	0	0	0	0	0	0	0	0	0	3	0	0	0	0	0	0	0	5	0	0	0	0	0	0	0	0	0	0	4	0	0	0	1	0	2	2	0	0	0	0	6	0	5	83	63	1	0	0	79	0	0	3	1	0	3	0	0	9	0	5	0	0	0	0	0	0	1	2	0	0	35	0	14	1	2	3	12	78	1	1	0	0	137	1	0	0	0	3	0	0	14	1	0	2	0	0	1	0	90	0	7	0	0	0	0	1	0	4	0	33	8	0	0	0
OTU_311	7	16	0	1	0	14	0	0	27	0	6	0	0	0	2	2	9	0	10	2	13	2	1	19	15	0	0	10	5	0	1	1	12	0	15	4	1	29	0	1	49	0	23	0	0	8	1	0	1	27	3	0	0	1	18	1	0	0	2	0	0	0	79	2	9	1	0	1	0	1	3	0	9	28	0	39	0	2	0	1	0	9	4	0	41	0	0	1	0	0	13	0	21	10	0	0	8	0	0	0	1	0	0	0	10	0	0	0	0	77	0	0	0	4	0	3	0	0	6	0	0	0	1	6	0	7	1	11	35	0	13	0	0	0	0	0	12	0	1	0	22	15	1	3	0	22	0	0	1	2	13	1	10	147	0	0	0	50	0	0	0	0	19	0	0	48	8	1	7	2	0	0	0	34	0	10	6	0	31	0	5	1	2	0	2	20	11	0	4
OTU_312	1	0	16	5	25	3	23	2	15	0	1	0	1	0	0	10	2	0	0	1	15	0	3	18	8	0	0	0	0	0	0	2	3	0	40	20	0	0	3	0	7	27	1	0	1	0	2	1	4	0	1	0	1	0	3	0	0	1	14	0	23	3	1	22	5	0	3	0	0	0	1	1	12	3	0	0	1	0	1	0	0	0	6	0	6	0	0	2	0	0	0	0	1	0	1	1	1	1	16	0	1	1	2	13	0	0	0	2	0	0	2	3	0	0	0	2	4	5	9	6	6	1	0	1	8	1	6	1	0	0	1	0	6	1	14	0	2	0	12	3	6	14	0	16	0	4	0	3	0	2	8	0	9	1	1	3	4	7	0	1	0	0	9	0	3	2	1	0	1	35	3	0	0	25	4	5	0	0	1	0	0	0	7	0	13	6	0	0	3
OTU_313	0	0	0	0	0	0	0	0	0	0	0	0	0	0	0	2	0	0	0	0	0	0	0	0	0	0	0	0	0	0	0	0	0	0	0	0	0	29	0	0	0	0	0	0	0	0	0	0	0	0	0	0	0	2	0	0	0	0	290	0	0	0	0	0	0	0	45	1	0	0	0	0	0	0	0	0	0	1	18	0	1	0	0	0	0	0	0	0	0	0	0	0	4	0	0	0	0	0	0	8	0	0	0	0	0	0	0	0	0	0	0	0	0	0	0	32	0	0	52	0	0	0	0	0	0	0	0	1	0	0	0	0	0	0	0	0	0	0	0	0	0	0	0	0	0	0	1	0	0	0	0	0	25	0	0	0	0	405	0	0	0	1	0	0	0	0	0	0	0	0	0	0	0	0	0	0	1	0	2	0	0	0	0	0	1	0	0	0	0
OTU_314	0	0	0	0	0	0	0	0	0	0	0	0	0	0	0	0	0	0	0	0	0	0	0	0	0	0	0	0	0	0	0	0	0	0	0	0	0	0	0	0	0	0	0	0	0	0	0	0	0	0	0	0	0	0	0	0	0	0	0	0	0	0	0	0	0	0	0	0	0	0	0	0	0	0	0	0	0	0	0	0	0	0	0	0	0	0	0	0	0	0	0	0	0	0	0	0	0	0	0	0	0	0	0	0	0	1	0	0	0	3	0	1	0	0	0	20	3	0	1	0	0	1	1	231	1	0	76	1	0	15	0	0	1729	1	0	0	1	1	0	0	1	0	10	0	0	155	1	119	0	48	0	16	2	0	41	1	0	1	0	0	12	63	0	0	0	0	0	0	0	0	0	0	0	12	0	115	0	0	0	0	0	1	0	0	0	0	0	2	0
OTU_315	11	7	3	12	4	5	8	2	16	12	19	4	2	7	0	0	4	5	1	0	6	4	3	0	0	2	1	1	5	2	35	11	0	3	0	3	3	0	5	3	3	9	7	5	1	4	3	4	4	5	1	2	5	0	7	7	0	3	8	11	0	31	5	3	46	2	2	19	1	13	1	1	2	7	1	0	0	0	13	4	6	0	1	0	2	3	33	0	21	2	1	2	0	1	2	0	8	13	0	0	0	9	0	3	0	0	0	0	0	0	0	1	0	0	0	2	0	0	0	0	0	0	0	0	0	1	2	13	0	2	0	1	0	2	2	0	0	0	2	3	0	4	1	1	0	0	0	0	0	0	0	0	3	0	0	1	2	0	1	4	2	0	3	0	0	1	0	0	0	0	0	1	0	0	8	0	0	0	0	0	1	0	1	0	3	1	0	1	1
OTU_316	0	0	0	0	0	0	0	0	1	0	0	0	0	0	7	0	0	0	0	0	0	0	0	0	0	0	0	0	0	0	0	0	0	0	0	0	0	0	0	0	0	0	5	0	0	0	0	0	0	0	0	0	0	0	0	0	0	0	0	0	0	0	0	0	0	0	0	0	0	0	0	0	0	0	0	0	0	0	0	0	0	0	0	0	0	0	0	0	0	0	0	0	2	0	0	0	0	0	0	0	0	0	0	0	0	0	0	0	0	0	0	0	0	0	0	0	0	0	0	0	0	0	0	0	0	0	0	0	0	0	0	0	0	0	0	0	0	0	0	0	0	0	0	0	0	0	0	0	0	0	0	0	0	0	0	0	0	0	0	0	0	0	0	0	0	0	0	0	0	0	0	0	0	0	0	0	0	0	0	0	0	0	0	0	0	0	0	0	0
OTU_317	0	0	0	0	0	0	0	0	0	1	0	0	0	3	1	0	0	0	0	0	0	0	0	0	0	0	0	0	0	0	0	0	0	0	0	0	0	0	0	0	0	0	35	0	0	0	0	0	0	0	0	0	0	0	0	0	0	0	0	1	0	0	0	0	1	4	0	0	0	2	2	0	0	0	0	1	0	0	0	1	0	1	0	0	0	0	0	1	0	0	2	0	1	0	0	0	0	0	0	0	0	0	1	0	0	0	0	0	0	0	0	3	0	0	0	0	0	49	18	0	0	0	0	0	1	0	0	0	0	0	0	0	10	0	80	0	0	0	0	0	0	0	0	0	0	108	0	0	0	3	0	0	0	2	0	0	0	0	1	0	12	0	0	0	1	0	0	0	0	199	0	8	2	0	0	13	0	0	63	0	0	0	210	0	0	0	0	0	0
OTU_318	0	0	0	0	0	0	1	0	0	0	0	0	0	0	0	0	0	0	0	0	0	0	0	0	0	0	0	0	0	0	0	0	0	0	0	0	0	6	0	0	0	0	0	9	0	0	0	0	0	0	1	5	0	0	0	0	0	0	2	0	0	0	0	0	0	0	0	0	0	0	0	0	2	0	0	0	0	0	0	0	0	0	0	0	0	0	0	0	0	0	0	0	0	0	0	1	0	0	1	0	0	0	0	6	0	0	0	0	0	2	0	0	0	0	0	45	3	0	3	3	5	0	0	3	0	0	1	7	0	0	0	0	10	0	7	1	0	0	0	0	21	1	0	0	0	8	0	12	0	0	9	1	2	1	0	0	1	25	0	0	2	0	0	0	0	0	0	0	0	0	0	4	0	15	0	11	0	9	0	0	0	0	3	0	0	0	0	0	0
OTU_319	0	0	0	0	0	0	0	0	0	0	0	0	0	0	0	0	0	0	0	0	0	0	0	0	0	0	0	0	0	0	0	0	0	0	0	0	0	0	0	0	0	0	0	0	0	0	0	0	0	0	0	0	0	0	0	0	0	0	0	0	0	0	0	0	4	0	0	0	0	0	0	0	0	0	0	0	0	0	0	0	0	0	0	0	0	0	0	0	0	0	0	0	0	0	0	0	0	0	0	0	0	0	0	101	0	0	0	0	0	0	0	0	0	0	0	0	8	0	0	0	0	0	0	0	0	0	0	0	0	0	0	0	5	0	55	0	0	0	5	0	0	2	0	0	0	0	0	0	0	0	0	0	0	0	0	0	0	0	0	0	1	1	0	0	0	104	0	0	0	0	0	0	0	0	177	0	0	0	1	0	0	0	382	0	0	0	0	0	0
OTU_320	0	0	0	8	0	0	31	0	0	0	0	2	0	0	0	0	1	2	0	0	9	0	0	6	18	0	0	0	0	0	0	0	10	0	0	2	0	109	0	0	1	0	28	0	0	1	0	0	0	17	0	1	0	1	0	0	0	0	0	0	0	0	1	1	16	0	1	0	0	0	2	0	3	0	1	0	0	0	5	0	0	0	0	0	48	1	0	5	0	9	0	0	51	0	0	0	0	0	56	1	0	0	0	14	0	3	0	0	0	0	0	0	0	0	0	3	1	1	3	2	21	0	0	14	0	1	8	0	0	0	18	0	2	0	12	0	1	0	1	0	1	0	1	24	1	47	0	8	0	1	3	2	0	2	2	2	49	25	1	0	1	2	24	0	1	8	12	0	2	0	6	0	0	14	109	21	0	0	11	14	0	0	65	0	0	37	8	0	0
OTU_321	0	0	1	0	0	0	0	0	1	0	25	0	0	0	1	0	0	1	0	0	0	0	0	0	0	0	1	0	0	1	0	0	0	0	0	1	0	0	0	0	0	0	4	0	0	1	0	0	0	0	0	0	0	0	0	2	0	0	0	0	0	0	0	0	0	1	0	0	54	0	0	0	0	0	0	0	0	0	0	0	0	0	0	0	0	1	29	0	0	1	50	0	1	0	0	0	0	0	0	0	1	0	0	0	0	0	0	0	0	0	0	0	0	0	0	0	0	0	0	0	4	0	0	0	0	0	0	0	0	0	0	0	0	0	0	0	0	0	5	0	0	0	0	0	0	0	0	0	0	0	0	0	0	0	0	0	0	0	0	0	0	0	0	6	0	0	0	0	0	0	0	0	0	2	0	0	0	0	0	0	0	0	364	0	0	0	1	0	0
OTU_322	0	0	0	0	0	0	0	0	0	0	0	0	0	0	0	0	0	0	0	0	0	0	0	0	0	0	0	0	0	0	0	0	0	0	0	0	0	0	0	0	0	3	0	0	0	0	0	0	0	0	0	0	2	0	0	0	0	0	0	0	0	0	0	0	0	0	1	0	0	0	0	0	0	0	0	0	0	0	0	0	0	0	0	0	0	0	0	0	0	0	0	0	0	0	0	0	0	0	0	0	0	0	0	0	0	0	0	0	0	0	0	0	3	0	0	0	0	0	0	0	0	2	0	0	0	2	0	0	4	0	0	0	0	0	0	0	0	0	0	0	0	0	0	0	0	0	0	0	0	0	0	0	0	0	0	0	0	1	2	0	0	0	0	0	1	8	0	0	0	0	0	0	0	5	0	0	0	0	0	0	2	0	0	0	0	0	0	1	1
OTU_323	0	0	0	0	0	0	0	1	1	0	0	0	0	0	0	0	0	0	0	0	0	0	0	1	0	0	0	0	0	0	0	1	0	0	0	0	0	0	0	0	0	0	0	0	0	0	0	0	0	3	0	0	0	2	0	0	0	0	0	0	0	1	0	0	0	0	0	0	0	0	0	0	0	0	0	0	0	4	0	0	0	0	0	0	0	0	1	2	1	0	0	0	2	0	2	0	0	0	0	0	0	0	0	0	0	0	0	0	0	0	0	0	0	0	0	0	0	0	0	0	0	0	0	0	0	0	0	0	0	0	0	0	0	0	0	0	0	0	0	0	0	0	0	0	0	0	0	0	0	0	0	0	0	0	0	0	0	0	0	0	0	0	0	0	0	1	0	0	0	2	0	0	0	0	1	0	0	0	0	0	1	0	0	0	0	0	0	0	2
OTU_324	0	0	0	0	0	0	0	0	0	0	0	1	0	0	0	0	0	0	0	0	0	0	0	0	0	0	0	0	0	0	2	0	0	0	0	0	0	0	0	0	0	0	0	0	0	0	0	0	0	1	0	0	0	1	0	0	0	0	0	0	0	0	0	0	0	0	0	0	0	0	0	0	0	0	0	0	0	0	7	0	0	0	0	0	0	0	0	0	0	0	0	0	0	0	0	0	0	0	0	0	0	0	0	0	0	0	0	0	0	0	0	0	0	1	0	0	0	0	0	0	0	0	0	0	0	0	7	0	0	0	0	0	29	0	0	0	0	0	0	0	0	0	1	2	0	0	0	0	7	2	0	0	0	0	3	0	0	0	0	0	0	0	0	0	0	0	0	0	0	932	0	0	0	3	0	0	0	0	0	0	0	0	142	0	0	0	0	0	0
OTU_325	1	0	6	6	13	4	1	3	4	0	4	7	1	1	1	2	5	1	0	3	2	12	1	1	0	7	0	1	0	5	7	3	0	28	3	0	3	0	8	8	1	7	4	3	3	2	0	7	2	1	3	2	0	0	5	4	0	2	0	3	0	2	2	1	0	0	0	0	0	7	1	9	0	3	2	2	2	0	0	0	3	1	4	0	2	2	1	1	8	4	4	1	0	0	0	0	0	3	1	0	13	6	2	8	0	0	0	6	1	0	1	0	0	0	0	3	0	0	0	1	1	1	0	0	0	4	0	8	0	1	1	11	2	0	0	0	2	0	4	0	15	1	0	5	0	0	1	0	0	12	1	0	0	0	0	1	1	5	0	0	0	0	1	3	0	1	0	4	0	1	0	0	0	1	31	0	0	0	0	0	0	0	30	0	8	0	2	0	61
OTU_326	0	0	0	0	0	0	0	0	0	0	0	0	0	0	0	0	0	0	0	0	0	0	0	0	0	0	0	0	1	0	0	0	0	0	0	0	0	0	0	0	0	0	0	0	0	0	0	0	0	0	0	0	0	0	0	3	0	0	0	0	0	0	2	0	0	0	0	0	0	0	0	0	0	0	0	0	0	0	0	0	0	1	0	6	0	0	0	0	0	0	0	0	0	0	0	0	0	3	0	1	0	0	0	0	0	0	0	0	0	0	0	0	0	0	0	0	0	0	0	0	0	0	0	0	0	0	0	0	1	0	0	0	0	1	0	0	0	0	0	0	0	0	0	0	0	0	0	0	0	106	0	0	0	0	0	0	0	0	0	0	1	0	0	0	0	0	0	0	0	0	0	0	0	0	0	0	0	0	0	1	0	0	0	0	0	0	0	0	0
OTU_327	0	0	0	0	0	0	0	0	0	0	0	0	0	0	0	0	0	0	1	0	0	0	0	0	0	0	0	0	0	0	0	0	0	0	0	0	0	0	0	0	0	0	0	0	0	0	0	0	0	0	0	0	0	0	0	0	0	0	0	0	0	0	0	0	0	0	0	0	0	0	0	0	0	0	0	0	0	0	0	0	0	0	0	0	0	1	0	0	0	0	0	0	0	0	0	0	0	0	0	0	0	0	0	0	0	0	0	0	0	0	0	0	0	0	0	0	0	0	0	0	0	0	0	0	0	0	0	0	0	0	0	0	0	10	0	0	0	0	0	0	0	0	0	0	0	0	0	0	0	59	0	0	0	0	0	0	0	0	0	0	0	0	0	0	0	0	0	0	0	0	0	0	0	0	0	0	0	0	0	0	1	0	0	0	0	0	0	0	0
OTU_328	0	0	0	0	0	0	0	0	0	0	0	0	0	0	0	38	0	0	0	1	0	0	0	0	0	0	0	0	0	0	0	0	0	0	0	0	0	0	0	0	0	0	0	0	0	0	0	0	0	0	0	0	0	0	0	0	0	0	0	0	0	0	0	0	0	0	0	0	0	1	0	0	0	1	0	0	0	0	3	0	0	0	1	0	0	2	0	0	0	0	0	0	0	0	0	0	0	0	0	0	0	0	0	0	0	0	0	0	0	0	4	0	0	0	0	3	0	0	0	0	2	0	0	0	0	0	14	3	0	0	0	1	0	0	0	1	0	0	0	0	0	0	1	1	0	0	0	0	0	0	0	0	0	0	0	0	0	1	0	0	0	0	0	0	0	0	0	2	0	0	0	0	0	0	0	0	0	0	0	0	0	0	0	0	0	0	0	0	1
OTU_329	0	0	9	3	0	0	0	0	0	0	0	0	0	0	0	0	37	0	1	0	1	0	4	0	0	0	0	0	0	0	0	0	0	0	0	6	0	0	0	0	0	20	1	0	2	0	0	0	0	1	1	9	0	0	52	1	0	0	1	0	0	0	1	0	1	0	0	0	1	0	0	0	0	0	0	0	0	0	1	0	0	0	0	0	0	0	7	0	0	0	0	1	0	0	0	1	0	0	3	0	0	0	0	0	0	1	0	0	15	0	0	9	0	0	0	0	0	0	0	0	0	0	0	0	0	1	0	0	0	0	0	2	0	0	0	0	0	0	0	0	0	2	0	1	0	0	0	0	0	0	0	0	1	0	0	0	0	0	0	0	0	0	0	0	0	0	0	2	0	0	0	0	0	0	2	0	0	0	0	0	0	0	0	0	0	0	0	0	1
OTU_330	0	0	0	0	0	0	0	0	0	0	1	0	0	0	1	0	0	1	0	0	0	19	0	0	0	0	0	0	0	0	0	6	1	1	80	42	0	0	0	0	0	2	0	0	0	0	0	0	0	0	0	0	0	0	1	0	0	0	5	0	0	0	35	1	1	1	1	0	0	2	0	0	0	0	0	1	0	0	0	0	0	0	1	0	0	0	0	0	0	0	0	0	6	0	0	0	0	0	75	0	1	0	0	33	0	0	0	1	0	0	0	0	0	1	0	1	0	0	0	0	1	0	0	0	0	0	2	0	0	0	3	0	11	0	0	0	0	0	0	0	2	0	0	0	0	0	0	10	0	2	0	0	0	1	0	3	0	0	0	0	0	0	5	0	0	0	0	2	1	0	0	3	0	42	0	0	0	1	9	0	0	0	587	0	42	12	0	0	427
OTU_331	0	0	0	0	4	0	0	0	0	0	1	2	1	0	0	0	0	0	0	0	0	0	0	0	0	0	0	0	0	0	0	0	0	0	0	3	0	0	0	1	0	0	0	0	0	0	1	0	0	0	0	0	0	0	0	0	0	0	0	0	0	0	1	0	0	0	0	4	0	0	0	0	0	0	0	0	1	0	0	0	0	0	0	0	0	0	0	0	0	0	0	0	0	0	0	0	0	0	0	0	0	5	0	0	0	0	0	0	0	0	0	0	0	0	1	3	0	0	0	0	0	0	0	0	0	222	0	0	0	7	0	0	0	0	0	0	0	0	0	0	0	0	0	0	0	0	0	0	0	0	15	32	0	0	0	0	0	0	0	0	0	0	0	0	0	0	0	0	0	0	0	0	0	0	0	0	0	0	0	0	0	0	0	0	0	0	0	2	0
OTU_332	0	0	0	0	0	0	0	0	0	1	0	0	0	0	0	0	0	0	0	0	0	0	0	0	0	0	0	0	0	0	0	0	0	0	0	0	0	0	0	0	0	0	0	0	0	0	0	0	0	0	0	0	0	0	0	0	0	0	0	0	0	1	0	0	0	0	0	0	0	0	0	0	0	0	0	0	0	0	0	0	0	0	1	0	0	0	0	0	0	0	0	0	0	0	0	0	0	0	0	0	0	0	0	0	0	0	0	0	0	0	0	0	0	0	0	0	0	0	0	0	0	0	0	0	0	0	0	0	0	0	0	0	0	0	0	0	0	0	0	0	0	0	0	0	0	0	0	0	0	0	0	0	0	0	0	0	1	0	0	0	0	0	0	0	0	0	0	0	0	0	0	0	0	0	0	0	0	0	0	0	1	0	0	0	0	0	0	0	0
OTU_333	0	0	0	1	0	0	0	2	0	116	0	0	0	1	2	0	0	0	0	0	0	0	0	0	0	0	0	0	0	0	0	0	0	0	0	0	0	0	0	0	0	0	0	19	0	0	0	0	0	0	0	6	0	0	0	0	0	0	0	0	0	0	2	0	0	0	0	0	0	24	0	4	0	0	0	0	0	0	0	0	0	0	0	0	0	0	4	0	0	0	0	0	0	19	0	0	0	0	0	0	17	0	0	0	0	0	1	0	0	0	0	0	0	0	0	0	0	0	0	0	0	0	0	0	0	0	0	0	0	0	0	0	0	0	0	0	0	0	0	0	0	0	0	0	0	0	0	0	0	0	0	0	0	0	0	0	0	0	0	0	0	0	0	0	0	0	0	1	0	0	0	0	0	0	0	0	0	0	0	0	0	0	0	0	0	0	0	0	0
OTU_334	0	0	0	6	0	0	8	1	0	2	0	1	1	1	0	1	0	0	0	1	6	17	0	0	0	0	0	9	1	0	2	1	0	0	5	23	0	1	0	4	6	3	0	0	0	6	0	0	1	0	0	0	0	0	0	0	0	0	0	0	0	0	1	0	0	2	0	0	0	1	0	1	0	0	0	0	0	0	0	0	0	2	0	0	0	6	0	0	0	1	12	0	0	19	14	0	0	0	7	4	18	6	0	0	1	0	0	0	0	0	2	0	0	1	0	3	0	2	1	0	0	0	0	0	0	0	0	0	0	0	0	0	0	0	0	0	1	0	6	0	0	8	0	163	0	5	4	0	0	0	0	0	4	0	1	0	0	0	0	0	0	0	0	0	0	23	0	0	0	9	0	1	0	0	11	0	0	0	0	0	0	0	0	0	3	0	7	0	1
OTU_335	0	0	0	0	0	0	0	0	0	0	0	0	0	0	3	0	0	0	0	0	0	0	0	0	0	0	0	0	0	0	0	0	0	0	0	0	0	0	0	0	0	0	2	0	0	0	0	0	0	0	0	0	0	0	0	0	0	0	0	0	0	0	0	0	0	0	0	0	0	0	0	0	0	0	0	0	0	0	2	0	0	0	0	0	0	0	0	0	0	0	0	0	2	0	0	0	0	0	0	0	0	0	0	0	0	0	0	0	0	0	0	0	0	3	2	0	0	0	0	0	0	0	0	0	0	0	0	0	0	0	0	0	0	0	0	0	0	0	0	0	0	0	0	0	0	0	0	1	0	1	40	0	0	0	0	0	1	0	0	0	0	0	0	1	0	0	0	0	0	0	0	0	0	0	0	0	0	0	0	0	0	0	0	0	0	0	0	0	0
OTU_336	0	0	0	13	0	0	237	0	0	0	0	0	0	0	7	0	0	0	0	0	0	0	0	15	0	0	0	0	0	1	0	3	2	0	40	17	0	0	0	1	0	1	2	0	0	0	0	0	0	0	0	0	0	0	0	0	0	0	4	0	0	2	0	1	0	0	1	0	0	0	0	0	5	0	0	0	0	0	0	0	0	0	0	0	73	0	0	0	0	0	0	1	36	0	1	0	0	0	0	2	0	0	0	0	0	1	0	0	0	2	0	0	0	7	0	4	1	1	0	0	0	0	0	0	0	0	0	1	0	6	0	0	0	0	1	0	0	1	2	0	0	0	1	0	0	0	0	0	1	0	0	1	120	0	0	0	0	0	0	0	0	0	16	0	0	31	0	0	2	13	0	0	0	132	0	0	0	2	13	7	0	0	0	0	42	19	0	0	1
OTU_337	1	0	0	0	2	1	0	3	0	4	0	0	2	0	0	0	0	0	0	1	0	0	0	6	4	0	0	0	0	0	0	0	0	0	0	0	0	1	1	0	0	2	0	2	0	0	1	0	0	0	0	0	1	5	0	0	0	0	2	5	13	0	4	0	0	0	3	10	8	0	0	20	0	0	0	1	0	0	0	0	0	0	0	1	0	3	0	3	0	3	0	0	1	1	0	1	0	0	2	0	0	0	0	0	4	1	0	0	3	0	0	5	2	2	8	0	0	0	0	0	1	0	111	0	0	158	3	1	0	0	1	0	0	3	0	1	0	0	1	1	1	2	1	0	0	0	0	0	0	1	0	0	0	7	0	0	0	0	0	1	0	0	0	0	0	0	1	0	0	1	0	1	4	0	2	1	0	0	2	0	0	0	0	0	1	1	0	0	2
OTU_338	0	0	0	12	0	2	0	8	0	0	5	2	0	0	0	0	0	0	3	0	0	1	3	0	0	0	0	0	0	0	4	0	1	0	0	0	6	0	0	0	0	0	0	127	68	0	0	0	8	0	68	75	9	0	0	0	0	0	0	0	0	0	0	0	0	0	0	1	19	0	0	0	0	0	0	1	0	0	1	0	0	0	0	0	1	0	15	0	0	0	0	0	0	0	0	0	0	0	1	0	0	0	0	2	0	57	0	0	0	0	1	0	0	1	160	1	10	9	66	0	6	0	0	0	0	7	1	0	961	24	0	0	2	10	0	0	0	0	0	1	1	83	0	0	0	7	2	0	3	0	0	0	0	3	0	5	0	0	66	0	0	24	0	0	0	0	0	0	0	0	12	0	0	0	0	1	2	3	0	0	0	0	52	0	0	0	0	1	0
OTU_340	1	2	0	0	0	0	0	1	7	0	0	0	0	0	0	0	0	2	0	0	0	0	0	0	0	0	1	0	0	0	1	0	0	0	0	0	1	0	0	2	0	0	0	2	0	0	0	0	0	25	0	1	0	2	0	1	0	0	0	0	3	2	0	1	0	0	0	0	5	0	1	1	0	0	0	0	0	74	0	0	0	0	0	0	21	0	1	0	0	0	0	0	0	0	0	0	0	0	0	0	0	1	0	0	0	1	0	0	0	0	0	4	0	5	0	1	0	0	0	0	0	0	0	0	0	0	1	0	0	0	0	0	0	0	2	0	0	0	0	0	0	0	3	0	0	13	0	0	0	0	3	0	3	0	1	2	0	1	1	0	0	0	0	0	0	2	0	1	0	0	1	0	0	0	0	2	0	0	0	0	0	0	0	0	0	0	0	0	9
OTU_341	0	0	0	0	0	0	0	0	0	0	0	0	0	0	0	0	0	0	0	0	0	0	0	0	0	0	0	0	0	0	0	0	0	0	0	0	0	0	0	0	0	0	0	0	0	0	0	0	0	0	0	0	0	0	0	0	0	0	0	0	0	0	0	1	1	0	0	0	0	0	0	0	0	0	0	0	0	0	0	0	0	0	0	0	0	0	0	0	0	0	0	0	0	0	0	0	0	0	2	0	0	0	0	0	0	1	0	0	0	0	0	0	0	0	0	0	552	0	0	0	0	2	0	0	48	0	0	0	7	0	1	0	0	3	0	0	0	0	0	0	1	0	0	0	0	0	0	0	0	0	0	0	0	0	0	1	1	0	0	0	0	21	0	1	0	0	0	1	1	0	0	0	0	1	0	1	0	0	0	0	0	0	0	0	10	0	0	0	0
OTU_342	0	0	0	24	0	0	0	0	2	0	0	0	0	1	0	0	0	1	0	1	0	0	0	0	0	0	0	0	0	0	0	0	0	0	0	0	0	0	0	0	0	0	1	0	0	0	0	0	0	0	0	0	0	0	0	0	0	0	0	0	0	0	0	0	0	0	0	0	0	0	1	1	0	0	0	0	0	0	1	0	0	0	0	0	1	0	0	10	1	0	0	0	0	0	0	0	0	0	0	0	0	0	0	14	0	0	0	0	0	0	0	0	0	0	1	0	0	0	1	0	0	0	0	0	0	0	1	0	0	0	5	0	1	0	4	0	0	0	1	2	0	0	0	0	0	37	0	0	0	0	0	0	0	0	0	0	15	9	0	0	1	0	15	0	0	0	0	0	1	0	0	0	0	1	30	2	0	1	0	0	0	0	19	0	7	39	0	1	0
OTU_343	0	0	0	0	0	0	0	0	0	0	0	0	0	0	6	0	0	1	0	1	0	0	0	4	0	0	0	0	0	0	0	0	0	0	0	0	35	0	0	0	0	0	19	3	0	0	0	0	0	0	7	0	0	0	0	0	0	0	0	1	0	0	0	0	0	0	0	0	0	0	1	3	0	0	0	0	0	0	0	0	0	0	0	0	0	0	0	0	2	6	0	0	0	0	5	0	0	0	0	0	0	0	0	0	0	0	0	0	0	0	0	1	0	0	0	0	1	0	0	0	0	0	0	0	1	0	0	0	0	0	0	0	0	0	45	0	0	3	0	0	0	1	0	0	0	0	0	48	0	7	0	0	0	0	0	0	0	0	0	0	0	0	0	0	0	0	0	0	0	0	0	0	0	0	0	0	0	0	0	0	0	0	0	0	0	0	1	0	0
OTU_344	0	0	0	0	0	0	0	0	0	0	0	1	0	0	0	0	0	0	0	0	0	0	0	0	0	0	0	0	0	0	0	0	0	0	0	0	0	0	0	0	0	0	1	0	0	0	0	0	0	0	0	0	0	0	0	0	0	0	0	0	0	0	0	0	0	0	0	0	0	0	0	0	0	0	0	0	0	14	0	0	0	0	0	0	0	0	0	0	0	0	0	0	0	0	0	0	0	0	0	0	0	0	0	0	0	0	0	0	1	0	0	0	0	0	0	0	0	0	0	0	0	0	0	0	0	0	0	0	0	0	0	0	0	0	0	0	0	0	0	0	0	0	0	0	0	0	0	0	0	0	0	0	0	0	0	0	0	0	0	0	0	0	0	0	0	1	0	0	0	0	0	0	0	0	0	0	0	0	0	0	0	0	0	0	0	0	0	0	2
OTU_345	0	0	0	70	0	0	82	1	0	0	0	0	0	0	1	0	0	1	0	3	12	34	0	0	0	0	0	0	0	1	3	0	0	0	0	0	0	0	0	0	0	0	5	0	4	0	0	0	0	1	0	0	0	0	0	0	0	1	0	0	0	0	25	0	4	0	0	0	0	0	0	0	4	1	0	0	0	0	0	0	0	0	0	0	0	0	0	1	0	0	0	0	9	0	0	0	0	0	16	0	0	0	0	0	5	8	0	0	0	0	5	1	0	0	0	3	0	0	2	45	3	0	0	11	1	3	0	1	0	0	0	1	6	0	4	1	0	0	3	0	3	10	0	0	0	2	0	8	0	9	0	2	58	0	0	1	24	4	0	0	3	1	1	0	82	14	0	0	1	5	4	4	0	110	0	12	5	2	0	0	2	0	2	1	9	5	20	0	0
OTU_346	0	0	0	0	0	0	0	0	0	0	0	0	0	0	5	0	0	0	0	0	60	0	0	0	0	0	0	0	0	0	0	1	0	0	0	0	0	0	0	0	0	0	1	0	1	0	0	0	0	0	0	0	0	0	0	2	0	0	0	0	0	0	0	0	0	0	0	0	0	0	0	0	0	0	0	0	0	0	0	0	0	0	1	0	73	0	0	0	0	0	1	0	19	0	1	0	0	0	330	0	0	1	0	0	0	0	0	0	0	0	0	0	0	0	0	0	35	0	0	0	2	0	0	0	0	0	22	0	1	0	1	0	0	0	0	0	0	0	0	0	1	0	5	0	0	3	0	0	0	0	0	0	0	1	0	4	0	0	0	0	0	0	0	0	0	2	0	0	1	0	0	0	0	0	1	0	0	0	29	0	0	0	0	0	1	0	0	0	0
OTU_347	6	0	0	1	0	39	0	0	3	0	0	0	0	36	6	2	0	1	0	0	0	0	27	5	0	0	0	0	0	0	0	0	0	0	0	0	39	0	0	0	0	0	12	0	0	0	0	0	0	29	1	0	0	0	0	2	0	1	0	0	0	5	0	0	0	0	0	0	0	0	0	1	7	2	0	9	0	1	1	0	0	0	0	0	1	0	0	0	0	0	0	0	2	0	0	3	0	0	1	0	0	0	0	7	11	0	0	1	0	0	0	0	0	11	0	25	0	9	30	0	51	0	7	0	8	0	0	0	0	0	1	0	5	3	4	2	0	0	3	0	19	17	0	5	0	7	0	1	1	1	6	0	9	1	7	2	2	4	4	0	1	5	0	0	5	0	0	2	1	1	2	14	0	8	0	5	0	1	1	5	6	1	3	0	3	0	0	0	0
OTU_348	0	2	1	2	27	140	2	1	6	0	0	0	0	6	0	6	4	5	2	0	0	0	0	0	0	26	1	0	2	3	0	4	0	5	5	0	4	0	0	19	17	1	1	2	8	11	0	3	0	0	2	4	0	4	0	1	0	2	1	0	1	0	5	1	1	0	1	0	0	5	0	0	0	4	3	0	0	0	0	0	0	0	1	0	4	0	0	2	27	1	5	3	9	0	0	0	0	0	5	2	1	11	1	4	0	4	0	0	9	16	0	0	1	1	0	6	0	3	1	0	1	0	0	0	1	2	0	2	0	2	0	0	0	1	1	0	1	0	0	4	3	5	1	1	0	2	0	2	0	0	1	5	4	53	1	2	0	0	0	0	0	0	1	4	0	1	1	1	0	3	0	0	0	4	7	0	0	1	2	0	0	0	3	1	1	1	0	0	1
OTU_349	0	0	0	18	1	39	3	36	4	0	0	0	0	0	1	2	0	0	0	1	4	0	1	0	0	0	0	0	0	1	0	4	0	0	2	0	0	3	0	6	14	1	3	10	1	1	0	0	0	3	5	8	0	6	2	5	5	1	0	1	0	0	0	0	1	0	0	0	10	0	4	1	2	5	0	1	0	10	0	0	0	2	0	0	2	0	0	0	2	0	0	0	3	8	0	0	0	0	0	5	13	1	0	7	4	11	0	0	0	0	1	1	11	11	0	4	4	2	9	0	13	0	0	1	13	12	0	0	0	5	7	0	2	1	2	0	1	0	0	2	1	1	0	1	0	4	1	1	0	1	3	1	1	0	2	9	3	0	1	0	0	0	1	0	14	0	0	0	1	0	0	0	1	9	0	6	0	1	1	0	2	0	0	0	3	2	1	0	0
OTU_350	0	0	0	0	0	0	0	0	0	0	0	0	0	0	0	0	0	0	0	0	0	0	0	0	0	0	0	0	0	0	0	0	0	0	0	0	0	0	0	0	0	0	0	0	0	0	0	0	0	0	0	0	0	0	0	0	0	0	0	0	0	0	0	0	0	0	0	0	0	0	0	0	0	0	0	0	0	0	0	0	0	0	0	0	0	0	0	0	0	0	0	0	0	0	0	0	0	0	0	0	0	0	0	0	0	0	0	0	0	0	0	0	8	0	0	0	0	19	0	0	0	0	1	0	0	0	0	0	0	0	0	0	25	0	0	0	0	0	0	0	0	0	0	0	0	0	1	0	0	0	24	0	0	0	0	0	0	0	0	0	0	0	0	2	0	0	0	0	0	0	0	0	0	0	26	0	0	0	0	95	0	0	0	2	0	0	0	0	0
OTU_352	0	0	0	0	0	0	0	0	0	0	0	0	0	0	3	0	0	0	0	0	0	0	0	0	0	0	0	0	0	0	0	0	0	0	0	0	0	0	0	0	0	0	0	0	0	0	0	0	0	0	1	0	0	0	0	0	0	0	0	0	0	0	0	1	0	0	0	0	0	0	0	0	0	0	0	1	0	0	0	0	0	0	0	0	0	0	0	0	0	0	0	0	27	0	0	0	0	0	0	0	0	0	0	0	0	0	0	2	0	0	0	0	0	0	0	0	61	0	26	0	0	0	0	0	1	0	97	0	0	0	0	0	0	0	429	0	2	0	0	0	1	0	7	0	0	19	0	2	9	4	0	0	0	1	1	1	0	253	1	0	7	0	0	0	9	0	0	0	0	0	0	0	0	0	0	12	0	0	0	0	0	0	0	0	0	0	0	0	0
OTU_353	0	0	0	0	0	0	0	0	0	0	0	0	0	0	0	0	0	0	0	0	0	0	0	0	0	0	0	0	0	0	0	0	0	0	0	0	0	0	0	0	0	0	0	0	0	0	0	0	0	0	0	0	0	0	0	0	0	0	0	0	0	0	0	0	0	0	0	0	0	0	0	0	0	0	0	0	0	0	1	0	0	0	0	0	0	0	0	0	0	0	0	0	0	0	0	0	0	0	0	0	0	0	0	0	0	1	0	0	0	0	0	0	0	0	0	0	1	0	0	0	0	0	0	0	0	0	12	0	0	0	0	0	18	0	0	1	1	0	0	0	0	0	6	0	0	0	0	0	0	1	0	0	2	0	0	0	0	0	1	0	74	0	0	0	0	0	0	0	0	0	0	0	0	1	0	1	0	0	0	0	0	0	0	0	0	0	0	0	0
OTU_354	5	0	0	0	3	154	0	3	4	20	0	0	0	0	0	1	20	1	0	0	0	5	1	0	0	0	0	12	0	6	0	5	22	0	29	15	0	0	0	20	0	1	1	0	0	0	1	1	1	0	131	1	0	16	38	0	1	0	0	0	3	0	0	36	0	0	4	1	0	0	0	0	0	0	0	43	1	0	0	1	1	0	0	0	0	3	1	0	1	0	0	8	1	1	0	0	0	0	0	0	0	0	0	0	0	0	0	1	0	0	0	0	0	0	0	0	0	0	8	0	0	0	0	0	2	0	0	0	0	7	0	0	0	0	8	0	0	0	1	3	0	1	0	0	1	0	0	0	0	0	0	0	0	0	0	0	0	0	0	0	0	0	0	0	0	0	4	0	0	0	0	0	0	22	0	2	0	0	1	0	0	0	0	1	2	0	0	0	0
OTU_355	0	1	0	18	0	10	1	82	1	11	0	0	0	0	1	3	2	0	0	0	10	1	1	0	0	0	0	0	0	0	0	0	3	0	9	1	0	14	1	0	0	0	1	1	1	10	8	25	0	5	1	3	0	42	8	10	0	3	2	0	0	0	0	0	2	2	2	0	1	0	0	1	0	0	1	0	13	9	1	1	0	0	0	0	26	0	0	0	1	0	3	5	0	2	0	0	0	0	0	38	12	3	2	0	0	0	0	0	0	120	0	0	0	0	0	0	0	1	3	2	1	0	0	0	5	0	0	0	0	1	3	0	3	0	3	0	0	0	0	1	1	1	0	0	29	43	0	0	0	0	0	0	0	1	0	1	1	8	0	0	0	1	2	0	0	12	0	0	1	0	0	4	0	15	0	12	0	1	1	0	3	0	8	58	1	2	0	0	0
OTU_356	6	2	21	1	9	2	24	29	8	5	3	7	4	2	0	3	2	1	1	3	1	7	0	4	2	5	1	3	0	2	13	11	6	1	1	2	17	0	2	7	0	1	5	4	1	9	1	3	2	1	2	8	0	2	1	4	0	2	4	2	1	5	4	12	24	1	0	0	5	2	0	3	3	1	3	1	2	0	6	1	0	9	9	0	0	6	15	3	3	7	4	0	5	5	3	2	1	3	3	2	19	8	1	0	0	0	0	6	3	0	0	0	0	0	0	4	0	0	0	0	0	0	0	0	1	2	0	4	0	1	1	1	1	0	2	0	0	0	1	0	2	2	0	21	0	0	0	0	0	0	0	0	1	0	0	2	0	0	2	0	0	0	0	1	1	0	0	4	0	2	0	0	0	3	1	0	0	0	0	0	0	0	1	0	11	1	2	2	50
OTU_357	0	0	0	0	0	0	0	0	0	0	0	0	0	1	0	0	0	0	0	0	0	0	0	0	0	0	0	0	0	0	0	0	0	0	0	0	0	0	1	0	0	0	0	0	0	0	0	0	0	0	0	0	0	0	0	0	0	0	0	0	0	0	0	0	0	1	0	0	0	70	0	0	0	0	0	0	0	0	0	0	0	0	0	0	0	0	0	1	0	1	0	0	0	0	0	0	0	0	0	0	0	0	0	18	0	0	0	0	0	0	0	0	0	0	0	0	0	1	0	4	0	0	0	0	0	0	1	0	0	0	0	0	0	0	0	0	0	0	1	0	0	2	1	0	0	0	0	0	3	0	0	0	0	0	0	0	417	0	0	0	0	47	0	0	0	0	0	5	0	0	0	0	0	0	0	0	0	0	0	0	0	0	2	0	7	7	0	0	0
OTU_358	0	0	0	0	0	0	0	0	0	0	0	0	0	0	0	0	0	0	0	0	0	0	0	0	0	0	0	0	0	0	0	0	0	0	0	0	0	0	0	0	0	0	0	0	0	0	0	0	0	0	0	0	0	0	0	0	0	0	0	0	0	0	0	0	0	0	0	0	0	0	0	0	0	0	0	0	0	0	0	0	0	0	0	0	0	0	0	0	0	0	0	0	0	0	0	0	0	0	0	0	0	0	0	0	0	0	0	0	0	0	0	0	0	0	0	21	0	0	0	0	0	5	0	0	0	0	3	0	0	0	0	1	0	0	0	0	0	0	0	0	0	1	1	0	1	0	0	0	0	0	0	2	0	0	0	0	0	0	0	0	0	1	0	0	0	0	0	0	0	0	0	1	0	0	3	0	593	0	0	0	0	0	0	1	0	0	0	0	0
OTU_359	1	0	0	0	0	0	0	0	0	0	0	0	0	0	0	0	0	0	0	0	0	0	0	0	0	0	0	0	0	0	0	0	0	0	0	0	0	0	0	0	0	0	0	0	0	0	0	0	0	0	0	0	0	0	0	0	0	0	0	0	0	0	0	0	0	0	0	0	0	0	0	0	0	0	0	0	0	0	0	1	0	0	0	0	0	0	0	0	1	0	0	0	0	0	0	0	0	0	1	0	1	0	0	0	141	0	0	0	0	0	0	0	0	1	0	0	27	6	22	0	0	0	0	0	0	0	7	0	0	0	0	0	0	0	0	0	0	0	0	0	0	2	1	1	0	0	0	0	0	0	0	0	0	1	0	0	0	2	0	0	0	0	0	0	0	0	0	0	0	0	0	0	0	0	0	0	0	0	9	8	0	0	0	0	77	0	0	0	0
OTU_360	7	0	0	0	1	0	0	0	0	0	0	0	0	0	0	0	0	1	0	0	0	0	11	0	0	0	0	0	0	0	0	0	0	0	1	1	0	0	1	0	0	0	0	0	0	0	0	0	0	0	0	1	0	0	0	1	0	0	0	0	0	0	0	0	0	0	0	0	0	1	3	1	28	0	0	0	0	0	0	0	0	0	0	1	0	0	0	0	0	0	0	0	0	0	0	0	0	0	1	0	0	0	0	0	0	0	0	0	0	0	0	0	0	0	0	0	0	0	0	0	0	0	0	0	37	0	0	0	0	0	0	0	0	0	0	0	0	0	0	1	64	335	0	562	0	5	0	35	0	10	0	0	0	0	0	0	0	0	0	0	4	0	0	0	0	0	0	1	0	0	0	0	0	0	92	3	0	0	0	0	0	0	229	0	0	0	0	0	2
OTU_361	0	0	0	0	0	0	0	0	0	0	0	0	0	0	0	0	0	0	0	0	0	0	0	0	0	0	0	0	0	0	0	0	0	0	0	0	0	0	0	0	0	0	0	0	0	0	0	0	0	0	0	0	0	0	0	0	0	0	0	0	0	0	0	0	0	0	0	0	0	0	0	0	0	0	0	0	0	0	0	0	0	0	0	0	0	0	0	0	0	0	0	0	0	0	0	0	0	0	0	0	0	0	0	0	0	0	0	0	0	0	0	0	0	0	0	0	0	0	0	0	0	0	0	0	0	0	0	0	0	0	0	0	0	0	0	0	0	0	0	0	0	0	0	0	0	0	0	0	0	2	0	0	0	0	0	0	1	0	0	0	0	0	0	0	0	0	0	0	0	0	0	0	0	0	0	0	0	0	0	0	0	0	0	0	0	0	0	0	0
OTU_362	0	0	0	0	0	0	2	1	0	0	0	0	1	0	0	0	0	0	0	0	0	0	0	0	0	0	0	0	0	0	0	0	0	0	0	0	0	0	0	0	0	1	0	2	0	0	0	0	0	0	0	6	0	0	0	0	0	0	1	0	0	0	0	0	0	0	0	0	0	0	0	0	0	0	0	0	0	0	0	0	0	0	0	0	0	0	13	0	0	0	0	0	0	0	0	0	0	0	0	0	0	0	0	0	0	0	0	0	0	0	0	0	0	0	0	0	0	0	0	0	0	0	0	0	0	0	23	0	0	0	0	0	0	0	0	0	518	0	0	0	0	0	5	0	0	0	0	0	0	0	0	0	0	0	0	0	0	1	0	0	0	0	0	0	0	0	0	0	0	0	0	0	0	0	0	0	0	0	0	0	0	0	0	0	0	0	0	0	0
OTU_363	6	0	2	2	4	4	2	4	0	2	0	1	1	2	9	7	7	5	0	9	178	1	69	3	2	13	1	0	8	1	0	40	0	2	0	0	1	0	0	17	9	0	14	3	0	0	1	3	0	25	0	0	5	379	0	14	41	1	1	3	44	0	0	0	3	0	0	3	1	2	9	5	0	2	0	0	0	1352	0	0	2	0	1	1	2	0	0	4	147	2	419	17	1	2	5	8	3	0	1	0	1	2	0	1	0	2	0	1	0	7	1	25	125	9	3	49	3	0	5	1	89	0	7	67	4	3	1	2	4	1	18	0	0	14	11	0	0	1	0	5	3	6	16	3	3	4	425	78	0	22	0	6	0	60	49	0	1	9	0	1	5	2	3	18	5	4	4	1	1	3	7	4	37	997	2	4	0	4	122	0	52	1	1	3	2	1	37	3	0
OTU_364	0	0	0	0	0	0	0	0	0	0	0	0	0	0	0	0	0	0	0	0	0	0	0	0	0	0	0	0	0	0	0	0	0	0	0	0	0	0	0	0	0	0	0	0	0	0	0	0	0	0	0	0	0	0	0	0	0	0	0	0	0	0	0	0	0	0	0	0	0	0	0	0	0	0	0	0	0	0	0	0	0	0	0	0	0	0	0	0	0	0	0	0	0	0	0	0	0	0	0	0	0	0	0	0	1	0	0	0	0	0	0	0	0	0	0	0	0	0	0	0	0	0	0	0	0	0	0	0	0	0	0	0	0	0	0	0	0	0	0	0	0	0	0	0	0	0	0	0	0	0	0	0	0	0	0	0	0	0	0	0	0	0	0	0	0	0	0	0	0	0	0	0	0	0	0	0	0	0	0	0	0	1	0	0	0	0	0	0	0
OTU_366	0	0	0	0	0	0	0	0	0	0	0	0	0	0	16	0	0	0	0	0	0	0	0	0	0	0	0	0	0	0	0	0	0	0	0	0	0	0	0	0	0	0	0	0	0	0	1	0	0	0	0	0	0	0	0	1	0	0	0	0	0	0	0	0	0	0	0	0	0	0	0	0	0	0	0	0	0	0	0	0	0	0	0	0	0	1	0	0	0	0	0	0	30	0	0	0	0	0	0	0	0	0	0	0	0	0	0	0	0	1	0	0	1	0	0	1	0	1	135	0	0	0	0	0	0	0	0	0	0	0	0	0	0	0	0	0	0	0	0	0	0	0	0	0	0	0	0	0	0	1	0	0	36	1	0	0	0	0	0	0	0	0	0	0	0	0	0	0	0	0	0	0	1	65	0	0	0	0	0	0	0	0	0	0	0	1	0	0	0
OTU_367	0	0	0	0	59	0	0	0	1	0	0	0	0	0	2	0	32	1	0	0	0	0	0	1	0	0	0	0	25	0	0	20	4	0	420	251	0	0	0	0	0	1	0	0	0	0	0	75	1	1	2	0	0	0	85	0	0	0	39	0	0	0	1	0	1	0	4	0	1	0	0	0	0	0	4	73	0	0	0	0	3	0	0	0	0	0	2	1	0	0	0	0	1	0	0	0	169	1	0	1	0	0	0	0	0	0	0	0	0	1	0	0	52	0	0	19	0	1	8	0	0	0	0	133	0	0	66	0	0	0	2	0	0	1	1	0	3	0	0	0	0	1	7	32	0	0	0	196	1	46	0	11	0	0	0	0	0	0	2	0	0	1	133	0	1	0	0	2	7	0	0	0	0	138	0	0	0	92	0	0	2	0	0	0	23	160	0	0	0
OTU_368	0	0	0	0	0	0	0	0	0	0	0	0	0	0	0	0	0	0	0	0	0	0	0	0	0	0	0	0	0	0	0	0	0	0	0	0	0	0	0	0	0	0	0	0	0	0	0	0	0	0	0	0	0	0	0	0	0	0	0	0	0	0	0	0	0	0	0	0	0	0	0	0	0	0	0	0	0	0	1	0	0	0	0	0	0	0	0	0	0	0	0	0	0	0	0	0	0	0	0	0	0	0	0	0	0	0	0	0	0	0	0	0	0	0	0	0	1	0	0	0	0	0	0	0	0	0	2	0	0	0	0	0	0	0	0	0	0	0	0	0	0	0	0	0	0	9	2	0	1	0	0	0	0	0	0	0	0	0	0	0	0	0	0	0	0	0	0	0	0	0	0	0	0	19	0	2	0	3	0	0	0	0	0	0	0	0	0	0	0
OTU_369	0	0	0	0	0	0	0	0	0	0	0	0	0	0	0	0	0	0	0	0	0	0	0	0	0	0	0	0	0	1	0	0	0	0	0	3	0	0	0	0	0	0	0	0	0	0	0	0	0	0	0	0	0	0	0	0	0	0	0	0	0	0	0	0	0	0	1	0	0	0	0	0	0	0	0	0	0	0	0	0	0	0	0	0	0	0	0	0	0	0	0	0	0	0	0	0	0	0	1	0	0	0	0	0	0	0	0	0	0	0	0	3	0	0	0	0	0	0	0	0	2	0	0	0	0	1	0	0	0	0	1	0	0	13	0	0	0	0	0	0	0	0	0	0	0	0	0	0	0	0	0	0	0	0	0	1	2	0	0	0	0	0	0	0	0	0	0	0	1	0	0	0	0	0	0	0	0	0	0	0	0	0	0	0	2	0	0	0	0
OTU_370	0	0	0	0	0	0	0	0	0	0	0	0	0	0	0	0	0	0	0	0	0	0	0	0	0	0	0	0	0	0	0	0	0	0	0	0	0	0	0	0	0	0	0	0	0	0	0	0	0	0	0	0	0	0	0	0	0	0	0	0	0	0	0	0	0	0	0	0	0	0	0	0	0	0	0	0	0	0	0	0	0	0	0	0	0	0	0	0	0	0	0	0	0	0	0	0	0	0	0	0	0	0	0	0	0	0	0	0	0	0	0	0	0	0	0	0	0	0	0	0	0	0	0	0	0	0	0	0	0	0	0	0	1	0	0	0	0	0	0	0	0	0	0	0	0	0	0	0	0	0	0	0	0	0	0	0	0	0	0	0	0	0	0	0	0	0	0	0	0	0	0	0	0	0	0	0	0	0	0	0	0	0	0	0	0	0	0	0	0
OTU_371	1	0	0	0	1	0	1	0	0	0	1	0	0	0	0	0	0	0	0	0	0	0	0	0	0	0	0	0	0	0	0	0	0	0	0	1	0	0	0	0	0	0	0	0	0	0	0	0	0	105	0	0	0	0	0	0	0	0	0	2	0	0	0	0	0	0	0	0	0	0	0	0	0	0	0	0	0	0	0	0	0	0	0	0	0	0	0	0	0	0	2	0	0	0	0	0	0	0	0	0	1	0	0	1	0	1	0	0	0	0	0	2	0	1	0	0	0	0	0	0	0	0	0	3	0	0	0	0	0	0	1	0	0	0	0	0	0	0	0	0	0	0	0	0	0	0	0	0	0	0	0	0	0	0	0	0	0	0	0	0	0	0	0	0	0	0	0	0	0	1	0	0	0	0	0	0	0	0	0	0	0	0	1	0	0	0	0	0	0
OTU_372	1	0	0	0	0	1	0	0	0	0	0	0	0	0	0	0	0	0	0	0	0	0	0	0	0	0	0	0	0	0	0	0	0	0	0	0	0	0	0	0	0	0	0	0	0	0	0	0	0	0	0	1	0	0	0	0	0	0	0	0	0	0	0	0	0	0	0	0	0	0	0	0	0	0	0	0	0	0	0	0	0	0	0	0	0	0	0	0	0	0	0	0	0	0	0	0	0	0	0	0	0	0	0	0	0	0	0	0	0	0	0	0	0	0	0	0	0	0	0	0	0	0	0	0	0	0	0	0	0	0	0	0	0	0	0	0	0	0	0	0	0	0	0	0	0	0	0	0	0	0	0	0	0	0	0	0	0	0	0	0	0	0	0	0	0	0	0	0	0	0	0	0	0	0	0	0	0	0	0	0	0	0	0	0	0	0	0	0	0
OTU_373	25	2	14	14	12	11	25	23	58	17	9	8	13	10	1	10	3	7	2	23	4	33	1	11	10	8	6	8	4	26	33	15	5	6	11	17	7	0	6	23	6	11	14	5	25	17	4	1	20	7	10	5	2	3	11	6	1	11	3	9	10	9	18	26	110	2	5	7	4	19	1	12	3	21	5	6	1	0	7	4	15	22	31	10	0	21	29	14	6	8	9	0	5	15	20	4	5	5	4	0	30	11	0	8	0	0	0	9	1	2	1	0	0	0	0	6	0	2	0	0	1	0	0	2	2	9	0	8	1	4	0	10	6	0	8	0	0	2	4	4	64	9	0	22	0	0	0	0	0	13	0	1	1	1	0	9	4	2	1	2	0	3	1	3	1	4	0	0	1	1	8	0	0	13	6	0	0	0	1	0	0	0	47	0	6	4	1	0	77
OTU_374	0	0	0	0	0	0	23	0	8	0	0	0	0	0	1	0	1	0	0	0	0	0	0	2	0	0	0	0	2	1	28	0	1	2	0	2	22	0	1	0	0	0	3	0	0	0	1	1	0	1	0	1	0	0	0	0	0	0	0	0	0	1	0	0	0	0	0	0	0	1	1	1	10	0	1	26	0	0	1	0	0	0	0	1	1	0	0	0	0	1	1	1	5	0	0	5	20	0	45	0	0	0	0	0	0	0	0	0	0	0	2	0	1	0	0	0	21	5	8	3	3	0	0	0	7	0	0	2	0	1	1	0	0	2	5	0	0	0	0	1	4	8	1	172	0	22	0	0	0	0	1	0	6	0	0	1	8	52	0	0	0	1	0	7	0	4	0	0	1	21	0	0	3	0	25	7	0	0	0	4	1	1	110	0	12	0	0	0	1
OTU_376	2	1	0	0	0	0	0	0	3	0	0	0	0	0	0	0	1	0	0	0	0	0	0	0	0	0	1	0	0	0	1	0	1	0	0	0	0	0	0	0	0	0	0	0	0	1	0	0	0	0	0	0	0	0	0	0	0	0	0	0	0	1	0	1	0	0	1	0	0	0	1	0	0	0	0	0	0	0	0	0	0	0	0	0	2	0	0	0	1	0	0	0	0	0	1	0	0	0	0	0	0	0	0	1	0	0	0	0	1	0	0	0	0	0	0	0	0	0	0	0	0	0	0	0	0	0	0	1	0	0	0	0	0	0	0	0	0	0	0	0	0	0	1	0	0	0	0	0	0	0	0	0	1	0	0	0	0	0	0	0	0	0	0	0	0	0	0	0	0	0	0	0	0	0	0	0	0	0	0	0	0	0	0	0	1	0	0	0	3
OTU_377	0	0	0	5	0	4	0	0	4	0	0	0	0	2	0	0	6	0	0	0	0	0	0	1	0	0	0	0	2	6	0	0	0	0	0	0	0	0	0	0	0	0	1	0	0	0	0	0	0	0	0	0	0	0	1	1	0	0	0	0	0	0	0	2	0	0	5	1	0	0	1	0	0	0	0	0	0	0	0	0	0	0	0	0	0	0	0	0	1	0	0	0	1	0	0	0	0	1	1	0	0	0	0	0	1	0	0	0	0	0	1	0	6	0	1	0	0	6	0	0	0	0	0	0	0	0	1	0	1	1	0	1	0	0	0	0	2	1	0	0	0	0	0	0	0	0	1	0	0	1	0	0	1	0	0	0	1	0	0	1	0	0	0	0	1	0	0	0	0	0	0	0	0	2	0	0	0	0	0	2	1	0	0	0	0	0	0	0	0
OTU_378	0	0	0	0	0	0	0	0	0	0	0	0	0	0	0	0	0	0	0	0	0	0	0	0	0	0	0	0	0	0	0	0	0	0	0	0	0	0	0	0	0	0	0	0	0	0	0	0	0	0	0	0	0	0	0	0	0	0	0	0	0	0	0	0	0	0	0	0	0	0	0	0	0	0	0	0	0	0	0	0	0	0	0	0	0	0	0	0	0	0	0	0	0	0	0	0	0	0	0	0	0	0	0	0	0	0	0	0	0	0	0	0	0	0	0	0	0	0	0	0	0	0	0	0	0	0	0	0	0	0	0	0	0	0	0	0	0	0	0	0	0	0	0	0	0	0	0	0	0	1	0	0	0	0	0	0	0	0	1	0	1	0	0	0	0	0	0	0	0	0	0	0	0	0	0	0	0	0	0	0	0	0	0	0	0	0	0	0	0
OTU_379	15	0	0	0	0	0	0	1	0	0	1	0	0	0	0	0	0	0	0	0	0	0	0	0	0	0	0	16	0	1	4	0	2	1	1	4	0	0	0	0	0	0	0	0	0	0	0	0	12	1	0	0	37	1	0	1	0	1	0	0	4	5	0	8	0	1	0	130	2	1	0	2	0	0	0	0	0	0	1	1	0	1	0	0	1	0	3	0	0	0	1	0	1	23	2	0	0	0	1	1	1	0	0	13	0	0	0	0	0	0	0	1	0	0	0	5	0	0	0	8	0	1	0	51	1	0	0	5	0	11	0	0	0	4	0	0	0	0	0	10	32	11	0	0	0	0	0	0	0	108	0	6	0	0	0	4	0	0	1	4	0	3	0	0	0	0	0	0	0	0	3	0	0	3	0	0	0	0	0	0	0	0	3	0	0	0	5	0	10
OTU_380	2	7	0	1	0	0	3	0	1	0	0	1	0	0	0	2	2	7	0	0	5	0	1	2	2	0	0	0	0	0	0	0	0	0	4	1	1	6	0	0	0	0	0	0	0	0	0	3	1	5	0	0	0	0	0	0	0	0	2	0	0	0	0	0	0	1	0	1	1	0	0	0	0	1	0	0	0	0	2	0	0	0	0	0	2	0	0	0	0	0	3	0	1	0	0	2	0	0	2	0	0	0	0	6	5	0	0	0	0	0	0	0	5	1	0	17	10	2	23	0	20	10	13	6	30	4	17	1	5	1	0	0	18	3	1	12	7	17	0	0	0	1	3	0	2	52	2	14	3	11	11	0	1	1	0	1	19	7	0	0	5	1	0	0	11	8	0	1	0	0	2	9	20	77	0	27	2	5	2	10	2	11	10	2	0	2	0	2	0
OTU_381	0	0	0	0	0	0	0	0	0	0	0	0	0	0	0	0	0	0	0	0	2	0	0	0	0	0	0	0	1	0	0	0	0	0	0	0	0	0	0	0	0	0	0	0	0	0	0	0	0	0	0	0	0	1	0	0	0	0	2	0	0	0	0	0	3	0	0	0	0	0	0	0	0	0	0	0	0	0	0	0	0	0	0	0	0	1	0	0	0	3	24	0	2	0	0	0	2	0	2	0	0	0	0	0	0	0	0	0	0	0	0	0	1	0	0	0	1	0	0	0	706	0	0	0	0	0	0	3	0	0	9	0	0	1	0	0	0	0	0	0	0	0	0	0	0	0	0	0	0	0	0	0	0	1	0	0	3	2	0	0	0	0	10	0	0	0	0	0	0	0	0	0	0	2	0	0	0	2	3	0	0	0	0	0	0	0	0	0	0
OTU_382	0	0	0	2	0	0	0	0	0	0	0	0	0	0	0	1	0	0	0	0	5	0	0	0	1	0	0	0	0	0	0	159	0	0	0	0	0	0	0	0	0	0	1	0	0	0	0	0	0	0	0	0	0	0	0	0	0	0	0	0	0	0	0	1	0	0	0	0	0	0	0	0	0	0	0	0	0	0	0	0	0	0	0	0	0	0	0	3	0	0	0	0	0	0	1	0	0	0	0	0	0	0	0	0	0	0	0	0	0	1	0	0	0	0	0	0	0	0	0	0	0	0	0	0	7	0	0	0	0	0	0	0	0	0	0	0	0	0	0	0	0	0	0	0	0	0	0	0	0	0	0	0	0	0	0	0	0	0	0	0	0	10	0	0	0	0	0	0	0	0	0	0	0	0	0	0	0	0	0	0	0	0	2	0	0	0	0	0	0
OTU_383	0	0	0	0	0	0	0	0	0	0	0	0	0	0	0	0	0	0	2	0	0	0	0	0	0	0	0	0	0	1	0	0	0	0	0	0	0	0	0	0	0	0	0	0	0	0	0	0	0	0	0	0	0	0	0	0	0	0	0	0	0	0	0	0	0	0	0	0	0	0	2	0	0	0	0	0	0	0	0	0	0	0	0	0	0	0	0	0	0	0	0	0	0	0	0	1	0	0	0	0	0	0	0	0	0	1	0	0	0	0	0	0	0	1	0	0	0	13	0	0	1	0	0	0	0	0	0	0	0	0	0	18	0	0	0	0	0	0	0	0	0	0	0	0	0	39	0	0	316	0	0	0	0	0	1	0	0	0	0	0	0	1	5	0	0	0	0	0	0	0	0	0	0	0	0	37	0	0	0	3	0	0	0	0	0	4	0	0	0
OTU_384	0	0	0	0	0	0	0	0	1	0	0	1	0	0	0	0	0	0	0	0	0	0	0	0	0	0	0	0	0	0	0	0	0	0	3	1	0	0	0	0	0	0	1	0	0	0	0	0	0	0	0	0	0	0	0	0	0	0	0	0	0	0	0	0	0	0	0	1	0	0	0	0	0	0	0	0	0	0	0	0	0	0	0	0	0	0	0	0	0	0	0	0	2	0	0	0	0	0	0	0	0	0	0	0	0	3	0	0	0	0	0	0	0	0	0	0	0	0	31	2	0	0	1	1	0	0	0	0	0	0	2	0	7	0	1	0	0	0	2	0	2	3	0	0	0	26	0	1	0	1	0	0	0	0	2	1	12	5	0	0	7	0	4	0	0	14	0	0	0	1	1	3	0	25	3	8	0	2	0	0	0	0	1	0	0	0	0	0	0
OTU_385	0	4	1	5	22	2	2	21	1	3	0	1	0	0	0	25	0	0	1	0	10	19	0	3	11	1	8	6	9	0	3	406	1	1	4	1	1	10	1	1	263	0	3	4	1	73	2	0	3	2	8	0	1	1	0	65	0	0	2	0	0	1	3	1	5	0	0	0	0	0	0	1	2	64	2	3	0	1	0	1	0	0	0	0	6	0	0	1	0	3	1	0	1	58	1	2	42	0	4	0	0	0	1	2	0	0	0	1	0	9	1	0	7	24	0	10	1	1	11	2	1	0	3	2	13	2	1	1	0	1	0	0	2	8	1	0	0	0	3	0	0	4	0	8	1	13	0	0	1	0	0	0	1	0	0	0	1	0	0	0	7	0	2	0	0	13	8	0	1	1	1	2	0	34	3	2	0	4	0	2	0	0	10	0	0	2	5	7	0
OTU_386	0	0	0	0	0	0	0	0	2	0	2	0	0	0	0	0	1	0	0	0	0	0	0	0	0	6	0	0	0	0	0	1	0	0	2	1	3	0	0	0	0	0	1	0	0	0	0	0	0	0	0	1	0	0	0	0	0	0	0	0	0	0	0	0	0	0	0	0	1	0	0	0	1	0	0	0	0	0	0	0	0	0	0	0	3	0	0	3	7	0	0	0	0	1	0	0	0	0	0	0	0	0	0	0	0	0	0	0	0	0	0	0	0	0	0	0	0	0	0	0	0	0	0	0	0	0	0	0	0	0	0	0	0	0	0	0	0	0	0	0	0	0	0	0	0	0	0	0	0	2	0	0	0	0	0	0	0	0	0	0	0	0	0	0	0	0	0	0	0	1	0	0	0	0	7	0	0	0	0	0	0	0	3	0	0	0	0	0	0
OTU_388	0	0	0	0	0	0	0	0	0	0	0	0	0	0	0	0	0	0	0	0	0	0	0	0	0	0	0	0	0	0	0	0	0	0	0	0	0	0	0	0	0	0	0	0	0	0	0	0	0	0	0	0	0	0	0	0	0	0	0	0	0	0	0	0	0	0	0	1	0	0	0	0	0	0	0	0	0	0	0	0	0	0	0	0	0	3	0	0	0	0	0	0	0	0	0	0	0	0	0	0	0	0	0	0	0	0	0	0	0	0	0	0	0	0	0	0	0	0	0	0	0	0	0	0	0	0	0	0	0	0	0	0	0	1	0	0	0	0	0	0	0	0	0	0	0	0	0	0	0	0	0	0	0	0	0	0	0	0	2	0	0	0	0	0	0	0	0	0	0	0	0	0	0	0	0	0	0	0	0	0	0	0	0	0	0	0	0	0	0
OTU_389	0	0	0	0	0	0	0	0	0	0	0	0	0	0	0	0	0	0	0	0	0	0	0	0	0	0	0	0	0	0	0	0	0	0	0	1	0	0	0	0	0	0	0	0	0	0	0	0	0	0	0	0	0	0	0	0	0	0	0	0	0	0	0	0	1	0	0	0	1	1	1	0	37	0	0	0	0	0	0	0	0	0	0	0	0	0	0	1	0	0	1	0	0	0	0	0	0	0	121	0	0	0	0	17	0	0	0	1	0	0	0	0	1	0	0	0	4	0	0	0	0	0	0	0	14	0	0	1	11	0	1	0	3	0	40	0	0	0	1	0	1	0	0	332	0	0	0	26	0	10	0	0	0	0	0	0	14	0	0	0	0	0	0	1	0	0	0	0	0	0	12	0	0	0	15	0	0	0	0	0	1	0	16	0	0	0	0	16	1
OTU_390	0	1	0	0	0	0	1	0	0	0	0	0	0	0	0	3	0	0	0	0	1	0	0	0	0	0	0	0	0	0	0	0	0	0	0	0	1	0	0	0	0	0	0	0	0	8	0	0	0	0	0	6	0	0	0	0	0	1	0	1	0	0	1	0	2	0	0	0	0	1	0	0	0	0	0	0	0	0	0	0	6	0	0	0	2	0	0	0	0	3	0	0	8	0	0	1	0	1	0	0	0	0	0	0	1	0	0	0	16	0	0	0	0	0	0	1	0	0	0	0	0	0	0	0	0	0	0	1	0	0	0	0	0	0	0	0	0	0	0	0	0	0	0	0	0	0	1	0	0	0	0	0	1	0	0	0	0	0	0	0	0	3	0	0	0	7	0	0	0	0	1	0	0	0	0	0	0	0	0	0	0	0	0	0	15	0	29	0	115
OTU_391	2	0	0	0	1	0	0	0	0	0	0	0	0	0	1	0	0	0	0	0	0	0	0	0	1	0	0	0	0	0	0	1	0	0	0	0	0	0	0	0	0	0	2	0	0	0	0	0	0	0	0	0	0	0	0	0	0	0	0	0	0	0	0	0	0	0	0	0	0	0	0	0	0	0	0	0	0	2	0	0	0	0	0	0	3	0	0	0	0	0	0	0	1	0	0	0	0	0	0	0	0	0	0	1	0	0	0	0	0	0	0	0	0	0	0	0	0	0	0	0	0	0	1	0	0	0	0	0	1	0	1	0	0	0	0	0	0	0	1	0	0	1	0	0	0	0	0	0	0	0	0	0	39	0	0	0	0	0	0	0	0	1	0	0	0	0	0	2	0	0	0	0	0	0	0	0	0	0	0	0	0	0	0	0	0	0	0	0	3
OTU_393	0	1	3	18	64	0	0	0	1	0	0	1	0	0	0	8	8	0	0	2	0	47	1	1	0	1	1	0	8	0	0	1	1	0	31	55	0	0	1	0	25	0	0	47	0	0	2	7	0	0	6	29	0	0	2	0	0	1	0	0	0	1	5	0	3	0	0	0	61	1	3	0	1	0	18	0	1	0	0	0	0	0	0	0	4	1	0	0	0	2	4	0	20	51	0	0	16	1	1	0	0	2	0	0	0	0	0	0	0	0	0	0	0	0	0	1	0	0	2	0	0	0	0	0	0	0	0	6	0	3	0	0	0	0	0	0	0	0	1	0	0	0	0	12	0	27	5	0	0	0	1	0	0	0	0	1	0	0	0	0	0	1	0	1	0	17	0	1	0	0	0	1	0	4	0	5	0	0	0	0	0	0	0	0	1	0	31	0	139
OTU_394	0	4	2	1	0	0	3	0	2	0	0	0	0	0	0	12	0	0	0	1	0	0	1	0	0	0	0	0	8	0	0	0	0	10	0	1	0	0	0	13	5	0	0	4	0	4	0	0	6	0	0	2	2	2	3	1	0	0	0	0	7	1	7	6	0	0	0	5	1	0	0	0	0	29	0	0	0	0	0	0	0	0	3	0	0	13	0	2	1	0	6	0	0	2	0	0	5	0	0	1	16	0	0	2	0	0	0	0	0	0	0	8	2	0	1	4	0	0	0	0	0	0	0	0	0	0	0	1	0	5	1	0	0	1	0	0	0	2	0	0	0	2	11	9	0	0	0	0	1	0	0	3	0	9	0	2	8	4	0	0	0	0	0	0	0	0	0	0	1	0	1	1	1	4	0	0	0	0	0	0	8	0	0	0	0	0	0	0	4
OTU_395	0	0	0	1	86	0	0	1	0	0	0	0	0	13	0	0	17	0	0	0	0	1	1	0	0	1	0	2	0	1	0	3	1	0	22	21	0	0	0	1	16	6	51	18	0	22	1	0	1	0	129	8	0	11	0	1	0	0	0	0	0	0	0	0	1	0	0	1	0	1	10	2	0	1	0	21	0	1	0	0	2	0	0	0	1	0	2	0	0	29	3	0	0	0	1	0	0	0	0	0	0	0	14	0	0	0	0	0	0	0	0	0	0	3	0	1	0	0	0	0	0	0	1	0	0	0	0	2	0	5	1	0	0	1	0	0	0	0	0	1	0	3	0	0	0	1	2	0	0	0	0	0	0	0	0	0	1	0	0	0	0	0	0	0	0	0	0	0	0	0	0	0	0	0	0	0	0	0	0	0	0	0	0	0	1	0	0	0	10
OTU_396	1	0	4	3	5	31	1	9	0	6	4	63	4	5	43	0	16	0	5	0	0	0	0	1	1	1	0	0	2	0	3	14	3	0	2	0	2	13	8	49	3	8	7	6	1	1	3	3	2	2	3	1	11	3	0	8	4	52	1	23	1	2	16	1	7	25	1	14	0	3	5	0	0	9	1	2	14	16	0	26	14	1	0	2	0	1	2	1	5	2	3	2	0	0	18	0	9	0	0	10	0	4	1	0	0	6	5	0	22	70	2	3	0	0	1	4	0	1	6	2	1	1	0	0	9	8	0	1	0	7	7	0	0	4	0	1	0	0	0	0	1	4	0	1	25	6	3	1	2	0	0	4	8	3	1	1	3	1	13	105	1	0	0	26	1	17	4	12	21	1	1	4	5	1	7	0	0	1	2	0	5	0	5	38	1	2	1	4	1
OTU_397	0	0	0	0	0	0	10	0	1	0	0	0	0	0	0	0	0	0	0	0	0	0	1	2	0	0	0	0	0	0	0	0	2	1	1	0	0	16	0	0	10	0	0	0	0	2	0	1	0	0	0	1	0	0	0	0	0	0	2	0	0	0	0	0	3	0	0	0	0	0	0	1	1	0	0	1	0	0	1	0	0	0	0	0	2	0	0	0	0	1	0	0	4	9	0	5	1	0	1	2	0	0	0	11	14	22	1	1	0	0	1	1	11	5	1	9	8	5	16	3	69	0	0	9	9	3	0	0	0	0	1	0	29	2	1	2	0	0	1	0	1	2	1	23	0	16	0	0	5	0	4	2	3	1	14	0	48	6	1	0	0	1	6	1	16	7	3	0	0	1	2	12	0	31	4	2	2	3	4	2	5	0	22	0	4	7	0	0	0
OTU_398	0	0	0	0	0	0	0	0	0	0	0	0	1	0	0	0	0	0	0	0	0	0	0	0	0	0	0	0	0	0	0	0	0	0	0	0	0	0	0	0	0	0	1	1	0	0	0	0	0	0	0	0	0	0	0	0	0	0	0	0	0	0	0	0	0	0	0	0	0	0	0	0	0	0	0	0	0	0	0	0	0	0	0	0	0	0	0	0	0	0	0	0	0	0	0	0	0	0	0	0	0	0	0	0	0	0	0	0	0	0	0	0	0	0	0	0	0	0	0	0	0	0	0	0	0	0	0	0	0	0	0	0	0	0	0	0	0	0	0	0	1	0	0	0	0	48	0	0	0	0	0	0	0	1	0	0	0	0	0	0	0	0	0	0	0	0	0	0	0	0	0	0	132	0	0	30	0	0	0	0	0	68	0	0	1	0	0	0	0
OTU_399	0	1	0	0	0	0	26	0	0	0	0	1	0	0	0	1	0	0	0	0	0	2	0	7	0	0	1	0	0	0	3	0	0	0	1	0	0	18	0	0	0	0	1	0	0	0	0	0	0	0	1	0	0	0	0	0	0	0	0	0	0	0	0	0	1	0	0	1	0	0	0	0	11	0	0	0	0	0	1	0	0	0	0	0	1	0	0	0	0	0	0	0	0	0	0	0	0	0	0	0	0	0	0	2	0	0	0	0	0	0	1	0	3	1	0	0	1	2	22	0	134	0	0	7	0	1	2	0	0	17	0	0	1	0	26	0	0	0	2	0	0	0	0	4	0	52	1	47	1	25	2	0	1	1	5	0	0	9	1	0	11	0	4	2	0	3	5	0	1	0	0	43	0	12	0	44	5	0	4	12	0	0	0	0	10	0	7	0	0
OTU_400	3	3	0	53	0	28	39	0	2	10	1	1	0	0	1	0	0	0	0	1	1	0	1	1	8	0	0	0	1	1	2	4	0	8	1	0	1	0	6	12	5	0	8	0	0	7	1	24	1	4	1	0	0	1	3	3	0	22	1	0	0	1	2	0	0	0	0	0	0	0	0	0	0	12	0	1	30	0	0	1	0	0	0	0	1	0	2	0	22	5	1	2	0	0	0	0	1	0	1	1	1	1	0	4	0	1	0	1	0	22	1	0	0	0	0	1	2	0	8	0	0	0	0	0	2	5	1	0	0	2	1	0	0	0	2	0	1	0	0	0	0	4	54	0	4	5	2	0	0	2	0	9	0	1	0	0	1	2	0	0	0	1	3	4	5	0	0	3	0	0	0	0	1	8	4	0	2	0	1	1	1	0	7	6	0	0	0	1	0
OTU_401	0	0	0	0	0	0	0	0	0	0	0	0	0	0	0	0	0	0	1	0	0	0	0	0	0	0	0	0	0	0	0	0	0	0	0	0	0	0	0	0	0	0	97	0	0	0	0	0	0	0	0	0	0	1	0	0	0	0	0	0	0	0	0	0	0	0	0	0	0	0	0	0	0	0	0	0	0	0	1	0	0	0	0	0	0	0	0	0	0	0	0	0	0	0	0	0	0	0	0	0	0	0	0	0	1	2	0	0	0	0	0	0	37	0	0	0	0	0	0	0	0	0	0	0	0	0	0	0	0	0	1	0	0	0	0	976	0	0	0	0	0	1	0	241	0	0	0	0	0	0	1	0	0	0	0	0	0	0	0	0	1	0	0	0	1	0	0	1	1	0	1	0	53	0	52	0	46	0	0	0	1	63	0	4	0	0	1	0	1
OTU_402	0	0	0	0	0	0	0	0	0	0	0	0	0	0	0	0	0	0	0	0	0	0	0	0	0	0	0	0	0	0	0	0	0	0	0	0	0	0	0	0	0	0	0	0	0	0	0	0	0	0	0	0	0	0	0	0	0	0	0	0	0	0	0	0	0	0	0	0	0	0	0	0	0	0	0	0	0	0	0	0	0	0	0	0	0	0	0	0	0	0	0	0	0	0	0	0	0	0	0	0	0	0	0	0	0	0	0	0	0	0	0	0	0	1	0	0	0	0	0	0	0	0	0	0	0	0	0	0	0	0	0	0	0	0	0	0	0	0	0	0	0	0	0	0	0	0	0	0	0	0	1	0	0	0	0	0	0	0	0	0	0	0	0	0	0	0	0	0	0	0	0	0	0	0	0	0	0	0	2	0	1	0	0	0	0	0	0	0	0
OTU_403	0	0	0	0	0	0	0	0	0	0	0	0	0	0	0	0	0	0	0	0	0	0	0	0	0	0	0	0	0	0	0	0	0	0	0	0	0	0	0	0	0	0	0	0	0	0	0	85	0	0	0	0	0	0	0	1	0	0	0	0	4	0	0	0	0	0	0	0	0	0	1	0	0	0	0	0	0	0	0	0	0	0	0	0	1	0	0	0	0	0	0	0	0	0	0	0	0	0	488	0	0	0	0	0	0	0	7	0	0	0	0	0	0	0	0	0	0	0	0	0	1	0	0	0	0	0	0	0	0	0	0	0	0	0	0	0	0	0	0	0	0	0	0	0	0	0	0	0	0	0	0	0	1	0	0	0	0	0	0	0	0	1	0	0	0	0	0	0	0	0	0	321	0	0	0	0	0	0	0	0	0	0	0	0	0	1	0	0	0
OTU_404	0	0	0	13	0	0	3	0	0	0	0	0	0	0	6	0	0	0	0	0	0	1	1	0	0	0	0	1	0	0	0	0	0	0	0	0	0	0	0	0	1	0	0	0	0	0	0	0	0	0	0	0	0	0	0	0	0	1	1	0	0	0	0	0	0	0	0	1	0	0	0	0	0	0	0	0	0	0	0	4	0	0	0	0	0	0	0	0	0	0	0	0	0	0	0	5	0	0	4	27	0	0	0	31	1	0	0	0	0	0	1	0	15	0	0	3	19	17	0	3	11	0	0	0	24	0	10	0	0	0	0	0	18	5	11	0	0	2	1	1	0	0	2	2	0	0	0	35	0	10	0	0	0	0	16	23	175	0	0	0	6	1	0	0	4	0	0	0	0	0	8	13	0	0	0	0	0	6	0	12	0	1	5	0	3	4	0	0	1
OTU_405	0	0	0	0	0	0	0	0	0	0	0	0	0	0	0	0	0	0	0	0	0	0	0	0	0	0	0	0	0	0	0	1	0	0	0	0	0	0	0	0	0	0	0	0	0	0	0	0	0	0	0	0	0	0	0	0	0	0	0	0	0	0	0	0	0	0	0	0	0	0	0	0	0	0	0	0	0	0	0	0	0	0	0	0	0	0	0	0	0	0	0	0	0	0	0	0	0	0	0	0	0	0	0	0	0	0	0	0	0	0	0	0	0	0	0	0	0	0	0	0	0	0	0	0	0	0	0	0	0	0	0	0	0	0	327	0	0	0	0	0	0	0	0	0	0	0	0	0	0	0	0	0	0	0	0	0	0	0	0	0	0	0	0	0	0	0	0	0	0	35	0	0	0	0	2	0	0	0	0	0	0	0	0	0	0	0	0	0	0
OTU_406	0	3	0	4	9	1	0	15	0	2	0	0	0	3	0	1	0	0	0	0	1	2	0	0	2	0	0	0	1	0	0	0	0	0	2	1	0	0	0	0	0	4	0	32	0	10	1	0	0	0	5	0	0	0	0	0	0	0	0	0	0	0	2	0	0	0	0	0	2	0	0	0	0	1	0	0	0	0	0	0	0	0	0	0	0	0	1	5	4	1	0	0	0	0	0	0	6	0	0	0	0	0	0	0	3	0	0	0	0	0	0	1	0	0	13	0	0	0	0	5	0	0	0	0	0	0	0	0	0	0	6	0	0	0	0	0	0	0	0	0	0	0	0	0	0	1	1	0	0	0	0	0	0	1	0	0	0	0	0	0	0	0	0	0	0	2	0	0	0	0	0	0	0	3	0	0	0	1	0	0	1	0	0	0	1	4	3	3	0
OTU_407	0	0	0	0	0	0	0	0	0	0	0	0	0	0	0	0	0	0	0	0	0	3	0	0	0	0	0	0	0	0	0	0	0	0	6	0	0	0	0	0	0	0	0	0	0	0	0	0	0	0	0	0	0	0	0	0	0	0	0	0	0	0	0	0	0	0	0	0	0	0	0	0	0	0	0	0	0	0	0	0	0	0	0	0	0	0	0	0	0	0	0	0	0	0	0	0	0	0	0	0	0	0	0	0	0	0	0	0	0	1	0	0	0	0	0	1	0	0	77	0	0	0	0	0	0	0	0	0	0	0	0	0	0	0	0	0	0	2	0	0	0	0	0	0	0	0	0	0	0	0	0	0	9	0	1	0	0	0	0	0	0	0	0	0	0	0	0	0	0	0	0	0	0	15	0	0	0	0	0	0	0	0	0	0	0	0	0	0	0
OTU_408	0	0	0	0	0	0	0	0	0	0	0	0	0	0	0	0	0	0	0	0	0	0	0	0	0	0	0	0	0	0	0	0	0	0	0	0	0	0	0	0	0	0	0	0	0	0	0	0	0	0	0	0	0	0	0	0	0	1	0	0	0	0	0	0	0	0	0	0	0	0	0	0	0	0	0	0	0	0	0	0	0	0	0	2	0	0	0	0	0	0	0	0	0	0	0	0	0	0	0	0	0	0	0	0	0	0	0	0	0	0	0	0	0	0	0	0	0	0	0	0	0	0	0	0	0	0	0	0	0	0	0	0	0	0	0	0	0	0	0	0	0	0	0	0	0	0	0	0	0	0	0	0	0	0	0	0	0	0	0	0	0	0	0	0	0	0	0	0	0	0	0	0	0	0	0	0	0	0	0	0	0	0	0	0	0	0	0	0	4
OTU_409	0	0	0	0	0	0	0	0	0	0	0	0	0	1	0	1	0	0	0	0	1	0	0	0	0	0	0	0	0	0	0	0	0	0	0	0	0	0	0	0	0	0	0	0	0	0	0	0	0	0	0	0	0	0	0	0	0	0	0	0	0	0	0	0	0	0	0	0	0	1	0	0	0	0	0	0	0	0	0	0	0	0	0	0	0	4	0	0	0	0	0	0	0	0	0	0	0	0	0	0	0	0	0	1	0	0	0	0	0	0	0	0	0	0	0	0	2	0	0	0	0	0	0	0	0	1	0	0	0	1	0	0	296	0	0	0	0	0	0	0	0	1	0	0	0	0	0	0	0	0	0	0	0	0	0	0	0	0	0	0	0	14	0	0	0	0	0	2	0	0	0	0	0	0	0	0	0	0	0	0	1	0	0	0	0	0	0	0	4
OTU_410	0	0	0	0	0	0	0	0	0	0	0	0	0	0	0	0	0	0	0	0	0	0	0	0	0	0	0	0	0	0	1	0	0	0	0	0	0	0	0	0	0	0	0	0	0	1	0	0	0	0	0	0	0	0	0	0	0	0	0	0	0	0	0	0	0	0	0	0	0	0	0	0	0	0	0	0	0	0	0	0	0	0	0	0	0	0	0	0	0	0	0	0	0	0	0	0	0	0	0	0	0	0	0	0	0	0	0	0	0	0	0	0	0	0	0	0	0	0	0	0	0	0	0	0	0	0	0	0	0	0	0	0	0	0	0	0	0	0	0	0	0	0	1	0	0	0	0	0	0	0	0	0	0	0	0	0	0	0	0	0	0	0	0	0	0	0	0	0	0	0	0	0	0	0	0	0	0	0	0	0	1	0	0	0	0	0	0	0	0
OTU_411	49	524	0	48	0	0	7	67	1	12	0	0	0	1	35	13	0	1	2	2	1	0	1	7	1	1	2	1	0	5	3	0	1	1	0	6	0	20	1	0	0	323	2	0	0	2	0	7	0	2	0	5	0	2	2	4	0	3	1	0	1	1	72	0	9	0	0	0	0	1	0	0	0	1	1	0	0	0	2	1	0	0	0	0	1	0	0	0	2	0	1	0	2	3	2	6	0	0	5	0	1	0	1	42	7	4	0	1	0	0	0	0	3	1	11	26	30	14	7	11	5	0	1	16	0	93	18	8	0	42	0	0	1	18	9	0	194	1	5	1	7	4	8	0	1	15	30	258	0	92	9	1	17	1	0	2	30	18	5	0	0	4	1	0	6	0	2	4	5	3	0	0	38	37	370	20	2	15	60	6	1	33	45	1	15	10	12	8	2
OTU_413	0	0	0	0	0	0	12	0	0	0	0	0	0	0	1	0	0	0	0	0	6	4	1	5	0	0	0	0	1	0	0	0	0	0	0	0	0	0	0	0	0	0	0	0	0	0	1	0	0	0	0	1	0	0	0	0	0	0	1	0	0	0	0	0	0	0	0	0	0	0	0	0	5	0	0	6	0	0	0	1	0	0	0	0	8	0	0	1	0	0	0	0	0	1	0	0	3	0	0	1	13	0	0	0	0	0	0	0	0	0	0	0	0	0	0	2	0	0	37	9	0	1	0	1	1	0	0	1	1	0	2	0	0	1	28	0	0	2	0	0	0	14	0	0	0	0	0	2	0	1	0	0	41	0	0	0	0	2	1	0	3	1	5	1	2	1	0	1	2	1	0	1	1	13	0	0	0	6	6	0	0	0	0	0	3	10	0	3	10
OTU_414	0	0	0	0	0	0	0	0	0	0	0	0	0	0	0	0	0	0	0	0	0	0	0	0	0	0	0	0	0	0	1	0	0	0	0	0	0	0	0	0	0	0	0	0	0	0	0	0	0	0	0	0	0	0	0	0	0	0	0	0	0	0	0	0	0	0	0	0	0	0	0	0	0	0	0	0	0	0	0	0	0	0	1	0	0	0	0	0	0	0	0	0	0	0	0	0	0	0	0	0	0	0	0	0	0	0	0	0	0	0	0	0	0	0	0	0	0	0	0	0	0	0	0	0	0	0	0	0	0	0	0	0	0	0	0	0	0	0	0	0	0	0	0	0	0	0	0	0	0	0	0	0	0	0	0	0	0	0	0	0	0	0	0	0	0	0	0	0	0	0	0	0	0	0	0	0	0	0	0	0	0	0	0	0	0	0	0	0	0
OTU_415	3	0	0	0	2	3	0	0	2	0	1	1	0	0	1	0	0	3	1	0	0	0	0	0	0	0	1	0	1	0	0	0	0	6	0	0	0	0	0	1	0	4	2	0	0	0	0	0	0	8	0	0	7	0	0	0	0	0	0	1	0	15	0	0	0	6	0	8	5	0	0	20	0	0	0	1	1	8	0	0	6	0	0	0	0	1	0	5	0	1	0	0	2	0	23	0	0	0	0	0	0	1	1	0	0	0	1	0	0	0	9	0	1	0	0	1	0	0	0	2	0	8	2	1	0	1	0	1	1	0	0	651	0	2	0	2	0	0	0	0	0	0	0	0	0	5	0	5	1	2944	0	1	0	2	1	6	0	0	0	4	10	1	0	1	0	0	0	3	2	0	0	0	0	0	0	1	0	0	0	0	23	0	3	0	2	0	0	1	0
OTU_416	0	0	0	0	0	0	1	0	0	0	0	0	0	1	5	5	0	0	0	0	0	2	2	0	0	0	0	0	0	0	0	5	0	0	0	0	0	0	0	0	0	0	5	0	0	5	0	0	0	0	0	0	0	0	0	0	0	0	1	0	0	1	0	0	1	0	0	1	22	0	0	0	0	0	0	0	0	10	0	0	0	0	0	0	0	0	0	0	0	0	0	0	2	0	0	2	22	0	133	7	0	0	8	1	5	0	0	0	0	0	0	0	0	72	0	0	1	8	26	8	45	0	0	0	0	0	4	0	0	46	96	0	0	12	9	0	0	0	0	0	0	118	1	0	1	0	0	0	0	0	1	0	0	16	10	1	36	25	0	0	1	1	4	1	0	0	0	0	0	0	0	170	4	2	0	2	0	9	10	11	1	0	0	1	0	2	3	0	0
OTU_417	2	0	0	0	0	0	0	0	10	0	0	1	0	0	1	1	0	0	0	0	0	0	0	0	0	0	1	0	0	2	0	0	0	0	0	0	0	0	0	0	0	0	4	0	0	0	0	0	0	0	0	2	0	0	1	0	0	0	0	0	0	0	0	0	0	0	0	0	0	1	1	0	0	0	0	1	0	1	0	0	0	0	0	0	0	0	0	0	0	0	0	0	4	0	0	2	0	0	0	0	1	0	0	0	2	0	0	1	0	0	1	0	0	0	0	1	0	7	0	2	11	0	0	2	0	0	1	0	0	0	1	0	0	5	0	0	0	0	0	0	0	16	0	0	0	0	0	0	0	1	11	1	18	0	1	0	0	5	1	0	3	0	17	0	4	28	0	1	1	0	2	7	0	0	0	0	1	2	10	2	0	0	0	0	5	23	0	0	2
OTU_418	0	0	0	0	0	0	0	0	0	0	0	0	0	0	0	0	0	1	0	1	0	0	0	0	0	0	0	0	0	0	0	0	0	0	0	0	0	0	0	0	0	0	0	0	0	0	0	0	0	0	0	0	0	0	0	0	0	0	0	0	0	0	0	0	0	0	0	1	0	0	0	0	0	0	0	0	0	0	0	0	0	0	0	0	0	0	0	0	0	0	0	0	0	0	0	0	0	0	0	0	0	0	0	0	0	0	0	0	0	0	0	5	0	0	0	0	0	0	0	0	0	0	0	0	0	0	0	0	1	0	0	0	0	0	0	0	0	0	0	0	0	0	0	0	0	117	0	0	0	0	0	0	1	0	23	0	0	0	0	0	0	0	0	0	0	47	0	0	1	0	0	37	0	5	0	25	0	11	7	0	0	0	1	0	0	0	0	0	0
OTU_419	0	0	0	0	0	0	0	0	0	0	0	0	0	0	0	0	0	0	0	1	0	0	0	0	0	0	0	0	0	0	0	0	0	0	0	0	0	0	0	0	0	0	0	0	0	0	0	0	0	0	0	0	0	0	0	0	0	0	0	0	0	0	0	0	6	0	0	0	0	0	0	0	0	0	0	0	0	0	4	0	0	0	0	0	0	0	0	2	0	0	0	0	0	0	0	0	2	0	0	0	0	0	0	0	0	0	0	0	0	0	0	0	0	0	0	0	1	0	6	4	0	0	0	0	0	0	4	0	0	0	0	0	4	0	13	0	0	1	0	0	0	0	0	0	0	4	0	0	0	1	0	0	0	0	0	0	1	35	0	0	0	1	0	0	0	0	0	0	0	1	0	1	0	59	31	0	0	0	2	0	0	0	34	0	0	0	0	1	0
OTU_420	0	0	0	0	0	0	0	0	0	0	0	0	0	0	0	0	0	0	0	0	0	1	0	0	0	0	0	0	0	0	0	0	0	0	0	0	0	0	0	0	0	0	0	0	0	0	0	0	0	0	0	0	0	0	0	0	0	0	2	0	0	0	0	0	0	0	1	0	0	0	0	0	0	0	0	0	0	0	0	0	0	0	0	0	0	0	0	0	0	0	0	0	0	0	0	0	0	0	0	0	0	0	0	0	0	0	0	10	0	0	0	0	0	0	0	0	0	0	145	0	0	0	0	0	0	0	0	0	0	1	0	0	0	0	0	0	0	0	0	0	0	0	0	0	0	0	0	0	0	0	0	0	0	1	0	0	0	0	0	0	0	0	0	0	0	0	0	0	0	89	0	0	0	3	0	0	0	0	52	0	0	0	0	0	0	0	0	0	0
OTU_421	0	0	0	0	0	0	0	0	1	0	0	0	0	0	0	0	0	0	0	0	0	0	0	0	0	0	0	0	0	0	0	0	0	0	0	0	0	0	0	0	0	0	0	0	0	0	0	0	0	0	0	0	0	0	0	0	0	0	0	0	0	0	0	0	0	0	0	0	0	0	0	0	0	0	0	0	0	0	0	0	0	0	0	0	0	0	0	0	0	0	0	0	0	0	0	0	0	0	0	0	0	0	0	0	0	0	0	1	0	0	2	0	1	0	0	0	0	0	0	0	0	0	0	0	13	0	6	0	0	0	0	0	58	0	0	0	0	0	0	0	0	0	0	0	0	0	6	335	0	99	0	0	0	0	0	0	0	0	0	0	3	1	0	0	0	0	0	0	0	0	0	8	0	0	264	0	0	0	0	0	0	0	0	0	0	0	0	0	0
OTU_422	0	0	0	0	0	0	0	0	0	0	0	0	0	0	0	0	0	0	0	0	0	0	0	0	0	0	0	2	0	0	0	0	0	0	0	0	0	0	0	0	0	0	0	0	0	0	0	0	0	0	0	0	0	0	0	0	0	0	0	0	0	0	0	0	0	0	0	0	0	0	0	0	0	0	0	0	0	0	0	0	0	0	0	0	0	0	0	0	0	0	0	0	0	0	0	0	0	0	0	0	0	0	0	0	0	0	1	0	1	0	0	0	0	0	0	0	0	0	0	0	0	0	0	0	0	0	0	0	0	0	1	0	0	0	0	41	0	0	0	0	0	0	0	2	0	3	1	0	0	4	0	0	0	0	1	0	0	0	0	0	0	0	0	0	0	0	0	0	0	0	0	0	0	2	0	3	0	0	0	0	0	0	538	0	1	0	0	0	0
OTU_423	0	0	1	3	0	1	0	109	1	0	0	0	0	2	0	2	2	0	0	0	2	35	0	1	0	0	0	1	2	0	3	0	0	1	3	3	0	0	7	2	13	0	0	12	2	19	0	0	1	1	6	11	0	64	2	0	0	0	0	0	14	0	5	0	1	0	0	0	2	0	13	0	0	37	3	14	6	2	0	0	1	0	2	0	2	0	0	3	3	5	18	4	1	5	0	0	62	0	2	1	32	0	2	0	0	0	0	0	0	2	0	0	0	0	0	1	1	1	1	0	0	0	0	0	0	0	0	0	0	2	1	0	0	1	4	0	1	0	0	0	0	0	1	12	1	16	0	0	0	0	0	0	2	0	0	0	1	0	0	0	0	0	0	0	0	0	0	0	0	5	0	0	0	9	1	6	0	0	1	0	0	0	6	2	3	0	3	0	25
OTU_424	0	0	0	0	0	0	0	0	0	0	0	0	0	0	0	1	0	0	0	0	0	0	0	0	0	0	0	0	0	0	0	0	0	0	0	0	0	0	0	0	0	0	0	0	0	0	0	0	0	0	1	0	0	0	0	0	0	0	0	0	0	0	0	0	0	0	0	0	0	0	0	0	0	0	0	0	0	0	0	0	0	0	0	0	0	0	0	0	0	0	0	0	0	0	0	0	0	0	0	0	0	0	0	1	0	0	0	0	0	0	0	0	0	0	0	0	0	0	0	0	0	0	0	0	0	0	0	0	0	0	0	0	0	0	0	0	0	0	0	0	0	0	0	0	0	0	0	0	0	0	0	0	0	0	0	0	0	0	0	0	0	0	0	0	0	0	0	0	0	0	0	0	0	0	0	0	0	0	0	0	0	0	0	0	0	0	0	0	2
OTU_425	0	0	0	0	0	0	16	0	2	0	0	0	0	0	3	0	0	0	0	0	0	1	0	0	0	0	0	0	0	0	5	0	0	0	0	0	0	0	0	0	0	0	0	0	0	1	0	0	0	0	0	1	0	0	0	1	0	0	3	0	0	0	0	0	0	0	2	0	0	0	1	0	0	0	0	0	0	0	1	0	0	0	0	0	0	0	0	0	0	0	0	0	10	0	0	0	0	0	7	0	0	0	0	0	3	0	0	0	0	0	0	1	0	0	0	0	2	0	5	1	1	0	0	21	0	1	6	0	0	0	0	0	19	2	22	0	0	0	1	0	26	0	0	0	0	2	0	11	11	1	45	5	0	1	1	0	0	11	0	0	3	0	0	0	0	2	0	0	0	0	0	14	0	24	0	18	0	0	7	0	0	0	28	0	0	0	0	1	0
OTU_426	0	0	0	0	0	0	0	0	0	0	0	0	0	0	0	0	0	0	0	0	0	0	0	0	0	0	0	0	0	0	0	0	0	0	0	0	0	4	0	0	0	0	0	0	0	0	0	0	0	0	0	0	0	0	0	0	0	0	0	0	0	0	0	0	3	0	0	0	0	0	0	0	0	0	0	0	0	0	0	0	0	0	0	0	0	0	0	0	0	0	0	0	0	0	0	0	0	0	0	0	0	0	0	0	0	1	0	0	0	1	0	0	0	0	0	1	2	0	78	0	0	0	0	12	0	0	4	0	0	0	1	0	1	1	0	0	0	0	0	0	0	0	1	0	0	48	0	2	2	1	0	2	0	0	0	0	10	8	0	0	2	0	1	0	0	1	0	0	2	0	0	0	0	3	2	33	0	0	0	0	0	0	0	0	15	2	0	0	0
OTU_427	0	0	0	13	0	0	0	0	5	0	0	0	0	0	1	1	0	0	0	0	0	5	0	0	3	0	1	0	8	1	0	0	1	0	20	5	0	0	0	0	10	0	14	10	0	3	0	0	0	0	0	3	0	0	0	0	0	0	0	0	2	0	0	1	1	0	0	0	0	0	0	0	0	0	0	0	0	4	0	0	0	0	8	0	2	0	0	0	0	1	0	1	4	0	0	0	33	0	0	2	0	1	0	0	0	0	0	0	0	0	0	0	0	0	0	0	0	0	21	0	0	0	0	0	0	0	0	0	0	0	0	0	0	0	0	0	0	0	0	0	0	0	0	8	2	2	0	1	0	0	0	0	0	0	0	1	0	0	0	0	0	0	1	0	0	5	0	0	0	4	0	0	0	0	0	5	0	1	0	0	0	0	1	0	3	1	66	0	0
OTU_428	0	0	0	0	0	0	0	0	0	0	0	0	0	0	0	0	0	0	0	0	0	0	0	0	13	0	0	0	1	0	1	0	0	0	0	0	0	0	0	0	0	0	0	0	0	0	0	0	0	0	0	0	0	0	0	0	0	0	2	0	0	0	0	0	0	0	0	0	0	0	0	0	3	0	0	0	0	0	0	0	0	0	0	0	5	0	0	1	0	0	1	0	0	0	0	0	0	0	0	0	0	0	0	0	0	7	0	0	0	0	0	0	0	1	0	1	2	0	0	0	0	0	0	0	0	0	1	0	0	0	0	0	71	0	0	0	1	0	0	0	0	0	0	0	0	2	1	0	0	0	0	1	116	0	0	0	0	0	1	0	0	3	0	0	0	0	0	1	0	1	0	0	0	3	0	0	0	0	0	1	2	0	0	0	0	0	3	0	0
OTU_429	0	0	0	8	0	0	4	0	6	0	0	0	0	0	0	0	0	0	0	0	3	0	5	3	0	0	0	0	0	0	0	0	0	0	1	1	0	0	0	0	0	0	1	0	0	0	0	0	0	0	0	0	0	0	0	0	0	0	6	0	0	0	0	0	0	0	1	1	0	0	0	0	8	0	0	0	0	0	0	0	0	0	0	0	10	0	0	0	0	0	1	0	0	0	0	0	3	0	2	0	0	0	0	1	0	0	0	0	0	0	0	0	0	0	0	0	0	4	11	1	1	0	0	4	4	0	2	0	0	4	0	0	1	1	8	0	0	1	1	0	1	2	0	0	0	0	0	3	0	4	3	0	0	0	0	0	1	2	0	0	0	0	3	0	0	0	2	0	0	5	0	0	0	5	0	0	0	0	1	3	0	0	1	0	16	0	0	0	0
OTU_430	0	2	0	0	69	3	0	0	0	0	54	0	0	0	0	1	23	0	1	0	0	0	0	0	30	4	0	64	2	0	0	2	0	0	27	49	0	0	0	0	0	0	0	0	0	45	16	0	0	0	19	0	0	1	0	0	1	1	0	6	0	0	8	2	0	0	0	1	24	0	0	0	0	0	0	2	0	0	0	0	0	0	0	0	0	0	11	1	0	30	1	1	1	0	1	0	0	0	0	0	0	7	0	0	0	0	0	0	0	0	0	0	0	0	0	0	0	0	0	0	0	0	0	0	0	0	0	0	0	0	0	0	0	0	0	0	0	0	0	0	0	1	0	0	0	0	0	0	0	0	0	0	0	0	0	0	0	0	0	0	0	0	0	0	0	0	0	1	0	0	0	0	0	0	0	0	0	0	0	0	0	0	0	0	0	0	0	0	0
OTU_431	0	0	0	0	0	0	0	1	0	0	0	2	0	0	0	0	1	0	0	0	0	2	0	0	0	0	0	0	0	0	3	0	0	2	0	0	0	0	1	0	0	0	0	0	0	0	0	0	0	0	0	0	0	0	2	0	0	0	0	0	0	0	0	1	0	1	0	0	0	0	0	0	0	0	0	0	1	0	0	0	0	0	1	0	0	0	0	0	44	0	0	0	0	0	0	0	0	0	0	0	0	0	0	0	0	0	0	7	0	0	61	0	0	0	1	0	0	56	0	1	0	2	0	0	0	0	0	0	0	0	0	31	0	0	0	0	2	0	3	1	0	2	0	0	0	0	0	0	0	1	0	0	0	0	0	0	16	0	2	0	0	0	0	0	0	0	0	1	0	0	0	0	0	0	0	0	0	0	0	0	432	0	0	0	2	1	1	0	15
OTU_432	4	0	0	0	7	0	1	2	7	4	2	1	1	0	0	0	1	8	0	3	2	0	1	0	2	4	0	0	0	1	6	3	0	0	1	1	1	0	4	0	0	4	0	1	0	1	0	0	2	0	0	1	0	0	2	1	1	0	1	0	2	3	0	3	8	0	3	3	2	1	0	5	0	5	0	0	0	0	1	1	1	1	4	0	0	2	0	1	0	1	2	1	0	0	0	0	0	4	0	0	2	9	0	0	0	0	0	6	2	0	0	2	0	0	0	1	0	0	0	0	0	0	0	2	0	0	0	12	0	0	1	1	1	1	0	0	0	0	1	1	4	4	0	3	0	3	0	2	0	0	0	0	0	2	0	3	0	0	0	1	1	0	1	0	1	3	0	1	0	0	0	0	0	1	2	0	0	0	0	0	0	0	4	0	7	0	1	0	8
OTU_433	0	0	0	1	1	0	1	0	0	0	0	0	1	0	0	0	0	0	0	0	0	0	0	0	0	0	0	0	0	0	0	1	0	17	9	4	0	0	0	0	0	1	0	0	0	0	0	0	0	0	0	0	0	0	0	0	0	0	0	0	0	0	0	0	0	0	0	0	0	0	0	1	0	0	0	0	0	0	0	0	0	0	0	0	0	0	0	0	0	0	0	0	0	0	0	0	0	0	0	0	0	0	0	0	0	0	0	0	0	0	0	1	0	0	0	0	0	0	0	0	0	0	0	0	0	0	0	0	0	0	0	1	0	0	0	0	0	0	0	0	0	0	0	0	0	0	0	0	0	0	0	0	0	0	0	0	0	0	0	0	0	0	0	0	0	0	0	0	0	0	0	0	0	0	0	0	0	0	0	0	0	0	0	0	0	0	0	0	0
OTU_434	4	2	0	2	4	1	7	3	0	0	0	1	0	3	0	2	1	3	5	3	0	1	1	4	1	0	2	6	15	2	1	1	2	0	2	0	1	1	0	2	0	1	1	0	0	0	4	2	8	1	2	0	1	0	0	3	0	0	4	0	0	0	0	0	1	2	2	6	0	1	15	5	0	2	1	1	1	1	1	2	0	0	1	0	0	0	1	0	0	11	1	1	0	1	2	2	0	6	1	7	0	0	2	0	7	1	3	1	11	2	18	0	0	0	0	17	0	1	2	13	0	8	13	2	1	6	6	1	2	2	0	10	11	1	2	4	4	2	3	1	0	0	9	4	0	2	9	0	12	0	6	4	11	4	0	1	0	2	5	5	9	3	11	2	0	4	3	0	0	0	5	0	6	6	2	4	5	2	4	5	4	8	1	2	2	0	1	9	1
OTU_435	0	0	0	0	0	0	0	0	0	0	0	0	0	0	0	0	0	0	0	0	0	0	0	0	0	0	0	0	0	0	0	0	0	0	0	0	0	0	0	0	0	0	0	0	0	0	0	0	0	0	0	0	0	0	0	0	0	0	0	0	0	0	0	0	0	0	0	0	0	0	0	0	0	0	0	0	0	0	0	0	0	0	0	0	0	0	0	0	0	0	0	0	0	0	0	0	0	0	0	0	0	0	0	1	0	1	0	0	0	0	0	0	0	0	0	6	0	0	132	0	0	0	0	110	1	0	0	1	0	0	7	0	0	0	0	0	0	3	1	0	0	0	0	0	0	0	0	11	0	5	0	9	0	0	0	0	0	0	0	0	2	0	0	0	0	0	0	1	0	23	0	0	0	3	0	0	0	0	0	0	0	0	0	0	1	0	1	0	0
OTU_436	0	0	0	1	0	0	5	0	0	0	0	0	0	0	0	0	0	0	0	0	0	0	0	0	1	0	0	0	0	0	0	0	0	0	0	0	0	0	0	0	0	0	0	0	0	0	0	0	0	0	0	0	0	1	0	1	0	0	2	0	0	0	0	0	2	0	0	0	0	0	0	1	1	0	0	0	0	0	0	0	0	0	0	0	0	0	0	0	0	0	0	0	0	0	0	0	0	0	4	0	0	0	0	0	23	0	0	0	0	0	0	0	0	21	0	4	11	0	6	7	111	0	0	26	45	0	2	0	0	0	4	0	9	2	3	0	0	0	0	0	0	0	0	0	0	0	0	19	1	2	5	4	1	0	0	0	48	5	0	0	21	1	3	0	0	1	1	0	1	0	0	13	0	62	0	0	1	0	16	0	0	0	1	1	4	3	0	0	0
OTU_437	0	0	0	0	0	0	0	0	0	0	0	0	0	3	0	0	1	0	0	0	87	0	1	0	0	0	0	0	0	2	0	0	0	5	0	1	0	0	0	0	0	0	5	0	3	2764	0	0	0	0	0	0	1	0	0	0	0	0	0	0	0	4	0	0	0	0	0	0	0	0	0	0	0	0	0	0	0	0	0	0	0	0	0	0	0	0	0	3	0	1	0	0	0	0	0	0	0	0	0	0	0	0	0	0	0	0	0	0	0	0	0	0	0	0	0	0	0	0	0	0	0	0	0	0	0	0	0	0	0	0	0	0	0	0	0	0	0	0	0	0	0	0	0	0	0	0	0	0	0	0	0	0	0	0	0	0	0	0	0	0	0	0	0	0	0	0	0	0	1	0	0	0	0	0	0	0	0	0	0	0	0	0	0	0	1	0	0	0	1
OTU_438	0	1	0	0	0	0	1	0	0	0	0	0	0	0	0	0	0	0	0	0	0	0	0	0	0	0	0	0	0	0	4	0	0	1	0	0	0	0	0	0	0	0	0	0	0	0	1	0	19	0	0	0	0	0	0	2	0	0	0	0	0	0	0	0	1	0	0	0	0	0	0	0	0	0	0	1	0	0	2	0	0	0	0	0	0	0	0	14	0	0	0	0	0	0	0	0	0	1	28	0	0	0	0	0	0	0	0	0	0	0	0	1	0	0	0	0	0	0	0	1	0	0	0	0	0	0	0	0	0	0	0	0	0	0	0	0	0	0	1	1	0	152	0	0	0	0	0	0	0	0	0	0	0	0	0	0	2	0	0	0	0	0	0	0	0	0	0	0	0	0	0	0	0	0	0	0	0	0	0	0	0	0	15	0	1	0	0	0	0
OTU_439	0	0	0	0	0	0	0	0	0	0	0	0	0	0	0	0	0	0	0	0	10	0	0	0	0	0	0	0	0	0	0	0	0	0	0	0	0	0	0	0	0	0	0	0	0	0	0	0	0	0	0	0	0	0	0	0	0	0	0	0	0	0	0	0	0	0	0	0	0	0	0	0	0	0	0	0	22	0	0	0	0	0	0	0	0	0	0	0	0	0	0	0	0	0	0	0	0	0	0	0	0	0	0	0	0	0	0	0	0	0	0	0	0	0	0	0	0	0	4	0	0	0	1	0	0	0	0	0	0	0	0	0	5	0	0	0	0	0	0	0	0	0	2	0	0	18	147	5	0	4	0	0	0	0	3	0	0	59	0	0	1	2	0	5	0	1	0	0	0	0	0	0	0	127	5	4	0	0	7	0	1	0	10	0	0	0	24	1	0
OTU_440	0	0	0	0	0	0	47	0	0	0	1	0	0	0	0	0	0	0	0	0	0	0	0	0	0	0	0	0	0	0	0	0	0	0	0	0	0	0	0	0	0	0	0	0	0	0	1	0	0	0	0	0	0	0	0	0	0	0	0	0	0	0	0	0	2	0	0	0	0	0	0	0	0	0	0	0	0	0	0	0	0	0	0	0	0	1	0	0	0	0	0	0	0	0	0	0	0	0	0	0	0	0	0	0	0	0	0	1	0	1	0	0	0	0	0	0	0	5	0	0	0	0	0	1	0	0	0	0	0	1	0	0	67	0	853	0	0	0	0	0	0	0	0	0	0	0	0	66	0	21	0	0	0	1	0	0	0	0	0	0	0	3	0	0	0	0	0	1	0	0	0	0	0	3	2	0	0	0	0	0	0	0	0	0	1	0	1	4	0
OTU_441	0	0	0	1	0	0	0	4	0	0	0	0	0	0	0	0	0	0	0	1	0	0	0	1	13	0	1	0	0	0	1	0	0	0	0	0	0	0	0	0	3	0	1	2	3	0	0	0	0	0	0	1	0	0	0	0	0	0	0	1	0	0	29	0	0	0	0	0	0	0	0	0	0	1	0	0	0	0	0	0	0	0	0	0	0	0	0	0	0	0	0	0	3	0	0	0	0	0	0	1	0	0	0	0	0	0	0	0	0	0	0	1	2	1	0	0	0	0	2	3	0	0	0	2	0	0	0	0	0	11	1	0	0	0	1	0	0	0	2	2	1	0	0	0	0	32	0	1	0	0	0	0	3	0	0	0	0	0	0	0	0	0	0	0	0	2	0	0	0	0	1	0	7	20	0	7	0	0	0	1	3	0	1	0	0	0	4	1	0
OTU_442	0	0	0	0	0	0	0	0	2	0	0	0	0	0	0	0	0	0	0	0	3	0	0	0	0	0	3	0	0	0	0	0	0	0	1	0	0	0	0	0	0	0	4	0	0	0	0	0	0	0	0	1	0	0	0	12	0	0	0	0	0	0	11	0	0	0	0	0	0	0	0	0	0	0	0	0	0	3	0	0	0	0	0	0	0	0	0	0	0	0	0	0	0	2	0	0	0	0	0	1	0	0	0	0	0	0	0	0	0	0	0	0	0	0	0	0	0	0	0	0	0	0	0	0	0	0	0	0	0	0	0	0	0	0	0	0	0	0	0	0	1	0	0	0	0	0	1	0	0	0	0	0	0	0	0	0	0	0	0	0	0	0	0	0	0	0	0	0	0	0	0	0	0	5	0	0	0	0	1	0	0	0	0	0	0	1	0	0	0
OTU_443	0	0	0	0	0	0	0	0	0	0	0	0	0	0	0	0	0	0	0	0	0	0	0	0	0	0	0	0	0	0	0	0	0	0	0	0	0	0	0	0	0	0	0	0	0	0	0	0	0	0	0	0	1	0	0	0	0	0	0	0	0	0	0	0	0	0	0	0	0	0	0	0	0	0	0	0	0	0	0	0	0	0	0	0	0	0	0	0	0	0	0	0	0	0	0	0	0	0	0	0	0	0	0	0	0	0	0	0	0	0	0	0	0	0	0	0	0	0	0	0	0	0	0	0	0	0	0	0	0	0	0	0	0	0	0	0	0	0	0	0	0	0	0	0	0	0	0	0	0	0	0	0	0	0	0	0	0	0	0	0	0	0	0	0	0	0	0	0	0	0	0	0	0	0	0	0	0	0	0	0	0	0	0	0	0	0	0	0	0
OTU_444	0	0	0	0	0	0	0	0	0	0	0	0	0	0	0	0	0	0	0	0	0	0	0	0	0	0	0	0	0	0	0	0	0	0	0	0	0	0	0	0	0	0	1	0	0	0	0	0	0	0	0	0	0	0	0	0	0	0	0	0	0	0	0	0	0	0	0	0	0	0	0	0	0	0	0	0	0	0	0	0	0	0	0	0	0	0	0	0	0	0	0	0	0	0	0	0	0	0	0	0	0	0	0	0	0	0	0	1	0	0	0	1	0	0	0	0	0	0	0	0	0	0	0	0	0	0	0	0	0	0	0	0	0	0	0	0	0	0	0	0	0	0	0	0	0	0	0	0	0	1	0	0	0	0	0	0	0	0	0	0	0	0	0	0	0	0	0	0	0	0	0	0	0	2	0	0	0	0	0	0	0	0	0	0	0	0	0	0	0
OTU_445	0	0	0	0	0	0	0	2	0	0	0	0	0	0	0	0	0	0	0	0	0	0	0	2	0	0	0	0	0	0	0	0	0	0	0	0	0	0	0	0	0	0	0	0	0	0	0	0	0	0	0	0	0	0	0	0	0	0	0	0	0	0	0	0	0	0	0	0	0	0	0	0	0	0	0	0	0	0	0	0	0	0	0	0	1	0	0	0	0	0	0	0	0	0	0	0	0	0	0	0	0	0	0	0	0	0	0	0	0	0	0	1	0	0	0	0	0	0	0	0	0	0	0	0	0	0	0	0	0	0	0	0	0	0	0	0	0	0	0	0	0	0	0	0	0	0	0	0	0	0	0	0	0	0	0	0	0	0	0	0	0	0	0	0	1	0	0	0	0	0	0	0	0	0	0	0	0	0	0	0	0	0	0	0	0	0	0	0	0
OTU_446	0	0	0	0	0	0	0	0	0	0	0	3	0	0	0	0	0	0	0	0	0	142	0	0	0	0	0	0	0	0	1	19	5	0	236	74	0	0	0	0	0	0	1	1	0	0	0	0	0	0	2	0	0	0	0	0	0	0	0	0	1	0	0	1	0	0	0	0	0	2	0	0	0	0	0	1	0	0	3	0	0	0	0	0	0	0	0	0	0	0	0	0	0	0	0	0	0	0	0	0	0	1	0	0	0	0	0	0	0	0	0	0	0	0	0	2	0	0	50	0	0	1	0	0	0	0	1	0	0	0	3	0	0	1	0	0	0	0	0	0	0	0	0	1	0	0	0	0	0	0	0	2	218	0	0	0	0	7	1	0	0	1	0	0	0	41	0	0	0	0	3	24	0	0	0	0	0	0	0	0	0	1	0	0	0	0	0	0	0
OTU_447	0	0	19	0	1	3	17	8	0	0	0	0	0	0	0	0	2	0	0	0	0	13	3	2	3	0	1	3	0	0	0	0	0	0	7	1	0	0	0	0	2	0	0	0	0	0	1	0	1	0	1	1	0	0	2	0	0	1	3	0	0	0	4	0	2	0	0	1	0	0	1	0	5	0	10	10	0	0	0	0	0	0	0	0	8	0	0	1	7	4	0	0	0	0	0	2	5	0	4	0	0	0	2	0	0	0	0	1	0	0	0	0	0	2	8	66	9	6	7	1	6	0	0	4	21	12	0	8	0	0	0	0	0	0	11	0	0	0	1	1	5	41	0	82	0	2	0	1	0	0	0	1	0	0	1	2	6	15	1	0	0	0	1	0	0	0	1	0	0	6	0	3	3	9	0	2	0	2	2	0	1	0	33	0	2	0	0	0	2
OTU_448	0	0	0	0	0	0	0	0	0	0	0	0	0	0	0	0	0	0	0	0	0	0	0	0	0	0	0	0	0	0	0	0	0	0	0	0	0	0	0	0	0	0	0	0	0	0	0	0	0	0	0	0	0	1	0	0	0	0	0	0	0	0	0	0	0	0	0	0	0	0	0	0	0	0	0	0	0	0	4	0	0	0	0	0	0	0	0	0	0	0	0	0	0	0	0	0	1	0	0	0	0	0	0	0	0	0	0	0	0	0	0	0	0	0	0	0	0	0	2	0	0	0	0	0	0	0	0	0	0	0	0	0	0	0	0	0	1	0	0	0	0	0	0	0	0	1	0	0	0	22	0	0	0	0	0	0	0	0	0	0	0	0	0	0	0	0	0	0	4	0	0	0	0	0	0	0	0	0	0	0	0	0	0	0	0	0	0	0	0
OTU_449	75	0	0	0	0	0	0	0	0	0	0	0	0	0	0	0	0	0	0	0	0	0	0	0	0	0	0	0	0	0	0	0	0	0	0	2	0	0	0	0	0	0	0	0	0	0	0	0	0	0	0	3	0	0	0	0	0	0	0	0	0	0	0	0	0	0	0	1	0	0	0	0	0	0	0	0	0	0	0	0	0	0	0	0	0	0	0	0	0	0	0	0	0	0	0	0	0	0	0	0	0	0	0	0	0	0	0	0	0	0	0	2	0	0	0	0	0	0	0	0	0	0	0	0	0	0	0	0	0	0	0	0	0	0	0	0	0	0	0	0	0	0	0	0	0	0	0	0	0	0	0	0	0	0	0	0	0	0	0	0	0	0	0	0	0	0	0	0	1	0	0	0	0	0	0	0	0	0	0	0	0	0	0	0	0	0	0	0	0
OTU_450	1	2	0	0	0	0	0	0	4	0	0	0	0	0	0	0	1	0	0	0	0	0	0	0	0	0	0	0	0	0	0	0	0	1	0	0	0	0	0	0	0	0	0	2	1	0	0	0	1	1	0	0	0	0	0	0	0	0	0	0	0	6	0	2	0	0	0	0	1	0	0	0	0	0	0	0	0	3	0	1	0	0	2	0	2	2	0	0	0	0	0	0	0	0	0	0	0	0	1	0	0	0	1	0	0	0	0	0	1	0	0	1	0	0	0	0	0	0	0	0	0	0	0	0	0	0	0	0	0	0	0	0	0	0	0	0	0	0	0	0	0	0	0	0	0	1	0	0	0	1	0	0	0	0	0	0	0	0	1	1	0	0	0	0	0	0	0	0	0	0	0	0	0	0	1	0	0	0	0	1	0	0	0	0	0	0	0	0	3
OTU_451	0	45	1	0	0	0	7	0	0	21	0	1	0	0	0	0	0	0	0	0	3	2	0	0	31	3	0	0	0	1	1	0	0	0	0	0	0	7	0	0	0	0	0	0	0	0	2	0	0	1	0	0	0	0	0	0	0	0	8	0	0	0	0	0	0	0	1	0	0	0	1	0	0	0	0	0	0	0	0	0	0	0	0	0	0	0	0	0	3	0	0	0	0	0	0	3	0	0	0	0	0	0	0	1	1	0	0	0	0	0	0	0	0	0	0	1	0	0	0	5	0	0	0	0	0	0	0	0	0	0	1	0	0	0	0	0	0	0	25	0	0	0	0	0	0	243	8	0	0	0	0	0	0	0	0	0	7	0	0	0	0	0	0	0	0	23	0	0	0	0	0	2	0	1	0	47	0	1	22	0	0	3	177	0	0	0	0	0	0
OTU_452	0	0	0	0	0	0	0	0	0	0	0	0	0	0	0	0	0	0	0	0	0	0	0	0	0	0	0	0	0	0	0	0	0	0	0	0	0	0	0	0	0	0	0	0	0	0	0	0	0	0	0	0	0	0	0	0	0	0	0	0	0	0	0	0	0	0	0	0	0	0	0	0	0	1	0	0	0	0	0	0	0	0	0	0	0	0	0	0	0	0	0	0	0	0	0	0	0	0	0	0	0	0	0	0	7	3	0	0	0	2	0	0	0	0	0	0	0	9	12	81	0	0	0	0	0	1	0	0	0	1	0	0	0	0	0	0	0	0	0	0	0	1	0	0	0	101	37	1	0	6	0	0	0	0	0	0	0	95	0	0	8	0	7	1	0	0	0	0	1	0	0	0	0	466	2	12	0	3	7	0	0	0	0	1	0	12	11	0	0
OTU_453	0	0	0	1	0	0	0	0	0	0	0	0	0	0	0	0	0	0	0	0	0	0	0	0	0	0	0	0	0	0	0	0	0	0	0	1	0	0	0	1	0	0	0	0	0	0	0	1	0	0	0	0	0	0	0	0	0	0	39	0	0	0	0	0	0	0	0	0	0	0	0	0	0	0	0	0	0	0	0	0	0	0	0	0	1	0	0	0	0	0	0	0	0	0	0	0	0	0	0	1	0	0	0	0	0	0	0	0	0	0	0	0	0	0	0	0	0	9	0	0	0	0	0	0	0	0	0	0	0	0	0	0	0	0	0	0	0	0	0	0	0	0	0	0	0	0	0	0	0	0	0	0	0	0	0	0	0	0	0	0	0	0	0	0	0	0	0	0	0	0	0	0	0	0	0	0	0	0	0	44	0	0	0	1	0	0	0	11	0
OTU_454	0	0	0	0	0	0	0	0	0	0	0	0	0	0	0	0	0	0	0	0	0	0	0	0	0	0	4	0	0	0	0	0	0	0	0	0	0	0	0	0	0	0	0	0	0	0	0	0	0	0	0	0	0	0	0	0	0	0	0	0	0	0	0	0	0	0	0	0	0	0	0	0	0	0	0	0	0	0	0	0	0	0	0	0	0	0	0	0	0	0	0	0	0	0	0	0	0	0	0	0	0	0	0	0	0	1	0	0	0	2	0	0	0	0	0	2	26	0	0	0	0	0	0	0	0	0	0	0	0	0	0	0	0	0	0	0	0	0	0	0	0	0	0	0	0	0	0	0	1	1	0	0	0	0	0	0	0	0	0	0	34	0	0	0	0	1	0	0	0	25	0	0	5	0	0	0	36	0	1	0	0	11	0	0	0	0	0	0	0
OTU_455	0	0	0	11	0	1	8	0	0	0	0	0	0	0	0	0	0	0	0	0	0	0	0	0	0	0	0	0	0	0	1	2	1	0	19	3	0	0	1	0	0	0	0	0	0	0	0	0	0	0	0	2	0	0	0	0	0	0	24	0	0	0	0	0	0	0	2	0	0	0	0	0	0	0	0	0	0	0	0	0	0	0	0	0	0	0	0	0	0	0	0	0	0	1	0	0	0	0	0	2	0	0	0	0	0	0	0	0	0	0	0	0	0	0	0	6	0	0	1	0	0	0	0	0	0	0	0	0	0	0	1	0	0	0	12	0	0	0	0	0	0	7	0	0	0	1	0	0	0	0	21	0	0	0	0	0	1	0	0	0	0	0	0	0	1	0	0	1	1	997	0	1	0	0	0	0	0	0	0	0	0	0	0	0	31	0	0	1	0
OTU_456	0	0	0	0	0	0	0	0	0	0	0	0	0	0	0	0	0	0	0	0	0	0	0	0	0	0	0	0	0	0	0	0	0	0	0	0	0	0	0	0	0	0	0	0	0	0	0	0	0	0	0	1	0	0	0	0	0	0	0	0	0	0	0	0	0	0	0	0	0	0	0	0	0	0	0	0	0	0	0	0	0	0	0	0	0	0	0	0	0	0	0	0	0	0	0	0	0	0	0	0	0	0	0	0	0	0	0	0	0	0	0	0	0	0	0	0	19	0	0	0	0	0	0	0	0	0	24	0	0	0	0	0	0	1	0	14	0	0	0	0	0	0	3	2	0	3	0	0	0	0	0	0	0	0	1	0	0	0	0	0	0	0	0	0	0	0	0	0	0	0	0	0	0	0	0	0	0	0	0	0	0	2	5	0	0	0	0	0	0
OTU_457	7	12	5	0	4	5	0	1	5	1	2	0	0	2	1	3	0	0	1	1	0	0	1	0	0	0	1	0	0	0	1	8	0	0	2	0	2	0	0	1	1	3	2	0	0	0	0	0	2	3	1	3	0	0	1	0	0	0	0	0	1	2	1	1	1	2	0	0	0	1	0	0	0	0	2	0	1	0	1	1	5	0	16	0	0	0	0	0	1	4	2	0	0	2	0	1	0	0	24	0	0	2	0	0	0	0	0	0	0	0	0	0	0	0	0	1	11	0	0	0	1	0	0	0	0	2	0	2	0	0	0	1	0	0	0	0	0	0	2	1	0	1	0	0	0	0	0	0	0	0	0	1	0	0	0	0	0	0	0	0	0	0	0	0	0	0	0	0	0	0	0	0	0	0	0	0	0	0	0	0	0	0	0	0	0	0	0	0	5
OTU_459	0	0	0	0	1	0	0	0	0	0	0	0	0	0	0	0	0	0	0	0	0	0	0	0	0	0	0	0	0	0	0	0	0	0	0	0	0	0	0	0	0	0	0	0	0	0	0	0	0	0	0	0	0	0	0	0	0	0	0	0	0	0	0	0	0	0	0	0	0	0	0	0	0	0	0	0	0	0	0	0	0	0	0	0	0	0	0	0	0	0	0	0	0	0	0	0	0	0	0	0	0	0	0	0	0	0	0	0	0	0	0	0	0	0	0	0	0	0	0	0	0	0	0	0	0	0	0	0	0	0	0	0	0	0	0	0	0	0	0	0	0	0	0	0	0	0	0	0	0	0	0	0	0	0	0	0	0	0	0	0	0	0	0	0	0	0	0	0	0	0	0	0	0	0	0	0	0	0	0	0	0	0	0	0	0	0	0	0	0
OTU_460	0	0	0	0	0	0	0	0	0	0	0	0	0	0	0	0	0	0	0	0	0	0	0	0	0	0	0	0	0	0	0	0	0	0	0	0	0	0	0	0	0	0	0	0	0	0	0	0	0	0	0	0	0	0	0	0	0	0	0	0	0	0	0	0	0	0	0	0	0	0	0	0	0	0	0	0	0	0	0	0	0	0	0	0	0	0	0	0	0	0	0	0	0	0	0	0	0	0	0	0	0	0	0	0	0	0	0	0	0	2	0	0	0	0	0	0	0	0	0	0	0	0	0	0	0	0	0	0	0	0	0	0	0	0	0	0	0	0	0	0	0	0	0	0	0	0	0	1	0	1	0	0	0	0	1	0	0	0	0	0	1	0	0	0	0	0	0	0	0	0	0	0	0	0	0	0	0	0	0	0	0	0	0	0	0	0	0	40	0
OTU_461	0	0	0	0	0	0	0	0	0	0	0	0	0	0	0	0	0	0	0	0	0	0	0	0	0	0	0	0	0	0	0	0	0	0	0	0	0	0	0	0	0	0	0	0	0	0	0	0	0	0	0	0	0	0	0	0	0	0	0	0	0	0	0	0	0	0	0	0	0	0	0	0	0	0	0	0	0	0	0	0	0	0	0	0	0	0	0	0	0	0	0	0	0	0	0	0	0	0	0	0	0	0	0	0	0	0	0	0	0	0	0	0	0	0	0	0	0	0	0	0	0	0	0	0	0	0	0	0	0	0	0	0	0	2	0	24	0	0	0	0	0	0	0	0	0	0	0	0	0	0	0	0	0	0	0	0	0	0	0	0	0	0	0	0	0	0	0	0	0	0	0	0	0	0	0	0	0	0	0	0	0	0	0	0	0	0	0	0	0
OTU_462	0	0	0	0	0	0	0	0	0	0	0	0	0	0	0	0	0	0	0	0	0	0	0	0	0	0	0	0	0	0	0	0	1	0	0	0	0	0	0	0	0	0	0	0	0	0	0	0	0	0	0	0	0	0	0	0	0	0	0	0	0	0	0	0	0	0	0	0	0	0	0	0	0	0	0	0	0	0	2	0	0	0	0	0	0	0	0	0	0	0	0	0	0	0	0	0	0	0	0	0	0	0	0	114	1	1	0	0	0	0	0	1	0	0	0	11	0	0	343	0	0	0	0	149	0	0	15	0	0	1	0	0	40	0	0	0	0	0	3	0	0	0	4	0	0	0	0	0	0	0	51	17	0	0	0	0	0	0	0	0	0	0	0	0	0	18	0	1	0	0	0	0	0	0	0	0	0	0	0	0	0	0	0	0	0	0	0	0	0
OTU_464	0	0	0	1	2	0	0	0	0	1	0	0	1	0	1	0	0	0	0	0	0	0	2	0	0	0	1	0	1	0	0	0	0	0	1	0	0	0	0	0	0	1	0	0	0	0	0	0	0	1	0	0	0	0	0	0	0	0	0	0	0	0	0	0	0	0	0	0	0	0	1	0	0	0	0	0	0	0	0	1	0	0	0	1	1	0	1	0	0	0	1	0	0	0	1	1	0	0	0	0	0	1	0	0	0	0	0	0	0	0	2	1	0	0	0	0	0	0	0	1	0	1	1	0	0	0	1	0	0	0	0	0	1	0	0	0	0	2	0	0	0	0	0	0	0	0	0	0	1	0	0	0	0	0	0	0	0	0	2	0	1	0	0	0	0	1	0	0	1	0	2	0	0	0	1	0	0	0	0	0	1	1	0	0	0	0	0	0	0
OTU_465	0	0	0	0	0	0	0	0	0	0	0	0	0	0	0	0	0	0	0	0	0	0	0	0	0	0	0	0	2	0	0	0	0	0	0	0	0	0	0	0	0	1	0	0	0	0	1	0	0	0	0	0	1	0	0	0	0	0	0	0	0	0	0	0	0	0	0	0	0	0	0	0	34	0	0	0	0	0	0	0	0	0	0	0	0	0	0	0	0	0	0	0	0	0	0	0	0	0	0	0	0	0	0	0	0	0	0	1	0	1	0	0	0	0	0	7	12	0	1	0	0	0	0	114	0	0	0	0	0	0	0	0	0	0	0	0	0	0	0	0	0	0	0	0	0	0	0	1	1	1	0	5	0	0	0	0	0	0	0	0	0	2	0	1	0	0	2	0	0	0	0	0	0	2	0	0	0	0	0	0	0	0	12	0	0	0	0	0	0
OTU_466	0	0	0	0	0	0	0	0	11	0	0	0	0	0	0	0	0	0	0	0	0	0	0	0	0	0	0	0	1	0	0	0	0	0	0	0	0	0	0	0	0	0	1	0	0	0	0	0	0	0	0	0	0	0	0	0	0	0	0	0	0	0	0	0	0	0	0	0	0	0	0	0	63	0	0	0	0	0	0	0	0	0	0	0	0	0	0	0	0	0	0	0	0	0	0	0	0	0	0	0	0	0	0	0	0	1	0	0	0	0	0	0	0	0	0	0	0	0	28	0	0	0	0	0	0	0	0	0	0	0	0	0	0	1	0	0	0	0	0	0	0	0	0	28	0	0	0	0	20	0	0	0	0	0	0	0	0	195	0	0	0	0	0	0	0	0	0	0	0	0	0	0	0	0	0	0	0	21	0	0	0	0	71	0	143	0	0	0	0
OTU_467	0	0	0	14	0	0	0	0	0	0	0	0	0	0	0	0	0	0	0	0	0	0	0	0	0	0	0	0	0	0	1	0	0	0	0	0	0	0	0	0	0	0	0	0	0	0	0	0	0	0	12	0	0	0	0	0	0	0	0	0	0	0	0	0	0	0	0	0	0	0	0	0	0	0	0	0	0	0	6	0	0	0	0	0	0	0	0	8	0	0	0	0	0	0	0	0	0	0	0	0	0	0	0	8	0	1	0	0	0	0	0	0	0	0	81	0	0	0	1	0	0	0	0	0	0	1	0	0	0	0	0	0	0	0	2	0	0	0	0	0	0	0	0	0	0	52	2	0	0	0	0	0	0	0	0	0	0	2	0	0	0	0	1	0	0	0	0	0	0	0	1	0	0	0	25	9	0	0	1	0	0	0	5	1	1	1	0	0	0
OTU_468	18	0	0	0	0	0	0	0	0	0	0	0	0	0	0	0	0	0	0	0	0	5	0	0	0	0	0	0	0	0	0	0	0	0	0	0	0	0	0	0	0	0	0	0	0	0	0	0	0	0	0	0	0	0	0	0	0	0	0	0	0	1	0	0	0	0	0	0	0	0	0	0	0	0	0	0	0	1	0	0	0	0	0	0	0	0	0	0	0	0	0	0	0	0	0	0	0	0	0	0	0	0	0	0	0	0	0	0	0	0	0	0	0	0	0	0	0	0	0	0	0	0	0	0	0	0	0	0	0	0	0	0	0	0	0	0	0	0	0	0	0	0	0	0	0	0	0	0	0	0	0	0	0	0	0	0	0	1	0	0	19	0	0	0	0	0	0	0	0	0	0	0	0	0	0	0	0	0	0	0	0	0	0	0	0	0	0	0	0
OTU_469	0	0	3	1	0	1	0	18	1	0	0	0	0	1	1	1	1	1	0	0	0	5	2	0	3	0	0	6	1	0	0	0	0	0	1	0	0	2	0	0	8	0	9	26	0	12	1	0	0	3	65	8	0	9	0	0	0	0	0	0	2	0	1	0	0	0	0	0	0	0	0	0	0	0	0	1	0	14	0	0	0	1	0	0	3	0	0	225	0	0	0	0	2	4	0	0	1	0	0	0	2	0	0	7	7	0	0	0	0	0	1	1	12	1	4	2	7	0	10	0	29	0	1	0	0	1	0	0	0	0	3	0	1	4	3	0	0	0	1	0	0	1	0	0	0	9	0	1	0	1	1	0	1	0	6	0	15	0	0	0	2	0	2	72	3	0	0	1	1	0	0	0	1	1	0	14	1	3	0	0	7	1	2	0	2	0	1	7	0
OTU_470	1	0	0	2	0	0	1	0	0	0	0	0	0	0	0	0	0	1	0	0	0	0	0	0	0	0	0	0	0	0	0	0	0	0	0	0	0	0	0	0	0	0	0	0	0	0	0	0	0	0	0	0	0	0	0	0	0	0	0	0	0	0	0	0	28	0	0	0	0	0	0	0	0	0	0	0	0	0	0	0	0	0	0	0	3	0	0	1	0	0	0	0	0	0	0	0	0	0	0	0	0	0	0	0	0	0	0	0	0	0	0	0	0	0	1	1	0	0	238	0	0	0	0	0	0	0	1	0	0	6	0	0	0	0	1	0	0	0	0	1	0	0	1	0	1	0	38	0	0	0	0	0	0	0	1	0	0	0	1	0	0	1	1	3	1	0	0	1	0	0	0	0	0	8	0	1	1	0	0	0	0	0	0	1	0	8	1	0	0
OTU_471	61	0	0	4	4	0	0	0	0	1	0	1	0	1	0	0	30	0	1	4	0	10	0	0	0	1	0	1	6	0	1	0	2	0	2	2	0	0	1	0	0	1	8	6	0	1	0	0	0	2	1	12	0	0	1	0	0	0	0	36	3	0	0	0	1	0	0	0	1	0	0	7	0	0	3	0	1	0	0	0	0	0	0	0	0	0	12	3	0	1	0	0	0	0	0	0	0	0	0	0	0	13	0	0	0	0	0	4	13	0	0	0	0	0	0	0	0	0	0	0	0	0	0	0	0	1	0	9	0	4	0	0	0	0	0	0	0	3	0	0	0	10	19	0	0	0	0	0	0	0	0	1	0	6	0	0	0	0	0	0	0	0	0	0	0	0	0	0	0	0	0	0	1	1	0	0	0	0	0	0	0	0	0	0	0	0	0	0	0
OTU_472	0	0	0	7	0	0	0	0	1	0	0	3	0	0	1	8	1	0	0	0	4	204	0	1	0	0	1	6	7	0	9	2	1	0	47	75	0	0	0	0	1	0	4	30	0	0	2	1	0	0	10	12	0	3	0	0	0	0	0	0	6	0	1	1	27	0	0	1	0	1	1	1	7	0	2	2	0	4	0	1	0	0	0	0	0	1	0	2	0	1	1	1	1	0	0	0	50	1	1	1	0	0	0	4	0	0	0	0	0	0	0	0	0	0	0	1	1	0	29	0	0	0	0	0	0	0	0	0	0	0	0	0	0	0	1	0	0	0	0	0	2	5	0	0	0	1	0	0	0	0	0	0	0	0	0	1	0	1	1	0	0	0	1	0	0	23	0	2	0	9	0	0	0	22	2	0	0	0	2	0	1	0	6	0	10	0	0	0	72
OTU_473	0	0	0	0	0	0	0	0	0	0	0	0	0	0	0	0	0	0	0	0	0	0	0	0	0	0	0	0	0	0	0	0	0	0	0	0	0	0	0	0	0	0	0	0	0	0	0	0	0	0	0	0	0	0	0	0	0	0	0	0	0	0	0	0	0	0	0	0	0	0	0	0	0	0	0	0	0	0	0	0	0	0	0	0	0	0	0	0	0	0	0	0	0	0	0	0	0	0	0	0	0	0	0	0	0	0	0	0	0	0	0	0	0	0	1	0	0	0	0	0	0	0	0	0	0	0	0	0	0	0	0	0	0	0	0	0	0	0	0	0	0	0	0	0	0	0	0	0	0	0	0	0	0	0	0	0	0	0	0	0	0	0	0	0	0	0	0	0	0	0	0	0	0	0	0	0	0	0	0	0	0	0	0	2	0	0	0	0	0
OTU_474	0	0	0	0	0	0	0	0	5	0	0	0	0	0	0	0	0	0	0	0	0	0	0	0	0	0	0	0	0	0	0	0	0	0	0	0	0	0	0	0	0	0	0	0	0	0	0	0	0	0	0	0	0	0	0	0	0	0	0	0	0	0	0	0	0	0	0	0	0	0	0	0	0	0	0	0	0	0	0	0	0	0	0	0	0	0	0	0	0	0	0	0	0	0	0	0	0	0	0	0	0	0	0	0	0	0	0	0	0	0	0	0	0	0	0	0	0	0	0	0	0	0	0	0	0	0	0	0	0	0	0	0	0	0	0	0	0	0	0	0	0	0	0	0	0	0	0	0	0	0	0	0	0	0	0	0	0	0	0	0	0	0	0	0	0	0	0	0	0	0	0	0	0	0	0	0	0	0	0	0	0	0	0	0	0	0	0	0	0
OTU_475	0	2	0	0	0	0	0	0	0	0	0	0	0	0	1	0	0	0	0	0	0	11	0	0	0	0	2	0	5	0	0	0	0	0	2	1	0	0	0	0	0	0	0	50	0	0	1	0	0	0	1	38	0	2	0	0	0	1	0	0	0	0	0	0	0	0	0	0	0	0	0	0	0	0	2	1	0	0	0	0	0	0	0	0	0	1	0	0	0	0	0	0	0	0	0	0	18	0	0	2	0	0	0	7	0	1	0	0	0	1	0	0	1	0	0	2	0	0	10	0	0	0	1	0	0	0	0	1	0	0	0	0	0	0	1	0	0	0	0	0	0	0	0	0	0	8	1	0	0	0	0	0	0	1	0	0	1	0	0	0	0	0	2	0	0	89	0	1	0	0	0	4	0	32	0	4	0	0	0	0	0	0	12	0	0	1	0	0	0
OTU_476	0	0	0	0	0	0	0	0	0	0	0	0	0	0	0	0	0	0	0	0	0	0	0	0	0	0	0	0	0	0	0	0	0	0	0	0	0	0	0	0	0	0	0	0	0	0	0	0	0	0	0	0	0	0	0	0	0	0	0	0	0	0	0	0	0	0	0	0	0	0	0	0	0	0	0	0	0	0	0	0	0	0	0	0	0	0	0	0	0	0	0	0	0	0	0	0	0	0	0	0	0	0	0	0	0	0	0	0	0	0	0	0	0	0	0	0	0	0	7	0	0	0	0	0	0	0	79	0	0	0	0	0	11	0	0	0	2	0	0	0	0	0	12	0	0	0	0	0	0	0	0	0	0	0	0	0	0	51	0	0	0	1	0	0	0	0	0	0	0	0	1	0	0	1	0	0	0	0	35	0	0	0	0	0	0	0	0	0	0
OTU_478	0	0	0	0	0	0	0	0	0	0	0	0	0	0	0	0	0	0	0	0	0	0	0	0	0	1	0	0	0	0	0	0	0	0	0	0	0	0	0	0	0	0	0	0	0	0	0	0	0	0	0	0	0	0	0	0	0	0	0	0	0	0	0	0	0	0	0	0	0	0	0	0	0	0	0	0	0	0	0	0	0	0	0	0	0	0	0	0	0	0	0	0	0	0	0	0	0	0	0	0	0	0	0	0	0	0	0	0	0	0	0	0	0	0	0	0	0	0	0	0	0	0	0	0	0	0	0	0	0	0	0	0	0	0	0	0	0	0	0	0	0	1	0	0	0	0	0	0	0	0	0	0	0	0	0	0	0	0	0	0	0	0	0	0	0	0	0	0	0	0	0	0	0	0	0	0	0	0	0	0	0	0	0	0	0	0	0	0	0
OTU_479	1	1	0	0	3	1	0	0	1	2	0	0	0	1	0	1	1	0	1	0	2	7	0	0	1	0	0	2	0	0	1	0	0	0	1	0	0	1	0	0	0	3	1	0	0	2	0	2	0	0	0	0	0	0	0	1	0	0	0	0	1	0	3	2	2	0	0	0	0	0	0	0	0	2	2	2	0	2	1	0	1	0	0	1	0	0	0	0	1	2	0	0	10	4	0	0	0	0	1	0	0	0	0	15	0	1	0	1	0	0	1	1	0	0	0	1	0	0	2	7	1	0	0	0	1	0	0	2	0	2	0	0	0	0	0	0	0	0	7	3	17	2	7	2	0	3	2	0	0	1	3	1	0	1	0	1	0	0	1	0	0	0	25	0	1	1	0	0	0	3	3	0	0	0	20	0	0	0	0	0	0	0	1	0	2	33	4	0	8
OTU_480	0	0	0	0	0	0	9	0	2	0	0	1	0	0	0	0	2	0	0	1	0	0	0	3	2	0	0	0	0	0	0	1	0	0	4	0	0	5	0	0	0	0	1	7	0	12	5	0	0	0	6	7	0	0	0	0	0	0	0	0	0	0	0	0	0	0	0	0	0	0	0	0	0	0	0	0	0	0	0	0	0	0	0	0	13	0	3	0	1	2	0	0	1	20	0	0	0	0	0	0	0	4	0	12	0	0	0	0	6	0	0	1	0	1	0	1	1	0	49	0	0	0	1	0	0	0	1	0	0	0	0	0	8	6	4	0	0	0	1	0	0	0	0	1	1	0	0	1	0	2	7	0	0	3	11	8	19	9	0	0	2	0	3	1	5	60	4	0	0	0	0	3	0	19	0	1	0	1	1	0	1	0	5	0	0	1	1	2	0
OTU_481	0	0	0	0	0	0	0	0	0	0	0	0	0	0	0	0	0	0	0	0	0	0	0	0	0	0	0	0	0	0	0	0	0	0	0	0	0	0	0	0	0	0	0	0	0	0	0	0	0	0	0	0	0	0	0	0	0	0	0	0	0	0	0	0	0	0	0	0	0	0	0	0	0	0	0	0	0	0	0	0	0	0	0	0	0	0	0	0	0	0	0	0	0	0	0	0	0	0	0	0	0	0	0	0	0	0	0	0	0	0	1	0	0	0	0	0	0	0	0	0	0	0	0	0	0	0	0	0	0	0	0	0	0	0	0	0	0	0	0	0	0	0	0	0	0	11	0	0	3	0	0	0	0	0	0	0	0	0	0	0	0	0	0	0	0	0	0	0	0	0	0	0	0	1	0	0	0	0	0	0	0	0	0	0	0	0	0	0	0
OTU_482	0	0	0	0	0	0	1	0	0	0	0	0	0	0	0	0	12	0	0	0	0	0	0	0	0	0	0	0	0	0	0	0	0	0	0	0	0	0	0	0	0	0	0	0	0	9	0	0	0	2	0	0	0	0	31	0	0	0	0	0	0	0	0	0	0	0	0	0	0	0	0	0	0	0	0	0	0	0	0	0	0	0	0	0	0	0	0	0	0	0	0	0	0	0	0	0	0	0	0	0	0	0	0	0	0	0	0	0	0	0	0	1	0	0	0	2	0	3	2	0	1	0	0	4	0	0	0	0	0	0	0	0	0	2	11	0	0	0	0	0	0	0	0	0	0	20	0	0	0	1	0	1	11	0	0	0	0	5	5	2	0	2	1	0	0	27	0	1	2	0	0	0	0	12	0	3	0	2	8	0	1	0	4	0	0	4	0	0	0
OTU_483	3	0	104	3	0	1086	0	16	0	2	411	0	0	0	1	0	2	2	0	0	0	0	0	1	14	53	5	0	4	0	9	387	1	3	1	3	18	4	9	9	9	164	16	22	0	0	5	3	127	0	1	12	98	0	8	0	0	0	0	600	0	2	7	4	4	69	1	154	13	11	9	18	1	0	69	1	22	0	0	0	0	2	4	0	2	0	0	4	0	57	1	0	0	0	1	0	0	0	1	0	0	0	1	0	0	0	0	0	1	37	0	0	0	0	0	15	0	0	0	0	4	0	0	0	0	0	0	0	0	0	0	6	0	1	0	0	0	0	0	0	0	1	0	0	0	0	0	0	0	0	0	81	0	0	0	0	0	0	135	0	0	0	0	8	0	0	0	1	0	0	0	0	0	0	0	0	0	0	0	0	5	0	0	0	1	0	0	1	2
OTU_484	0	0	0	0	0	0	2	0	1	0	0	0	0	0	0	0	0	0	0	0	0	0	0	0	1	0	0	0	0	0	0	0	0	0	0	1	0	0	0	4	0	0	1	0	1	0	0	0	1	0	0	1	0	0	0	0	0	0	0	0	0	0	0	0	1	0	0	1	0	0	0	0	0	1	0	0	0	0	1	0	2	0	0	1	0	0	0	0	0	0	1	0	0	0	1	0	0	0	0	0	0	0	0	2	0	0	0	4	0	0	0	1	0	0	0	0	0	0	0	0	0	0	0	1	1	0	0	0	0	2	0	2	0	0	0	0	0	0	0	1	7	2	0	0	0	0	0	0	0	1	0	0	0	0	0	1	3	0	1	2	0	0	0	0	0	0	0	0	0	0	0	0	0	1	0	0	0	0	0	0	0	0	5	0	0	0	0	0	1
OTU_486	0	1	0	1	0	0	3	1	4	0	0	1	0	0	0	0	0	0	0	0	0	0	0	0	0	0	1	0	0	0	0	0	0	5	0	0	0	0	1	0	0	0	1	0	1	0	0	0	1	1	0	0	0	2	0	0	0	0	0	0	0	1	1	1	2	0	0	4	0	0	0	0	0	0	2	0	0	0	1	2	0	0	0	0	0	0	0	0	0	0	0	1	0	0	0	0	0	0	0	0	2	1	0	3	1	0	0	13	0	0	0	0	0	0	0	0	0	0	0	0	0	0	1	0	1	1	0	3	0	0	0	0	0	0	0	0	0	0	1	1	19	0	0	9	0	0	0	0	0	4	0	0	0	0	0	5	3	0	0	0	0	0	0	2	0	0	0	0	0	0	2	0	0	1	2	0	0	0	0	0	1	0	11	0	0	3	0	0	7
OTU_487	0	0	0	0	0	0	0	0	0	0	0	0	0	0	0	0	0	0	0	0	92	0	0	0	0	0	0	0	0	0	0	0	0	0	0	0	0	0	0	0	0	0	0	0	1	0	0	0	0	0	0	0	0	0	0	0	0	0	0	0	0	0	0	0	1	0	0	0	0	0	0	0	0	0	0	0	0	0	0	0	0	0	0	0	0	0	0	0	0	0	0	0	1	0	0	0	0	0	0	0	0	0	0	0	0	0	0	0	0	0	0	0	0	0	0	0	0	0	0	0	0	0	0	0	0	1	0	0	0	0	0	0	0	0	0	0	0	0	0	0	0	0	0	0	0	0	0	0	0	4	0	0	0	0	0	0	0	1	0	0	1	0	0	0	0	0	0	0	0	0	0	0	0	3	0	0	0	0	0	0	0	0	0	0	0	0	0	0	0
OTU_488	0	0	0	1	0	2	0	0	0	0	0	0	0	0	0	0	0	0	1	0	0	0	0	0	0	0	1	1	3	0	0	0	0	1	0	0	0	0	0	0	0	5	0	0	0	0	0	0	0	0	1	0	0	0	0	0	0	0	0	0	0	0	0	0	0	1	0	0	0	3	0	0	0	0	0	1	0	0	0	0	0	0	0	0	0	0	0	0	0	1	0	0	0	0	0	0	0	0	0	0	0	0	0	1	0	0	0	0	2	0	0	1	0	0	0	0	0	0	0	0	0	1	0	0	0	0	0	0	0	0	0	0	0	0	0	0	0	0	1	0	0	0	4	0	0	0	0	0	2	0	0	0	0	0	0	0	0	0	1	0	0	2	1	0	0	0	0	0	0	0	0	0	4	0	0	2	1	0	0	0	0	3	0	0	0	0	0	0	0
OTU_489	0	0	0	0	0	0	0	0	1	0	0	0	0	0	0	0	0	0	0	0	0	0	0	0	0	0	0	0	0	0	0	0	1	0	0	0	0	0	0	0	0	0	0	0	0	0	0	0	0	2	0	0	0	0	0	0	0	0	1	0	0	0	0	0	0	0	0	0	0	0	0	0	0	0	0	0	0	0	0	0	0	0	0	0	0	0	0	0	0	0	0	0	0	0	0	0	0	0	0	3	0	0	0	0	0	0	0	0	0	0	0	0	0	0	0	0	0	0	2	0	0	0	0	0	1	0	0	0	0	0	0	0	0	0	0	0	0	0	0	0	0	0	0	0	0	1	0	0	0	1	0	0	0	0	0	0	0	7	0	0	0	0	0	0	0	0	0	0	0	0	0	0	0	0	0	0	0	0	0	0	0	0	0	0	0	0	0	0	0
OTU_490	0	0	0	0	0	0	0	0	0	0	0	0	0	0	0	0	0	0	0	0	0	0	0	0	0	0	0	0	0	0	0	0	0	0	0	0	0	0	0	0	0	0	0	0	0	0	0	0	0	0	0	0	0	0	0	0	0	0	0	0	0	0	0	0	0	0	0	0	0	0	0	0	0	0	0	0	0	0	0	0	0	0	0	0	0	0	0	0	0	0	0	0	0	0	0	0	0	0	0	0	0	0	0	0	0	0	0	0	0	0	0	0	0	0	0	0	0	0	0	0	0	0	0	0	0	0	0	0	0	0	0	0	0	0	0	0	0	0	0	0	0	0	0	0	0	1	0	0	0	0	0	0	0	0	0	0	0	0	0	0	0	0	0	0	0	0	0	0	0	0	0	0	0	0	0	0	0	0	0	0	0	0	0	0	0	0	0	0	0
OTU_491	0	0	0	0	0	0	0	0	0	0	0	0	0	0	0	0	0	0	0	0	0	0	0	0	0	0	0	0	0	0	0	0	0	0	0	0	0	0	0	0	0	0	0	0	0	0	0	0	0	0	0	0	0	0	0	0	0	0	0	0	0	0	0	0	0	0	0	0	0	0	0	0	0	0	0	0	0	0	0	0	0	0	0	1	0	0	0	0	0	0	0	0	0	0	0	0	0	1	0	0	0	0	0	0	0	1	0	0	0	0	0	0	0	0	0	0	0	0	0	0	0	0	0	0	0	0	34	0	0	0	0	0	0	0	0	0	0	0	0	0	0	0	7	0	0	46	0	0	0	0	0	0	0	0	0	0	0	0	0	0	0	0	0	0	0	0	0	3	0	0	0	0	0	0	0	21	0	0	0	0	0	0	0	0	0	0	0	0	0
OTU_492	0	0	0	0	1	0	2	0	1	0	0	0	0	0	0	0	0	0	0	0	0	0	0	0	0	0	0	0	0	0	2	0	0	0	0	0	0	0	0	0	0	0	0	2	0	0	2	0	0	0	0	0	0	0	1	0	0	0	0	0	0	48	0	0	0	0	0	1	0	0	0	0	0	0	0	0	0	0	0	0	0	0	0	0	52	3	0	0	0	0	0	0	0	0	0	2	0	0	0	0	0	0	0	0	0	0	0	0	0	0	0	0	0	0	0	1	0	0	0	0	0	0	0	0	0	0	1	1	0	0	0	0	0	0	9	0	0	0	0	0	0	0	8	0	0	0	0	0	0	0	0	0	0	0	0	2	0	0	1	0	0	0	0	0	0	0	0	0	0	0	0	0	0	1	0	0	0	0	0	0	0	0	0	0	0	0	0	0	0
OTU_493	2	0	0	0	0	0	1157	0	0	0	0	0	0	0	0	1	0	0	0	0	1	0	0	0	0	0	1	0	0	0	0	0	0	0	0	0	0	0	0	0	0	0	0	0	5	0	0	0	0	0	0	0	0	0	0	0	0	0	58	0	0	0	0	1	0	0	3	1	0	0	0	1	0	0	0	0	0	0	0	0	0	0	0	0	0	0	0	0	0	0	0	0	212	0	1	0	0	1	0	0	0	0	0	0	0	0	0	1	0	0	0	0	0	0	0	0	0	8	146	0	2	0	0	0	0	0	1	0	0	0	0	0	0	0	0	0	0	0	0	0	2	0	0	0	0	0	0	0	0	1	0	0	57	0	2	3	0	0	1	0	0	0	0	0	0	0	0	0	0	0	0	0	0	0	0	0	6	0	0	28	0	0	0	0	187	0	0	0	0
OTU_494	0	3	0	0	0	2	2	0	1	0	0	1	0	0	0	0	1	0	0	0	0	0	0	1	0	0	0	0	0	0	0	0	0	3	0	0	0	0	0	1	0	0	0	1	0	0	0	0	0	0	0	1	0	0	0	1	0	0	0	0	2	20	0	0	0	0	0	0	1	0	0	0	0	0	0	0	0	24	0	0	0	1	0	0	2	2	0	0	0	0	1	3	0	0	0	1	0	0	0	0	0	0	0	0	0	0	1	0	0	0	0	1	0	3	0	0	0	0	0	0	0	0	0	0	0	0	0	0	0	0	0	0	0	0	3	0	1	0	0	0	0	0	6	0	0	13	0	0	0	0	1	0	2	0	0	0	0	0	0	0	0	1	0	0	0	2	0	0	0	0	0	0	0	0	0	6	0	0	0	0	0	0	2	0	0	0	0	0	1
OTU_495	0	2	0	0	0	0	0	0	1	0	0	2	0	0	1	0	0	4	0	0	0	6	0	0	0	1	0	0	0	0	0	0	0	0	0	0	1	0	2	0	0	1	1	1	1	0	0	0	0	0	0	1	0	0	0	5	0	0	0	0	1	4	0	0	0	0	2	0	0	1	0	1	0	0	0	0	0	8	2	0	1	0	0	0	2	3	0	0	0	0	0	1	0	0	2	0	0	0	1	0	0	0	0	0	0	0	0	0	0	0	0	1	0	0	0	0	0	0	0	0	0	0	0	0	0	0	0	0	0	0	0	0	0	0	0	1	0	0	0	0	0	0	0	0	0	0	0	0	0	0	6	0	0	0	0	2	0	0	0	0	0	0	0	0	0	0	0	0	0	0	0	0	0	0	0	0	0	0	0	0	0	0	0	0	0	0	0	0	3
OTU_496	0	0	0	0	0	0	0	0	0	0	0	0	0	0	0	0	0	0	0	0	0	0	0	0	0	0	0	0	0	0	0	0	0	0	0	0	0	0	0	0	0	0	0	0	0	0	0	0	0	0	0	0	0	0	0	0	0	0	0	0	0	0	0	0	0	0	0	1	0	0	0	0	0	1	0	0	0	0	0	0	0	0	0	0	0	0	0	0	0	0	0	0	0	0	0	0	0	0	0	0	0	0	0	0	1	0	0	0	0	0	0	0	0	0	1	0	0	2	0	0	0	0	1	0	0	0	0	0	0	0	0	0	0	0	0	224	0	0	0	0	0	0	0	0	0	0	0	0	2	0	1	0	0	0	0	0	0	0	0	0	0	0	0	0	0	0	0	8	0	0	0	0	0	0	0	0	0	0	0	1	0	0	0	0	0	0	0	0	0
OTU_497	4	0	0	0	0	0	0	0	0	0	0	0	0	0	0	0	0	0	0	0	2	0	0	0	0	0	0	0	0	0	0	0	0	0	1	0	0	0	0	0	0	0	0	0	0	0	1	0	0	0	0	0	0	0	0	0	0	0	0	0	0	0	0	0	1	0	0	0	0	0	0	0	0	0	0	0	0	0	0	0	0	0	0	0	0	0	0	0	0	0	0	0	0	0	0	0	0	0	0	0	0	0	0	0	4	0	0	0	0	0	0	0	0	0	0	0	0	0	19	0	37	0	0	3	0	1	0	0	0	0	1	0	0	0	0	0	0	0	0	0	0	1	0	0	0	7	0	0	0	0	0	0	0	0	0	0	0	0	0	0	0	0	1	0	0	0	3	0	0	0	0	23	0	3	0	8	0	1	0	0	0	0	0	0	2	1	0	0	0
OTU_498	0	0	0	0	0	0	0	0	0	13	0	0	0	0	0	0	0	0	0	0	0	0	0	0	0	0	0	0	0	0	0	0	0	0	0	0	0	0	0	0	0	0	28	0	0	0	0	0	0	0	0	1	0	0	0	1	0	0	10	0	0	0	0	0	0	0	0	0	0	0	0	0	0	0	0	0	0	0	0	0	0	0	0	0	0	0	0	0	0	0	0	0	0	0	0	0	0	0	0	0	0	0	0	0	0	0	2	0	0	1	0	0	0	0	0	3	40	4	4	0	0	0	0	17	15	0	0	0	0	0	0	0	31	2	0	0	0	0	0	0	0	0	0	0	0	0	0	4	0	6	0	2	0	0	16	0	0	21	0	0	0	0	0	0	0	0	0	0	0	0	0	47	1	1	0	0	0	0	0	5	0	0	63	0	0	1	0	0	0
OTU_499	0	0	0	0	0	0	0	0	0	0	0	0	0	0	9	0	0	0	0	0	0	0	0	0	0	0	0	0	0	0	0	0	0	0	0	0	0	0	0	0	0	0	0	0	0	0	0	0	0	0	0	0	0	0	0	0	0	0	0	0	0	0	0	0	0	0	0	0	0	0	0	0	0	0	0	0	0	0	0	0	0	0	0	0	0	0	0	0	0	0	0	0	10	0	0	0	0	0	0	0	0	0	0	0	0	0	0	0	0	0	0	0	0	0	0	0	0	0	0	0	0	0	0	0	0	0	0	0	0	0	0	0	0	0	0	0	0	0	0	31	0	0	0	0	0	0	0	0	0	0	0	0	0	0	0	0	0	0	0	0	0	0	0	0	0	0	1	0	0	0	0	0	0	0	0	0	0	0	0	0	0	0	0	0	0	0	0	0	0
OTU_500	0	0	0	0	0	0	20	0	3	0	0	0	0	0	1	0	0	0	0	0	0	0	0	0	0	0	0	0	2	0	0	0	0	0	0	0	0	0	0	0	0	0	0	0	0	0	0	0	0	0	0	0	0	0	0	0	0	0	11	0	0	0	0	0	0	0	1	0	0	0	0	0	13	0	0	0	0	0	0	0	0	0	0	0	9	0	0	0	0	0	0	0	0	0	0	0	0	0	18	0	0	0	0	0	0	0	0	0	0	0	0	0	0	0	0	0	0	6	7	7	0	0	0	6	5	1	3	0	0	49	0	0	6	1	7	0	0	0	0	0	1	8	0	0	1	1	0	11	0	2	0	0	5	0	0	0	0	1	0	0	1	0	0	0	1	0	0	1	0	5	0	7	0	9	0	0	3	9	7	3	0	0	0	0	5	0	0	2	0
OTU_501	0	0	4	28	0	0	0	0	0	0	0	0	0	0	0	0	0	0	0	0	0	1	0	6	0	0	0	0	0	0	0	1	0	0	0	0	0	137	0	0	0	0	4	0	0	0	0	0	0	0	0	0	0	0	0	0	0	1	0	0	0	0	0	0	0	0	0	0	0	0	0	0	0	0	0	0	0	0	0	0	0	0	0	0	0	0	0	0	0	0	0	0	0	0	0	0	0	0	0	0	1	0	0	0	0	1	0	1	0	0	0	3	0	0	0	1	0	92	11	0	0	0	0	0	20	0	0	1	0	0	0	0	0	6	4	0	0	0	0	0	0	2	0	0	25	0	1	45	9	12	0	0	0	1	63	11	0	79	0	0	0	0	0	0	4	0	0	0	0	0	0	1	0	0	0	0	0	0	0	385	0	0	0	6	0	0	0	1	0
OTU_502	0	0	0	0	0	0	0	0	0	0	0	0	0	0	1	0	0	0	0	0	0	2	0	0	0	0	0	0	0	0	0	0	0	0	0	0	0	0	0	0	0	0	0	0	0	0	0	0	0	0	0	0	0	0	0	0	0	0	9	0	0	0	0	0	1	0	0	0	0	0	0	0	0	0	0	0	0	0	0	0	0	0	0	0	0	0	0	0	0	0	0	0	11	0	0	0	0	0	0	0	0	0	0	1	0	0	0	0	0	0	0	0	0	0	0	0	0	2	24	0	1	0	1	0	0	0	12	0	0	0	0	0	5	0	1	0	0	1	0	0	18	0	2	0	0	0	0	8	0	0	0	0	0	0	0	0	1	44	1	0	0	1	0	0	0	0	0	0	0	4	0	0	0	0	5	4	0	0	16	0	0	0	5	0	0	0	0	2	0
OTU_503	0	0	0	0	0	0	0	0	0	0	0	0	0	0	0	0	0	0	0	0	0	0	0	0	0	0	0	0	0	0	0	0	0	0	0	0	0	0	0	0	0	0	1	0	0	0	0	0	0	0	0	0	0	0	0	0	0	0	0	0	0	0	0	0	0	0	0	0	0	0	0	0	0	0	0	0	0	0	0	0	0	1	0	0	0	0	0	2	0	0	0	1	0	0	0	0	0	0	0	0	0	0	0	0	0	0	0	0	0	0	0	0	0	0	0	4	0	0	0	0	0	0	0	0	0	0	0	0	0	0	0	0	0	0	0	0	0	0	0	0	0	0	0	0	0	0	0	0	0	0	0	12	0	0	0	0	0	0	0	0	0	8	0	0	0	0	0	0	0	0	0	0	0	0	0	0	0	0	0	0	0	0	0	0	0	0	0	0	0
OTU_504	0	0	0	0	0	0	0	0	0	0	0	0	0	0	0	0	0	0	0	0	0	0	0	0	0	0	0	0	0	0	0	0	0	0	0	0	0	0	0	0	0	0	0	0	0	0	0	0	0	0	0	0	0	0	0	0	0	0	0	0	0	0	0	0	0	0	0	0	0	0	0	0	0	0	0	0	0	0	0	0	0	0	0	0	0	0	0	0	0	0	0	0	0	0	0	0	0	0	0	0	0	0	0	0	0	0	0	0	0	0	8	0	0	0	0	1	0	0	46	0	0	0	0	0	0	0	2	0	0	0	0	1	0	0	0	0	5	1	0	0	0	0	0	0	0	1	0	0	0	0	0	3	0	0	0	0	0	0	0	0	0	0	0	0	0	0	0	0	0	0	0	0	0	0	0	0	0	0	0	0	0	0	0	0	0	0	0	0	0
OTU_505	0	0	0	11	0	0	8	0	0	0	0	0	0	0	0	2	2	1	0	1	0	0	0	2	6	0	0	0	0	0	0	3	0	1	21	13	0	3	0	0	0	0	0	0	0	0	2	0	1	1	0	0	0	0	5	0	0	1	4	0	0	0	0	0	0	0	2	0	1	1	0	0	3	0	0	8	0	0	0	1	0	7	8	0	0	3	0	0	0	0	5	0	9	1	3	2	1	0	2	0	0	0	0	4	0	0	0	1	0	0	1	0	0	0	0	0	1	1	3	0	2	0	0	0	0	2	0	0	1	0	1	0	1	1	2	0	0	0	2	1	3	2	0	22	0	2	1	3	0	0	0	0	0	0	0	0	0	1	0	0	0	0	0	0	2	16	0	0	0	3	1	2	0	11	0	0	0	0	1	0	0	0	1	0	1	0	0	0	0
OTU_506	1	0	0	0	0	0	0	0	110	0	0	0	0	0	0	0	0	0	0	0	0	0	0	0	0	0	0	0	0	0	0	0	3	0	0	0	0	0	0	0	0	0	0	0	0	0	0	0	0	0	1	0	0	0	0	0	0	0	0	0	0	0	0	0	0	0	0	0	0	0	0	0	0	0	0	0	0	0	0	0	0	0	0	0	0	0	0	0	0	0	0	0	0	0	0	0	0	0	0	0	0	0	0	0	0	0	0	0	0	0	0	0	0	0	0	36	0	0	0	0	0	0	0	0	0	0	0	1	0	0	0	0	0	0	0	0	0	0	0	0	0	0	0	0	0	0	0	0	0	0	0	0	0	0	0	0	0	0	0	0	0	528	0	0	0	0	0	0	0	1	0	0	0	0	0	0	0	0	0	0	0	0	0	0	0	0	0	0	0
OTU_507	0	0	0	0	0	0	0	0	1	0	0	0	0	0	0	0	0	0	0	0	0	0	0	0	0	0	0	0	17	0	0	0	0	0	0	0	0	0	0	0	0	0	0	0	0	0	2	0	0	0	0	1	0	0	0	0	0	0	0	0	0	0	0	0	0	0	0	0	0	0	2	0	0	0	0	0	0	0	0	0	0	0	0	0	0	0	0	0	0	0	1	0	0	0	0	0	0	0	0	0	0	0	0	2	0	0	0	0	0	0	0	0	0	0	0	2	0	0	0	0	0	0	0	0	0	0	0	0	0	0	1	0	0	0	0	0	0	0	0	0	1	2	0	0	0	0	0	0	0	0	0	0	0	0	0	1	1	0	0	0	0	0	0	0	0	1	0	0	0	0	0	0	1	4	0	1	0	0	0	3	0	0	0	0	0	0	0	0	0
OTU_508	0	0	0	0	0	0	0	0	0	0	0	0	0	0	0	0	0	0	0	0	0	0	0	0	0	0	0	0	0	0	0	0	0	0	0	1	0	0	0	0	0	0	1	0	0	0	0	0	0	0	0	0	0	0	0	0	0	0	0	0	0	0	0	0	0	2	0	0	0	0	0	0	0	0	0	0	0	0	0	0	0	0	0	0	0	0	0	0	1	0	0	0	0	0	0	0	0	0	0	0	0	0	0	0	0	0	0	0	0	0	0	0	0	0	0	0	0	0	0	0	0	0	0	0	0	0	0	0	0	0	0	0	0	0	0	0	0	0	0	0	0	0	0	0	0	0	0	0	1	0	0	0	0	0	0	0	0	0	0	0	0	0	0	0	0	0	0	0	0	0	0	0	0	0	0	0	0	0	0	0	0	0	0	11	0	0	0	0	0
OTU_509	10	109	0	0	1	0	0	0	0	1	0	0	0	0	0	0	0	0	0	0	0	0	0	0	0	0	3	0	0	0	0	0	0	0	0	0	2	0	0	0	0	0	0	0	0	0	0	0	0	49	0	0	1	0	0	0	0	0	0	0	0	0	0	0	0	0	0	0	1	0	0	0	0	0	0	0	0	0	0	0	0	0	10	0	0	0	0	0	0	0	0	0	0	0	0	1	0	0	0	0	0	0	0	0	0	0	0	0	0	0	0	0	0	0	0	0	0	0	9	0	0	0	0	0	0	0	0	0	0	0	0	0	0	0	0	0	0	0	0	0	0	0	0	0	0	0	0	1	1	1	0	0	0	0	0	0	2	0	0	0	0	0	0	16	44	0	1	0	0	0	0	0	0	0	0	0	0	0	0	0	0	0	0	0	0	0	0	4	0
OTU_510	1	0	21	4	13	12	4	1	1	5	0	0	1	2	1	3	9	0	2	5	1	2	0	0	3	0	0	2	0	1	1	4	0	4	1	2	1	0	0	11	0	5	0	2	0	1	2	2	2	0	0	2	0	0	6	5	0	0	0	1	4	0	0	1	7	0	0	0	0	0	0	0	0	2	1	1	0	0	0	0	0	0	0	0	0	0	0	2	1	1	3	2	3	2	7	0	0	0	0	0	0	1	0	0	0	0	0	0	0	0	0	0	0	0	0	1	1	0	4	0	0	0	0	1	0	0	0	1	0	0	0	0	1	0	1	0	0	0	1	0	0	1	0	3	0	1	0	1	0	0	0	3	0	2	0	0	3	1	0	0	0	0	0	1	0	4	0	0	0	1	0	0	0	3	2	0	0	0	0	0	0	0	1	0	1	2	0	0	0
OTU_512	0	0	0	0	0	0	0	0	0	0	0	0	0	0	2	0	0	0	0	0	0	0	0	0	0	0	0	0	0	0	0	0	0	0	0	0	0	0	0	0	0	0	0	0	0	0	0	0	0	0	0	0	0	0	0	0	0	0	0	0	0	0	0	0	0	0	0	0	0	0	0	0	0	0	0	0	0	0	0	0	0	0	0	0	0	0	0	0	0	0	0	0	7	0	0	0	0	0	0	0	0	0	0	0	0	0	0	0	0	1	0	0	0	0	0	0	0	0	17	0	0	0	0	0	0	0	27	0	0	0	0	0	118	0	39	0	1	0	0	0	0	0	2	0	0	0	0	0	14	0	0	0	0	0	0	1	0	119	0	0	0	7	0	0	1	0	0	0	0	0	0	0	0	138	0	0	0	0	0	0	1	0	0	0	21	0	0	0	0
OTU_515	0	0	0	0	0	0	4	0	16	0	0	0	0	0	0	2	0	0	0	0	0	0	0	4	4	8	1	0	0	0	1	0	0	0	0	0	0	0	0	0	0	0	0	0	0	0	0	0	0	0	0	0	0	0	0	0	0	0	0	0	0	1	0	1	23	0	0	0	0	0	1	0	3	0	0	0	4	0	0	0	0	0	0	0	7	0	0	0	0	0	0	0	0	1	0	14	0	0	0	0	0	0	0	0	0	0	0	0	0	0	0	0	0	0	0	1	0	0	3	0	0	0	0	0	0	4	0	0	0	0	0	0	0	0	1	0	0	0	3	0	2	12	0	0	0	2	0	1	0	0	0	0	0	0	0	0	0	3	0	0	5	0	1	0	0	3	0	0	0	0	0	0	0	3	5	3	0	0	0	0	0	0	3	0	0	0	0	0	0
OTU_516	0	0	0	0	0	0	0	0	0	0	0	0	0	0	0	0	0	0	0	0	0	0	0	0	0	0	0	0	0	0	0	0	0	0	0	0	0	0	0	0	0	0	1	0	0	0	0	0	0	0	0	0	0	0	0	0	0	0	0	0	0	0	0	0	0	0	0	0	0	0	0	0	0	0	0	0	0	0	0	0	0	0	0	0	0	0	0	0	0	0	0	0	0	0	0	0	0	0	0	0	0	0	0	0	0	0	0	0	0	0	0	0	0	0	0	0	0	0	0	0	0	0	0	0	0	0	0	0	0	0	0	0	0	0	0	0	0	0	0	0	0	0	0	0	0	0	0	0	0	0	0	0	0	0	0	0	0	0	0	0	0	0	0	0	0	0	0	0	0	0	0	0	0	0	0	2	0	0	0	0	0	0	0	0	0	0	0	0	0
OTU_517	0	0	0	0	0	0	0	0	0	0	0	0	0	0	0	0	0	0	0	0	0	0	0	0	0	0	0	0	0	0	0	0	0	0	0	0	0	0	0	0	0	0	0	0	0	0	0	0	1	0	0	0	0	0	0	0	0	0	0	0	0	0	0	0	0	0	0	0	0	0	0	0	0	0	0	0	0	0	0	0	0	0	0	0	0	0	0	0	0	32	0	0	2	0	0	0	0	0	0	0	0	0	0	0	0	0	0	0	0	0	2	0	0	0	0	0	0	0	33	0	0	0	0	0	0	0	21	0	0	2	0	0	46	0	13	0	0	1	0	0	0	0	2	0	0	0	2	33	0	5	0	0	0	0	0	0	0	261	0	0	0	2	0	0	1	0	0	0	0	0	0	132	0	4	0	0	0	0	22	0	0	0	64	0	0	1	0	0	0
OTU_518	0	0	0	0	0	0	0	0	0	0	0	0	0	0	0	0	0	0	0	0	0	0	0	0	1	0	0	0	0	0	0	0	0	0	0	0	0	0	0	0	0	0	0	0	0	0	0	0	1	0	0	0	0	0	0	19	0	0	0	2	0	0	0	0	0	0	0	0	0	0	0	0	0	0	0	0	0	0	0	0	0	0	0	0	0	0	0	0	0	0	0	0	0	0	0	0	0	0	0	0	0	0	0	0	0	0	0	1	0	0	0	0	0	0	0	1	0	0	0	0	0	0	0	0	0	0	0	0	0	0	0	3	0	0	0	0	0	0	0	0	0	0	0	0	0	0	0	0	0	61	0	0	0	0	0	0	0	0	0	0	1	0	1	4	0	0	0	0	0	0	0	0	0	0	0	0	0	0	0	0	0	0	0	0	0	4	0	1	0
OTU_519	0	0	0	0	0	0	1	0	0	0	0	1	0	0	0	0	0	0	0	1	0	0	0	0	0	0	0	0	0	0	0	0	0	0	0	4	0	0	2	0	0	5	0	0	0	0	0	0	0	0	0	1	0	0	0	0	0	0	0	0	0	0	0	1	0	0	0	0	0	0	0	0	0	0	0	0	0	0	0	0	0	0	2	0	0	1	0	0	0	0	1	0	0	0	0	0	0	0	0	0	0	0	0	0	0	67	0	0	0	0	2	2	0	0	0	1	0	1	0	0	0	0	0	0	0	0	2	1	0	0	0	1	0	0	0	0	0	0	0	0	0	0	0	457	0	1	0	0	0	30	0	0	0	0	1	0	1	0	0	0	0	0	0	0	0	0	0	1	0	1	0	2	0	0	0	2	0	0	0	3	4	0	0	0	0	0	0	0	1
OTU_520	0	0	0	0	0	0	0	0	0	0	0	0	0	0	0	0	0	0	0	0	0	0	0	0	0	0	0	0	0	0	0	0	0	0	0	0	0	0	0	0	0	137	0	0	0	0	0	0	0	0	0	0	0	0	0	0	0	0	0	0	0	0	0	0	0	0	0	0	0	0	0	0	0	0	0	0	0	0	0	0	0	0	0	0	0	0	0	0	0	0	0	0	0	0	0	0	0	0	0	0	0	0	0	0	0	0	0	0	0	0	0	0	0	0	0	1	58	0	191	35	0	0	0	0	0	0	0	0	0	1	0	0	0	0	0	283	1	1	3	0	0	0	0	0	0	0	0	0	0	0	0	0	0	0	0	0	0	0	0	0	0	22	0	0	0	0	0	0	0	1	1	0	1	0	0	0	0	0	0	0	0	0	0	0	0	0	0	0	0
OTU_521	0	0	0	0	0	0	31	4	6	0	0	0	0	0	2	1	3	0	0	0	1	0	0	0	0	0	1	0	6	0	0	0	0	0	17	24	0	0	0	0	0	0	0	1	0	12	0	0	0	0	0	1	0	8	14	0	0	0	1	0	0	0	0	0	0	0	0	0	3	0	8	2	1	4	4	0	7	0	0	0	2	0	0	1	0	0	0	0	0	5	13	0	0	0	0	0	42	0	1	0	0	0	0	0	0	0	0	0	0	0	0	0	0	0	0	11	4	0	0	0	0	0	0	2	0	0	0	0	0	0	0	0	0	0	4	0	0	0	0	0	4	0	0	0	0	8	0	1	0	0	0	19	0	0	0	1	0	0	0	0	1	0	0	0	0	1	0	0	1	0	0	0	0	4	0	1	0	0	0	0	0	0	2	0	0	0	0	0	1
OTU_522	0	1	0	0	0	0	1	0	0	0	0	0	0	0	0	0	0	2	0	0	0	0	0	0	0	0	0	0	0	0	0	0	0	0	0	0	1	0	0	0	0	0	1	1	0	0	0	0	0	2	0	1	0	0	0	0	0	0	0	0	0	1	0	0	0	0	0	0	3	0	0	0	0	0	0	0	0	19	0	0	0	0	0	0	0	0	0	0	0	0	0	0	0	0	0	0	0	0	0	0	0	0	0	0	0	0	0	0	0	0	0	0	0	0	0	0	0	0	0	0	0	0	0	2	0	0	0	0	0	0	0	0	0	0	0	0	0	0	0	0	0	0	0	0	0	11	0	0	0	0	0	0	0	0	0	0	0	0	0	0	0	0	0	0	0	0	0	0	0	0	0	0	1	0	0	0	0	0	0	0	0	0	0	0	0	0	0	0	0
OTU_523	0	0	0	0	0	0	0	0	0	0	0	0	0	0	0	3	0	0	0	0	1	0	0	0	0	0	0	0	0	0	0	0	0	0	0	0	0	0	0	0	0	0	0	0	0	0	0	0	0	0	0	0	0	0	0	0	0	0	0	0	0	0	0	0	0	0	0	0	0	0	0	0	0	0	0	0	0	0	0	0	0	0	0	0	0	0	0	0	0	0	0	0	0	0	0	0	0	0	0	0	0	0	0	0	0	0	0	0	0	0	0	0	0	0	0	0	0	0	0	0	0	0	0	0	206	0	0	0	0	0	0	0	0	0	0	0	0	0	0	0	0	0	0	0	0	0	0	0	0	0	0	0	0	0	0	0	0	0	0	0	0	0	0	0	0	0	0	0	0	0	0	0	0	0	1	0	0	0	0	0	0	0	0	0	6	0	0	0	0
OTU_524	0	0	0	2	0	0	0	1	0	0	0	17	0	0	0	0	0	0	0	0	0	0	0	0	0	0	0	0	0	0	2	0	0	0	0	0	0	0	0	0	4	2	0	0	0	0	0	0	0	1	0	0	0	1	0	0	0	0	0	0	0	0	0	0	0	161	0	0	0	8	0	0	0	0	0	0	0	0	0	0	0	0	5	1	0	0	0	0	2	0	0	0	0	0	1	0	0	16	0	0	0	0	0	0	0	0	0	0	0	0	1	0	0	0	0	0	0	0	0	0	0	0	0	0	0	0	0	0	0	0	1	0	0	0	0	0	0	0	0	0	0	0	0	0	0	0	0	0	0	0	0	0	0	0	0	0	2	0	0	0	0	0	0	1	0	0	0	0	0	0	0	0	0	0	0	0	0	0	0	0	0	0	0	0	0	1	0	0	0
OTU_525	0	0	0	0	0	0	0	0	0	0	0	0	0	0	1	0	0	0	0	0	2	0	0	0	1	0	0	0	1	0	1	0	0	1	0	2	0	0	0	0	7	0	1	0	2	2	0	0	0	0	1	0	0	7	0	0	5	0	0	0	0	0	1	0	0	0	0	0	0	0	0	0	0	0	0	0	0	0	0	0	0	0	0	0	0	0	0	0	1	0	0	0	0	1	0	0	3	0	0	5	0	0	0	4	18	0	0	0	0	0	0	0	0	0	0	2	0	0	23	0	0	0	0	2	0	1	2	0	0	0	0	0	2	2	0	0	1	2	2	0	2	0	1	0	1	0	1	0	1	0	0	0	0	0	0	0	4	1	0	0	0	0	0	0	2	0	0	0	0	0	0	7	0	1	0	1	1	1	2	0	0	1	0	0	1	1	0	2	1
OTU_527	0	0	0	0	0	0	0	0	0	0	0	0	0	0	0	0	0	0	0	0	0	0	0	0	0	0	0	0	0	0	0	0	0	0	0	0	0	0	0	0	0	0	0	0	0	0	0	0	0	0	0	0	0	0	0	0	0	0	0	0	0	0	0	0	0	0	0	0	0	0	0	0	0	0	0	0	0	0	0	0	0	0	0	0	0	0	0	0	0	0	0	0	0	0	0	0	0	0	0	0	0	0	0	0	0	0	0	0	0	0	0	0	0	0	0	0	0	0	0	0	0	0	0	0	0	0	24	0	0	0	0	0	0	0	0	0	0	0	0	0	0	0	2	0	0	0	0	0	0	0	0	0	0	0	0	0	0	0	0	0	0	0	0	0	0	0	0	0	0	0	0	0	4	2	0	0	0	0	0	0	0	1	1	0	0	0	0	0	0
OTU_528	0	1	0	5	3	0	4	2	1	0	6	0	0	0	0	1	0	0	0	0	8	19	1	1	10	0	1	4	1	0	13	0	2	0	1	2	0	1	0	27	4	0	4	8	1	6	1	0	0	1	3	5	0	1	0	6	1	0	0	0	2	0	0	6	1	2	0	0	2	0	0	1	0	1	0	3	2	0	1	0	0	5	1	0	2	0	0	1	0	0	0	0	6	6	0	1	1	0	0	0	6	0	0	0	0	0	0	0	0	0	0	0	0	0	0	13	0	0	0	0	0	0	0	0	0	0	0	0	1	0	1	0	0	0	1	0	0	0	7	0	0	14	0	0	0	4	1	0	0	0	0	0	0	0	0	0	2	0	1	0	0	0	3	0	1	8	0	0	0	0	0	0	0	1	0	2	0	0	0	0	0	0	1	0	0	3	26	0	0
OTU_529	0	0	0	0	0	0	0	0	0	0	0	0	0	0	1	0	0	0	0	0	0	0	0	0	0	0	0	0	0	0	0	0	0	0	0	0	0	0	0	0	0	0	0	0	0	0	0	0	0	0	0	0	0	0	0	0	0	0	0	0	0	0	0	0	0	0	0	0	0	0	0	0	0	0	0	0	0	0	0	0	0	0	0	0	0	0	0	0	0	0	0	0	3	0	0	0	0	0	0	0	0	0	0	0	0	0	0	0	0	0	0	0	0	0	0	0	0	0	0	0	0	0	0	0	0	0	0	0	0	0	0	0	0	0	0	0	0	0	0	0	0	0	0	0	0	0	0	0	0	0	0	0	0	0	0	0	0	0	0	0	0	0	0	0	0	0	0	0	0	0	0	0	1	0	0	0	0	0	0	0	1	0	0	6	0	0	0	0	0
OTU_530	0	0	0	0	0	0	0	0	0	0	0	0	0	0	0	0	0	0	0	0	0	0	0	0	0	0	0	0	0	0	0	0	0	0	0	0	0	0	0	0	0	0	0	0	0	0	0	0	0	0	0	0	0	0	0	0	0	0	0	0	0	0	0	0	0	0	0	0	0	0	0	0	0	0	0	0	0	0	0	0	0	0	0	0	0	0	0	0	0	0	0	0	0	0	0	0	0	0	0	0	0	0	0	0	0	0	0	0	0	0	0	0	0	0	8	0	0	0	0	1	0	0	0	0	0	0	0	0	0	0	0	0	0	0	0	0	0	0	0	0	0	0	0	0	0	0	0	0	0	0	0	0	0	0	0	0	0	0	0	0	0	0	0	0	0	0	0	0	0	0	0	0	0	0	0	0	0	0	0	0	0	0	0	0	0	0	0	0	0
OTU_531	1	0	0	7	1	0	10	8	4	0	2	0	0	4	3	1	1	4	1	0	1	1	4	2	0	0	7	0	3	3	5	9	4	131	115	44	0	1	0	296	0	0	0	1	0	8	2	1	3	1	3	3	33	5	1	2	0	15	0	0	5	0	0	0	2	1	23	32	2	8	88	1	25	1	0	0	212	161	0	0	0	0	0	0	2	0	0	2	1	1	10	2	1	7	0	1	0	1	2	0	5	1	0	1	1431	232	1	0	13	16	3	5	16	959	15	6	7	56	1226	235	711	0	1	0	10	0	2	946	10	31	5	0	2	7	595	1	0	20	2	0	313	11	134	1	17	2	3622	23	3	13	7	4	10	277	8	4	5	26	7	0	213	8	19	108	5	0	2	3	4	1	12	9	17	395	4	5	3	3	52	31	315	0	18	18	4	6	5	7	13
OTU_532	3	0	0	4	2	5	0	9	0	1	0	0	0	0	0	1	3	0	0	0	0	3	0	0	3	1	0	6	5	2	0	8	0	0	0	0	8	0	0	0	7	5	12	30	3	3	0	0	0	0	1	10	0	1	0	32	0	0	0	0	9	0	0	0	5	0	0	0	3	0	4	0	1	1	6	2	0	0	0	0	0	1	0	0	0	1	0	0	0	0	3	0	0	4	0	0	4	0	1	0	0	0	0	0	0	3	0	0	0	0	0	0	0	0	0	19	0	0	5	0	1	0	0	0	3	0	0	4	1	0	0	0	0	0	0	0	0	0	1	0	0	0	0	0	0	65	0	0	0	1	0	2	25	0	0	0	1	0	15	0	0	0	0	0	0	30	0	0	0	0	0	0	0	9	0	7	0	0	0	0	0	0	0	0	1	0	0	0	2
OTU_533	0	0	0	0	0	0	0	0	0	0	0	0	0	0	0	0	0	0	0	0	0	0	0	0	0	0	0	0	0	0	0	0	0	0	0	0	0	0	0	0	0	0	0	0	0	0	0	0	0	0	0	0	0	0	0	0	0	0	0	0	0	0	0	0	0	0	0	0	0	0	0	0	0	0	0	0	0	0	0	0	0	0	0	0	0	0	0	0	0	0	0	0	0	0	0	0	0	0	0	0	0	0	0	0	0	0	0	0	0	0	0	0	0	0	0	0	0	0	0	0	0	0	0	0	0	0	0	0	0	0	0	0	0	0	0	0	0	0	0	0	0	0	0	0	6	0	0	0	0	0	0	0	0	0	0	0	0	0	0	0	0	0	0	0	0	0	0	0	0	0	0	0	0	0	0	0	0	0	0	0	0	0	0	10	0	0	0	0	0
OTU_534	0	0	0	0	0	0	0	0	0	0	0	1	0	3	0	4	0	0	0	0	0	0	0	0	0	0	0	0	0	0	0	0	0	0	0	0	0	0	0	0	0	0	0	0	0	0	0	0	0	0	0	0	0	0	0	0	0	0	0	0	0	0	0	0	0	0	0	0	0	0	0	0	0	0	0	24	0	0	0	0	0	0	0	0	0	0	0	0	0	0	0	0	0	0	0	0	0	0	0	0	0	0	5	0	0	0	0	0	0	0	0	0	0	0	0	0	0	0	0	0	0	0	0	0	0	0	0	1	0	0	0	0	0	0	0	0	0	0	0	0	0	0	0	0	0	1	0	0	0	1	0	0	0	0	0	0	0	0	0	0	0	0	0	0	0	0	0	1	0	0	0	0	0	0	0	1	0	0	0	0	0	0	0	0	0	0	0	0	0
OTU_535	0	0	0	0	0	0	0	0	0	0	0	0	0	0	0	0	0	0	0	0	0	0	0	0	0	0	0	0	0	0	0	0	0	0	0	0	0	0	0	0	0	0	0	0	0	0	0	0	0	0	0	0	0	0	0	0	0	0	0	0	0	0	0	0	0	0	0	0	0	0	0	0	0	0	0	0	0	0	0	1	1	0	0	0	0	0	0	0	0	0	0	0	0	0	0	0	1	0	0	0	0	0	0	1	0	0	0	0	0	0	0	0	0	0	0	0	0	0	0	0	0	0	0	0	0	0	0	0	0	0	0	0	0	0	0	0	0	0	0	0	0	0	0	0	0	0	0	0	0	0	0	0	0	0	0	0	0	1	0	0	0	0	0	0	0	0	0	0	0	0	0	0	0	0	0	0	0	0	0	0	0	0	0	0	0	0	0	0	0
OTU_536	1	0	0	0	0	0	0	0	1	0	124	0	0	0	1	2	0	1	0	0	3	0	2	1	0	1	0	0	0	1	7	292	0	0	2	1	1	0	6	0	0	0	2	14	1	3	1	0	0	1	18	16	0	0	0	1	0	0	0	0	0	0	0	1	3	0	0	5	0	0	1	2	0	0	0	0	0	0	0	0	0	0	0	0	1	0	0	1	0	0	3	0	1	0	3	0	0	0	1	0	0	0	0	0	0	0	0	0	0	0	0	0	0	0	0	2	0	0	0	0	2	0	0	0	0	0	0	2	0	2	0	0	0	1	1	0	0	0	0	0	0	4	0	0	0	0	0	0	0	0	0	0	0	0	0	2	2	0	0	0	0	0	0	0	0	0	0	0	1	0	0	1	0	0	0	0	0	0	0	0	1	0	0	0	2	1	1	0	0
OTU_537	2	0	1	0	4	0	3	1	11	0	1	1	0	0	0	0	2	2	0	0	0	1	0	0	0	0	0	1	0	2	8	0	0	0	4	2	0	0	0	2	0	0	3	0	2	0	1	0	4	0	0	1	0	0	2	0	0	0	0	0	3	3	0	1	6	0	1	0	1	0	0	0	0	5	0	2	1	0	0	0	0	5	0	0	2	0	15	2	0	0	0	0	2	1	1	0	7	0	0	0	1	1	0	1	0	0	0	3	10	0	0	0	0	0	0	3	0	0	0	1	0	0	0	0	0	4	0	2	0	1	0	4	0	1	0	0	0	1	5	0	11	0	0	4	0	0	6	1	0	2	0	0	0	0	0	4	0	1	0	0	0	1	0	0	0	0	0	0	1	2	2	0	0	4	0	0	0	0	0	0	0	0	18	0	3	0	3	1	31
OTU_538	0	0	0	0	0	0	0	0	0	0	0	0	0	0	1	0	0	0	0	0	15	0	1	0	0	0	1	0	0	0	0	0	0	0	0	0	0	0	0	0	0	0	0	0	0	0	0	0	0	0	0	0	0	0	0	0	0	0	0	0	0	0	0	0	0	0	0	0	0	0	0	0	0	0	0	0	0	0	0	0	0	0	0	0	0	0	0	0	0	0	0	0	0	0	0	0	0	0	0	0	0	0	0	0	0	0	0	0	0	0	0	0	0	0	0	0	0	0	0	0	0	0	0	0	0	1	0	0	0	0	0	0	0	0	0	0	0	0	0	0	0	28	0	0	0	0	5	0	0	0	0	0	0	0	0	0	0	0	0	0	0	0	0	0	0	0	0	0	0	0	0	0	0	0	0	0	0	0	0	0	1	0	0	0	0	0	0	0	0
OTU_539	0	0	0	0	0	0	0	0	0	0	0	0	0	0	0	0	0	0	0	0	0	0	0	0	0	0	0	0	0	0	0	0	0	0	0	0	0	0	0	0	0	0	0	0	0	0	0	0	0	0	0	0	0	0	0	0	0	0	0	0	0	0	0	0	0	0	0	0	0	0	0	0	0	0	0	0	0	0	0	0	0	0	0	0	0	0	0	0	0	0	0	0	1	0	0	0	0	0	0	0	0	0	0	0	0	0	0	0	0	0	0	0	0	0	0	0	0	0	0	0	0	0	0	0	0	0	0	0	0	0	0	0	0	0	0	0	0	0	0	0	0	0	0	0	0	1	0	0	0	0	0	0	0	0	0	0	0	0	0	0	0	0	0	0	0	0	0	0	0	0	0	0	0	0	0	0	0	0	0	0	0	0	0	0	0	0	0	0	0
OTU_540	0	0	0	0	0	0	0	0	0	0	0	0	0	0	0	2	0	0	0	0	0	22	0	0	0	0	0	1	0	0	0	0	0	0	6	3	0	0	0	0	0	0	0	0	0	0	0	0	0	0	0	0	0	0	0	0	0	0	6	0	0	0	1	0	0	0	0	0	0	0	0	0	0	0	0	0	0	0	0	0	0	0	0	0	0	0	0	0	0	4	2	0	1	0	0	0	0	0	0	0	24	0	0	0	0	0	0	0	0	0	0	0	0	0	0	0	0	0	0	0	0	0	0	4	0	0	0	0	0	0	0	0	1	0	1	0	0	0	0	0	0	0	0	0	0	0	0	0	0	0	0	1	0	0	0	0	0	1	0	2	0	0	0	0	0	0	0	0	0	1	0	0	0	0	26	0	0	0	0	0	0	0	0	0	0	0	0	0	0
OTU_541	2	0	0	6	0	0	4	0	0	0	0	0	0	1	0	1	0	0	0	1	5	1	1	0	2	0	0	0	0	0	0	0	2	1	1	0	0	1	0	0	0	0	0	0	0	10	0	0	0	0	0	0	0	0	0	1	0	0	4	0	0	0	0	1	0	0	1	0	0	0	0	0	1	0	0	0	0	0	1	0	0	0	0	0	3	0	0	0	0	0	6	0	1	2	0	0	6	0	1	0	0	0	0	1	0	0	0	2	0	0	0	0	4	0	0	1	0	0	1	1	0	0	0	0	3	0	1	7	5	0	0	0	0	0	3	0	4	0	0	0	1	3	0	2	0	2	0	1	0	0	10	0	0	0	3	0	0	2	0	0	1	0	1	0	10	0	8	0	0	2	0	0	1	2	2	1	0	0	0	0	2	0	2	0	0	0	1	4	1
OTU_542	0	0	0	0	0	0	0	0	0	0	0	0	0	0	0	0	0	0	0	0	0	0	0	0	0	0	0	0	0	0	0	0	0	0	0	0	2	0	0	6	19	0	5	0	0	0	0	0	0	0	0	0	0	1	0	0	0	0	0	0	0	0	0	0	0	0	0	0	0	0	0	0	0	0	0	0	0	0	0	0	0	0	0	0	0	0	0	0	0	0	0	0	0	0	0	0	0	0	0	0	0	0	0	9	1	0	0	0	0	1	0	1	17	0	0	1	22	7	45	8	0	0	0	6	0	0	0	0	0	0	0	0	12	0	1	11	0	0	0	0	0	0	0	0	0	2	0	2	0	3	0	1	0	0	19	0	0	24	0	0	3	1	0	0	9	1	0	0	0	0	0	0	11	0	3	0	4	0	4	0	0	0	21	0	0	0	4	2	0
OTU_543	1	0	0	0	5	5	0	0	3	0	0	1	1	1	0	2	0	0	1	0	3	0	4	0	1	0	1	0	0	1	0	1	0	0	0	0	0	0	14	1	0	2	0	2	0	0	3	0	3	0	1	0	1	0	0	1	0	0	0	0	1	0	3	1	0	0	3	7	0	1	0	3	0	1	0	0	0	0	0	0	0	0	0	0	0	2	0	0	1	1	0	0	1	0	4	0	0	0	0	1	0	3	0	0	0	0	0	1	1	0	0	1	1	0	0	0	0	0	0	2	0	1	0	0	0	1	0	1	0	0	0	0	0	1	0	0	1	0	3	1	0	1	0	3	0	0	0	0	0	2	0	0	1	0	0	0	0	1	0	0	0	1	0	0	1	1	0	0	0	0	0	0	1	0	2	0	1	0	0	0	0	0	1	0	1	0	1	1	2
OTU_544	0	0	0	0	0	0	0	0	0	0	0	0	0	0	0	0	1	1	0	0	0	0	3	0	1	0	0	0	1	0	0	0	0	0	0	1	0	0	0	0	0	0	0	0	0	0	0	0	0	6	0	0	0	0	0	0	0	1	0	0	0	0	0	0	0	0	1	0	1	0	0	0	115	0	0	0	0	0	2	0	0	0	0	0	0	0	0	1	0	0	0	0	0	0	0	0	0	0	1	0	0	0	0	0	0	0	0	0	0	0	1	2	0	0	0	0	1	2	0	0	0	0	0	2	0	0	0	0	0	0	0	0	0	0	0	0	0	0	0	0	0	0	2	0	0	1	0	0	0	0	3	0	0	0	11	0	0	1	0	0	0	0	0	0	0	0	0	0	0	20	0	2	0	8	0	2	0	0	27	0	0	0	0	0	0	0	0	0	0
OTU_545	0	0	0	0	1	0	0	8	2	0	0	2	0	0	0	0	0	0	0	0	0	0	0	0	0	0	0	1	0	0	0	0	0	0	0	0	0	0	0	0	0	0	0	1	0	0	1	0	0	1	1	0	0	0	0	1	0	0	0	0	1	2	0	0	0	1	1	0	0	0	0	1	0	0	1	0	0	9	1	0	1	0	1	0	1	0	1	0	0	0	0	0	0	0	4	2	0	0	0	0	0	0	0	0	0	0	0	0	0	0	0	0	0	0	0	0	0	0	0	0	0	0	0	0	0	0	0	1	0	0	0	0	0	0	2	0	0	0	0	0	0	0	0	0	0	0	0	0	0	0	0	0	0	0	0	0	0	0	0	0	0	0	0	0	0	0	0	0	0	0	0	0	0	0	0	0	0	0	0	0	0	0	0	0	0	0	0	0	2
OTU_546	0	0	0	0	0	0	0	0	0	0	0	0	0	0	0	0	0	0	0	0	0	3	0	0	0	0	0	0	0	0	0	0	0	0	1	2	0	0	0	0	0	0	0	0	0	0	0	0	0	0	0	0	0	0	0	0	0	0	0	0	0	0	2	0	0	0	0	0	0	0	0	0	0	0	0	0	0	0	0	0	0	0	0	0	0	0	0	0	0	0	0	0	0	0	0	0	0	0	0	0	0	0	0	0	0	0	0	0	0	0	0	0	0	0	0	0	0	0	224	0	0	0	0	0	0	0	0	0	0	0	4	0	0	0	0	0	0	0	0	0	0	0	0	0	0	0	2	0	0	0	0	0	0	0	0	0	0	0	0	0	0	0	0	1	0	0	0	0	0	5	0	0	0	52	0	0	0	0	0	0	0	0	0	0	0	0	0	0	0
OTU_547	2	13	8	1	14	1	6	84	52	6	20	6	9	2	1	0	8	19	0	12	0	29	4	3	0	11	2	1	3	5	20	37	4	6	38	23	24	1	38	3	7	1	8	9	1	1	0	2	8	1	3	6	1	2	29	2	0	3	1	5	1	3	0	16	10	1	3	4	15	2	3	8	3	3	46	15	2	0	0	2	2	2	7	6	7	3	20	0	24	3	5	9	9	1	1	1	30	12	20	1	110	0	0	158	0	2	0	1	15	0	3	0	5	0	0	3	0	78	5	2	1	2	0	23	2	2	0	55	0	7	0	144	7	0	12	0	0	0	16	8	0	5	0	42	0	4	14	0	1	133	1	4	20	5	0	1	1	1	0	4	0	1	0	3	4	10	6	146	1	48	2	1	1	6	1796	0	0	1	6	0	6	0	0	0	9	1	3	2	188
OTU_548	0	0	0	0	0	0	0	0	5	0	0	0	0	0	0	0	0	0	0	0	0	0	0	0	0	0	0	0	0	1	1	0	0	0	0	0	0	0	0	0	0	0	1	0	0	0	0	0	0	3	0	0	0	0	0	0	0	0	0	0	0	0	0	0	0	0	0	0	0	0	0	1	0	0	0	0	0	0	0	0	0	0	0	0	0	1	0	0	0	0	0	0	0	0	0	1	0	1	0	0	0	0	0	0	0	0	0	0	0	0	0	0	0	0	0	0	0	0	0	0	0	0	0	0	0	0	0	0	0	0	0	1	0	0	0	0	0	0	0	0	0	0	0	0	0	7	0	0	0	0	0	1	0	0	0	0	0	0	0	0	0	0	0	0	0	0	0	0	0	0	0	0	0	0	0	3	0	0	0	0	0	0	0	0	2	0	0	0	1
OTU_549	0	0	0	1	0	0	0	0	2	0	0	0	0	0	0	3	0	0	0	0	0	0	0	0	0	0	0	0	0	0	0	0	0	0	0	0	0	0	0	0	0	0	0	0	0	0	0	43	0	0	4	0	0	0	0	0	0	0	0	0	0	0	0	0	4	0	0	0	0	0	0	0	0	0	1	0	0	9	0	0	0	0	0	0	0	0	0	0	0	0	0	0	0	0	0	0	0	0	0	0	0	0	0	2	0	0	0	0	0	0	0	0	0	0	0	0	0	0	0	0	0	0	2	0	0	0	0	0	0	0	30	0	0	0	6	0	0	0	1	0	0	0	0	0	0	0	0	0	0	0	0	0	0	0	0	0	0	0	1	0	0	0	0	0	0	3	0	0	0	0	0	1	0	3	0	0	0	0	0	0	1	0	30	0	0	1	0	0	0
OTU_550	7	0	0	1	2	0	0	3	0	0	3	0	0	3	0	0	0	0	1	0	0	0	0	0	2	0	2	0	0	0	3	0	0	3	0	0	0	0	0	0	0	0	0	0	1	3	0	0	0	1	0	0	0	0	0	0	0	5	0	0	1	0	0	0	1	0	0	0	0	0	0	0	0	0	1	1	0	9	0	0	0	5	0	0	0	0	0	1	0	0	0	1	0	0	0	0	0	0	0	0	0	0	0	0	0	0	0	0	0	0	0	0	8	2	0	2	0	0	1	0	1	0	0	1	0	0	0	0	0	8	3	0	0	0	0	0	2	0	0	0	0	0	0	0	0	0	0	0	0	0	0	0	0	7	0	0	3	1	0	0	0	0	0	0	0	2	0	0	11	0	1	0	0	1	0	0	0	0	1	0	0	0	2	1	0	0	0	0	0
OTU_551	0	0	0	0	0	0	0	0	0	0	0	0	0	0	0	0	0	0	0	0	0	0	0	0	0	0	0	0	0	0	0	0	0	0	0	0	0	0	0	0	0	0	0	0	0	0	0	0	0	0	0	0	0	0	0	0	0	0	0	0	0	0	0	0	0	0	0	0	0	0	0	0	0	0	0	0	0	0	0	0	0	0	0	0	0	0	0	0	0	0	0	0	0	0	0	0	0	0	0	0	0	0	0	0	0	0	0	0	0	0	9	0	0	0	0	0	0	0	0	0	0	0	0	0	0	0	0	0	0	0	0	0	0	0	0	0	0	0	0	0	0	0	0	0	0	0	0	0	0	0	0	0	0	0	0	0	0	0	0	0	0	0	0	0	0	0	0	0	0	0	0	0	0	0	0	0	0	0	14	0	0	0	0	0	0	0	0	0	0
OTU_552	0	0	0	0	0	0	0	0	0	0	0	0	0	0	0	0	0	0	0	0	0	0	0	0	0	0	0	0	0	0	0	0	0	0	0	0	0	0	0	0	0	0	1	0	0	0	0	0	0	0	0	0	0	0	0	0	0	0	0	0	0	0	0	0	0	0	0	0	0	0	0	0	0	0	0	0	0	0	0	0	0	0	0	0	0	0	0	0	0	0	0	0	0	0	0	0	0	0	0	0	0	0	0	0	0	0	0	0	0	0	0	1	0	0	0	0	0	0	0	7	0	0	0	0	0	0	0	0	0	0	0	0	0	1	0	0	0	0	0	0	0	0	0	0	0	26	0	2	0	0	0	0	0	0	0	0	0	0	0	0	0	0	0	0	3	0	0	0	0	0	0	0	0	0	0	24	0	0	0	0	0	0	0	0	0	0	0	0	0
OTU_553	0	0	0	0	0	0	0	0	0	0	0	0	0	0	0	0	0	0	0	0	0	0	0	0	0	0	0	0	0	0	0	0	0	0	0	0	0	0	0	0	0	0	0	0	0	0	0	0	0	0	0	0	0	0	0	0	0	0	0	0	0	0	0	0	0	0	0	0	0	0	1	0	0	0	0	0	0	0	0	0	0	0	0	0	0	0	0	0	0	0	0	0	0	0	0	0	0	0	0	0	0	0	0	0	0	0	0	0	0	0	0	0	0	0	0	0	0	0	0	0	0	0	0	0	0	0	0	0	0	0	0	0	0	0	0	0	0	0	0	0	0	0	0	0	0	0	0	0	0	0	0	0	0	0	0	0	0	0	0	0	0	0	0	0	0	0	0	0	0	0	0	0	0	0	0	0	0	0	0	0	0	0	0	0	0	0	0	0	0
OTU_555	0	0	0	0	0	0	0	0	0	0	0	0	0	0	0	0	0	0	0	0	0	0	0	0	0	0	0	0	0	0	0	0	0	0	0	0	0	0	0	0	0	0	0	0	0	0	0	0	0	0	0	0	0	0	0	0	0	0	0	0	0	0	0	0	0	0	0	0	0	0	0	0	0	0	0	0	0	0	0	0	0	0	0	0	0	0	0	0	0	0	0	0	0	0	0	0	0	0	0	0	0	0	0	0	0	0	0	0	0	0	0	0	0	0	0	0	0	0	0	0	0	0	0	0	0	0	61	0	0	0	0	0	0	0	0	0	2	0	0	0	0	0	7	0	0	0	0	0	0	0	0	0	0	0	0	0	0	0	0	0	0	0	0	0	0	0	0	0	0	0	0	0	0	2	0	0	0	0	0	0	0	0	0	0	0	0	0	0	0
OTU_556	0	0	0	0	0	0	0	0	0	0	0	0	0	0	0	3	0	0	0	0	0	0	0	0	0	0	0	0	0	0	3	0	0	0	0	0	0	0	0	0	0	0	0	0	0	0	0	0	1	0	0	0	0	0	1	0	0	0	1	0	0	0	0	0	0	1	0	0	0	0	0	0	0	0	0	0	0	0	0	0	0	0	0	0	0	0	0	0	0	0	2	0	1	0	0	0	2	0	0	0	0	0	0	0	0	8	0	0	0	0	0	0	0	0	0	0	0	1	42	0	0	0	0	0	0	0	0	0	0	1	0	0	1	0	31	0	0	0	0	0	7	1	0	0	0	27	0	0	0	0	0	0	0	0	0	0	0	47	0	0	0	0	0	0	0	14	0	0	0	0	0	1	0	16	0	4	0	0	0	2	1	0	1	0	16	0	0	0	0
OTU_557	0	0	0	0	0	0	36	0	0	0	0	0	0	0	0	0	0	0	0	0	0	0	0	0	0	1	1	0	0	1	3	0	0	0	0	0	0	0	0	0	0	0	0	0	0	0	0	0	0	0	0	0	0	0	0	0	0	0	51	0	0	0	0	0	0	0	8	0	2	0	0	0	0	0	0	0	0	0	0	0	0	0	0	0	0	0	0	0	0	0	0	0	0	0	0	0	0	0	0	2	0	0	0	0	10	0	0	0	0	1	0	0	0	0	0	4	0	0	174	0	0	0	0	53	108	0	3	0	2	0	1	0	2	0	0	0	0	0	0	0	0	0	2	2	0	0	0	0	0	0	0	5	0	0	0	0	0	2	0	0	0	0	4	0	1	0	0	0	0	0	0	1	0	3	0	0	1	0	90	0	1	0	0	0	0	12	0	0	0
OTU_558	0	0	0	0	0	0	0	0	0	0	0	0	0	0	0	0	0	1	0	0	0	0	0	0	0	0	0	0	0	1	0	0	1	0	0	0	0	0	0	0	0	0	0	0	0	0	0	0	0	0	0	0	0	0	0	0	1	0	0	0	0	0	0	0	0	1	0	1	0	0	0	0	0	0	0	0	0	0	0	0	0	0	0	0	1	0	1	2	2	0	1	0	0	0	0	0	0	0	0	0	0	1	0	118	0	0	0	0	0	0	0	0	0	0	0	0	0	1	0	0	0	0	0	0	0	0	0	0	0	0	0	0	0	0	1	0	0	0	5	0	0	0	0	0	0	0	17	0	0	1	0	0	0	0	0	0	0	0	0	0	0	27	0	1	0	0	0	1	0	0	0	0	0	0	438	0	0	0	0	0	0	1	0	0	0	0	0	0	0
OTU_559	0	0	0	7	0	0	0	0	0	0	0	0	0	0	0	10	1	0	0	0	9	106	0	0	0	0	0	0	1	0	2	0	0	0	7	0	0	0	0	0	0	0	2	0	0	0	4	0	0	0	0	0	0	0	0	0	0	0	0	0	0	0	0	0	0	0	0	0	0	0	1	0	0	26	0	0	0	0	0	0	0	0	1	0	0	0	0	0	0	0	0	0	0	0	0	0	5	0	1	0	0	0	0	0	0	0	0	0	0	0	0	0	0	0	0	0	0	0	0	0	1	0	0	0	0	0	0	0	0	0	0	0	0	0	0	0	0	0	0	0	0	39	0	0	0	18	0	0	0	0	0	0	0	2	0	0	0	0	0	0	0	0	0	0	0	0	0	1	0	0	0	0	0	0	0	4	0	0	0	0	0	0	0	0	0	0	0	0	9
OTU_560	0	0	0	3	0	5	0	0	0	1	0	0	0	0	0	18	0	0	0	0	9	19	3	0	1	0	2	3	2	0	0	0	0	0	4	3	0	1	1	0	0	0	0	0	2	3	1	0	2	2	3	0	0	0	1	2	0	0	1	0	0	1	2	8	0	0	0	0	0	0	0	0	0	10	1	4	0	1	1	0	0	0	0	1	0	0	0	0	0	0	0	0	1	0	0	0	7	1	5	0	2	0	0	4	0	0	0	1	0	0	1	0	1	0	0	1	0	1	5	0	0	0	0	0	0	0	1	0	0	0	0	0	1	0	2	0	0	0	0	0	0	15	0	4	0	32	0	1	0	0	1	0	1	0	0	0	4	4	0	0	0	0	0	0	1	12	0	1	0	0	0	0	0	2	0	8	2	0	1	0	0	0	3	0	3	0	0	0	0
OTU_561	0	0	0	0	0	0	0	0	0	0	0	0	0	0	0	0	0	0	0	0	0	0	0	0	0	0	0	0	0	0	0	0	0	0	1	1	0	0	0	0	0	0	0	0	0	0	0	0	0	0	1	0	0	0	0	0	0	0	0	0	0	0	0	0	0	0	0	0	0	0	0	0	0	0	0	0	0	0	1	0	0	0	0	0	0	0	0	2	0	0	0	0	0	0	0	0	0	0	0	0	0	0	0	0	0	0	0	1	0	1	0	0	0	0	0	0	0	0	6	0	0	0	0	0	0	0	0	0	0	0	0	0	62	0	125	0	0	0	0	1	0	0	0	0	0	0	0	0	0	0	0	0	0	0	3	0	0	37	0	0	0	0	0	0	0	0	1	0	0	0	0	0	0	2	0	0	0	0	22	0	0	0	36	0	0	0	0	0	0
OTU_562	0	0	1	0	1	0	13	0	0	1	0	0	0	0	0	0	0	0	0	0	0	6	1	0	0	2	1	0	0	1	0	0	1	0	12	8	0	0	0	0	0	0	12	0	0	0	0	0	7	2	0	0	1	0	0	0	0	1	0	0	0	0	9	0	0	0	0	1	0	0	0	1	0	0	0	2	0	1	0	0	0	0	0	0	0	0	2	1	21	0	0	0	1	0	0	0	0	0	0	0	0	0	0	0	0	0	0	0	0	0	0	0	0	0	0	0	4	0	3	0	1	0	0	0	3	0	0	0	0	33	1	0	0	0	4	0	0	0	34	0	0	5	0	0	0	0	0	0	0	0	1	0	0	0	0	0	0	6	0	0	0	0	0	0	0	0	0	0	0	4	0	0	0	0	0	0	0	1	0	0	0	0	0	0	8	0	0	0	0
OTU_563	0	0	0	0	0	0	0	0	0	0	0	0	0	0	0	0	0	0	0	0	0	0	0	0	0	0	0	0	0	0	0	0	0	0	0	0	0	20	0	0	0	0	0	0	0	0	0	0	0	0	0	0	0	0	0	0	0	0	0	0	0	0	0	0	1	0	0	0	0	0	0	0	0	0	0	0	0	0	1	0	0	0	0	0	0	0	0	0	0	0	0	0	0	0	0	0	0	0	0	0	0	0	0	0	0	0	0	0	0	1	0	0	0	0	0	1	0	0	0	0	1	0	0	0	0	0	0	0	0	0	0	0	0	0	0	0	0	0	0	0	0	0	0	36	0	0	0	0	0	0	6	0	0	0	0	0	0	0	0	0	0	0	0	0	0	0	0	0	0	0	0	0	0	2	0	0	22	0	0	0	0	0	0	0	15	0	0	1	0
OTU_564	0	1	0	0	0	0	0	0	1	0	0	1	0	0	1	0	0	0	0	0	0	3	0	0	0	0	0	0	0	0	0	0	0	0	0	0	1	0	0	0	0	0	0	2	0	0	0	0	1	0	0	1	0	0	0	0	0	0	0	0	0	5	0	0	0	0	0	0	2	0	1	0	0	0	0	0	0	0	0	0	0	0	0	0	1	1	0	3	0	0	0	0	0	0	0	0	0	0	1	0	0	0	0	0	0	0	0	0	1	0	0	0	0	0	0	0	0	0	0	0	0	0	0	0	0	0	0	0	0	0	0	0	0	0	0	0	0	0	0	0	0	0	0	0	0	0	0	0	0	0	0	0	0	1	0	0	0	0	0	0	0	0	0	0	0	0	0	0	0	0	0	0	0	0	0	0	0	0	0	0	0	0	0	0	0	0	0	0	0
OTU_565	0	0	0	0	0	0	0	0	0	0	0	0	0	0	0	0	0	0	0	0	0	2	0	0	0	0	0	2	0	1	0	1	0	0	0	0	0	0	0	0	4	0	0	2	0	0	0	0	0	26	0	1	0	0	0	0	0	0	0	0	0	0	0	0	0	0	0	0	3	0	0	0	0	0	0	0	0	4	0	0	0	0	0	0	0	0	0	0	0	0	0	0	0	0	1	7	0	0	0	0	0	0	2	0	0	0	0	0	1	0	0	0	0	0	0	0	0	0	0	0	0	0	0	0	0	0	0	0	0	0	0	0	0	0	0	0	0	0	0	0	0	0	0	0	0	5	0	0	0	0	0	0	0	0	0	0	0	0	0	0	0	0	0	0	0	0	0	0	0	0	0	0	0	0	0	3	0	0	0	0	0	0	0	0	0	0	0	0	0
OTU_566	0	0	0	0	0	0	0	0	0	49	0	0	0	0	0	0	0	0	0	0	0	0	1	0	0	2	0	0	2	0	0	0	0	0	4	1	0	0	10	0	0	0	3	0	0	0	0	0	0	0	0	0	0	0	0	0	23	0	0	0	0	0	0	0	1	0	0	0	0	0	0	0	0	0	0	0	0	0	0	0	0	0	0	0	2	0	1	0	0	0	0	0	0	1	0	0	6	0	0	9	0	1	0	0	0	0	0	0	0	0	0	0	0	0	0	0	0	0	0	0	0	0	0	0	0	0	0	0	0	0	0	0	0	0	0	0	0	0	0	0	0	0	0	0	0	0	1	0	0	0	0	0	0	0	0	0	1	0	0	0	0	0	0	0	0	0	0	0	0	0	0	0	0	8	0	0	0	0	0	0	0	0	0	0	0	0	0	0	0
OTU_567	2	1	0	0	70	0	3	0	4	0	6	2	0	3	1	0	1	8	0	0	3	2	2	1	1	0	0	0	1	2	19	3	15	2	12	10	8	0	1	0	0	2	4	3	9	3	1	4	2	2	4	4	1	0	1	8	1	2	142	1	2	2	5	6	3	1	16	5	4	2	1	2	4	2	0	1	1	2	1	2	0	6	3	0	0	2	0	5	0	3	2	0	3	10	3	0	0	1	4	5	0	0	1	5	0	0	0	2	3	0	0	0	0	0	0	0	0	0	0	106	0	0	0	1	1	1	0	6	0	1	3	0	0	2	3	0	3	1	0	3	16	4	0	0	0	1	0	0	0	1	0	0	0	4	0	9	20	0	3	1	0	0	1	0	0	0	0	4	0	3	0	2	0	0	1	0	0	0	0	0	6	0	0	0	0	4	1	0	7
OTU_568	0	2	9	4	0	1	0	0	0	0	0	1	0	0	0	1	2	0	1	0	3	1	0	1	0	0	1	2	0	0	0	0	0	0	3	0	0	1	0	0	5	0	0	0	11	13	0	1	2	2	0	0	0	1	4	10	0	0	1	0	0	0	6	2	2	0	0	0	11	1	0	0	0	1	0	4	0	1	0	0	0	0	0	0	10	0	0	2	1	0	0	0	1	9	0	1	2	0	0	1	0	0	0	0	0	1	0	0	0	0	0	0	0	0	0	3	2	0	8	4	0	1	0	2	4	1	0	1	0	7	0	0	0	0	0	0	0	0	1	0	11	4	0	0	0	66	0	2	0	1	0	0	10	0	1	1	13	1	1	0	0	1	0	0	1	22	0	0	0	0	0	1	0	9	28	12	0	1	0	0	0	0	2	0	4	0	8	0	3
OTU_569	0	0	0	0	0	0	0	0	0	0	0	0	0	0	0	0	0	0	0	0	0	0	0	0	0	0	0	0	0	0	0	0	0	0	0	0	0	0	0	0	0	0	0	0	0	0	1	0	0	0	1	0	0	0	0	0	0	0	0	0	0	0	0	0	0	0	0	0	0	0	0	0	0	0	0	0	0	0	0	0	0	0	0	0	0	0	0	0	0	0	0	11	0	0	0	0	0	0	0	0	0	0	0	0	0	0	0	0	0	0	4	0	0	0	0	0	0	0	0	0	0	0	0	0	0	0	0	0	0	0	0	0	0	0	0	0	0	0	0	1	0	0	0	1	0	0	0	0	0	0	0	0	0	0	0	0	0	0	0	0	0	0	0	0	0	0	0	0	0	1	0	0	0	0	0	0	0	0	0	0	0	0	0	0	0	0	0	0	0
OTU_570	0	0	0	0	0	0	0	0	0	0	0	0	0	0	0	0	0	1	0	0	0	0	0	0	0	0	0	0	0	0	0	0	0	0	0	0	0	0	0	0	0	0	0	0	0	0	0	0	0	0	0	0	0	0	0	0	0	0	0	0	0	0	0	0	2	0	0	0	0	0	0	0	0	0	0	0	0	0	0	0	0	0	0	0	0	0	0	0	0	0	0	0	0	0	0	0	0	0	0	0	0	0	0	1	0	0	0	0	0	0	0	0	0	0	0	2	60	1	78	0	0	0	0	6	0	0	0	0	1	0	1	0	6	0	0	0	0	0	0	0	0	0	0	0	0	6	1	24	2	7	1	2	0	1	1	0	0	6	0	0	0	0	1	0	0	0	0	0	0	0	0	0	0	1	0	0	0	0	1	0	0	0	0	0	0	0	0	0	0
OTU_571	0	0	0	0	0	0	0	0	0	0	0	0	0	0	0	0	0	0	0	0	0	0	0	0	0	0	0	0	0	0	0	0	0	0	0	0	0	0	0	0	0	0	0	0	0	0	0	0	0	0	0	0	0	0	0	0	0	0	0	0	0	0	0	0	0	0	0	1	0	0	0	0	0	0	0	0	0	0	0	0	0	0	0	0	0	0	0	0	0	0	0	0	0	0	0	0	0	0	0	0	0	0	0	0	0	0	0	0	0	0	0	0	0	0	0	0	0	0	0	0	0	0	0	0	0	2	0	0	0	0	0	0	10	0	0	0	0	0	0	0	0	0	0	0	0	0	0	0	0	0	0	0	0	0	0	1	0	0	0	0	0	2	0	0	0	0	0	0	0	0	0	0	0	0	0	0	0	0	0	0	0	0	0	0	0	0	0	0	0
OTU_572	0	0	0	0	0	0	0	0	0	0	0	0	0	0	0	0	0	0	0	0	0	0	0	0	0	0	0	0	0	0	0	0	0	0	0	0	0	0	0	0	0	0	0	0	0	0	0	0	0	0	0	0	0	0	0	0	0	0	0	0	0	0	0	0	0	0	0	0	0	0	0	0	0	0	0	0	0	0	0	0	0	0	0	0	0	0	0	0	0	0	0	0	0	0	0	0	0	0	0	0	0	0	0	0	0	0	0	0	0	0	0	0	1	0	0	0	0	0	0	0	0	0	0	0	0	0	30	0	0	0	0	0	0	0	0	0	0	0	4	0	0	0	4	0	0	7	0	0	0	1	0	0	0	0	0	0	0	0	0	0	0	0	0	1	0	0	0	0	0	0	0	0	0	0	0	0	0	0	0	1	0	0	0	0	0	0	0	0	0
OTU_573	0	0	0	0	0	0	1	2	0	0	0	0	0	0	0	0	0	0	0	0	0	0	0	6	0	0	0	0	0	0	0	0	0	0	0	0	0	0	0	0	0	0	0	0	0	0	0	0	0	0	0	0	0	0	0	0	0	0	0	0	0	0	0	0	0	0	0	0	0	0	0	0	0	0	0	0	0	0	0	0	0	0	0	0	0	0	0	0	0	0	0	0	0	0	0	0	0	0	1	0	0	0	0	0	8	0	0	0	0	0	0	2	1	0	0	6	16	0	5	0	0	0	0	35	0	0	2	0	0	1	0	0	3	1	0	0	0	0	0	0	0	1	0	1	0	0	0	10	4	7	13	4	0	0	30	0	0	0	0	0	9	0	1	0	0	0	0	0	0	0	0	0	0	8	0	0	1	0	2	0	2	0	0	0	0	1	0	0	0
OTU_574	0	0	0	0	0	1	0	76	0	0	0	0	0	0	0	0	0	0	0	0	0	0	0	0	0	0	0	0	0	0	0	1	0	0	0	0	0	0	0	0	0	0	0	0	0	0	0	8	4	0	0	0	0	0	0	0	0	0	0	0	0	0	0	0	0	0	0	0	0	0	0	0	0	0	0	0	5	0	0	0	0	0	0	0	0	0	0	0	0	0	0	1	0	0	0	0	0	0	0	0	1	0	0	3	0	0	0	0	0	0	0	0	0	0	0	0	0	0	0	0	0	0	0	0	0	0	0	0	0	0	0	0	0	0	0	0	0	0	0	0	0	0	0	0	0	3	0	0	0	0	0	0	0	0	0	0	0	0	0	0	0	0	0	0	0	0	0	0	0	0	0	0	0	1	0	1	0	0	0	0	0	0	0	0	0	0	0	0	0
OTU_575	0	0	0	0	0	0	0	0	0	0	0	0	0	0	0	0	0	0	0	0	0	0	0	0	0	0	0	0	0	0	0	0	0	0	0	0	0	0	0	0	0	0	0	0	0	0	0	0	0	0	0	0	0	0	0	0	0	0	0	0	0	0	0	0	0	0	0	0	0	0	0	0	0	0	0	0	0	0	0	0	0	0	0	0	0	0	0	0	0	0	0	0	0	0	0	0	0	0	0	0	0	0	0	0	0	0	0	0	0	0	0	0	0	0	0	0	0	0	0	0	0	0	0	0	0	0	0	0	0	0	0	0	0	0	0	0	0	0	0	0	0	0	0	0	0	0	0	0	0	0	0	0	0	0	0	0	0	0	0	0	0	0	0	0	0	0	0	0	0	0	0	0	0	0	0	0	0	0	1	0	1	0	0	0	0	0	0	0	0
OTU_577	0	0	0	0	0	0	0	0	0	0	0	1	0	0	0	0	0	0	0	0	0	0	0	0	0	0	0	0	0	0	0	0	0	0	0	0	0	2	16	0	0	0	5	0	0	0	0	0	0	0	0	0	0	0	0	0	0	0	0	0	0	0	0	0	0	0	0	0	0	0	0	0	0	0	0	0	0	0	0	0	0	0	0	0	0	0	5	0	0	0	0	0	0	0	0	0	0	0	0	0	0	0	0	0	0	0	0	0	0	0	0	0	0	0	0	0	0	0	0	0	0	0	0	0	0	0	0	0	0	0	0	0	0	0	0	0	0	0	0	0	0	0	0	0	0	0	0	0	0	0	0	0	0	0	1	0	0	0	0	0	0	0	0	0	0	0	0	0	0	0	0	0	0	0	1	0	0	0	0	0	0	0	0	0	0	0	0	0	0
OTU_578	0	0	0	0	3	0	0	0	0	0	0	0	0	0	0	0	0	0	0	1	0	0	0	0	0	0	0	0	0	0	0	0	0	0	0	0	0	0	0	0	0	0	1	0	0	0	0	0	0	0	0	0	0	0	0	0	0	0	3	0	0	0	0	0	0	0	0	0	0	0	0	0	0	1	0	0	0	0	0	0	0	0	0	0	0	0	0	0	0	0	0	0	0	0	0	0	0	0	0	0	0	0	0	0	0	0	0	0	0	0	0	0	0	0	0	0	0	0	0	0	0	0	0	0	0	0	0	0	0	0	0	0	0	0	0	0	0	0	0	0	0	0	0	0	0	5	0	0	0	0	0	0	0	0	0	0	1	0	0	0	0	0	1	0	0	0	0	0	0	0	0	0	0	0	0	2	0	0	0	0	0	0	0	0	0	1	0	0	0
OTU_579	0	0	0	0	3	0	0	1	2	0	0	0	0	0	0	0	0	2	0	0	0	0	1	1	0	0	0	0	0	0	1	0	0	0	0	0	0	0	3	7	0	2	0	0	0	0	0	0	2	0	0	0	0	0	0	0	0	0	0	0	0	1	1	0	0	0	0	0	1	0	1	0	1	3	0	0	0	0	0	0	1	0	1	0	1	0	0	0	0	0	0	0	0	0	0	0	0	0	0	1	0	0	0	0	0	0	0	3	1	0	0	1	0	0	0	1	0	0	1	0	0	0	0	0	0	0	0	2	0	0	0	0	0	0	1	0	0	0	1	0	0	1	0	2	0	0	1	0	0	0	1	0	1	0	0	0	0	1	1	0	1	0	0	0	0	2	0	2	1	1	0	0	1	0	0	0	0	0	0	0	0	0	0	0	0	0	1	0	4
OTU_580	0	1	0	0	0	0	0	0	3	0	0	1	0	0	0	1	0	0	0	0	0	1	0	0	0	0	0	0	0	0	1	0	0	0	0	0	0	1	0	0	0	1	0	0	0	0	0	0	0	0	0	0	0	0	0	0	0	0	0	1	0	8	3	0	0	1	1	1	0	0	0	0	0	0	0	1	0	0	0	1	0	0	0	0	0	0	0	0	0	0	0	0	0	0	0	0	0	5	0	0	0	0	0	2	0	0	1	6	0	0	0	0	0	1	0	0	0	1	0	0	1	0	0	1	0	1	0	1	0	0	0	3	1	0	0	1	0	0	0	0	1	1	0	0	1	0	0	0	0	1	1	0	0	0	0	0	0	1	3	1	0	0	0	2	0	0	0	1	0	0	0	0	0	0	7	0	0	0	1	0	1	0	1	0	0	0	0	1	0
OTU_581	0	0	0	0	1	1	0	1	0	0	0	0	4	0	0	0	0	0	0	0	0	6	0	0	1	1	1	0	0	0	0	4	0	1	0	0	4	1	0	0	0	0	3	1	0	3	1	0	1	2	2	0	0	0	3	0	1	0	0	0	0	1	0	1	0	0	2	0	0	0	0	0	0	0	0	2	0	0	0	0	0	0	0	0	0	0	1	8	0	0	5	2	0	0	0	0	0	0	0	0	4	2	0	0	0	0	0	1	0	0	0	0	0	0	0	3	0	0	0	0	0	0	0	0	0	1	0	0	0	0	0	0	0	0	0	0	0	1	0	0	0	0	1	1	0	1	0	0	0	0	0	0	0	0	0	0	0	0	0	0	0	0	0	0	0	0	0	0	0	0	0	0	1	0	0	0	0	0	0	0	0	0	0	0	0	0	0	0	0
OTU_582	0	0	1	2	5	1	1	3	1	0	0	0	0	1	0	1	0	0	0	0	0	3	0	1	0	0	0	1	0	0	4	0	0	1	0	3	0	0	0	0	0	0	0	0	0	0	0	1	0	0	0	1	0	0	0	1	0	0	1	0	0	0	1	1	0	0	1	0	0	1	0	0	1	0	0	0	0	0	1	0	0	0	4	0	0	0	1	0	0	0	0	0	0	2	2	0	0	0	1	0	4	0	0	0	0	0	0	0	0	0	0	1	0	0	0	0	0	1	0	0	0	0	0	0	0	0	0	2	0	0	1	1	0	3	0	0	0	0	1	1	0	0	0	1	0	0	0	0	0	0	0	0	0	1	0	0	0	0	3	0	0	0	0	0	0	0	0	0	2	1	0	1	0	0	0	0	0	0	0	0	0	1	7	0	0	0	0	0	7
OTU_583	0	0	0	0	0	0	0	0	0	0	0	0	0	0	0	0	0	0	0	0	0	0	0	0	0	0	0	0	0	0	0	0	0	0	0	0	0	0	0	0	0	0	0	0	0	0	0	0	0	0	0	0	0	0	0	0	0	0	0	0	0	0	0	0	0	0	0	0	0	0	0	0	0	0	0	0	0	0	0	0	0	0	0	0	0	0	0	0	0	0	0	0	0	0	0	0	0	0	0	0	0	0	0	0	0	0	0	0	0	0	0	0	0	0	0	0	0	0	0	0	0	0	0	0	0	0	0	0	0	0	0	0	0	0	0	0	0	0	0	0	0	0	0	0	0	0	0	0	0	0	0	0	0	0	0	0	0	0	0	0	0	0	0	0	0	2	0	0	0	0	0	0	0	0	0	0	0	0	0	0	0	0	0	0	0	0	0	0	0
OTU_584	1	0	0	0	0	0	0	0	0	0	0	0	4	0	0	0	0	0	0	0	0	0	0	0	0	0	0	0	0	0	0	0	0	0	0	0	0	0	0	0	0	0	0	6	0	0	0	0	0	0	0	25	0	0	0	0	0	0	0	0	0	0	0	0	0	0	0	0	1	0	0	0	0	0	1	0	0	3	0	0	1	0	0	0	0	0	0	1	0	0	0	0	0	0	0	0	0	18	0	0	0	1	0	0	0	0	0	0	0	0	0	0	0	0	0	0	0	0	0	0	0	0	0	0	0	0	0	0	0	0	0	0	0	0	0	0	0	0	0	0	0	0	0	0	0	0	0	0	0	0	0	0	0	0	0	0	0	0	0	0	0	0	0	0	0	0	0	0	0	0	0	0	0	0	0	0	0	0	0	0	0	0	0	0	0	0	0	0	3
OTU_585	0	0	1	0	3	0	0	0	0	0	0	1	0	0	0	2	0	0	0	0	0	22	0	0	0	0	0	0	1	0	0	1	0	0	6	11	0	0	0	0	0	0	0	12	0	0	0	0	0	0	0	6	0	0	0	0	0	1	0	0	3	0	0	0	5	0	1	0	0	0	0	0	1	0	1	0	0	1	0	0	0	0	0	0	8	1	0	2	0	8	11	0	0	0	0	0	6	0	0	14	0	0	0	0	0	0	0	0	0	0	0	1	0	0	0	0	0	0	0	0	0	0	0	0	0	0	0	0	0	0	0	0	0	0	6	0	0	0	0	0	0	0	0	0	0	0	0	0	0	0	0	0	0	0	0	0	0	0	0	0	0	0	0	0	0	0	0	0	0	0	0	0	0	7	0	0	0	0	0	0	0	0	0	0	0	0	0	0	5
OTU_586	0	0	0	0	0	0	0	0	0	0	0	0	0	0	0	0	0	0	0	0	0	0	0	0	0	0	0	0	0	0	0	0	0	0	0	0	0	0	0	0	0	0	0	0	0	0	0	0	0	0	0	0	0	0	0	0	0	0	0	0	0	0	0	0	0	0	0	0	0	0	0	0	0	0	0	0	0	0	0	0	0	1	0	0	0	0	0	0	0	0	0	0	0	0	0	0	0	0	0	0	0	0	0	0	0	0	0	0	0	0	1	0	0	0	0	0	0	0	0	0	0	0	0	0	0	0	1	0	0	0	0	0	0	0	0	0	0	0	0	0	0	0	0	0	0	0	0	0	1	0	0	0	0	0	0	0	0	0	0	0	0	0	0	0	0	0	0	0	0	0	0	0	0	0	0	0	0	0	0	0	0	0	0	0	0	0	0	0	0
OTU_587	0	0	0	0	0	0	1	0	0	0	0	0	0	0	11	0	0	1	0	0	0	0	0	0	0	0	0	0	0	0	0	1	4	0	3	0	0	0	0	0	0	0	0	0	0	0	4	0	0	0	3	0	0	0	0	0	0	0	1	0	0	0	0	0	0	0	0	0	0	1	0	0	0	0	0	5	1	0	1	1	0	0	0	0	0	0	0	5	0	0	0	0	34	1	0	0	0	0	0	0	0	0	0	0	0	0	0	1	0	2	0	0	0	1	0	13	0	0	1629	0	0	1	0	360	0	0	152	1	0	3	4	0	42	0	0	1	0	0	0	0	0	1	16	2	0	60	0	0	26	0	0	41	0	0	0	0	0	1	0	0	0	3	0	0	2	0	0	0	0	904	0	1	0	338	0	44	0	1	0	0	1	0	0	0	0	1	0	0	2
OTU_588	0	0	0	0	0	0	0	0	0	0	0	0	0	0	0	0	0	0	0	0	0	0	0	0	0	0	0	0	0	0	0	0	0	0	0	0	0	0	0	0	0	0	0	0	0	0	0	0	0	0	0	0	0	0	0	0	0	0	0	0	0	0	0	0	0	0	0	0	0	0	0	0	0	0	0	0	0	0	0	0	0	0	0	0	0	0	0	0	0	0	0	0	0	0	0	0	0	0	0	0	0	0	0	0	0	0	0	0	0	0	0	0	0	0	0	0	0	0	0	0	0	0	0	0	0	0	0	0	0	0	0	0	0	0	0	0	0	0	0	0	0	0	0	0	0	0	0	0	0	0	0	0	0	0	0	0	0	0	0	0	0	0	0	0	0	0	0	0	0	0	1	0	0	0	0	0	0	0	0	0	0	0	0	0	0	0	0	0	0
OTU_589	0	0	0	0	0	0	0	0	0	0	0	0	0	0	0	0	0	1	0	0	8	15	0	0	0	0	0	0	0	0	2	0	0	0	0	0	0	0	0	0	0	0	0	0	0	0	0	0	0	1	0	0	0	0	0	0	0	0	3	0	0	0	0	0	0	0	0	0	0	0	0	0	0	0	0	1	0	0	0	0	0	0	0	0	0	0	0	0	0	0	0	0	0	0	0	0	0	0	0	0	0	0	0	0	0	0	0	0	0	0	0	0	0	0	0	0	3	0	16	0	0	0	0	0	0	0	0	0	0	0	0	0	0	0	0	0	0	0	0	0	0	0	0	0	0	0	0	2	0	0	0	0	0	0	0	0	0	0	0	0	0	0	0	0	0	0	0	0	0	0	0	0	0	0	0	0	0	0	0	0	0	0	0	0	7	0	0	0	0
OTU_590	0	0	0	0	0	0	0	0	0	0	0	0	0	0	0	0	0	0	0	0	0	0	0	0	0	1	0	0	0	0	0	0	0	0	0	0	0	0	0	0	0	0	0	0	0	0	0	0	0	0	0	0	0	0	0	0	0	0	0	0	0	0	0	0	0	0	1	0	0	0	0	0	0	0	0	0	0	0	1	0	0	0	0	0	0	0	0	0	0	0	0	0	0	0	0	0	0	0	0	0	0	0	0	0	0	0	0	0	0	0	0	0	0	0	0	0	96	0	1	35	0	0	0	0	0	0	0	0	1	0	0	0	186	0	0	0	0	0	0	0	0	0	0	40	0	0	0	0	0	0	0	0	0	0	0	0	0	0	0	0	0	3	0	0	0	0	0	0	0	0	0	0	0	2	0	0	0	0	0	0	0	0	211	0	0	0	0	0	0
OTU_591	2	0	0	0	1	0	0	0	2	0	0	0	0	0	1	1	1	1	1	0	0	0	0	0	0	0	0	0	0	0	1	0	1	0	0	0	0	0	0	0	0	0	0	0	1	0	0	0	0	0	0	0	0	0	1	0	0	0	0	0	0	1	0	0	3	0	0	1	0	0	0	0	0	2	0	0	0	0	0	0	1	0	0	0	1	1	0	0	0	0	0	0	1	0	0	0	0	0	0	0	0	0	0	0	2	0	0	4	1	0	0	0	0	0	0	1	0	0	0	0	0	0	1	0	0	1	0	0	0	0	0	0	0	1	1	0	0	0	6	0	0	0	0	2	0	0	0	0	0	0	1	1	0	0	0	0	1	0	2	0	0	0	0	0	0	1	0	0	0	0	0	0	0	2	0	0	0	0	1	0	1	0	3	0	0	0	0	0	1
OTU_592	0	2	0	0	1	0	0	0	4	0	0	0	0	1	0	0	1	14	0	0	0	0	0	1	0	0	0	0	0	0	0	0	0	0	0	0	0	0	0	0	0	0	1	1	0	0	0	0	0	4	0	3	0	0	1	0	0	0	1	0	0	3	0	0	0	0	2	1	1	0	0	0	0	0	0	0	0	16	0	0	0	2	0	0	23	0	0	0	0	0	0	0	0	0	0	1	0	0	0	0	0	0	1	1	0	0	0	0	0	0	0	5	0	0	0	0	0	0	0	0	0	0	0	0	0	0	0	0	0	0	0	2	0	0	0	0	0	0	0	0	0	0	0	0	0	6	0	0	0	0	6	1	0	0	0	1	0	0	0	0	0	0	0	0	0	3	0	0	0	0	0	0	0	0	0	1	0	0	0	0	0	0	0	0	1	0	1	0	14
OTU_593	0	0	0	5	0	0	0	0	0	0	0	0	0	0	1	1	0	0	0	0	0	0	0	0	0	0	0	0	0	0	0	0	0	0	0	1	0	0	0	0	0	0	0	0	0	0	0	0	0	0	0	0	0	0	0	0	0	0	0	0	0	0	0	0	0	0	0	0	0	1	0	0	0	0	0	1	0	0	0	0	0	0	0	0	0	1	0	0	0	0	0	0	2	0	0	0	0	0	0	0	0	0	0	0	0	0	0	0	0	1	0	0	0	0	0	0	0	0	0	0	0	0	0	0	0	0	0	0	0	0	0	0	0	0	24	0	0	1	0	0	0	0	0	0	0	0	1	0	0	0	0	0	0	0	0	0	1	0	0	0	0	0	0	0	0	0	0	0	0	0	0	0	0	1	0	0	0	0	0	0	0	0	0	0	28	0	0	7	0
OTU_594	6	0	0	7	0	1	0	1	0	0	0	2	0	0	0	0	0	1	0	0	0	0	0	0	0	1	1	0	0	0	0	0	0	0	0	1	0	0	2	0	0	4	0	0	0	0	0	0	0	0	0	0	2	0	1	0	0	0	0	0	0	15	0	0	0	0	0	6	0	0	0	0	0	0	0	0	0	0	0	2	0	0	1	0	0	0	0	0	0	0	0	0	0	0	0	0	0	0	0	0	0	0	0	1	0	0	0	0	0	0	0	0	0	0	5	0	0	0	0	4	0	0	0	0	0	1	0	0	0	0	1	1	0	0	0	0	0	0	0	0	0	0	0	0	0	0	0	0	0	0	0	0	0	1	0	0	0	0	0	2	0	0	0	0	0	0	0	0	0	0	0	0	0	0	2	0	0	0	0	0	0	0	6	0	0	0	0	0	0
OTU_595	0	0	0	0	0	0	1	0	1	0	0	0	0	0	0	10	0	0	0	0	0	0	1	0	0	0	0	0	0	0	0	1	0	0	0	0	0	0	0	0	0	0	1	0	0	0	0	0	0	0	0	0	0	0	0	0	0	0	0	0	0	0	0	1	0	0	0	0	0	0	0	0	8	0	0	0	0	0	0	0	0	0	0	0	0	0	0	0	0	0	0	0	0	0	0	0	0	0	0	0	0	0	0	0	0	0	0	0	0	0	0	0	0	0	0	0	0	0	0	0	0	0	0	0	0	0	0	0	0	0	0	0	0	0	0	0	0	0	0	0	0	10	0	0	0	0	0	0	0	0	0	0	0	0	0	0	0	0	0	0	0	0	0	0	0	0	0	0	0	0	0	0	0	0	0	0	0	0	0	0	0	0	0	0	0	0	0	0	0
OTU_596	0	0	0	0	0	0	0	0	0	0	0	0	0	1	0	0	0	0	0	0	0	0	0	0	0	0	0	0	0	0	0	0	0	0	0	0	0	0	0	0	0	0	0	0	0	0	0	0	0	0	0	0	0	0	0	0	0	0	0	0	0	0	0	0	0	0	0	0	0	0	0	0	0	0	0	0	0	0	0	0	0	0	0	0	0	0	0	0	0	0	0	0	0	0	0	0	0	0	0	0	0	0	0	7	0	0	0	0	0	0	0	0	0	0	0	0	0	0	2	0	0	0	0	0	0	0	0	0	0	0	0	0	2	0	0	0	0	0	0	0	0	0	0	0	0	3	0	0	0	0	0	0	0	0	0	0	0	0	0	0	0	0	0	0	0	3	0	0	0	0	0	0	0	6	0	1	0	0	0	0	0	0	0	0	0	0	0	0	0
OTU_597	0	0	0	30	0	0	0	0	0	0	0	0	0	0	0	0	0	0	0	0	0	0	0	0	0	0	0	2	1	0	0	2	0	0	12	12	0	2	0	0	14	0	0	0	0	0	0	0	0	0	0	1	0	0	0	0	0	0	0	0	0	0	0	0	0	0	0	0	0	0	0	0	0	0	0	0	0	0	0	0	0	0	1	0	0	0	0	0	0	0	0	0	0	0	0	0	0	1	0	0	0	0	0	0	0	0	0	0	0	0	0	0	0	0	0	0	0	1	2	0	1	0	0	0	0	0	0	1	0	0	0	0	0	0	0	0	0	0	0	0	0	0	0	1	0	0	0	0	0	0	0	0	0	0	0	0	0	0	0	0	0	0	0	0	0	0	0	0	0	0	0	0	0	0	0	0	0	0	0	0	0	0	0	0	0	0	0	0	2
OTU_598	1	0	0	0	3	0	2	21	2	0	2	0	0	0	0	1	0	0	0	4	1	0	0	2	0	0	1	0	0	0	7	0	1	2	0	0	1	0	3	2	1	0	1	1	1	0	0	8	0	2	1	0	1	1	1	1	0	1	0	1	2	0	4	0	11	0	0	2	5	3	0	0	0	2	0	0	0	11	2	0	0	4	4	0	0	0	0	4	2	2	0	0	20	1	107	1	3	0	0	0	12	0	0	0	0	0	0	4	2	0	2	0	0	0	0	0	0	0	0	0	1	0	0	0	1	1	0	5	1	0	0	0	0	0	0	0	0	0	4	0	0	0	1	3	0	18	0	1	0	0	4	0	0	1	0	0	0	0	10	0	0	0	0	0	1	4	0	0	3	5	2	0	0	4	1	10	0	0	0	0	1	0	1	0	0	0	0	0	28
OTU_599	0	0	0	0	0	0	0	0	0	0	0	0	0	0	0	0	0	0	0	0	0	0	0	0	0	0	0	0	0	0	0	0	0	0	0	0	0	0	0	0	0	0	0	0	0	0	0	0	0	0	0	0	0	0	0	0	0	0	0	0	0	0	0	0	0	0	0	0	0	0	0	0	0	0	0	0	0	0	0	0	0	0	0	0	0	0	0	0	0	0	0	0	0	0	0	0	0	0	0	0	0	0	0	0	0	0	0	0	0	0	0	0	0	0	0	0	14	0	0	0	0	0	0	0	0	0	0	0	0	0	0	0	0	0	0	0	0	0	0	0	0	0	0	0	0	7	0	0	1	0	0	0	0	0	0	0	3	0	0	0	0	0	0	0	0	0	0	0	0	0	0	0	0	2	0	3	0	0	0	0	0	0	0	0	0	0	0	0	0
OTU_600	2	7	0	0	0	3	0	0	0	0	0	2	0	0	0	0	0	0	0	0	0	0	0	0	0	0	0	0	0	0	0	0	0	12	0	0	0	0	0	1	1	0	0	0	0	0	5	0	0	1	0	1	0	0	0	1	0	1	0	0	0	46	6	0	0	38	0	0	0	0	0	1	0	0	0	0	0	0	0	0	1	0	1	0	0	0	0	4	0	0	0	0	0	1	0	0	0	0	0	0	0	0	0	1	0	3	1	0	0	0	0	0	1	2	0	1	0	0	0	0	0	0	0	0	0	0	1	1	0	0	0	0	0	0	0	0	19	0	0	0	0	0	0	0	0	0	0	0	0	0	0	0	0	1	0	0	0	1	1	0	1	0	0	1	0	0	0	0	0	0	1	0	0	0	2	0	0	0	0	0	0	0	0	0	0	0	0	0	0
OTU_601	0	0	0	0	1	0	0	0	0	0	0	0	0	0	0	0	0	0	0	0	3	0	1	0	0	0	0	1	1	0	0	0	0	0	0	0	0	0	0	4	0	0	0	0	0	0	0	0	0	0	0	0	0	0	0	0	0	0	0	0	0	0	0	0	0	0	0	0	0	0	0	1	3	1	17	0	0	0	0	0	1	0	1	0	0	0	0	0	0	0	0	0	0	0	0	0	0	1	0	0	0	0	0	1	2	0	0	0	0	0	0	0	0	0	1	0	1	0	0	0	0	0	0	2	0	0	0	7	3	0	0	0	0	0	0	0	0	0	0	0	1	8	0	0	0	5	0	0	0	0	0	0	0	0	0	0	0	0	0	0	0	0	0	0	0	1	0	0	0	0	1	0	0	20	0	1	0	1	0	0	0	0	1	0	6	0	0	0	0
OTU_602	0	0	0	0	0	0	0	0	0	0	0	0	0	0	2	0	0	0	0	0	0	4	0	0	0	0	0	0	0	0	0	0	0	0	10	5	0	0	0	0	0	0	0	0	0	0	0	0	0	0	0	0	0	0	0	0	0	0	0	0	0	0	0	0	1	0	0	0	0	0	0	0	0	0	0	0	0	0	0	0	0	0	0	0	0	0	0	0	0	0	0	0	2	0	0	0	0	0	0	0	0	0	0	0	0	0	0	0	0	0	0	0	0	0	0	6	0	0	0	3	0	0	0	40	0	0	4	0	0	0	2	0	1	2	1	0	0	0	0	0	1	0	0	0	0	0	0	6	0	2	18	4	0	0	0	0	0	0	0	0	2	0	0	0	0	0	0	0	0	23	0	7	0	0	0	0	0	0	0	0	1	0	5	1	0	1	0	0	0
OTU_603	0	0	0	0	0	0	0	0	0	0	0	0	0	0	0	0	0	0	0	0	0	0	0	0	0	0	0	0	0	0	0	0	0	0	0	0	0	0	0	0	0	0	0	0	0	0	0	0	0	0	0	0	0	0	0	0	0	0	0	0	0	0	0	0	0	0	0	0	0	0	0	0	0	0	0	0	0	0	0	0	0	0	0	0	0	0	0	0	0	0	0	0	0	0	0	0	0	0	0	0	0	0	0	0	0	0	0	0	0	0	0	0	0	0	0	1	0	0	0	0	0	0	0	10	0	0	1	0	0	0	0	0	0	0	0	0	0	0	0	0	0	0	0	0	1	502	0	1	0	2	0	2	0	0	0	0	0	0	0	0	0	0	0	0	0	0	0	0	0	159	0	0	0	1	0	119	0	0	0	0	0	0	6	0	0	0	0	0	0
OTU_604	0	0	0	0	0	0	0	0	0	0	0	0	0	0	0	0	0	0	0	0	0	0	0	0	0	0	0	0	0	0	0	0	0	0	0	0	0	0	0	0	0	0	0	0	0	0	0	0	0	0	0	0	0	0	0	0	0	0	0	0	0	0	0	0	0	0	0	0	0	0	0	0	0	0	0	0	0	0	0	0	0	0	0	0	0	0	0	0	0	0	0	0	0	0	0	0	0	0	0	0	0	0	0	0	0	0	0	0	0	0	0	0	0	0	0	0	0	0	44	0	0	0	0	3	0	0	0	0	0	0	0	0	15	0	0	0	0	0	0	0	0	0	1	0	0	2	1	0	0	0	0	0	0	0	0	0	0	0	0	0	0	0	0	0	0	0	0	0	0	0	0	0	0	0	0	0	0	0	0	0	0	0	0	0	0	0	0	0	0
OTU_605	0	0	0	0	0	0	0	0	0	0	0	0	0	0	0	1	0	0	0	0	2	0	0	0	0	0	0	0	0	0	0	0	0	0	1	0	0	4	0	0	0	0	7	0	0	0	0	1	0	0	0	0	0	0	0	0	0	0	0	0	0	0	0	2	1	0	0	0	0	0	0	0	0	0	0	0	0	0	0	0	0	1	0	0	0	0	0	0	0	0	0	0	1	0	0	0	0	0	0	0	0	0	0	4	1	0	0	0	0	0	0	1	0	0	0	0	0	1	9	0	0	0	0	0	0	0	1	0	0	1	1	0	5	0	2	0	0	0	0	0	0	4	0	0	0	14	0	1	0	0	0	0	8	0	1	0	2	2	0	0	1	0	0	0	1	9	0	0	0	1	1	0	1	12	4	5	0	2	0	1	0	0	8	0	1	0	0	1	0
OTU_606	0	0	0	0	0	0	0	0	0	4	0	0	0	0	0	0	0	0	0	0	0	0	0	0	0	0	0	0	0	0	0	0	0	0	0	0	0	0	0	0	0	0	0	0	0	0	0	0	0	0	0	0	0	0	0	0	0	0	0	0	0	0	0	0	0	0	0	0	0	0	0	0	0	0	0	0	0	0	0	0	0	0	0	0	0	0	5	0	0	0	0	0	0	0	0	0	0	0	0	0	0	0	0	0	0	0	0	0	0	0	0	0	0	0	0	0	0	0	0	0	1	0	0	0	0	0	0	0	0	0	0	0	0	0	0	0	0	0	0	0	0	0	0	0	0	0	0	0	0	0	0	0	0	0	0	0	0	0	0	0	0	0	0	0	0	0	0	0	0	0	0	0	0	0	0	0	0	0	0	0	0	0	0	0	0	0	0	0	0
OTU_607	0	0	0	0	0	0	0	0	0	0	0	0	0	0	0	0	0	0	0	0	0	0	0	0	0	0	0	0	0	0	0	0	0	0	0	0	0	0	0	0	0	0	0	0	0	0	0	0	0	0	0	0	0	0	0	0	0	0	0	0	0	0	0	0	0	0	0	0	0	0	0	0	0	0	0	0	0	0	0	0	0	0	0	0	0	0	0	0	0	0	0	0	0	0	0	0	0	0	0	0	0	0	0	0	0	0	0	0	0	0	0	0	0	0	0	0	0	0	0	0	0	0	0	0	0	0	0	0	0	0	0	0	0	0	0	0	0	0	0	0	0	0	0	0	0	0	0	0	0	0	0	0	0	0	0	0	0	0	0	0	0	0	0	0	0	0	0	0	0	0	0	0	0	0	0	0	0	0	0	0	0	0	24	0	0	0	0	0	0
OTU_608	27	0	0	3	0	0	37	1	0	3	0	0	0	0	3	5	1	1	0	0	10	10	0	0	5	1	4	0	1	0	2	0	1	0	6	4	0	2	0	0	4	0	1	0	1	5	4	0	0	6	1	4	0	0	3	0	0	0	0	0	2	0	1	3	2	1	1	0	1	0	0	0	11	0	1	11	0	39	0	0	0	0	0	0	1	0	0	78	0	0	0	0	11	1	0	0	7	0	0	2	0	2	0	5	0	1	0	0	0	2	1	0	1	0	0	0	0	2	38	13	0	0	0	2	2	0	1	0	0	1	0	0	1	0	3	0	0	0	8	0	3	1	0	1	0	28	0	5	0	3	0	2	18	0	1	1	5	10	0	0	3	1	3	0	0	4	0	0	0	4	7	0	0	96	0	8	0	3	0	0	0	1	0	0	25	0	8	0	0
OTU_609	1	5	0	12	0	0	0	1	0	0	0	0	0	0	1	0	0	0	0	2	0	0	0	1	3	0	0	0	9	0	0	0	0	0	0	0	0	0	0	0	0	0	0	1	0	0	0	2	0	9	13	2	0	0	0	0	0	0	0	0	0	0	0	1	3	0	0	1	0	0	0	1	0	2	0	1	0	17	0	0	0	0	0	0	3	0	0	0	0	1	0	8	0	0	0	0	12	19	0	0	0	0	0	0	1	0	0	0	0	0	0	1	0	0	87	8	0	0	0	3	0	0	1	0	0	0	0	2	0	0	18	0	0	0	7	0	0	2	0	0	6	0	1	0	0	9	0	0	0	1	1	0	0	0	0	6	1	0	2	0	0	0	0	0	4	32	0	0	1	3	0	1	0	120	0	13	0	0	0	0	5	0	0	1	8	1	1	6	0
OTU_610	0	0	0	0	0	0	0	0	0	0	0	0	0	0	0	0	0	0	0	0	0	0	0	0	0	0	0	0	0	0	0	0	0	0	0	0	0	0	0	0	0	0	0	0	0	0	0	0	0	0	0	0	0	0	0	0	0	0	0	0	0	0	0	0	0	0	0	0	0	0	0	0	0	0	0	0	0	0	0	0	0	0	0	0	0	0	0	1	0	0	0	0	0	0	0	0	0	0	0	0	0	0	0	0	0	0	0	0	0	0	0	0	0	0	0	0	0	0	0	0	0	0	0	0	0	0	0	0	0	0	0	0	0	0	0	0	0	1	0	0	0	0	0	0	0	0	0	0	0	0	0	0	0	0	0	0	0	0	0	0	0	0	0	0	0	0	0	0	0	0	0	0	0	2	0	0	0	0	8	0	0	0	0	0	0	0	0	0	0
OTU_611	3	0	2	8	25	2	0	0	1	1	14	0	2	0	0	43	6	0	3	1	0	46	0	0	3	1	1	4	6	5	6	26	0	0	8	5	3	0	4	17	3	3	2	10	0	1	2	4	12	1	32	9	0	1	5	9	0	0	0	4	3	1	3	4	0	0	0	0	4	0	0	3	0	5	11	0	1	0	1	0	1	0	0	21	3	4	2	8	3	5	1	2	1	37	0	0	31	0	0	1	6	6	1	0	0	0	0	1	1	0	0	0	0	0	0	0	0	0	0	0	0	0	0	0	0	1	0	1	0	6	0	0	0	1	0	0	0	0	0	0	0	1	0	6	0	0	2	0	0	0	0	0	0	0	0	0	0	1	1	0	0	0	0	0	0	1	0	1	0	0	0	0	0	0	0	0	0	0	0	0	0	0	3	0	0	0	2	0	12
OTU_612	0	0	0	0	0	0	0	0	0	0	0	0	0	0	0	0	0	0	0	0	0	0	0	0	0	0	0	0	0	0	0	0	0	0	0	0	0	0	0	0	0	0	0	0	0	0	0	0	0	0	0	0	0	0	0	0	0	0	0	0	0	0	0	0	0	0	0	0	0	0	0	0	0	0	0	0	0	0	0	0	0	0	0	0	0	0	0	0	0	0	0	0	0	0	0	0	0	0	0	0	0	0	0	4	0	0	0	0	0	0	0	0	0	0	0	1	0	3	6	8	0	0	0	15	0	0	2	0	0	0	0	0	25	0	0	0	0	0	0	0	0	0	0	0	0	26	0	1	1	0	0	0	0	0	0	0	0	50	0	0	1	1	10	0	0	0	0	0	0	4	1	0	0	0	0	5	0	0	1	0	0	0	39	0	32	15	0	0	0
OTU_613	3	2	0	1	0	0	0	0	0	0	0	0	0	0	0	0	2	0	1	0	1	5	0	0	5	0	0	0	0	0	0	0	0	0	0	0	0	0	0	0	0	0	0	6	0	2	0	0	0	0	0	3	0	2	5	0	0	0	0	0	0	1	1	0	0	0	0	0	0	0	0	0	0	0	0	1	0	0	0	0	0	0	0	0	3	0	0	0	0	0	0	0	0	0	0	0	5	0	0	0	0	2	0	0	0	0	0	0	0	2	0	0	0	0	0	2	0	0	1	0	0	0	0	1	0	1	0	0	0	0	1	0	0	0	0	0	0	0	0	0	0	0	0	0	0	0	0	0	0	0	0	0	6	0	0	0	0	0	0	0	0	0	0	0	0	0	0	0	0	3	0	0	0	14	0	0	0	1	0	0	0	0	0	0	1	0	0	0	0
OTU_614	0	0	0	0	0	0	0	0	0	0	0	0	0	0	0	0	0	0	0	0	0	0	0	0	0	0	0	0	0	0	0	0	0	0	0	0	0	0	0	0	0	0	0	0	0	0	0	0	0	0	0	0	0	0	0	0	0	0	0	0	0	0	0	0	0	0	0	0	0	0	0	0	0	0	0	0	0	0	0	0	0	0	0	0	0	0	0	0	0	0	0	0	0	0	0	0	0	0	0	0	0	0	0	0	0	0	0	0	1	0	0	0	0	0	0	0	0	0	0	0	0	0	0	0	0	0	0	0	0	0	0	0	0	0	0	0	0	0	0	0	0	0	0	0	0	0	0	0	0	0	0	0	0	0	0	0	0	0	0	0	0	0	0	0	0	0	0	0	0	0	0	0	0	0	0	0	0	0	0	0	0	0	0	0	0	0	0	0	0
OTU_616	0	0	0	0	0	0	0	0	0	0	0	0	0	0	0	0	0	0	0	0	9	0	0	0	0	0	0	0	0	0	0	0	0	0	0	0	0	0	0	0	0	0	0	0	0	0	0	0	0	0	0	0	0	0	0	0	0	0	0	0	0	0	0	0	0	0	0	0	0	0	0	0	0	0	0	0	0	0	0	0	0	0	0	0	0	0	0	0	0	0	0	0	0	0	0	0	0	0	0	0	0	0	0	0	0	0	0	0	0	0	0	0	0	0	0	0	0	0	0	0	0	0	0	0	0	0	0	0	0	0	0	0	0	0	0	0	0	0	0	0	0	0	0	0	0	0	0	0	0	0	0	0	0	0	0	0	0	0	0	0	0	0	0	0	0	0	0	0	0	0	0	0	0	0	3	0	0	0	0	0	0	0	0	0	0	0	0	0	0
OTU_617	0	0	0	0	0	0	0	0	0	0	0	0	0	0	0	0	0	1	0	0	0	0	0	0	0	0	0	0	0	0	0	0	0	0	0	0	0	0	0	0	0	0	0	0	0	0	0	0	0	0	0	0	0	1	0	0	0	0	0	0	0	0	15	0	0	0	0	0	0	0	0	0	0	0	0	0	0	0	0	0	0	0	0	0	0	0	0	0	0	0	0	0	0	0	0	0	0	0	0	0	0	0	0	17	0	1	0	0	0	0	0	0	0	0	0	1	0	0	2	0	0	0	0	5	0	0	0	0	0	0	1	0	0	0	8	0	0	0	0	0	0	1	0	0	0	75	0	16	0	7	0	2	9	0	0	0	0	0	0	0	0	0	8	0	0	2	0	0	0	8	0	0	0	8	0	13	0	0	1	0	0	0	2	0	0	16	0	1	0
OTU_619	2	0	0	0	0	3	7	0	0	0	0	0	0	0	0	0	2	4	0	0	0	0	0	2	0	0	0	1	0	0	0	10	1	0	0	1	0	2	0	6	0	0	1	4	2	2	0	0	0	0	0	1	1	0	1	0	0	0	0	0	0	1	3	0	0	0	0	0	0	0	0	0	0	0	0	1	1	0	0	0	0	0	0	0	0	0	0	32	0	4	6	0	0	2	0	0	0	0	0	0	2	0	0	2	0	1	0	5	0	9	0	2	0	0	0	0	0	0	0	0	0	0	0	0	0	0	0	0	0	0	0	0	0	0	3	0	0	0	0	0	1	2	2	0	0	0	0	0	0	0	0	0	0	0	0	0	0	0	0	0	0	0	0	0	0	0	0	1	0	0	0	0	0	10	0	0	0	0	0	0	0	0	0	0	1	0	0	0	0
OTU_621	0	0	0	0	0	0	0	0	0	0	0	0	0	0	0	0	0	0	0	0	0	0	0	0	0	0	0	0	0	0	0	0	0	0	0	0	0	0	0	0	0	0	0	0	0	0	0	0	0	0	0	0	0	0	0	0	0	0	0	0	0	0	0	0	0	0	0	0	0	0	0	0	0	0	0	0	0	0	0	0	0	0	0	0	0	0	0	0	0	0	0	0	0	0	0	0	0	0	0	0	0	0	0	0	0	0	0	0	0	0	0	0	0	0	0	0	0	0	0	0	0	0	0	0	0	0	0	0	0	0	0	0	0	0	0	0	0	0	0	1	0	0	0	0	0	0	0	0	0	0	0	0	0	0	0	0	0	0	0	0	0	0	0	0	0	0	0	0	0	0	0	0	0	0	0	0	0	0	0	0	0	0	0	0	0	0	0	0	0
OTU_624	0	0	0	0	0	0	0	0	0	0	0	0	0	0	0	0	0	0	0	0	0	0	0	71	0	0	0	0	0	0	0	0	0	0	0	0	0	0	0	0	0	0	0	0	0	0	0	0	0	0	0	0	0	0	0	0	0	0	0	0	0	0	0	0	0	0	0	0	0	0	0	0	0	0	0	0	0	0	1	0	0	0	0	0	0	0	0	0	0	0	0	0	0	0	0	0	0	0	152	0	0	0	0	0	0	0	0	0	0	0	0	0	0	0	0	0	0	0	0	0	0	0	0	0	0	0	0	0	0	0	1	0	0	0	0	0	0	0	0	0	0	0	0	0	0	0	0	0	0	0	0	0	0	0	0	0	0	0	0	0	0	0	0	0	0	0	0	0	0	0	0	0	0	0	96	0	0	0	0	0	0	0	38	0	0	0	1	0	0
OTU_626	0	0	1	119	0	0	0	0	0	0	0	0	0	0	0	0	0	0	0	0	0	0	0	0	0	0	0	0	0	0	0	0	0	0	0	0	1	0	0	0	0	0	0	0	0	0	0	0	0	0	0	0	0	0	0	0	0	0	0	0	1	0	0	0	0	0	0	0	0	0	0	0	0	0	0	0	0	0	0	0	0	4	0	0	0	0	0	0	0	0	0	0	0	0	0	0	0	0	0	0	0	0	0	0	0	0	0	0	0	0	0	0	0	6	0	0	0	0	0	0	0	0	0	0	0	0	0	0	0	0	0	0	0	0	0	0	0	0	1	0	0	0	0	0	0	0	0	0	0	1	0	0	0	0	0	0	0	0	0	0	0	0	0	0	0	0	0	0	0	0	0	0	0	0	0	0	0	0	0	0	0	0	0	0	0	0	0	0	0
OTU_627	0	0	0	0	0	0	0	0	1	0	0	0	0	0	0	0	0	0	0	0	0	0	0	0	0	0	0	0	0	0	0	0	0	0	1	0	0	0	0	0	0	0	0	0	0	0	0	0	0	0	1	0	0	0	0	0	0	0	0	0	0	0	0	0	0	0	1	0	0	0	0	0	0	0	0	0	0	0	0	0	0	0	0	0	0	0	0	1	0	0	0	0	1	0	0	0	0	0	0	0	0	0	0	0	0	0	0	0	0	0	0	0	0	0	0	0	0	0	0	0	0	0	0	0	0	0	0	0	0	0	0	0	0	0	0	0	0	0	0	0	0	0	0	0	0	0	0	0	0	0	0	0	0	0	0	0	0	0	0	0	0	0	0	0	0	1	0	0	0	0	0	0	0	0	0	0	0	0	0	0	0	0	0	0	0	0	0	0	0
OTU_628	0	0	0	0	0	0	0	0	0	0	0	0	0	0	0	0	0	0	0	0	0	0	0	0	0	0	0	0	0	0	0	0	0	0	0	0	1	0	0	0	0	0	0	2	0	0	0	0	0	0	0	0	0	0	0	0	0	0	0	0	0	0	0	0	0	0	1	0	0	0	0	0	0	0	0	0	0	0	0	0	0	1	0	0	0	0	0	1	0	0	0	0	1	0	0	0	0	0	0	0	1	0	0	0	0	0	1	0	0	0	0	4	0	0	0	0	0	0	0	0	0	0	0	0	0	0	0	0	0	2	0	1	0	0	0	0	0	0	0	0	0	0	0	0	0	0	0	0	0	0	0	0	0	0	0	0	4	0	1	0	0	0	0	0	0	0	0	0	0	0	2	0	0	1	0	0	0	0	0	0	0	0	0	0	0	0	0	0	0
OTU_629	0	4	0	0	0	0	0	0	0	0	0	0	0	0	0	0	0	0	0	0	0	0	0	0	0	0	0	0	0	0	0	0	0	0	0	0	0	0	0	0	0	0	9	1	0	0	0	0	0	0	0	0	0	0	0	0	0	0	0	0	2	0	0	0	0	0	0	0	2	0	0	0	0	0	0	0	0	15	0	0	0	0	0	0	2	0	0	0	0	0	0	0	0	0	0	0	0	0	0	0	0	0	0	0	0	2	2	0	0	0	0	0	0	0	0	0	0	1	0	0	0	0	0	0	0	0	0	0	0	0	0	0	0	0	0	0	0	0	0	0	0	0	4	0	0	0	0	0	0	0	1	1	5	0	0	0	0	0	0	0	0	0	0	0	0	0	1	0	0	0	0	0	0	0	0	0	0	0	0	1	0	0	0	0	0	0	0	0	0
OTU_630	0	0	0	0	0	0	0	0	0	0	0	0	0	0	0	0	0	0	0	0	0	0	0	0	0	0	0	0	0	1	0	0	0	0	0	0	0	0	0	0	0	0	0	3	0	0	0	0	0	0	0	0	0	0	0	1	0	0	0	0	0	4	0	0	0	0	0	0	0	0	0	0	0	0	0	0	0	0	0	0	0	0	0	0	3	0	0	0	0	0	0	0	0	0	0	0	0	0	0	0	0	0	0	0	0	0	0	0	0	0	0	0	0	0	0	0	0	0	0	0	0	0	0	0	0	0	0	0	0	0	0	0	0	0	0	0	0	0	0	0	0	0	0	0	0	4	0	0	0	0	0	0	0	0	0	0	0	0	0	0	0	0	0	0	0	1	0	0	0	0	0	0	0	0	0	2	0	0	0	0	0	0	0	0	0	0	0	0	0
OTU_631	0	0	0	0	0	0	0	0	0	0	0	0	0	0	0	0	0	0	0	0	0	1	0	3	0	0	0	0	0	1	0	0	0	0	0	0	0	0	0	0	0	0	0	0	0	0	0	0	0	0	0	0	0	0	0	0	0	0	0	0	0	1	0	0	0	0	0	0	0	0	0	0	0	0	0	0	0	0	0	0	0	0	0	0	0	7	0	0	0	0	0	0	0	0	0	0	0	0	0	0	0	0	0	0	0	0	0	0	0	0	0	0	0	0	0	0	0	0	0	0	0	0	0	0	0	0	0	0	0	0	0	0	0	0	0	0	0	0	0	0	0	0	0	0	0	0	0	0	0	0	0	0	0	0	0	0	0	0	0	0	0	0	0	0	0	0	0	0	0	0	0	0	0	0	0	0	0	0	0	0	0	0	0	0	0	0	0	0	0
OTU_632	0	0	0	0	1	0	3	2	1	0	0	0	0	0	0	0	1	2	1	0	1	0	1	1	1	0	3	4	5	1	0	0	0	0	0	0	0	0	0	0	0	1	1	1	0	0	0	0	0	0	0	1	0	0	0	0	1	0	0	1	2	0	0	0	0	0	0	1	1	0	0	1	0	2	2	0	0	0	1	1	1	0	0	0	0	0	0	0	0	2	0	1	0	0	0	0	0	0	0	3	0	0	0	1	1	0	1	0	0	2	1	0	0	1	1	2	0	0	0	7	0	2	1	0	1	0	4	0	1	0	0	1	0	0	1	0	1	0	2	0	0	1	4	1	0	1	0	3	0	0	2	1	1	0	1	0	1	0	3	1	0	0	2	0	0	2	0	0	0	1	1	0	1	0	1	3	0	2	0	1	9	1	0	0	0	0	0	2	0
OTU_633	0	0	0	0	0	1	0	0	0	0	0	0	1	1	0	0	0	0	0	1	0	0	0	0	0	0	0	0	1	1	0	0	0	0	0	0	0	1	0	0	0	0	0	0	0	0	0	1	0	0	0	0	0	0	0	0	0	0	1	0	0	0	0	0	0	0	0	1	0	0	2	0	0	0	0	0	1	0	0	1	0	0	0	2	3	0	1	0	0	0	0	0	1	0	0	0	0	0	0	0	0	0	0	0	1	0	0	1	2	0	2	0	0	0	0	4	0	0	0	0	0	1	1	0	0	0	2	0	0	1	0	1	3	1	0	0	0	0	0	0	0	0	4	2	1	1	0	0	4	0	1	0	1	0	0	0	0	1	1	1	0	1	0	0	0	0	0	0	0	0	1	0	3	3	1	0	0	0	0	0	1	1	1	0	0	0	2	2	0
OTU_634	0	0	0	0	0	0	0	0	0	0	0	0	0	0	1	0	0	0	0	0	0	0	0	0	0	0	0	0	0	0	0	0	0	0	0	0	0	0	0	0	0	0	0	0	0	0	0	0	0	0	0	0	0	0	0	0	0	0	0	0	0	0	0	0	0	0	0	0	0	0	0	0	0	0	0	0	0	0	0	0	0	0	0	0	0	0	0	0	0	0	0	0	13	0	0	0	0	0	0	0	0	0	0	0	0	0	0	0	0	0	0	0	0	0	0	0	0	0	0	0	0	0	0	0	0	0	0	0	0	0	0	0	0	0	0	0	0	0	0	0	0	0	0	0	0	0	0	0	0	0	0	0	0	0	1	0	0	0	0	0	0	0	0	0	0	0	0	0	0	0	0	0	0	0	0	0	0	0	5	0	0	0	0	0	0	0	0	0	0
OTU_635	0	0	5	1	8	0	0	0	0	1	0	0	0	1	0	1	6	0	0	0	0	0	0	0	0	0	0	0	0	2	0	0	0	0	1	0	0	0	0	0	0	0	0	0	0	0	0	0	1	0	0	0	0	1	11	3	0	0	0	0	0	0	0	0	0	0	0	0	0	2	1	0	0	0	0	0	0	0	0	0	0	0	0	0	0	0	0	0	0	0	0	0	0	0	0	0	0	0	0	0	0	0	0	0	0	0	0	0	0	0	0	2	0	0	0	0	0	0	0	0	1	0	0	0	0	0	0	0	0	0	0	0	0	0	0	0	0	0	0	0	0	0	0	0	0	0	0	0	0	0	0	0	0	0	0	0	0	0	0	1	0	0	0	0	0	0	0	0	0	0	0	0	0	0	0	0	0	0	0	0	0	0	0	0	0	0	0	0	0
OTU_636	0	0	0	0	0	0	0	0	0	0	0	0	0	0	0	0	0	0	0	0	0	0	0	0	0	0	0	0	0	0	0	0	0	0	0	0	0	0	0	0	0	0	1	0	0	0	0	0	0	0	0	0	0	0	0	0	0	0	0	0	0	0	0	0	0	0	0	0	0	0	0	0	0	0	0	0	0	0	0	0	0	0	0	0	0	0	0	0	0	0	0	0	0	0	0	0	0	0	0	0	0	0	0	0	0	0	0	0	0	0	0	0	0	0	0	0	0	0	0	0	0	0	0	0	0	0	0	0	0	0	0	0	0	0	0	0	0	0	1	0	0	0	0	0	0	2	0	2	0	0	0	0	0	0	0	0	0	0	0	0	0	0	23	0	8	0	0	0	1	0	0	0	0	0	0	2	0	0	0	0	0	0	23	0	0	14	0	0	0
OTU_638	0	0	0	0	0	0	0	1	0	0	0	0	0	0	0	1	0	0	1	0	0	0	0	0	0	1	1	0	0	0	0	0	0	0	0	0	0	0	0	0	0	0	0	0	0	0	0	0	0	0	0	0	0	0	0	0	0	0	0	0	0	0	0	0	0	0	0	0	0	0	0	0	0	0	0	0	0	0	0	0	1	0	0	0	0	0	0	0	0	0	0	0	0	0	0	0	0	0	0	0	0	0	0	0	0	0	0	0	0	0	0	1	0	0	0	0	0	0	0	0	0	0	0	0	0	1	0	0	0	0	0	0	0	0	0	0	0	0	0	0	0	0	0	2	0	0	0	0	0	0	0	0	0	0	0	0	0	0	0	0	0	0	0	0	0	0	0	0	0	0	0	0	0	0	0	0	0	0	0	0	0	0	0	0	0	0	0	0	0
OTU_639	0	0	0	0	0	0	0	0	16	0	0	0	0	0	0	0	0	0	0	0	0	0	0	0	0	0	0	0	0	0	0	0	0	0	0	0	0	0	0	0	0	0	0	0	0	0	0	0	0	0	0	0	0	0	0	0	0	0	0	0	0	0	0	0	0	0	0	0	0	0	0	0	0	0	0	0	0	0	0	0	0	0	0	0	0	0	0	0	0	0	0	0	0	0	0	0	0	0	0	0	0	0	0	0	37	0	0	0	0	0	0	0	0	0	0	34	14	1	1	0	0	0	0	0	0	0	1	2	0	0	0	0	0	0	0	0	0	0	0	0	0	0	1	0	0	6	0	0	0	0	1	0	0	0	0	0	0	2	0	0	0	0	0	0	0	0	0	0	0	0	0	0	0	0	0	0	0	0	0	0	0	0	11	0	0	0	0	0	0
OTU_640	0	0	0	0	0	0	0	0	0	0	0	0	0	0	0	0	0	0	0	0	0	0	0	0	0	0	0	0	0	0	0	0	0	0	0	0	0	0	0	0	0	0	0	0	0	0	0	0	0	0	0	0	0	0	0	0	0	0	0	0	0	0	2	0	1	0	0	0	0	0	0	0	0	0	0	2	0	0	0	0	0	0	0	0	0	0	0	0	0	0	0	0	0	0	0	0	0	0	0	0	0	0	0	0	0	0	0	0	0	0	0	0	0	0	0	0	1	1	79	0	0	0	0	1	1	0	2	0	0	41	2	0	1	0	0	0	0	0	0	0	0	0	0	0	0	8	0	0	3	0	0	0	4	0	1	1	0	2	0	0	0	0	5	0	0	0	0	0	0	0	0	5	0	32	3	1	0	0	0	0	0	0	10	0	0	3	0	0	0
OTU_641	0	0	0	0	0	0	0	0	0	0	0	0	0	0	0	0	0	0	0	0	0	0	0	0	0	0	0	0	0	0	0	0	0	0	0	0	0	0	0	0	0	0	0	0	0	0	0	0	0	0	0	0	0	0	0	0	0	0	0	0	0	0	0	0	0	0	0	0	0	0	0	0	0	0	0	0	0	0	0	0	0	0	0	0	0	0	0	0	0	0	0	0	0	0	0	0	0	0	0	0	0	0	0	6	0	0	0	0	0	0	0	0	0	0	0	13	0	0	9	0	0	0	0	0	0	1	0	0	0	0	0	0	0	0	0	0	0	0	0	0	0	0	0	0	0	0	0	0	0	0	0	0	0	0	0	0	0	0	0	0	0	13	0	0	0	0	0	0	0	197	0	0	0	0	0	0	0	0	0	0	0	0	0	0	0	0	0	0	0
OTU_642	0	0	0	0	0	0	0	0	0	0	0	0	0	0	0	0	0	0	0	0	9	0	0	0	0	0	0	1	0	0	0	0	0	0	0	0	0	0	0	0	0	0	0	0	0	0	0	0	0	0	0	0	0	0	0	0	0	0	0	0	0	0	0	0	0	0	0	0	0	0	0	0	0	0	0	0	0	0	0	0	0	0	0	1	0	0	0	0	0	0	0	0	1	0	0	0	0	0	0	0	0	0	0	0	0	0	0	1	0	0	0	0	0	0	0	0	0	0	0	0	0	0	0	0	0	0	0	0	0	0	0	0	0	0	0	0	0	0	0	0	0	0	0	0	0	0	0	0	0	0	0	0	0	0	0	0	0	0	0	0	0	0	0	0	0	0	0	0	0	0	0	0	0	0	0	0	0	0	0	0	0	0	0	0	0	0	1	0	0
OTU_643	0	0	0	0	0	0	0	0	0	0	0	0	0	0	0	0	0	0	0	0	0	0	0	0	0	0	0	0	0	0	0	0	0	0	1	0	0	0	0	0	0	0	0	0	1	0	0	1	0	0	0	0	0	0	0	0	0	0	0	0	0	0	0	0	0	0	0	0	0	0	0	0	0	0	0	0	0	0	0	0	0	0	0	0	0	0	0	0	0	0	0	0	0	0	0	0	0	0	0	0	0	0	0	0	0	0	0	0	0	0	0	0	0	0	0	0	0	0	0	0	0	0	0	0	0	0	0	0	0	0	0	0	0	0	0	0	0	0	0	0	2	0	0	0	0	0	0	0	0	0	0	0	0	0	0	1	0	0	0	0	0	0	0	0	0	0	0	0	0	0	0	0	0	1	0	0	0	0	0	0	0	0	0	0	0	0	0	0	0
OTU_644	0	0	0	0	0	0	0	0	0	0	0	0	0	0	0	0	0	0	0	0	0	0	0	0	0	0	0	0	2	0	0	0	0	0	1	0	0	0	0	0	0	0	0	0	0	0	1	0	0	0	0	0	0	0	0	0	0	1	0	0	0	0	0	0	0	0	0	0	0	0	0	0	0	0	0	0	0	0	0	0	0	0	0	0	0	0	0	0	0	0	0	0	8	1	0	0	3	1	0	0	0	0	0	0	0	0	0	0	0	1	0	0	0	0	0	6	0	0	80	0	0	0	0	9	0	0	0	0	0	5	1	0	24	1	1	0	0	0	0	0	0	0	0	0	0	0	0	0	0	2	0	1	0	0	0	1	0	14	0	0	0	0	1	0	0	3	0	0	0	0	0	6	0	24	0	0	0	1	1	0	0	0	0	0	0	1	0	0	0
OTU_646	0	0	0	0	10	0	4	0	4	0	0	0	0	0	0	3	0	0	2	0	0	23	0	0	5	0	0	4	0	0	2	1	0	0	1	2	7	0	0	0	0	0	0	11	0	0	0	0	0	0	0	9	0	0	0	0	0	0	1	0	0	0	0	2	0	0	0	0	0	0	0	0	2	0	1	3	0	0	0	0	0	0	0	0	0	0	0	3	0	0	0	0	0	0	0	0	3	0	0	0	0	0	0	0	0	0	0	0	0	0	0	0	0	0	0	0	0	1	1	0	0	0	0	0	0	0	0	0	0	8	0	0	0	0	0	0	0	0	0	0	0	0	0	0	0	7	0	0	0	0	0	0	0	0	0	0	0	0	1	0	0	0	0	0	0	5	0	0	0	4	0	0	0	4	0	2	0	0	0	0	0	0	0	0	0	0	5	0	7
OTU_648	0	0	0	0	0	0	0	0	0	0	0	0	0	0	0	0	0	0	0	0	0	1	0	0	0	0	0	0	0	0	2	1	0	0	13	31	0	0	0	0	0	0	0	0	1	0	0	0	8	0	3	0	0	0	0	0	0	0	0	0	0	0	0	0	0	0	0	0	0	0	0	0	0	0	0	0	0	0	0	0	0	0	0	0	0	0	0	0	0	0	0	0	0	0	0	0	0	0	1	0	0	0	0	2	0	0	0	0	0	0	0	0	0	0	0	0	0	0	0	0	0	0	0	0	0	0	0	0	0	0	0	0	0	0	0	0	0	0	0	2	0	0	0	1	0	3	0	0	0	0	0	0	0	0	0	0	0	0	0	0	0	0	0	0	0	0	0	0	0	0	0	0	0	0	0	3	0	0	0	0	0	0	0	0	1	0	0	0	0
OTU_650	0	0	0	0	0	0	1	0	0	0	0	0	0	0	0	0	0	0	0	0	0	0	0	0	1	0	0	0	0	0	0	0	0	0	0	0	0	0	0	0	0	0	0	0	0	0	0	0	0	0	0	0	0	0	0	0	0	0	0	0	0	0	0	4	0	0	0	0	0	0	0	0	0	0	0	0	0	0	0	0	0	0	0	0	0	0	0	1	0	27	0	0	0	0	0	2	0	0	0	0	0	0	0	0	0	0	0	0	0	0	0	0	0	0	0	0	0	0	4	0	1	0	0	0	0	1	0	0	0	0	0	0	0	0	1	0	0	0	0	0	1	0	0	0	0	0	2	0	0	0	0	0	0	0	2	0	3	17	0	0	0	0	0	0	0	0	0	0	0	0	0	0	0	1	0	0	1	0	0	0	0	0	0	0	1	1	0	0	0
OTU_651	0	0	0	0	0	0	0	0	0	0	0	0	0	0	0	0	0	0	0	0	0	0	0	0	0	0	0	0	0	0	0	0	0	0	0	0	0	0	0	0	0	0	0	0	0	0	1	0	0	0	0	0	0	0	0	0	0	0	0	0	0	1	0	0	0	0	0	0	0	0	0	0	0	0	0	0	0	1	0	3	0	0	0	0	0	1	0	0	0	0	0	0	0	0	0	0	0	0	0	0	0	0	0	0	0	0	0	0	0	0	0	0	0	0	0	0	0	0	0	0	0	0	0	0	0	0	0	0	0	0	0	0	0	0	0	0	0	0	0	0	0	0	0	0	0	0	0	0	0	0	0	0	0	0	0	0	0	0	0	0	0	0	0	0	0	0	0	0	0	0	0	0	0	0	0	0	0	0	0	0	0	0	0	0	0	0	0	0	0
OTU_652	0	0	0	0	0	0	0	0	0	0	0	0	0	0	0	0	0	0	0	0	0	0	0	0	0	0	0	0	0	0	0	0	0	0	0	0	0	0	0	0	0	0	0	0	0	0	0	0	0	0	0	0	0	0	0	0	0	0	0	0	0	0	0	0	0	0	0	0	0	0	0	0	0	0	0	0	0	0	0	0	0	0	0	0	0	0	0	0	0	0	49	0	0	0	0	0	0	0	0	0	0	0	0	0	0	0	0	0	0	0	0	0	0	0	0	0	0	0	0	0	0	0	0	0	0	1	0	0	0	0	0	0	0	0	0	0	0	0	0	0	0	0	0	0	0	0	0	0	0	0	0	0	0	0	0	0	0	0	0	0	0	0	0	0	0	0	0	0	0	0	0	0	0	0	0	0	0	0	15	0	0	0	0	0	0	0	0	0	0
OTU_653	0	0	0	11	0	0	0	0	0	4	0	0	0	0	0	0	0	0	6	0	0	0	0	0	0	0	0	0	0	0	0	0	0	0	0	0	0	0	1	0	0	0	0	0	0	0	0	0	0	0	0	0	0	0	0	0	0	0	0	0	4	0	0	0	0	0	0	0	0	0	0	0	0	0	0	0	0	0	0	0	0	0	0	0	0	0	0	0	0	0	0	0	1	0	0	0	0	0	0	0	0	0	0	0	0	0	0	0	0	0	0	0	0	0	0	0	0	3	0	1	0	0	0	0	0	0	0	0	0	0	0	0	0	0	0	0	0	0	0	0	2	0	0	0	0	1	0	0	0	0	0	0	2	0	0	0	0	0	0	0	0	0	3	0	0	0	0	0	0	0	1	0	0	0	0	1	0	0	0	0	0	0	0	0	0	1	0	0	0
OTU_654	0	0	0	0	1	0	0	0	0	0	0	0	0	0	0	0	0	0	0	0	0	0	0	0	0	0	0	0	0	0	0	0	0	0	0	0	0	0	0	0	0	0	0	0	0	0	0	0	0	0	0	0	0	0	0	0	0	0	0	0	0	0	0	0	0	0	0	0	0	0	0	0	0	0	0	0	0	0	0	0	0	0	0	0	0	0	0	0	0	0	0	0	0	0	0	0	0	0	0	0	0	0	0	0	0	1	0	0	0	0	0	0	0	0	0	0	0	0	0	0	0	0	0	0	0	0	0	13	0	0	0	0	0	0	0	0	0	0	0	0	0	0	0	0	0	0	0	0	0	0	0	0	0	0	0	0	0	0	0	0	0	0	0	0	0	0	0	0	0	0	0	0	0	0	0	0	0	0	0	0	0	0	0	0	0	0	0	0	0
OTU_655	1	0	0	0	0	1	0	2	0	0	1	0	0	0	1	0	0	0	0	0	0	0	1	0	0	0	0	1	0	0	0	2	2	1	1	0	0	0	0	1	0	1	2	0	0	0	1	0	1	0	0	0	0	0	0	1	0	2	0	1	0	0	0	0	0	2	1	0	1	1	2	0	0	0	1	0	0	0	0	0	0	0	0	0	0	0	0	0	0	1	0	0	0	0	0	1	0	0	0	0	0	0	0	0	1	1	1	0	0	1	8	0	0	1	2	7	0	4	0	0	0	3	1	0	0	1	1	0	0	0	0	0	3	0	0	1	0	1	0	1	0	1	3	1	1	0	1	0	0	0	4	1	0	4	0	0	0	0	0	3	0	0	1	0	1	0	2	0	0	0	0	0	3	0	1	0	0	2	1	0	0	1	2	0	0	0	1	0	0
OTU_656	0	0	0	1	0	0	0	0	0	0	0	0	0	0	0	0	0	0	0	0	0	0	0	0	1	0	0	0	0	0	0	0	0	0	0	0	0	0	0	0	0	0	0	0	0	0	0	0	0	0	0	0	0	0	0	0	0	0	0	0	0	0	0	0	0	0	0	0	0	0	0	0	0	0	0	0	0	0	0	0	0	0	0	0	0	0	0	0	0	3	0	0	0	0	0	0	0	0	0	0	0	0	0	0	0	0	0	0	0	0	0	0	0	0	0	0	0	0	0	0	0	0	0	0	0	0	0	0	0	0	0	0	0	0	0	0	0	0	0	0	0	1	0	0	0	0	0	0	0	0	0	0	0	0	0	0	0	0	0	0	0	0	0	0	0	0	0	1	0	0	0	0	0	0	0	0	0	0	0	0	0	0	0	0	0	0	0	0	0
OTU_657	1	0	1	0	1	1	0	10	0	0	0	0	1	0	0	0	0	0	0	0	0	2	0	0	0	0	0	0	0	1	0	0	0	0	0	0	1	0	0	0	0	0	0	6	0	0	0	0	0	0	0	0	0	0	0	0	0	0	0	0	0	0	0	0	0	0	0	0	0	0	0	0	0	0	0	0	0	3	0	0	0	0	0	0	2	0	0	0	0	0	0	0	0	0	0	0	0	0	0	0	0	0	0	0	0	0	0	0	0	0	0	0	0	0	0	0	0	0	0	0	0	0	0	0	0	0	0	0	0	0	0	0	0	0	0	0	0	0	0	0	0	0	0	0	0	1	0	0	0	0	0	0	0	0	0	0	0	0	0	0	0	0	0	0	0	0	0	0	0	0	0	0	0	0	0	0	0	0	0	0	0	0	0	0	0	0	0	0	0
OTU_660	2	0	0	0	0	0	0	0	1	0	0	0	0	1	0	1	0	2	0	0	0	0	0	1	0	1	0	1	0	0	0	1	0	0	0	0	0	0	0	0	0	2	1	0	0	0	2	0	0	1	0	0	1	0	0	1	0	0	0	0	0	0	0	0	0	0	0	0	0	0	0	0	0	1	1	0	1	0	1	0	1	1	0	0	0	0	0	0	1	1	0	1	0	0	0	0	0	1	0	0	0	0	1	0	0	2	0	0	7	0	1	1	1	5	0	3	0	0	1	4	0	1	0	1	2	1	0	0	0	3	0	1	0	1	0	2	1	2	0	0	0	0	0	1	1	1	0	1	1	0	2	0	1	0	1	0	0	1	2	0	1	1	2	0	4	3	1	0	0	1	1	0	3	0	1	1	0	1	2	4	4	3	1	1	0	0	0	0	0
OTU_661	0	0	0	4	0	0	5	0	0	0	0	0	0	0	0	0	0	0	0	0	0	0	0	0	0	0	0	0	0	1	0	0	0	0	0	0	0	0	0	0	0	0	0	0	0	0	0	0	0	0	0	0	0	0	0	0	0	0	0	0	0	0	0	0	0	0	0	0	0	0	0	0	0	0	0	0	0	0	0	0	0	0	0	0	0	0	0	0	0	0	0	0	1	0	0	0	0	0	1	0	0	0	0	6	0	0	0	0	0	0	3	0	0	0	0	0	3	0	7	1	0	0	0	2	3	0	0	0	0	0	0	0	2	1	11	0	0	0	0	0	0	0	1	10	0	1	0	4	0	2	1	0	0	0	0	0	0	3	0	0	0	0	0	0	1	7	0	0	0	3	0	0	0	0	41	0	0	0	0	0	0	0	4	0	2	0	0	0	2
OTU_662	0	0	0	0	0	0	0	0	0	0	0	0	0	0	0	0	0	0	0	0	0	0	0	0	0	0	0	0	0	0	0	0	0	0	0	0	0	0	0	0	0	0	0	0	0	0	0	0	0	0	0	0	0	0	0	0	0	0	0	0	0	0	0	0	0	0	0	0	0	0	0	0	0	0	0	0	0	0	0	0	0	0	0	0	0	0	0	0	0	0	0	0	0	0	0	0	0	0	0	0	0	0	0	0	0	0	0	0	0	0	0	0	0	0	0	0	0	0	13	0	0	0	0	0	0	0	0	0	0	0	0	0	0	0	0	0	0	0	0	0	0	0	0	0	0	0	0	0	0	1	0	0	0	0	0	0	0	0	0	0	0	0	0	0	0	0	0	0	0	0	0	0	0	0	0	0	0	0	0	0	0	1	0	0	0	0	0	0	0
OTU_663	0	0	0	0	0	0	0	0	0	0	0	0	0	0	0	0	0	0	0	0	0	0	0	0	0	0	0	0	0	0	0	0	0	0	0	0	0	0	0	0	0	0	0	0	0	0	0	0	0	30	0	0	0	0	0	0	0	0	0	0	0	0	0	0	0	0	0	0	0	0	0	0	0	0	0	0	0	0	0	0	0	0	0	0	0	0	0	0	0	0	0	0	0	0	0	0	0	0	0	0	0	0	0	0	0	0	0	0	0	0	0	0	0	0	0	0	0	0	0	0	0	0	0	0	0	0	0	0	0	0	0	0	0	0	0	0	0	0	0	0	0	0	0	0	2	0	0	4	0	2	0	0	0	0	0	0	0	0	0	0	0	0	0	0	0	0	0	0	0	0	0	0	0	0	0	0	0	0	0	0	0	0	0	0	0	0	0	0	0
OTU_664	0	2	1	0	1	14	0	0	11	0	0	1	0	0	0	0	0	3	0	0	0	1	0	0	0	0	0	0	3	0	3	0	0	1	0	0	0	0	3	0	0	0	1	15	1	3	0	1	1	0	0	12	0	1	0	4	0	0	0	0	0	36	0	1	0	0	10	0	11	1	1	5	0	0	0	0	1	27	0	0	6	1	5	0	6	0	0	0	0	0	0	2	0	0	0	0	0	0	1	0	0	0	0	0	0	0	2	0	0	0	0	3	0	1	0	0	0	0	0	0	0	0	0	0	0	0	0	0	0	0	0	1	0	1	0	0	1	0	0	0	0	0	2	0	0	0	0	0	0	0	2	0	0	0	0	2	0	0	0	0	0	0	0	0	0	0	0	0	0	0	0	0	0	1	0	0	0	0	0	0	0	0	0	0	2	0	0	0	4
OTU_665	0	0	0	0	0	0	0	0	0	0	0	0	0	0	0	2	0	0	0	0	0	0	0	0	0	0	0	0	0	0	0	0	0	0	0	0	0	0	0	0	0	0	0	0	0	0	0	0	0	0	0	0	0	0	0	0	0	0	0	0	0	0	0	0	0	0	0	0	0	0	0	0	0	0	0	0	0	0	0	0	0	0	0	0	0	0	0	0	0	0	0	0	0	0	0	0	0	0	1	0	0	0	0	1	0	0	0	0	0	0	0	0	0	0	0	3	0	0	14	2	0	0	0	0	2	0	0	0	0	0	0	0	1	0	0	0	0	0	1	0	0	1	0	0	0	1	0	0	0	0	0	0	4	0	1	0	0	1	0	0	1	2	0	0	0	6	0	0	0	1	0	1	0	2	0	0	0	0	0	0	0	0	2	0	0	1	0	1	0
OTU_666	0	0	0	0	0	0	0	0	0	0	0	0	0	0	0	0	0	0	0	0	0	0	0	0	0	0	0	0	0	0	0	0	0	0	0	0	0	0	0	0	0	0	0	0	0	0	0	0	0	88	0	0	0	0	0	0	0	0	0	0	0	0	0	0	0	0	0	0	0	0	0	0	0	0	0	0	0	0	0	0	0	0	0	0	0	0	0	0	0	1	0	0	0	0	0	0	0	0	0	0	0	0	0	0	0	0	0	0	0	0	0	0	0	0	0	0	0	0	0	0	0	0	0	0	0	0	0	0	0	0	0	0	0	0	11	0	0	0	0	0	0	0	0	0	0	0	0	0	0	0	0	0	0	0	0	0	0	0	0	0	0	0	17	0	0	0	0	0	3	0	0	0	0	0	14	0	0	0	0	0	0	0	143	0	0	29	0	0	0
OTU_667	0	0	0	0	0	0	0	0	0	0	0	0	0	0	0	0	0	0	0	0	0	0	0	0	0	0	0	0	0	0	0	0	0	0	0	0	0	0	0	0	0	0	0	0	0	0	0	0	0	0	0	0	0	0	0	0	0	1	0	0	0	0	0	0	0	0	0	0	0	0	0	0	0	0	0	0	0	0	2	0	0	0	0	0	0	0	0	0	0	0	0	0	0	0	0	0	0	0	7	0	0	0	0	0	0	0	0	0	0	0	0	0	0	0	0	0	24	0	0	0	1	16	0	0	0	0	0	0	2	1	0	0	22	0	1	0	0	0	0	0	0	0	0	0	0	0	0	0	0	0	0	0	2	0	0	0	0	0	0	0	0	0	0	0	0	0	0	0	0	0	0	0	0	17	0	0	0	0	0	0	0	0	0	0	0	0	0	0	0
OTU_668	0	0	0	0	0	0	0	0	0	0	0	0	0	0	0	0	0	0	0	0	0	0	0	0	0	0	0	0	0	0	0	0	0	0	0	0	0	0	0	0	0	0	0	0	0	0	0	0	0	0	0	0	0	0	0	0	0	0	0	0	0	0	0	0	0	0	0	0	0	0	0	0	0	0	0	0	0	0	2	0	0	0	0	0	0	0	0	0	0	0	0	0	0	0	0	0	0	0	0	0	0	0	0	0	0	1	0	0	0	0	0	0	0	0	0	0	0	0	0	0	0	0	0	0	0	0	0	0	0	0	0	0	0	0	0	0	0	0	0	0	0	0	0	0	0	0	0	0	0	0	0	0	0	0	0	0	0	0	0	0	0	0	0	0	1	0	0	0	0	0	0	0	0	0	0	0	0	0	0	0	0	0	0	0	0	0	0	0	0
OTU_670	0	0	0	0	0	0	0	0	0	0	0	3	0	0	0	0	0	0	0	0	0	1	0	0	1	0	0	0	0	0	0	0	0	2	0	0	0	0	0	0	0	0	0	0	0	0	0	0	0	0	0	0	0	0	0	0	0	0	0	0	0	0	0	0	1	0	0	0	0	0	0	0	0	0	0	0	0	0	0	0	0	0	0	0	0	0	0	0	0	0	0	0	0	0	0	0	0	0	0	0	0	0	0	0	0	0	0	0	0	0	0	0	0	0	0	0	0	0	0	0	0	0	0	0	0	0	0	0	0	0	0	0	248	0	0	0	1	0	0	0	0	0	0	0	0	0	0	0	0	0	0	0	0	0	0	0	0	0	0	0	2	10	0	0	0	0	0	0	0	0	0	0	0	0	0	0	0	0	0	0	0	0	0	0	0	0	0	0	0
OTU_671	0	0	0	1	0	0	0	0	0	0	0	0	0	0	0	0	0	0	0	0	0	0	0	0	0	0	0	0	0	0	0	0	0	0	0	0	1	0	0	0	0	0	0	0	0	0	0	0	1	0	0	0	0	0	0	0	0	2	0	0	0	0	6	0	0	0	0	0	0	0	0	0	0	0	0	10	0	0	0	0	0	0	0	0	0	0	0	0	0	0	0	0	0	0	0	0	0	0	0	0	0	0	0	43	0	0	0	0	0	0	0	0	0	0	0	1	0	1	0	0	0	0	0	0	0	0	1	0	0	0	5	0	1	0	0	0	0	0	0	0	0	0	0	0	4	0	0	3	0	0	0	0	0	0	0	1	0	0	0	0	0	0	0	8	0	0	0	0	0	0	2	0	0	1	1	0	0	0	0	0	0	2	0	20	0	4	1	1	0
OTU_672	0	0	0	0	0	0	0	0	0	0	0	0	0	0	0	0	0	0	1	0	0	0	0	0	0	0	0	0	0	0	0	0	0	0	0	0	0	0	0	0	0	0	0	0	0	0	0	0	0	0	0	0	0	0	0	0	0	0	0	0	0	0	0	0	0	0	0	0	0	0	0	0	0	0	0	0	0	0	0	0	0	0	0	0	0	0	0	0	0	0	0	0	0	0	0	0	0	0	0	0	0	0	0	0	0	0	0	0	0	0	0	0	0	0	0	0	0	0	0	0	0	0	0	0	0	0	0	0	0	0	0	0	0	0	0	0	0	0	0	0	0	0	0	0	0	0	0	0	0	0	0	0	0	0	0	0	0	0	0	0	0	0	0	0	0	0	0	0	0	0	0	0	0	0	0	0	0	0	0	0	0	0	0	0	0	0	0	0	0
OTU_673	0	0	0	0	1	0	0	1	1	0	1	0	0	0	0	3	0	1	0	2	0	1	0	6	0	0	0	0	0	0	7	0	0	0	0	0	1	0	0	1	0	0	0	0	0	1	0	0	0	3	1	0	0	0	0	0	0	0	2	0	0	0	0	2	1	0	0	0	0	0	1	0	0	0	0	0	0	0	0	0	0	0	0	1	0	0	1	0	0	0	0	0	2	3	2	0	0	0	1	0	0	1	0	0	0	0	0	1	3	0	0	0	0	0	0	0	0	0	0	0	0	0	0	0	1	0	0	0	0	0	0	0	0	0	0	0	0	0	0	0	1	0	1	3	0	0	1	0	0	0	0	0	0	0	0	2	0	0	2	1	0	0	0	0	1	0	0	0	0	0	0	0	0	1	0	0	0	0	0	0	1	0	1	0	1	0	0	0	0
OTU_674	0	0	0	0	0	0	0	0	0	0	0	0	0	0	0	0	0	0	0	0	0	0	0	0	0	0	0	0	0	0	0	0	0	0	0	0	0	0	0	0	0	0	0	0	0	0	0	0	0	0	0	0	0	0	0	0	0	0	0	0	0	0	0	0	0	0	0	0	0	0	0	0	0	0	0	0	0	0	6	0	0	0	0	0	0	0	0	0	0	0	0	0	0	0	0	0	2	0	0	1	0	0	0	0	0	0	0	0	0	0	0	1	0	0	0	0	0	0	0	0	0	0	0	0	0	0	0	0	0	0	0	0	0	0	0	0	0	0	0	0	0	0	0	0	0	0	0	0	0	0	0	0	0	0	0	0	0	0	0	0	0	0	0	0	0	0	0	0	0	0	0	0	0	0	0	1	0	0	0	0	0	0	0	0	0	0	0	0	0
OTU_675	0	0	0	0	0	0	0	0	0	0	0	0	0	0	0	0	0	1	0	0	0	0	0	0	0	0	2	0	1	0	0	0	0	1	0	0	0	0	0	0	0	1	0	0	0	0	0	0	0	0	0	0	0	0	0	0	0	1	0	0	0	0	0	0	0	0	0	1	0	0	0	0	0	0	0	0	2	0	0	1	0	0	1	0	0	0	0	0	0	0	0	0	0	1	1	0	0	0	0	0	0	0	0	0	0	0	0	0	0	0	0	0	1	0	0	3	0	0	0	0	0	2	1	1	0	0	0	0	1	0	0	0	1	0	1	0	0	2	0	0	0	0	0	1	1	0	0	0	1	1	0	0	1	0	0	0	0	0	1	1	1	1	0	0	0	1	0	0	0	0	0	0	2	3	0	0	0	0	0	1	2	1	0	0	0	0	0	3	0
OTU_676	0	0	0	0	0	0	0	0	0	0	0	0	0	0	0	0	0	0	0	0	0	0	0	0	0	0	0	0	0	0	0	0	0	0	0	0	0	0	0	0	0	0	0	0	0	0	0	0	0	0	0	0	0	0	0	0	0	0	0	0	0	0	0	1	0	0	0	0	0	0	0	0	0	0	0	0	0	0	1	0	0	0	0	0	0	0	0	0	0	0	0	0	0	0	0	0	0	0	0	0	0	0	0	0	0	0	0	0	0	0	0	0	0	0	0	0	0	0	0	0	0	0	0	0	0	0	0	0	0	0	4	0	3	0	0	0	0	0	0	0	0	0	0	0	0	2	0	0	0	0	0	0	0	0	0	0	0	0	0	0	0	0	0	0	0	0	0	0	0	0	0	0	0	0	0	0	0	0	0	0	0	0	0	0	0	0	0	0	0
OTU_677	0	0	0	0	0	0	0	0	0	0	0	0	0	0	0	0	0	1	0	0	0	0	0	0	0	0	0	0	0	0	0	0	0	0	0	0	0	0	0	0	0	0	0	0	0	0	0	0	0	0	0	0	0	0	0	0	0	0	0	0	0	0	0	0	0	0	0	0	0	0	0	1	0	0	0	0	0	0	0	0	0	0	0	0	0	0	0	0	0	0	0	0	0	0	0	0	0	0	0	0	0	0	0	0	0	0	0	0	0	0	0	0	0	0	0	1	0	0	4	0	2	0	0	0	0	0	3	0	0	0	0	0	5	0	0	0	0	0	0	0	1	0	0	0	0	0	0	0	10	0	0	0	0	0	0	0	0	23	0	0	0	0	0	0	0	0	0	0	0	0	0	2	0	2	0	0	0	0	0	0	1	0	0	0	0	0	0	0	0
OTU_678	0	0	0	0	0	0	0	0	0	0	0	0	0	0	0	0	0	0	0	0	0	1	0	0	0	0	0	0	0	0	0	0	0	0	0	0	0	0	0	0	0	0	0	0	0	0	0	0	0	0	0	0	0	0	0	0	0	0	0	0	0	0	0	0	0	0	0	0	0	0	0	0	3	0	0	0	0	0	0	0	0	0	0	0	1	0	0	0	0	0	0	0	0	0	0	0	0	0	0	0	0	0	0	0	0	9	0	0	0	0	0	0	0	0	0	1	0	0	2	0	0	0	0	0	50	0	0	0	0	0	0	0	0	0	0	0	0	0	0	0	0	0	0	0	0	0	0	0	0	1	0	0	17	0	0	0	0	1	0	0	0	0	0	0	0	0	0	0	0	0	0	2	0	0	0	0	0	0	0	0	0	0	0	0	0	0	0	0	0
OTU_679	0	0	0	0	0	0	0	0	0	0	0	0	0	0	0	0	0	0	0	0	0	0	0	0	0	0	0	0	0	0	0	0	0	0	0	0	0	0	0	0	0	0	0	0	0	0	0	0	0	0	0	0	0	0	0	0	0	0	0	0	0	0	0	0	0	0	0	0	0	0	0	0	0	0	0	0	0	0	0	0	0	0	0	0	0	0	0	0	0	0	0	0	2	0	0	0	0	0	0	0	0	0	0	0	0	0	0	0	0	0	0	0	0	0	0	247	0	0	375	0	0	0	0	0	0	0	2	8	0	0	0	0	0	0	0	0	0	0	0	0	0	0	0	0	0	0	0	0	0	0	8	0	0	0	0	0	0	0	0	0	0	1	0	0	0	0	0	0	0	0	0	0	0	0	0	0	0	27	16	0	1	0	0	0	0	0	0	0	0
OTU_680	0	0	0	0	0	0	0	0	0	1	0	0	0	0	0	0	0	0	0	0	2	0	0	0	0	0	0	0	0	0	0	0	0	0	0	0	0	0	0	0	0	0	0	0	0	0	0	0	0	0	0	0	0	0	0	0	0	0	0	0	0	0	0	0	0	0	0	0	0	0	0	0	0	0	0	0	0	0	1	0	0	0	0	0	0	0	0	0	0	0	0	0	0	0	0	0	0	0	0	0	0	0	0	0	0	0	0	0	0	0	0	0	0	0	0	0	0	0	0	0	0	0	0	0	0	0	0	0	0	0	0	0	3	0	0	0	0	0	0	0	0	0	0	0	0	0	0	0	0	0	0	0	0	0	0	0	0	0	0	0	0	1	0	0	0	0	0	0	0	0	0	0	0	0	0	0	0	0	0	0	0	0	0	0	0	0	0	0	16
OTU_682	0	0	0	0	0	0	1	0	0	0	0	0	0	0	1	0	0	0	0	0	0	0	0	0	0	0	0	0	0	0	0	0	0	0	0	0	0	0	0	0	0	0	0	0	0	0	0	0	0	0	0	0	0	0	0	0	0	0	0	0	0	0	0	0	0	0	0	0	0	0	0	0	0	0	0	0	0	0	0	0	0	0	0	0	0	0	0	0	0	0	0	0	1	0	0	0	0	0	0	0	0	0	0	0	0	0	0	0	0	0	0	0	0	0	0	0	0	0	0	0	0	0	0	0	0	0	15	0	0	0	0	0	7	0	0	0	0	0	0	0	0	0	2	0	0	0	0	0	0	0	0	0	0	0	0	0	0	0	0	0	0	0	0	0	0	0	0	0	0	11	0	0	0	3	0	0	0	0	0	0	0	0	0	0	7	0	0	0	0
OTU_684	0	0	0	0	0	0	0	0	0	0	0	0	0	0	0	0	0	0	0	0	0	0	0	0	0	0	0	0	0	0	0	0	0	0	0	0	0	0	0	0	0	0	0	0	0	0	0	0	0	0	0	0	0	0	0	0	0	0	0	0	0	0	0	0	0	0	0	0	0	0	0	0	0	0	0	0	0	0	0	0	0	0	0	0	0	0	0	0	0	0	0	0	0	0	0	0	0	0	0	0	0	0	0	0	0	0	0	0	0	0	0	0	0	0	0	0	5	0	6	0	0	0	0	5	0	0	0	0	0	0	0	0	7	0	0	0	1	0	0	0	0	0	0	0	0	6	0	1	0	0	0	0	0	0	0	0	0	0	0	0	0	0	1	0	0	0	0	0	1	0	0	0	0	2	0	2	0	0	0	0	0	0	1	0	0	9	0	0	0
OTU_685	0	0	0	0	0	0	0	0	0	0	0	0	0	0	0	0	0	0	2	0	0	0	0	0	0	0	0	0	0	0	0	0	0	0	0	0	0	0	0	0	0	0	0	0	0	0	0	0	0	0	0	0	0	0	0	0	0	0	0	0	0	0	0	0	0	0	0	0	0	0	0	0	0	0	0	0	0	0	0	0	0	0	0	0	0	0	0	0	0	0	0	0	0	0	0	0	0	0	0	0	0	0	0	0	0	0	0	0	0	0	0	0	0	0	0	0	0	0	0	0	0	0	0	0	0	0	0	0	0	0	0	0	0	0	0	0	0	0	0	0	0	0	0	0	0	0	0	0	0	0	0	0	0	0	0	0	0	0	0	0	0	0	0	0	0	0	0	0	0	0	0	0	0	0	0	0	0	0	0	0	0	0	0	0	0	0	0	0	0
OTU_686	1	0	0	0	0	0	0	0	3	1	0	0	0	0	0	0	0	0	0	0	0	0	0	13	0	0	3	0	0	1	1	0	0	0	0	0	0	0	2	0	0	0	1	0	0	0	1	0	2	0	0	0	0	5	0	0	0	0	0	0	0	3	1	0	0	0	3	21	0	0	0	5	0	0	0	1	0	0	0	0	0	0	0	0	0	3	0	2	0	1	0	0	1	0	0	0	0	0	0	0	0	0	0	0	0	0	0	1	0	0	1	29	0	0	0	0	0	0	0	0	0	0	0	0	0	0	0	0	0	0	0	0	0	0	2	0	0	0	0	2	0	0	0	0	0	0	0	0	0	0	0	0	0	2	0	0	1	0	1	0	0	0	1	0	0	0	0	1	0	2	0	1	0	0	0	0	0	0	0	0	0	0	0	1	0	0	0	0	0
OTU_687	0	0	0	0	0	0	0	0	0	0	0	0	0	0	0	0	0	0	0	0	0	0	0	0	0	0	0	0	0	0	0	0	0	0	0	0	0	0	0	0	0	0	0	0	0	0	0	0	0	0	0	0	0	0	0	0	0	0	0	0	0	0	0	0	0	0	0	0	0	0	0	0	0	0	0	0	0	0	0	0	0	0	0	0	0	0	0	0	0	0	0	0	0	0	0	0	0	0	0	0	0	0	0	0	0	0	0	0	0	0	0	0	0	0	0	2	0	1	3	0	0	0	0	1	0	0	1	0	0	0	0	0	0	0	0	0	0	0	0	0	0	0	0	0	0	1	0	0	0	0	0	0	2	0	0	0	0	0	0	0	0	0	0	0	0	0	0	0	0	0	0	0	0	5	0	0	0	0	0	0	0	0	0	0	0	0	0	0	0
OTU_688	0	0	0	0	0	0	0	0	0	0	0	0	0	0	0	0	0	2	0	2	1	0	0	1	0	0	0	1	0	0	0	0	0	0	0	0	0	0	0	0	0	0	0	0	0	0	0	0	0	0	0	0	0	0	0	0	0	0	0	0	0	0	0	0	0	0	0	1	0	0	0	0	0	0	1	0	1	0	0	0	1	0	0	0	0	0	0	0	0	0	0	0	0	0	0	0	0	0	0	0	0	0	0	0	0	0	0	0	0	0	0	0	0	0	1	3	0	1	0	0	0	0	1	1	0	0	0	0	1	0	0	0	1	0	0	0	0	0	0	0	0	0	1	0	1	0	0	0	2	0	0	0	0	0	0	0	0	1	0	0	0	1	0	0	0	0	0	0	0	0	0	0	0	0	1	0	0	0	0	1	0	0	0	0	0	0	0	0	0
OTU_690	0	100	0	0	0	0	4	0	0	4	0	0	0	0	0	0	0	1	0	0	0	0	0	0	0	0	0	0	0	0	0	0	0	0	0	0	0	0	0	0	0	0	0	0	0	0	0	0	0	0	0	0	0	0	0	0	0	0	3	0	0	0	0	0	2	0	1	0	0	0	0	0	0	0	0	0	0	0	0	0	0	0	0	0	0	0	0	0	0	0	0	0	0	0	0	0	0	0	0	0	0	0	0	0	0	0	0	0	0	0	0	1	1	0	0	1	4	0	42	0	1	0	0	3	3	0	3	2	0	0	0	0	5	0	0	0	35	0	0	0	51	0	1	1	0	0	0	4	0	1	0	0	0	0	0	1	0	0	0	0	0	0	0	0	2	0	0	0	1	19	0	22	0	1	0	0	0	0	5	0	1	0	1	0	0	2	0	38	0
OTU_692	0	0	0	2	0	0	0	0	3	1	0	0	0	0	0	0	0	0	0	1	2	1	0	1	0	0	0	0	1	0	0	0	0	0	0	0	0	0	0	6	6	0	1	6	0	0	0	0	2	0	0	2	0	0	2	0	0	0	0	0	0	0	1	0	0	0	0	0	0	0	0	0	0	2	0	0	0	4	0	0	0	0	0	0	1	0	0	0	0	0	0	0	0	0	2	0	0	0	0	0	0	0	0	4	0	0	0	0	0	0	0	0	0	0	0	6	1	0	2	6	0	0	0	0	0	0	0	0	0	0	0	0	1	0	0	0	0	0	0	0	0	0	40	0	0	9	0	1	0	0	0	0	2	0	0	0	1	0	0	0	0	0	0	0	0	7	0	0	0	0	0	0	0	4	1	1	0	0	0	0	0	0	0	0	0	0	0	0	0
OTU_693	0	0	2	0	0	0	0	0	0	0	0	0	0	0	0	0	0	0	0	0	0	5	0	0	1	0	0	0	2	0	0	1	0	0	8	2	0	0	0	0	0	0	0	5	0	0	1	0	0	0	0	0	0	0	0	0	0	0	0	0	0	0	0	0	0	0	0	0	0	0	0	0	1	0	0	0	0	0	1	0	0	0	0	0	0	0	0	0	0	0	2	0	6	0	0	0	0	0	0	0	0	0	0	2	0	0	0	0	0	0	0	0	0	0	0	0	0	0	8	1	0	0	0	0	0	0	0	0	0	0	0	0	0	0	1	0	0	0	0	0	0	0	0	0	0	6	0	0	0	0	0	0	4	0	0	0	0	3	0	0	0	0	2	0	0	2	0	0	0	0	0	0	0	5	0	2	0	0	0	0	0	0	4	0	1	2	0	0	1
OTU_694	0	0	0	1	0	0	0	0	0	1	0	0	0	1	0	0	0	0	0	0	0	0	0	0	0	0	0	1	0	0	0	0	0	0	0	0	0	0	0	0	0	0	0	0	0	0	0	0	0	0	0	0	0	0	0	0	0	0	0	0	0	0	0	0	0	0	0	0	0	0	1	0	0	0	0	0	0	0	0	0	0	0	0	0	0	0	0	0	0	0	0	0	0	0	1	0	0	0	0	0	0	0	0	0	0	0	0	0	0	0	0	0	1	0	1	0	0	1	0	1	0	0	0	0	0	0	0	0	0	0	0	0	0	0	0	1	0	0	0	0	0	0	0	0	0	0	2	0	1	0	1	0	0	0	0	0	1	0	0	0	1	0	0	0	0	0	0	0	0	24	0	0	0	0	1	0	0	0	0	0	1	0	0	0	0	0	0	2	2
OTU_695	0	6	0	0	0	0	0	0	0	0	0	0	0	0	0	0	0	0	0	1	0	0	0	0	0	1	0	0	0	0	0	0	0	0	0	0	0	0	0	0	0	0	0	0	0	0	0	0	0	0	0	0	0	0	0	0	0	0	0	0	0	0	0	0	0	0	0	0	0	0	0	0	0	0	0	0	0	0	0	0	0	0	0	0	0	0	0	0	0	0	0	0	0	0	0	0	0	0	0	0	0	0	0	0	0	0	0	0	0	0	0	0	0	0	0	1	0	0	0	0	0	0	0	0	0	0	0	0	0	0	0	0	0	0	0	0	0	0	0	0	0	0	0	0	0	0	0	0	0	0	0	0	0	0	0	0	0	0	2	0	0	0	0	0	0	0	0	0	0	0	0	0	0	0	0	0	0	0	0	0	0	0	0	0	5	0	0	0	0
OTU_696	0	0	0	0	0	0	0	0	0	0	0	0	0	0	0	0	0	0	0	0	0	0	0	0	0	0	0	0	0	0	0	0	0	0	0	0	0	0	0	0	0	0	0	0	0	0	0	0	0	0	0	0	0	0	0	0	0	0	0	0	0	0	0	0	0	0	0	0	0	0	0	0	0	0	0	0	0	0	0	0	0	0	0	0	0	0	0	0	0	0	0	0	0	0	0	0	0	0	0	0	0	0	0	0	0	0	0	0	0	0	0	0	0	0	0	0	0	0	0	0	0	0	0	1	0	0	0	0	0	0	0	0	1	0	0	0	0	0	0	0	0	0	0	0	0	0	0	0	0	0	0	0	0	0	0	0	0	0	0	0	0	0	0	0	0	0	0	0	0	0	0	0	0	0	0	1	0	0	0	0	0	0	0	0	0	0	0	0	0
OTU_697	0	0	0	0	0	0	0	0	0	0	0	0	0	0	0	0	0	0	0	0	0	0	0	0	0	0	0	0	0	0	0	0	0	0	0	0	0	0	0	0	0	0	1	0	0	0	0	0	0	0	0	0	0	0	0	0	0	0	0	0	0	0	0	0	0	0	0	0	0	0	0	0	0	0	0	0	0	0	0	0	0	0	0	0	0	0	0	0	0	0	0	0	0	0	0	0	0	0	0	5	0	0	0	0	0	0	0	0	0	0	0	0	0	0	0	0	0	0	0	0	0	0	0	0	0	0	0	0	0	0	0	0	1	0	0	0	0	0	0	0	0	0	0	0	0	4	0	0	0	0	0	0	0	0	0	0	0	0	0	0	0	0	4	0	0	0	0	0	0	0	0	0	0	1	0	0	0	2	0	0	0	0	0	0	0	8	0	0	0
OTU_698	0	0	0	0	0	0	0	0	0	0	0	0	0	0	0	0	0	0	0	0	0	2	0	0	0	0	0	0	0	0	0	0	0	0	0	0	0	0	0	0	0	0	0	0	0	0	0	0	0	0	0	0	0	0	0	0	0	0	0	0	0	1	0	0	0	0	0	0	0	0	0	0	0	0	0	0	0	0	0	0	0	0	0	0	0	0	0	0	0	0	1	0	0	0	0	0	0	0	0	0	0	0	0	0	0	0	0	1	0	0	0	0	0	0	0	1	1	0	641	0	0	0	0	6	0	0	14	0	0	1	0	0	1	0	0	0	0	0	0	0	0	1	2	0	0	0	0	0	0	0	0	0	0	0	0	0	0	0	0	0	0	0	0	0	0	0	0	0	0	0	0	0	0	0	28	0	0	0	0	0	0	0	1	0	6	0	0	0	1
OTU_699	0	0	0	0	0	0	0	0	0	0	0	0	0	0	0	0	0	0	0	0	0	0	0	0	0	0	0	0	0	0	0	0	0	0	0	0	0	0	0	0	0	1	0	0	0	0	0	0	0	0	0	0	0	0	0	0	0	0	0	0	0	0	0	0	0	0	0	0	0	0	0	0	0	0	0	0	0	0	0	0	0	0	0	0	0	0	0	0	0	0	0	0	0	0	0	0	0	0	0	0	0	0	0	0	0	0	0	0	0	0	0	0	0	0	0	0	0	0	0	0	0	0	0	0	0	0	0	0	0	0	0	0	1	0	0	0	0	0	0	0	0	1	0	0	0	1	0	0	0	0	0	0	0	0	0	0	0	0	0	0	0	0	0	0	0	0	0	0	0	0	0	0	0	0	0	0	0	0	0	0	0	0	2	0	0	0	0	0	0
OTU_700	0	0	0	0	0	0	0	0	3	0	0	0	0	0	0	0	0	0	0	0	0	0	0	0	0	0	0	0	0	0	0	0	0	0	0	0	0	0	0	0	0	0	0	0	0	0	0	0	0	0	0	0	0	0	0	0	0	1	0	0	0	0	0	0	0	0	0	0	0	0	0	0	0	0	0	0	0	0	0	0	0	0	0	0	0	0	0	1	0	0	0	0	0	0	0	0	0	0	0	0	1	3	0	0	0	0	0	0	0	0	0	0	0	0	0	0	0	0	0	0	0	0	0	0	0	0	0	0	0	0	0	0	0	0	0	0	0	0	0	0	0	0	0	0	0	8	0	0	0	0	0	0	2	0	0	0	1	0	0	0	0	0	0	0	0	0	0	0	0	0	0	0	0	0	0	2	0	0	0	0	0	0	0	0	0	0	0	0	0
OTU_701	0	0	0	0	0	0	0	0	0	0	0	0	0	0	0	0	0	0	0	0	0	0	0	0	0	0	0	0	0	0	0	0	0	0	0	0	0	0	0	0	0	0	0	0	0	0	0	0	0	0	0	0	0	0	0	0	0	0	0	0	0	0	0	0	0	0	0	0	0	0	0	0	0	0	0	0	0	0	1	0	0	0	0	0	0	0	0	0	0	0	0	0	0	0	0	0	0	0	0	0	0	0	0	0	0	0	0	0	0	0	0	0	0	0	0	0	0	0	0	0	0	0	0	0	0	0	0	0	0	0	0	0	0	0	0	0	0	0	0	0	0	0	0	0	0	0	0	0	0	0	0	0	0	0	0	0	0	0	0	0	0	0	0	0	0	0	0	0	0	0	0	0	0	0	0	0	0	0	0	0	0	0	90	0	0	0	0	0	0
OTU_702	0	0	0	0	0	0	0	0	0	0	0	0	0	0	0	0	0	0	0	0	0	0	0	0	0	0	0	0	0	0	0	0	0	0	0	0	0	0	0	0	0	0	0	0	0	0	0	0	0	0	0	0	0	0	0	0	0	0	0	0	0	0	0	0	0	0	0	0	0	0	0	0	0	0	0	0	0	0	0	0	0	0	0	0	0	0	0	0	0	0	0	0	0	0	0	0	0	0	1	0	0	0	0	0	0	0	0	0	0	0	0	0	0	2	0	0	48	1	9	0	75	0	4	0	0	5	0	0	5	0	12	0	1	0	0	0	0	0	0	0	1	0	0	0	0	1	0	0	0	0	0	0	0	0	0	0	0	0	1	0	0	1	2	0	0	0	0	0	0	0	3	0	0	0	0	0	0	0	0	0	2	0	0	0	0	0	0	1	0
OTU_703	0	0	0	0	0	0	0	0	1	0	0	0	0	0	0	0	0	0	0	0	0	0	0	0	0	0	0	0	0	0	0	0	0	0	0	0	0	0	0	0	0	0	0	0	0	0	0	0	0	0	0	0	0	0	0	0	0	0	0	0	0	0	0	0	0	0	0	0	0	0	0	0	0	0	0	0	0	0	0	0	0	0	0	0	0	0	0	0	0	0	0	0	0	0	0	0	0	0	0	0	0	0	0	0	0	0	0	0	0	0	17	0	0	0	0	0	0	0	0	0	0	0	0	0	0	0	0	0	0	0	0	2	0	0	0	0	0	0	0	0	0	0	2	0	0	0	0	0	0	0	0	0	0	0	0	0	0	0	0	0	0	0	0	0	0	0	0	0	0	0	0	0	0	0	0	0	0	0	0	0	0	0	0	0	0	0	0	0	0
OTU_704	0	0	1	2	2	0	0	0	0	0	0	0	0	0	0	1	1	1	0	0	0	2	0	0	0	0	0	0	0	1	0	1	0	0	0	0	0	1	0	0	1	0	0	0	0	0	0	2	0	0	0	0	0	0	0	9	0	2	0	0	0	0	0	0	0	0	0	0	1	0	0	0	0	0	1	0	2	0	0	0	0	0	0	0	0	0	0	1	1	1	0	0	0	0	0	0	0	0	0	0	0	6	0	0	0	0	0	0	0	0	0	0	0	0	0	0	1	0	0	0	0	0	0	0	0	0	0	2	0	0	0	0	0	0	2	0	0	0	1	0	0	2	0	0	0	0	0	0	0	0	0	0	0	0	0	0	0	0	0	0	0	0	3	0	0	0	3	2	0	0	0	0	1	0	0	0	0	0	0	0	0	0	0	0	2	2	1	0	1
OTU_705	0	0	0	0	0	0	0	0	0	0	0	0	0	0	0	0	0	0	0	0	0	0	0	0	0	0	0	0	0	0	0	0	0	0	0	0	0	0	0	0	0	0	0	0	0	0	0	0	0	0	0	0	0	0	0	0	0	0	0	0	0	0	0	0	0	0	0	0	0	0	0	0	0	0	0	0	0	0	0	0	0	0	0	0	0	0	0	0	0	0	0	0	0	0	0	0	0	0	0	0	0	0	0	5	0	0	0	0	0	0	0	0	0	0	0	0	0	0	0	0	0	0	0	0	0	0	0	0	0	0	0	0	0	0	0	0	0	0	0	0	0	0	0	0	0	0	0	0	1	0	0	0	0	0	0	0	0	0	0	0	0	0	0	0	0	0	0	0	0	0	0	0	0	0	0	0	0	0	0	0	0	0	0	0	0	0	0	0	0
OTU_706	0	0	0	0	0	0	0	0	0	0	0	0	0	0	0	0	0	0	0	0	0	0	0	0	0	0	0	0	0	0	0	0	0	0	1	0	0	0	0	0	0	0	0	0	0	0	0	0	0	0	0	0	0	0	0	0	0	0	0	0	0	0	0	0	0	0	0	0	0	0	0	0	0	0	0	0	0	0	0	0	0	0	0	0	0	0	0	0	0	0	0	0	0	0	0	0	0	0	0	0	0	0	0	0	0	0	0	0	0	0	0	0	0	0	0	1	0	0	0	0	0	0	0	0	0	0	0	0	0	0	0	0	0	0	0	0	0	0	0	0	0	0	0	0	0	0	0	0	0	0	0	0	0	0	0	0	0	0	0	0	0	0	0	0	0	0	0	0	0	0	0	0	0	0	0	0	0	0	1	1	0	0	0	0	0	0	0	0	0
OTU_707	0	0	0	0	0	0	0	0	0	0	0	0	0	0	0	0	0	0	0	0	0	0	0	0	0	0	0	0	0	0	0	0	0	0	0	0	0	0	0	0	0	0	0	0	0	0	0	0	0	0	0	0	0	0	0	0	0	0	0	0	0	0	0	0	0	0	0	0	0	0	0	0	0	0	0	0	0	0	0	0	0	0	0	0	0	0	0	0	0	0	0	0	0	0	0	0	0	0	0	0	0	0	0	0	0	0	0	0	0	0	0	0	0	0	0	0	0	0	0	0	0	0	0	0	0	0	0	0	0	0	0	0	0	0	0	0	0	0	0	0	0	0	0	0	0	0	0	0	0	0	0	0	0	0	0	0	0	0	0	0	0	0	0	0	0	0	0	0	0	0	0	0	0	3	0	0	0	0	0	0	0	0	0	0	0	0	0	0	0
OTU_708	0	0	0	0	0	0	0	0	0	0	0	0	0	0	0	0	0	0	0	0	0	0	0	0	0	0	0	0	0	0	0	0	0	0	0	0	0	0	0	0	0	0	0	0	0	0	0	0	0	0	0	0	0	0	0	0	0	0	0	0	0	0	0	0	0	0	0	0	0	0	0	0	0	0	0	0	0	0	0	0	0	0	0	0	0	0	0	0	0	0	0	0	0	0	0	0	0	0	0	0	0	0	0	0	0	1	0	0	0	1	0	0	0	0	0	0	0	0	0	0	0	0	0	0	0	0	0	0	2	0	0	0	1	0	0	0	0	1	0	0	0	0	0	0	0	0	0	0	0	0	0	0	0	0	0	0	0	0	0	0	0	0	0	0	0	0	0	0	0	0	0	0	0	2	0	0	0	0	1	0	0	0	0	0	0	0	0	0	0
OTU_709	0	0	0	0	0	0	0	0	0	0	0	2	0	0	0	0	0	0	0	0	0	0	0	0	0	0	0	2	1	0	0	0	0	0	1	0	0	0	0	0	0	0	0	0	0	0	0	0	0	0	0	0	0	0	0	1	0	0	0	0	0	0	0	0	0	0	0	0	0	0	0	0	0	0	0	0	2	0	0	0	30	0	0	0	0	0	0	0	0	0	0	0	0	0	0	0	0	0	1	0	0	0	0	0	0	0	0	0	0	0	0	0	0	0	0	0	0	0	0	0	0	0	1	1	0	0	0	0	0	0	0	1	0	0	0	0	0	0	0	0	0	0	0	0	0	0	0	0	0	3	0	0	0	0	0	0	4	0	1	0	0	0	0	0	0	0	0	0	0	0	2	0	0	1	0	0	0	0	0	0	0	0	1	0	0	0	0	0	0
OTU_710	0	1	0	0	0	0	0	0	0	0	0	0	0	0	0	0	0	0	0	0	0	0	0	0	0	0	0	0	0	0	0	0	0	0	0	0	0	0	0	0	0	0	1	0	0	0	0	0	0	0	0	0	0	0	0	0	0	0	0	0	0	0	0	0	0	0	0	0	0	0	0	0	0	1	0	0	0	3	0	0	0	0	0	0	0	0	0	0	0	0	0	0	0	0	0	0	0	0	0	0	0	0	0	0	0	0	0	0	1	0	0	0	0	0	0	0	0	0	0	0	0	0	0	0	0	0	0	0	0	0	0	0	0	0	0	0	0	0	0	0	0	0	0	0	0	1	0	0	0	0	0	0	0	0	0	0	0	0	0	0	0	0	0	0	0	0	0	0	0	0	0	0	0	0	0	0	0	0	0	0	0	0	0	0	0	0	0	0	0
OTU_712	0	0	0	0	0	0	0	0	1	0	0	0	0	0	0	10	0	0	0	0	0	10	0	0	0	0	0	0	0	1	1	0	0	0	3	0	0	0	0	0	0	0	0	40	0	0	0	0	0	0	0	24	0	0	0	0	0	0	0	0	0	0	0	0	0	0	0	0	0	0	0	0	0	0	1	0	0	0	0	0	0	0	0	0	4	0	0	0	0	0	0	0	0	0	0	0	8	0	0	0	0	0	0	0	0	0	0	0	0	0	0	0	0	0	0	0	0	0	12	0	0	0	0	0	0	0	0	0	0	0	0	0	0	0	0	0	0	0	0	0	0	0	0	4	0	0	0	0	0	0	0	0	9	0	0	0	0	0	0	0	0	0	0	0	0	0	0	0	0	1	0	0	0	13	0	0	0	0	0	0	0	0	0	0	21	0	0	0	0
OTU_713	0	0	0	2	0	0	0	1	2	0	0	0	0	0	0	0	0	0	2	1	1	6	0	0	0	3	1	0	0	2	0	0	0	0	2	3	0	0	0	0	0	0	0	7	0	5	1	0	0	0	5	2	0	1	3	0	1	0	0	0	0	0	1	2	0	0	0	0	0	0	0	0	1	2	0	0	0	0	0	1	0	0	0	0	1	1	1	0	0	1	0	0	0	42	0	0	9	0	0	3	3	79	1	0	0	0	0	0	0	2	0	1	0	0	0	1	0	0	0	0	0	0	0	0	0	0	0	0	0	0	1	0	0	0	0	0	0	0	0	0	1	0	0	19	0	0	0	0	0	0	0	0	0	0	0	0	0	0	0	0	0	0	0	0	0	0	0	1	0	1	0	0	0	1	1	0	0	0	0	0	0	0	0	0	0	0	0	0	3
OTU_715	0	0	0	0	1	0	4	0	0	0	0	0	0	0	0	1	0	0	0	0	0	0	0	0	0	2	0	0	1	0	1	0	0	0	0	0	0	0	0	0	0	0	0	0	0	0	0	0	0	0	0	0	0	0	0	0	0	0	0	0	0	0	0	0	0	0	0	0	0	0	0	0	1	0	0	0	0	0	0	0	0	0	0	0	0	0	0	1	0	0	0	0	0	1	0	0	0	0	0	0	1	0	0	1	0	0	0	0	0	0	0	0	0	0	0	1	0	0	0	0	0	0	0	1	0	1	0	0	0	0	0	0	1	0	0	0	0	0	0	0	0	0	0	0	0	0	0	0	0	0	0	0	0	0	0	0	0	1	0	0	0	0	1	0	0	0	0	0	0	0	0	0	0	0	0	0	0	0	0	0	0	0	0	0	3	1	0	0	0
OTU_716	1	0	1	0	0	1	0	8	0	0	0	0	0	0	0	0	0	0	0	0	0	0	0	0	0	0	0	0	0	0	0	0	0	0	0	0	0	0	0	32	0	0	0	0	0	0	0	2	1	0	0	0	0	0	0	2	0	0	0	0	0	0	0	1	1	0	0	0	0	1	0	0	0	0	0	0	0	0	0	0	0	0	0	0	0	0	0	0	1	0	0	0	0	1	24	0	0	0	0	0	1	0	0	1	0	0	0	0	0	0	0	0	0	0	0	0	0	0	0	0	0	0	0	0	0	0	0	0	0	0	0	0	0	0	0	0	0	0	0	0	0	0	0	0	0	0	0	0	0	2	0	0	0	0	0	0	0	0	0	0	0	0	0	0	0	0	0	0	0	0	0	0	0	0	0	1	0	0	0	0	0	0	1	0	0	0	0	0	2
OTU_717	0	0	0	1	1	0	0	0	3	0	0	0	0	0	0	0	0	0	0	0	0	0	0	0	0	0	0	0	0	0	0	0	0	0	0	0	0	0	0	0	0	0	0	2	0	0	0	0	0	1	0	0	2	0	0	0	0	0	0	0	0	1	0	0	0	0	0	0	0	0	0	1	0	0	0	0	0	3	0	0	0	0	0	0	0	0	0	0	0	0	0	0	0	0	1	0	0	0	0	0	0	0	0	0	0	0	0	0	0	0	0	0	0	0	0	0	0	0	0	0	0	0	0	0	0	0	0	0	0	0	0	0	0	0	0	0	0	0	0	0	0	0	0	0	0	5	0	0	0	0	0	0	0	0	0	0	0	0	0	0	0	0	0	0	0	0	0	0	0	0	0	0	0	0	0	0	0	0	0	0	0	0	0	0	0	0	0	0	0
OTU_718	0	0	0	0	0	0	0	0	0	0	0	0	0	0	0	0	0	0	0	0	0	0	0	0	0	0	0	0	0	0	0	0	0	0	0	0	0	0	0	0	0	0	2	0	0	0	0	0	0	0	0	0	0	0	0	0	0	0	0	0	0	0	0	0	0	0	0	0	0	0	0	0	0	0	0	0	0	0	0	0	0	0	0	0	0	0	0	0	0	0	0	0	0	0	0	0	0	0	0	0	0	0	0	0	0	0	0	0	0	0	0	0	0	0	0	0	0	0	0	0	0	0	0	0	0	0	0	0	0	0	0	0	0	0	0	0	0	1	0	0	0	0	0	0	0	0	0	0	0	0	0	0	0	0	0	0	0	0	0	0	0	0	0	0	0	0	0	0	0	0	0	0	0	0	0	0	0	0	0	0	0	0	0	0	0	0	0	0	0
OTU_719	0	0	0	3	5	3	0	0	3	8	0	0	0	0	0	0	0	0	5	0	0	0	0	0	3	1	3	0	1	0	0	0	0	0	0	0	0	1	0	0	0	1	0	0	0	0	0	12	0	0	0	0	0	0	0	0	0	0	0	0	0	0	0	0	0	0	1	0	10	0	0	1	1	3	0	0	0	1	0	0	0	0	0	0	0	0	0	0	0	1	0	0	2	3	0	0	2	0	0	2	6	0	0	0	0	0	0	0	0	0	0	0	0	0	0	0	0	0	0	0	0	0	0	0	0	0	0	0	0	0	0	0	0	0	0	0	0	0	0	0	0	0	0	0	0	3	0	0	0	0	0	0	1	0	0	0	0	0	0	0	0	0	1	0	0	5	0	0	0	0	0	0	0	1	3	1	0	0	0	0	0	0	0	0	0	0	2	0	0
OTU_720	17	17	5	14	2	9	1	28	16	0	2	3	0	2	4	2	1	0	15	0	6	0	8	7	39	4	4	0	3	7	3	10	44	2	3	3	1	16	5	9	22	4	12	6	91	4	2	6	0	33	7	3	1	6	0	27	4	28	4	3	3	1	0	5	4	34	2	2	5	2	1	0	7	1	0	0	23	5	1	1	0	3	24	2	7	0	25	20	4	1	10	1	5	0	12	2	0	1	2	3	4	0	6	13	1	18	3	0	1	0	9	4	5	8	4	7	17	11	1	3	11	1	1	9	5	4	11	2	4	25	5	1	2	49	3	0	46	1	0	5	2	3	6	2	50	4	9	5	0	2	1	51	6	215	0	8	160	8	6	1	3	0	5	20	4	3	5	47	41	0	8	4	3	9	1	1	1	0	10	3	4	2	1	39	7	11	4	4	0
OTU_722	0	0	0	0	0	0	0	0	0	0	0	0	0	0	0	0	0	0	0	0	0	0	0	0	0	0	0	0	0	0	0	0	0	0	0	0	0	0	0	0	0	0	0	0	0	0	0	0	0	0	0	0	0	0	0	0	0	0	0	0	0	0	4	0	0	0	0	0	0	0	0	0	0	0	0	0	0	0	0	0	0	0	0	0	0	0	0	0	0	0	0	0	0	0	0	0	0	0	0	0	0	0	0	0	0	0	0	0	0	0	0	0	0	0	0	0	0	0	0	0	0	0	0	0	0	0	0	0	0	0	0	0	0	0	0	0	0	0	0	0	0	0	0	0	0	0	0	0	0	0	0	0	0	0	0	0	0	0	0	0	0	0	0	0	0	0	0	0	0	0	0	0	0	0	0	0	0	0	0	0	0	0	0	0	0	0	0	0	0
OTU_723	0	0	0	0	0	0	0	0	0	0	0	0	0	0	0	0	0	0	0	0	0	0	0	0	0	0	0	0	0	0	0	0	0	0	0	0	0	0	0	0	0	0	0	0	0	0	0	0	0	0	0	0	0	0	0	0	0	0	0	0	0	0	0	0	0	0	0	0	0	0	0	0	0	0	0	0	0	0	0	0	0	0	0	0	0	0	0	0	0	0	0	0	0	0	0	0	0	0	0	0	0	0	0	0	0	0	0	0	11	0	0	0	0	0	0	0	0	0	0	0	0	0	0	0	0	0	0	0	0	0	0	0	0	0	0	0	0	0	0	0	0	0	0	0	0	0	1	0	0	0	0	0	0	0	0	0	0	1	0	0	0	0	0	0	0	0	0	0	0	0	0	0	0	0	0	0	0	0	0	0	0	0	0	0	0	0	0	0	0
OTU_724	0	0	0	0	0	0	0	0	10	0	0	0	0	0	0	0	0	1	0	0	0	0	0	0	0	0	0	0	0	2	3	0	0	0	0	0	0	0	0	1	0	0	0	4	0	0	0	0	0	0	0	0	0	0	0	0	0	0	0	0	2	0	0	1	0	0	0	0	0	0	0	0	0	0	0	0	0	0	0	0	0	0	0	0	0	0	11	0	0	0	0	0	0	0	0	0	0	0	0	0	0	0	0	0	0	0	0	2	2	0	0	0	0	0	0	0	0	0	0	0	0	0	0	0	0	0	0	1	0	2	0	0	0	0	0	0	0	0	3	0	2	0	0	4	0	0	0	0	0	0	0	0	0	0	0	0	1	1	0	0	0	0	0	0	0	0	0	0	0	1	0	0	0	0	0	0	0	0	0	0	0	0	1	0	0	0	0	0	5
OTU_725	0	0	0	0	0	0	0	0	0	1	0	0	0	0	0	1	0	0	0	0	0	0	0	0	0	0	0	0	0	0	0	0	0	0	0	0	0	0	0	0	0	0	0	0	0	0	0	0	0	0	0	1	0	0	0	0	0	0	0	0	0	0	0	0	0	0	0	0	0	0	0	0	0	0	0	0	0	0	0	0	0	0	0	0	0	0	0	0	0	0	0	0	0	0	0	0	0	0	0	0	0	0	0	0	0	0	0	0	0	0	0	0	0	0	0	1	0	0	82	0	0	0	0	0	0	0	0	0	0	1	0	0	2	0	0	0	0	0	0	0	0	1	0	0	0	0	0	0	0	0	0	0	0	0	0	0	0	0	0	0	0	1	0	0	0	0	0	0	0	0	0	0	0	2	0	0	0	0	0	0	0	0	0	0	2	0	0	0	0
OTU_726	0	0	0	0	0	0	0	0	0	0	0	0	0	0	0	0	0	0	0	0	0	0	0	0	0	0	0	0	0	0	0	0	0	0	0	0	0	0	0	0	0	0	0	0	0	0	0	0	0	0	0	0	0	0	0	0	0	0	0	0	0	0	0	0	0	0	0	0	0	0	0	0	0	0	0	0	0	0	0	0	0	0	0	0	0	0	0	0	0	0	0	0	0	0	0	0	0	0	0	0	0	0	0	0	0	0	0	0	0	0	0	0	0	0	0	0	0	0	0	0	0	0	0	0	0	0	0	0	0	0	0	0	0	0	0	0	0	0	0	0	0	0	0	0	0	0	0	0	0	0	0	0	0	0	0	0	0	0	0	0	0	0	0	0	0	0	0	0	0	0	0	0	0	0	0	0	0	0	0	0	0	2	0	0	0	0	0	0	0
OTU_727	0	0	0	0	0	0	0	0	0	0	0	0	0	0	0	0	0	0	0	0	0	0	0	0	0	0	0	0	0	0	0	0	0	0	0	0	0	0	0	0	0	0	0	0	0	0	0	0	0	0	0	0	0	0	0	1	0	0	0	0	0	0	0	0	0	0	0	0	0	0	0	0	0	0	0	1	0	0	0	0	0	0	0	0	0	0	0	0	0	0	1	0	0	0	0	0	0	0	0	0	0	0	0	0	0	0	0	0	0	0	0	0	0	0	0	0	0	0	0	0	0	0	0	0	0	0	0	0	0	0	0	0	0	0	0	0	0	0	0	0	0	0	0	0	0	0	0	0	0	0	0	0	0	0	0	0	0	0	0	0	0	0	0	0	0	0	0	0	1	0	0	0	0	0	0	0	0	0	0	0	0	0	0	0	0	0	0	0	0
OTU_728	0	0	0	0	0	0	0	0	0	0	0	0	0	0	0	0	0	0	0	0	0	0	0	0	0	0	0	0	0	0	0	0	0	0	0	0	0	0	0	0	0	0	0	0	0	0	0	0	0	0	0	0	0	0	0	0	0	0	0	0	0	0	0	0	0	0	0	0	0	0	0	0	0	0	0	0	0	0	0	0	0	0	0	0	0	0	0	0	0	0	0	0	2	0	0	0	0	0	0	0	0	0	0	0	0	0	0	0	0	0	0	0	0	0	0	0	0	0	0	0	0	0	0	0	0	0	0	0	0	0	0	0	0	0	0	0	0	0	0	0	0	0	0	0	0	0	0	0	0	0	0	0	0	0	0	0	0	0	0	0	0	0	0	0	0	0	0	0	0	0	0	0	0	0	0	0	0	0	0	0	0	0	0	0	0	0	0	0	0
OTU_729	3	0	0	0	0	0	0	0	0	0	0	0	0	0	0	0	0	0	0	0	0	0	0	0	0	0	0	0	1	0	0	1	0	0	0	0	0	0	0	0	0	0	0	0	0	0	0	0	0	0	0	0	0	0	0	0	0	1	0	0	0	0	0	0	0	0	0	0	0	0	0	0	0	0	0	0	0	0	0	0	0	0	0	0	0	0	0	0	0	0	0	0	0	0	0	0	0	0	0	0	0	0	0	1	0	0	0	0	0	0	1	0	0	0	0	0	0	0	0	0	0	0	0	0	1	0	0	0	0	0	0	0	0	0	0	0	0	0	1	0	0	0	0	0	0	0	0	0	0	0	0	0	0	0	0	0	0	0	0	0	0	0	0	0	0	0	0	0	0	1	0	0	0	0	0	0	0	0	0	0	1	0	0	0	0	0	0	0	0
OTU_730	0	0	0	0	0	0	0	0	0	0	0	0	0	0	0	0	0	0	0	0	0	0	0	0	0	0	0	0	0	0	0	0	0	0	0	0	0	0	0	0	0	0	0	0	0	0	0	0	0	0	0	0	0	0	0	0	0	0	21	0	0	0	0	0	1	0	6	0	0	0	0	0	0	0	0	0	0	0	1	0	1	0	0	0	0	0	0	0	0	0	0	0	0	0	0	0	0	0	0	2	0	0	0	0	0	0	0	0	0	0	0	0	0	0	0	2	0	0	0	0	0	0	0	0	0	0	6	0	0	0	0	0	0	0	0	0	0	0	0	0	0	0	0	0	0	0	0	0	0	1	0	0	83	0	0	0	0	0	0	0	0	0	0	1	0	0	0	0	0	1	2	0	0	0	0	5	0	0	0	0	0	0	0	0	0	0	0	0	0
OTU_731	0	0	0	0	0	0	0	0	0	0	0	0	0	0	0	0	0	0	0	0	0	0	0	0	0	0	0	0	0	0	0	0	0	0	0	0	0	0	0	0	0	0	0	0	0	0	0	0	0	0	0	0	0	0	0	0	0	0	0	0	0	0	0	0	0	0	0	0	0	0	0	0	0	0	0	0	0	0	0	0	0	0	0	0	0	0	0	0	0	0	0	0	0	0	0	0	0	0	0	0	0	0	0	0	0	0	0	0	0	0	0	0	0	0	0	0	25	0	0	0	0	0	0	0	0	0	0	0	0	0	0	0	0	0	0	0	0	0	0	0	0	0	0	0	0	0	0	0	0	0	0	0	0	0	0	0	0	0	0	0	0	0	0	0	0	0	0	0	0	0	0	0	0	0	0	0	0	0	0	0	0	0	24	0	0	0	0	0	0
OTU_732	0	0	0	0	0	0	0	0	0	0	0	0	0	0	0	0	0	0	0	0	0	0	0	0	0	0	0	0	0	0	0	0	0	0	0	0	0	0	0	0	0	0	0	0	0	0	0	0	0	0	0	0	0	0	0	0	0	0	0	0	0	0	0	0	0	0	0	0	0	0	0	0	0	0	0	0	0	0	0	0	0	0	0	0	0	0	0	0	0	0	0	0	0	0	0	0	0	0	0	0	0	0	0	0	0	0	0	0	0	2	0	0	0	0	0	0	0	0	0	0	0	0	0	0	0	0	0	0	0	0	0	0	0	0	0	0	0	0	0	0	0	0	0	0	0	0	0	0	0	0	0	0	0	0	0	0	0	0	0	0	0	0	0	0	0	0	0	0	0	0	0	0	0	3	0	0	0	0	0	0	0	0	0	0	0	0	0	0	0
OTU_733	0	0	0	0	0	0	0	0	0	0	0	0	0	0	0	0	0	0	0	0	0	0	0	0	0	0	1	0	0	0	0	0	0	0	0	0	0	0	0	0	0	0	0	0	0	0	0	0	0	0	0	0	0	0	0	0	0	0	0	0	0	0	0	0	0	0	0	0	17	0	0	0	0	0	0	0	0	0	0	0	0	0	0	0	0	0	0	0	0	0	0	0	0	0	0	0	0	0	0	0	0	0	0	0	0	0	0	0	0	0	0	0	0	0	0	0	0	0	0	0	0	0	0	0	0	0	0	0	0	0	0	0	0	0	0	0	0	0	0	0	0	0	0	0	0	0	0	0	0	0	0	0	0	0	0	0	0	0	0	0	0	0	0	0	0	0	0	0	0	0	0	0	0	0	1	0	0	0	0	0	0	0	356	0	0	0	0	0	0
OTU_734	0	0	0	0	0	0	0	0	0	0	0	0	0	0	0	0	0	0	0	0	0	0	0	0	0	0	0	0	0	0	0	0	0	0	0	0	0	0	0	0	0	0	0	0	0	0	0	0	0	0	0	0	0	0	0	0	0	0	0	0	0	0	0	0	0	0	0	0	0	0	0	0	0	0	0	0	0	0	0	0	0	0	0	0	0	0	0	0	2	0	0	0	0	0	0	0	0	0	0	0	0	0	0	0	0	0	0	0	0	0	0	0	0	0	0	0	0	0	0	12	0	0	0	0	0	0	0	0	0	0	0	0	0	0	0	0	0	0	0	0	0	0	0	0	0	0	0	0	0	0	0	0	0	0	0	0	0	0	0	0	0	0	0	0	0	0	0	0	0	0	0	0	0	0	0	0	0	0	0	0	0	0	0	0	0	1	0	0	0
OTU_735	0	0	0	0	0	0	0	0	1	0	0	0	0	0	0	4	0	0	0	0	0	0	0	0	0	0	0	0	0	0	0	0	0	0	1	0	0	12	0	0	0	0	0	0	0	0	0	0	0	0	0	0	0	0	0	1	0	0	1	0	0	0	0	0	0	0	0	0	0	0	0	0	0	0	0	0	0	0	0	0	0	0	0	0	0	0	0	0	0	0	0	0	0	0	0	0	0	0	0	0	0	0	0	0	0	0	0	0	0	0	0	0	0	0	0	0	2	0	6	0	0	0	0	0	18	1	1	1	0	0	1	0	2	0	10	0	1	0	0	0	0	0	0	5	1	3	0	0	0	1	5	0	3	0	1	0	0	6	0	0	0	0	1	0	0	0	0	0	0	1	2	2	0	1	5	0	1	0	0	0	0	0	6	0	12	3	2	0	0
OTU_736	0	0	0	0	0	0	0	0	0	0	0	0	0	0	0	0	0	0	0	0	0	0	0	0	0	0	0	0	0	0	0	0	0	0	0	0	0	0	0	0	0	0	0	0	0	0	0	0	0	0	0	0	0	0	0	0	0	0	0	0	0	0	0	0	0	0	0	0	0	0	0	0	0	0	0	0	0	0	0	0	0	0	0	0	0	0	0	0	0	0	0	0	0	0	0	0	0	0	0	0	0	0	0	0	0	0	0	0	0	0	0	0	0	0	0	0	0	0	0	0	0	0	0	0	0	0	0	0	0	0	0	0	0	0	0	0	0	0	0	0	0	0	0	0	0	0	0	0	0	0	0	0	0	0	0	0	0	0	0	0	0	0	0	0	0	0	0	0	0	3	0	0	0	0	0	0	0	0	0	0	0	0	0	0	0	0	0	0	0
OTU_737	0	0	0	0	0	0	0	0	0	0	0	0	0	0	0	0	0	0	0	0	0	0	0	0	0	0	0	0	0	0	0	0	0	0	0	0	0	0	0	0	0	0	0	0	0	0	0	0	0	0	0	0	0	0	0	0	0	0	0	0	0	0	0	0	0	0	0	0	0	0	0	0	0	0	0	0	0	0	0	0	0	0	0	0	0	0	0	0	0	0	0	0	0	0	0	0	0	0	0	0	0	0	0	0	0	0	0	0	0	0	0	0	0	0	0	0	0	0	0	0	0	0	0	0	0	0	0	0	0	0	0	0	0	0	0	0	0	0	0	0	0	0	0	0	0	0	0	0	0	0	0	0	0	0	0	0	0	0	0	0	0	0	0	0	0	0	0	0	0	0	0	0	0	1	0	0	0	0	0	0	0	0	0	0	0	0	0	0	0
OTU_738	0	0	0	0	0	0	0	0	0	0	0	0	0	0	0	0	1	0	0	0	0	0	0	55	0	0	0	0	0	0	0	0	0	0	0	0	0	0	0	0	0	0	0	0	0	0	0	0	0	0	0	0	0	0	0	0	0	1	0	0	0	0	0	0	0	0	1	0	0	0	0	0	0	0	0	0	1	0	0	0	0	0	0	0	0	0	0	0	0	0	0	0	0	0	0	0	0	0	0	0	0	0	1	0	0	0	0	0	0	0	0	0	0	0	0	0	0	0	0	0	0	0	0	0	0	0	0	0	6	0	0	0	0	0	0	0	0	0	0	0	0	0	0	0	0	0	0	0	0	0	0	0	1	0	0	0	0	0	0	0	0	0	0	0	0	0	0	0	0	0	0	0	0	5	0	5	0	0	0	0	0	0	0	0	1	0	0	0	0
OTU_739	0	0	0	0	0	0	0	0	0	1	0	0	0	0	0	0	0	0	0	0	0	3	0	0	0	0	0	0	0	0	0	0	0	0	0	0	0	0	0	0	0	0	0	0	0	0	0	0	0	0	0	0	0	0	0	0	0	0	0	0	0	0	0	0	0	0	0	0	0	0	6	0	0	0	0	0	0	0	0	0	0	0	0	0	0	0	0	0	0	0	0	0	0	0	0	0	0	0	0	0	0	0	0	0	0	0	0	0	0	0	0	0	0	0	0	0	0	0	0	0	0	0	0	0	0	0	0	0	0	0	0	0	0	0	0	0	0	0	0	0	0	0	0	0	0	0	0	0	0	0	0	0	0	0	0	0	0	0	0	0	0	0	0	0	0	0	0	0	0	0	0	0	0	0	0	0	0	0	0	0	0	0	0	0	0	0	0	0	0
OTU_740	0	0	0	0	0	0	1	0	2	0	1	1	0	0	0	0	0	0	0	0	0	0	0	0	0	0	0	0	0	0	1	0	0	6	0	0	0	0	1	0	0	0	0	0	0	0	0	0	0	0	0	0	0	0	0	0	0	0	0	0	0	0	0	0	0	1	0	0	0	0	0	0	0	0	0	0	0	0	0	0	0	0	0	0	0	0	0	0	0	0	0	0	0	0	1	0	0	0	0	0	0	1	0	3	0	0	0	0	0	0	0	0	0	0	0	0	0	2	0	0	0	0	0	0	0	0	0	2	0	0	0	0	0	1	0	0	0	0	1	0	3	0	0	0	0	0	1	0	0	22	0	3	0	0	0	1	4	2	3	0	0	0	0	1	0	0	1	0	0	0	0	1	0	0	0	0	0	0	0	0	0	0	3	0	0	0	1	0	0
OTU_741	0	0	0	0	0	0	0	0	0	0	0	0	0	0	0	0	0	0	0	0	0	0	0	0	0	0	0	0	0	0	0	0	0	0	1	0	0	0	0	0	0	0	0	0	0	0	0	0	0	0	0	0	0	0	0	0	0	0	0	0	0	0	0	0	0	0	0	0	0	0	0	0	0	0	0	0	0	0	0	0	0	0	1	0	0	0	0	0	0	0	0	0	0	0	0	0	0	0	0	0	0	0	0	0	3	0	0	0	0	0	0	0	0	0	0	207	0	0	2	0	0	0	0	0	0	0	2	8	0	0	0	0	7	0	0	0	0	0	0	0	0	0	0	0	0	0	0	4	0	2	0	0	0	0	0	0	0	4	1	0	0	0	0	0	0	0	0	0	0	0	0	27	0	1	0	21	0	0	2	0	0	0	1	0	0	0	0	0	0
OTU_742	0	0	0	0	0	0	0	0	0	0	0	0	0	0	0	0	0	0	0	0	0	0	0	0	0	0	0	0	0	0	0	0	0	0	1	3	0	0	0	0	0	0	0	0	0	0	0	0	0	0	0	0	0	0	0	0	0	0	0	0	0	1	16	1	0	0	0	0	0	0	0	0	0	0	0	0	0	0	0	0	0	0	0	0	0	0	0	0	0	2	0	0	1	0	0	0	0	0	0	0	0	0	0	0	0	0	0	0	0	0	0	0	0	0	0	0	0	0	0	0	0	0	1	0	0	0	0	0	0	0	0	0	0	0	0	0	0	0	0	0	0	0	0	0	0	0	0	0	0	0	0	0	0	0	0	0	0	0	0	0	0	0	0	0	0	0	0	0	0	0	0	0	0	1	0	0	0	0	0	0	0	0	0	0	0	0	0	0	0
OTU_743	0	0	0	0	0	0	0	0	0	0	0	0	0	0	0	0	0	0	0	0	6	0	0	0	0	0	0	0	0	0	0	0	0	0	0	0	0	1	0	0	0	0	0	0	0	0	0	0	0	0	0	0	0	0	0	0	0	0	0	0	0	0	0	0	0	0	0	0	0	0	0	0	0	0	0	0	0	0	0	0	0	0	0	0	0	0	0	0	0	0	0	0	0	0	0	0	0	0	0	0	0	0	0	0	0	0	0	0	0	0	0	0	0	0	0	0	0	0	0	0	0	0	0	0	0	0	0	0	0	0	0	0	0	0	0	0	0	0	0	0	0	0	0	0	0	0	0	0	0	0	0	0	0	0	0	0	0	0	0	0	0	0	0	0	0	0	0	0	0	0	0	0	0	0	0	0	0	0	0	0	0	0	0	0	0	0	0	0	0
OTU_745	0	0	0	0	0	0	0	0	0	0	0	0	0	0	0	0	0	0	0	0	0	0	0	0	0	0	0	0	0	0	0	1	0	0	0	0	0	0	0	0	0	0	0	5	0	0	0	0	0	0	1	6	0	0	0	0	0	0	0	0	0	1	0	0	0	0	0	0	0	0	0	0	0	0	0	0	0	0	0	0	0	0	0	0	0	0	0	0	0	0	0	0	0	0	0	0	0	0	0	0	0	0	0	0	0	0	0	0	0	0	0	0	0	0	0	0	0	0	0	0	0	0	0	0	0	0	0	0	0	0	0	0	0	0	0	0	0	0	0	0	0	0	0	0	0	0	0	0	0	0	0	0	0	0	0	0	0	0	0	0	0	0	0	0	0	0	0	0	0	0	0	0	0	0	0	0	0	0	0	0	0	0	0	0	1	0	0	0	0
OTU_746	0	0	0	0	13	0	0	0	0	0	0	0	0	1	0	1	3	0	0	0	2	2	0	0	0	0	0	0	0	0	0	0	1	0	14	11	0	0	0	0	0	0	0	4	0	0	0	0	1	0	10	0	0	21	5	0	0	0	0	0	0	0	0	2	0	0	0	0	0	0	0	0	0	0	0	0	0	0	0	0	0	0	0	0	0	0	0	0	0	61	11	3	1	0	0	0	0	0	0	0	0	0	0	0	0	0	0	0	0	0	0	0	0	0	0	0	0	0	0	0	0	0	0	0	0	0	0	0	0	0	0	0	0	0	0	0	0	0	1	0	0	0	0	0	0	0	0	0	0	1	0	0	0	0	0	0	0	0	0	0	0	0	0	0	0	0	0	0	0	0	0	0	0	0	0	0	0	0	0	0	0	0	0	0	0	0	0	0	1
OTU_747	0	0	0	0	0	0	0	0	0	0	0	0	0	0	0	0	0	0	0	0	0	0	0	0	0	0	0	0	0	0	0	0	0	0	0	0	0	1	0	0	0	0	0	0	0	0	0	0	0	0	0	0	0	0	0	0	0	0	0	0	0	0	0	0	0	0	0	0	0	0	0	0	0	0	0	0	0	0	1	0	0	0	0	0	0	0	0	0	0	0	0	0	0	0	0	0	0	0	0	0	0	0	0	0	0	0	0	0	0	0	0	0	0	1	0	13	1	0	0	0	0	0	0	131	0	0	0	0	0	5	0	0	202	0	39	0	0	0	0	0	0	0	0	0	0	2	0	93	8	17	187	20	0	0	0	0	0	0	0	0	1	11	0	0	0	0	0	0	0	0	0	0	0	32	0	0	0	0	0	0	0	0	0	0	0	0	0	0	0
OTU_748	0	0	0	0	0	0	0	0	0	0	0	0	0	0	0	0	0	0	0	0	0	0	0	0	0	0	0	0	0	0	0	0	0	0	0	0	0	0	0	0	0	0	0	0	0	0	0	0	0	0	0	0	0	0	0	0	0	0	0	0	0	0	0	0	0	0	0	0	0	0	0	0	0	0	0	0	0	0	0	0	0	0	0	0	0	0	0	0	0	0	0	0	0	0	0	0	0	0	0	0	0	0	0	0	0	0	0	0	0	0	0	0	0	0	0	0	0	0	0	0	0	0	0	0	0	0	0	0	0	0	0	0	0	0	0	0	0	0	0	0	0	0	0	0	0	0	0	0	0	0	0	0	0	0	0	0	0	0	0	0	0	0	0	0	0	0	0	0	0	0	0	0	0	4	0	0	0	0	0	0	0	0	0	0	0	0	0	0	0
OTU_749	0	0	0	1	0	0	0	0	0	0	0	0	0	0	0	2	0	0	0	0	0	0	1	0	0	0	0	0	0	0	0	1	0	0	0	0	0	0	0	0	0	0	0	0	0	0	0	0	0	0	0	0	0	0	0	0	0	0	0	0	0	0	0	0	3	0	0	0	0	0	0	0	0	0	0	0	0	0	0	0	0	0	0	0	0	0	0	0	0	0	0	0	1	0	0	0	0	0	0	0	0	0	0	0	0	0	0	0	0	0	0	0	0	0	0	7	0	0	12	0	0	0	0	0	0	0	0	1	0	0	0	0	0	0	2	0	0	0	0	0	0	11	0	0	0	0	0	0	0	0	0	0	0	0	0	0	0	2	1	0	0	0	0	0	0	0	0	0	0	0	0	0	0	1	0	0	0	0	0	0	0	0	3	0	0	0	0	0	0
OTU_750	0	0	0	0	0	0	0	0	0	0	0	0	0	0	1	0	0	0	0	0	0	4	0	0	0	0	0	0	0	0	0	0	0	0	0	0	0	0	0	0	0	0	0	0	0	0	0	0	0	0	0	0	0	0	0	0	0	0	0	0	0	0	0	0	1	0	0	0	0	0	0	0	0	0	0	0	0	0	1	0	0	0	0	0	0	0	0	1	0	0	0	0	0	0	0	0	0	0	0	0	0	0	0	0	0	0	0	0	0	0	0	0	0	0	0	0	0	0	0	0	0	0	0	0	0	0	0	0	0	0	0	0	0	0	3	0	0	0	0	0	0	0	0	0	0	0	0	0	2	0	0	0	5	0	0	0	0	1	0	0	0	0	0	0	0	0	0	0	0	0	0	0	0	3	0	0	0	0	0	0	0	0	0	0	0	0	0	0	0
OTU_751	0	0	0	0	0	0	0	0	0	0	0	0	0	0	0	0	0	0	0	0	0	0	0	0	0	0	0	0	0	0	0	0	0	0	0	0	0	0	0	0	0	0	0	0	0	3	0	1	0	0	0	0	0	0	0	0	0	0	0	0	0	0	0	0	1	0	0	0	0	0	0	0	0	0	0	0	0	0	0	0	0	0	0	0	0	0	0	4	0	0	3	0	0	7	0	0	2	0	0	0	0	0	0	0	0	0	0	0	0	0	0	0	0	0	0	0	0	0	0	0	1	0	0	0	0	0	0	0	0	0	6	0	0	0	0	0	0	0	0	0	0	0	0	0	0	0	0	0	0	0	0	0	0	0	0	0	0	0	0	0	0	0	0	0	0	0	0	0	0	0	0	0	2	0	0	0	0	2	0	0	1	0	0	0	0	1	0	0	0
OTU_752	0	0	0	0	0	0	0	0	1	0	1	0	0	0	1	30	0	20	0	8	0	0	2	0	0	0	0	0	0	0	1	0	0	0	0	1	0	0	0	0	0	1	3	1	0	2	0	0	0	0	0	0	11	0	1	2	0	0	1	0	0	1	0	0	4	3	0	1	0	0	19	13	0	0	0	0	0	0	0	0	0	0	0	0	0	0	0	0	2	0	2	0	0	0	0	0	0	0	2	0	3	0	0	0	1	0	1	3	0	0	1	8	4	4	1	23	26	3	2	0	9	0	0	45	25	2	0	44	1	0	18	1	1	9	1	212	0	0	0	3	12	17	2	2	9	17	11	5	3	2	12	5	2	7	16	1	379	1	3	0	6	1	0	3	202	2	2	0	5	0	1	1	279	4	8	8	45	1	0	1	42	33	0	0	1	4	5	7	1
OTU_754	0	0	0	0	0	0	0	0	0	0	0	0	0	0	0	0	0	0	0	0	0	0	0	0	0	0	0	0	0	0	0	0	0	0	0	0	0	0	0	0	0	0	2	0	0	0	0	0	0	0	0	0	0	0	0	0	0	0	0	0	0	0	0	0	0	0	0	0	0	0	0	0	0	0	0	0	0	0	0	0	0	0	0	0	0	0	0	0	0	0	0	0	0	0	0	0	0	0	0	0	0	0	0	3	0	0	0	0	0	0	0	0	0	0	0	2	0	0	106	0	0	0	0	0	0	0	0	0	0	0	0	0	1	0	6	0	0	0	0	0	0	0	1	0	0	18	0	0	0	0	0	0	0	0	0	0	1	1	0	0	0	2	0	0	0	0	0	0	0	0	0	1	0	2	0	3	0	1	0	0	0	0	4	0	0	0	0	0	0
OTU_755	0	2	1	82	5	17	31	6	35	1	0	5	2	1	4	4	28	1	24	0	53	0	20	7	1	0	2	0	5	2	2	1	1	0	2	1	24	8	5	0	6	2	13	4	1	5	4	6	2	34	4	2	5	86	2	21	1	0	37	0	0	4	0	2	18	1	8	9	2	1	16	1	16	1	0	1	1	1	1	4	1	2	2	0	4	1	0	0	5	7	2	8	3	2	3	2	28	0	15	2	1	0	1	18	2	17	0	3	8	164	111	6	11	3	2	26	64	340	673	16	130	1	2	245	3	10	2301	8	3	2292	23	7	178	2816	2	24	52	2	2	7	18	14	272	101	1	8	10	121	20	32	8	28	204	6	5	22	28	2692	120	0	14	7	9	27	2	6	19	8	9	14	3	314	5	25	4	9	31	5	176	3	12	2	1	3	23	37	3	6	2
OTU_756	0	0	0	0	0	0	0	0	0	0	0	0	0	0	0	0	0	0	0	0	0	0	0	0	0	0	0	0	0	0	0	0	0	0	0	0	0	0	0	0	0	0	0	0	0	0	0	0	0	0	0	0	0	0	0	0	0	0	0	0	0	0	0	0	1	0	0	0	0	0	0	0	0	0	0	0	7	0	0	0	0	0	0	0	0	0	0	2	0	0	0	0	1	0	0	0	0	0	0	0	0	0	0	3	0	0	0	0	0	0	0	0	0	0	2	0	0	1	2	0	0	0	0	0	0	0	0	0	0	0	0	0	1	0	1	0	0	0	0	0	0	0	0	0	0	2	0	0	0	0	0	0	2	0	0	0	0	3	0	0	0	0	0	0	0	0	0	0	0	0	0	0	0	0	0	0	0	0	0	0	0	0	0	0	0	0	0	0	0
OTU_757	0	0	0	0	0	0	0	0	0	0	0	0	0	0	0	0	0	0	0	0	0	0	0	0	0	0	0	0	0	0	0	0	0	0	0	0	0	0	0	0	0	0	0	0	0	0	0	0	0	0	0	0	0	0	0	0	0	0	0	0	0	0	0	0	0	0	0	0	0	0	0	0	0	0	0	0	0	0	0	0	0	0	0	0	0	0	0	0	0	0	0	0	0	0	0	0	0	0	0	0	0	0	0	0	0	0	0	0	0	0	0	0	0	0	0	0	0	0	0	0	0	0	0	0	0	0	0	0	0	0	0	0	0	0	0	0	0	0	0	0	0	0	0	0	0	0	0	0	0	0	0	0	0	0	0	0	0	0	0	0	1	0	0	0	0	0	0	0	0	0	0	0	0	2	0	0	0	0	0	0	0	0	0	0	0	0	0	0	0
OTU_758	0	0	0	0	0	0	0	0	0	0	0	0	0	0	0	0	0	0	0	0	0	0	0	0	0	0	0	0	0	0	0	0	0	0	0	0	0	0	0	0	0	0	0	0	0	0	0	0	0	0	0	0	0	0	0	0	0	0	0	0	0	0	0	0	0	0	0	0	0	0	0	0	0	0	0	0	0	0	0	0	0	0	0	0	0	0	0	0	0	0	0	0	0	0	0	0	0	0	0	0	0	0	0	0	0	0	0	0	0	0	0	0	0	0	0	3	0	0	1	0	0	0	0	19	0	0	0	0	0	0	11	0	0	0	0	0	0	0	0	0	0	0	0	0	0	0	0	0	0	0	0	1	0	0	0	0	0	10	0	0	0	0	0	0	0	0	0	0	0	0	0	0	0	0	27	0	9	0	0	0	1	0	0	0	0	0	0	3	0
OTU_759	0	0	0	0	0	0	0	0	0	0	0	0	0	0	0	0	0	0	0	0	0	0	0	0	0	0	0	0	0	0	0	0	0	0	0	0	0	0	0	0	0	0	0	0	0	0	0	0	0	0	0	0	0	1	0	0	0	0	0	0	0	0	0	0	0	0	0	0	0	0	0	0	0	0	0	0	0	0	0	0	0	0	0	0	0	0	0	0	0	0	0	0	0	0	0	1	0	0	0	0	0	0	0	0	0	0	0	0	0	0	1	0	1	0	0	0	0	0	0	0	0	0	0	0	0	0	0	0	1	0	0	0	0	0	0	0	0	0	0	0	0	0	0	0	0	0	0	0	0	0	0	0	0	1	0	0	0	0	0	0	0	0	0	0	0	0	0	0	0	0	0	0	0	0	0	1	0	0	0	0	0	0	0	0	0	0	0	0	0
OTU_760	38	20	1210	299	824	9	716	35	121	6	0	12	2	63	20	79	6	31	49	19	49	107	58	118	58	6	81	224	85	48	161	78	61	101	275	343	31	10	22	240	279	11	59	105	208	40	174	8	71	105	208	47	6	35	4	184	4	13	253	6	6	32	418	306	322	23	82	8	222	15	31	64	407	72	12	180	7	3	45	153	2	40	162	21	51	128	242	51	51	11	8	39	352	62	15	176	284	39	151	35	17	138	52	182	0	10	4	21	48	3	38	39	14	30	13	460	16	92	71	42	829	11	17	21	107	90	63	48	12	36	33	6	49	51	266	4	7	35	176	25	58	313	56	219	2	39	25	275	4	108	42	5	147	10	2	46	69	241	16	1	32	73	249	0	102	71	19	25	27	626	77	104	19	272	406	17	66	12	46	12	41	9	419	1	275	276	682	28	1353
OTU_761	0	0	0	0	0	0	0	0	3	0	0	0	0	1	0	0	0	2	0	0	0	0	0	0	0	0	1	1	3	0	1	0	0	0	0	0	0	0	1	1	0	0	0	0	0	0	0	0	0	0	0	0	0	0	0	1	0	0	0	0	0	0	0	0	0	0	0	0	0	0	0	3	0	0	7	0	0	1	2	0	0	0	0	0	0	0	0	0	0	0	0	0	0	0	0	0	0	1	0	0	0	0	1	0	0	0	0	1	0	0	0	0	0	0	0	1	0	0	0	0	0	0	0	0	0	0	0	0	0	0	0	1	0	0	0	0	0	0	1	0	0	1	2	1	0	0	0	0	0	0	0	0	0	0	0	0	0	0	0	1	0	0	0	0	0	0	0	0	0	0	1	0	0	0	1	1	0	0	0	0	0	0	0	0	0	0	0	0	1
OTU_762	27	23	2	15	4	11	0	17	20	8	0	7	0	8	0	2	0	13	10	2	13	3	8	2	26	8	5	0	2	1	5	15	34	6	7	2	0	10	50	14	25	4	23	62	17	14	2	6	1	54	14	12	4	5	4	3	5	23	7	1	4	2	4	5	11	72	2	6	15	1	1	8	16	1	0	3	17	19	0	1	0	4	46	1	17	1	17	36	10	9	33	0	16	4	6	1	1	1	12	2	11	1	13	0	3	10	1	1	2	1	2	12	4	7	2	26	30	9	1	7	13	0	2	7	10	1	1	9	2	53	16	0	6	52	0	1	6	5	0	10	4	31	2	5	36	4	10	9	1	3	0	46	9	11	2	11	19	9	9	2	0	1	5	8	5	6	3	35	37	0	1	8	2	10	3	2	1	2	17	0	2	0	7	35	62	12	9	5	3
OTU_764	0	0	0	1	0	0	1	1	0	0	0	0	0	0	1	0	0	0	0	0	0	0	0	0	0	0	0	0	0	0	0	0	1	0	2	0	1	3	0	0	3	0	1	0	0	1	1	0	0	0	0	0	0	1	0	0	0	0	0	0	0	0	0	0	0	0	0	0	1	1	0	0	0	2	1	0	0	0	0	0	0	0	0	0	1	0	0	0	0	0	0	0	0	1	1	1	0	0	1	1	0	0	0	0	1	0	0	0	0	0	0	0	0	0	1	0	0	0	1	0	0	0	0	0	3	0	0	0	0	0	0	0	0	0	0	0	0	0	1	0	1	0	4	1	0	1	1	0	0	0	0	0	0	0	0	1	1	2	0	0	0	0	0	0	0	0	1	0	0	0	0	0	0	1	0	3	1	0	0	0	0	0	0	0	0	0	1	0	1
OTU_766	0	0	0	0	0	0	0	0	0	0	0	0	0	0	0	1	0	0	0	0	0	3	0	0	0	0	0	0	0	0	0	0	0	0	0	0	0	0	0	0	0	0	0	0	0	1	0	0	0	0	0	2	0	0	0	0	0	0	1	0	0	0	0	0	0	0	0	0	0	0	0	0	0	0	0	0	0	0	0	0	0	0	0	0	3	0	0	0	0	0	0	0	0	0	0	0	0	0	0	1	0	0	0	0	0	0	0	0	0	0	0	0	0	0	0	0	0	0	1	0	0	0	0	1	0	0	0	0	0	0	0	0	0	0	1	0	0	0	0	0	0	0	0	0	0	4	0	0	0	0	1	0	0	0	0	0	0	0	0	0	0	0	0	0	0	0	0	0	0	1	0	0	0	8	1	0	0	0	0	0	0	0	0	0	0	0	0	0	0
OTU_768	0	0	0	0	0	0	0	0	0	0	0	0	0	0	0	0	0	0	0	0	0	2	0	0	0	0	0	0	0	0	0	0	0	0	2	0	0	0	0	0	0	0	0	0	0	0	0	0	0	0	0	0	0	0	0	0	0	0	0	0	0	0	0	0	0	0	0	0	0	0	0	0	0	0	0	0	0	0	0	0	0	0	0	0	0	0	0	0	0	0	0	0	0	0	0	0	6	0	0	0	0	0	0	0	0	1	0	0	0	0	0	0	0	0	0	0	0	0	4	0	0	0	0	0	0	0	0	0	0	0	0	0	0	0	0	0	0	0	0	0	0	0	0	0	0	0	0	0	0	0	0	0	0	0	0	0	0	0	0	0	0	0	0	0	0	0	0	0	0	0	0	0	0	0	0	0	0	0	0	0	0	0	0	0	0	0	0	0	0
OTU_769	0	0	0	0	1	0	0	0	0	0	0	0	0	0	0	0	0	0	0	0	0	0	0	0	0	0	0	0	0	0	0	0	0	1	0	0	0	0	0	0	0	0	0	0	0	0	0	0	0	0	0	0	0	0	0	0	0	0	0	0	0	0	0	0	0	0	0	0	0	0	0	0	0	0	0	0	0	0	0	0	0	0	0	0	0	0	0	0	0	0	0	0	0	0	0	0	0	0	0	0	0	0	0	0	0	0	0	0	0	0	0	0	0	0	0	0	0	0	0	0	0	0	0	0	0	0	0	0	0	0	0	0	0	0	0	0	0	0	0	0	0	0	0	0	0	0	0	0	0	0	0	0	0	0	0	0	0	0	0	0	0	0	0	0	0	0	0	0	0	0	0	0	0	0	0	0	0	0	0	0	0	0	0	0	0	0	0	0	0
OTU_770	0	0	0	0	0	0	0	0	0	0	0	0	0	0	0	0	0	0	0	0	0	0	0	0	0	0	0	0	0	0	0	0	0	0	0	0	0	0	0	0	0	1	0	0	0	0	0	0	0	0	0	0	0	0	0	0	0	0	0	0	0	0	0	0	0	0	0	0	0	0	0	0	0	0	0	0	0	0	0	0	0	0	0	0	0	0	0	0	0	0	0	0	0	0	2	0	0	0	0	0	0	0	0	0	0	0	0	0	0	0	0	0	0	0	0	0	0	0	0	0	0	0	0	0	0	0	0	0	0	0	0	0	0	0	0	0	0	0	0	0	0	0	0	0	0	0	0	0	0	0	0	0	0	0	0	0	0	0	0	0	0	0	0	0	0	0	0	0	0	0	0	0	0	0	0	0	0	0	258	0	0	0	0	0	0	0	0	0	0
OTU_771	0	0	0	0	0	0	0	0	0	0	0	0	0	0	0	0	0	0	0	0	0	0	0	0	0	0	0	0	0	0	0	0	0	0	0	0	0	0	0	0	0	0	0	0	0	0	0	0	0	0	0	0	0	0	0	0	0	0	0	0	0	0	0	0	0	0	0	0	0	0	0	0	0	0	0	0	0	0	0	0	0	0	0	0	0	0	0	0	0	0	0	0	0	0	0	0	0	0	0	0	0	0	0	0	0	0	0	0	0	0	0	0	0	0	0	0	0	0	0	0	0	0	0	0	0	0	0	0	0	0	0	0	0	0	1	0	0	0	0	0	0	0	0	0	0	0	0	0	1	0	0	0	0	0	0	0	0	0	0	0	0	0	0	0	0	0	0	0	0	0	0	0	0	0	0	0	0	0	0	0	0	0	0	0	0	0	0	0	0
OTU_772	0	0	0	0	0	0	0	1	0	0	0	0	4	0	0	0	0	0	0	0	0	0	0	1	0	0	0	1	0	0	0	0	0	1	1	0	0	0	0	0	0	1	0	0	0	0	0	0	0	0	0	0	0	0	0	0	1	0	0	0	0	0	0	0	2	0	2	0	0	0	1	0	0	0	0	1	0	0	0	0	0	0	0	0	0	0	1	0	0	0	0	0	0	0	0	1	0	0	0	1	0	0	0	0	1	0	1	0	0	0	0	0	1	0	1	2	0	2	0	3	0	1	2	0	0	1	3	0	0	0	0	0	0	0	2	0	0	0	0	0	0	0	1	2	0	0	0	0	0	0	2	0	0	0	0	0	0	0	0	0	0	2	0	0	0	0	0	0	0	0	0	0	2	0	0	1	0	0	0	1	0	0	0	0	0	0	0	1	0
OTU_774	0	0	0	0	0	0	0	0	0	0	0	0	0	0	1	0	0	0	0	0	0	0	0	0	0	0	0	0	0	0	0	0	0	0	0	0	0	0	0	0	0	0	1	1	0	0	0	0	0	0	0	1	0	0	0	0	0	0	0	0	0	0	0	0	0	0	0	0	0	0	0	0	0	0	0	0	0	8	0	0	0	0	0	0	0	0	0	0	0	0	0	0	0	0	0	0	0	0	0	0	0	0	0	0	0	0	0	0	0	0	0	0	0	0	0	0	0	0	0	0	0	1	0	0	0	0	0	0	0	0	0	0	0	0	0	0	0	0	0	0	0	0	0	0	0	1	0	0	0	0	0	0	1	0	0	0	0	0	0	0	0	0	0	0	0	1	0	0	0	0	0	0	0	0	0	0	0	0	0	0	0	0	0	0	0	0	0	0	0
OTU_775	0	0	0	0	0	0	0	0	0	0	0	0	0	0	0	0	0	0	0	0	0	0	0	0	0	0	0	0	0	0	0	0	0	0	0	0	0	0	0	0	0	0	0	0	0	0	0	0	0	0	0	0	0	1	0	0	0	0	0	0	0	0	0	0	0	0	0	0	0	0	0	0	0	0	0	0	0	0	0	0	0	0	0	0	0	0	0	0	0	0	0	0	0	0	0	0	0	0	0	0	0	0	0	0	0	0	0	0	0	0	0	0	0	0	0	0	0	0	0	0	0	0	0	0	0	0	0	0	0	0	0	0	0	0	0	0	0	0	0	0	0	0	0	0	0	2	0	0	0	0	0	0	0	0	0	0	0	0	0	0	0	0	0	0	0	0	0	0	0	0	0	0	0	0	0	0	0	0	0	0	0	0	0	0	0	0	0	0	0
OTU_776	2	0	0	0	1	0	0	1	0	0	1	0	1	0	0	0	0	0	2	0	0	0	0	0	0	0	0	0	1	0	0	0	0	0	0	0	0	0	0	1	0	1	1	0	0	0	0	1	2	0	0	0	0	0	0	0	0	0	2	0	0	0	0	0	0	0	0	0	0	0	0	0	0	1	0	1	0	1	1	0	0	0	0	0	0	0	1	0	1	0	0	0	0	0	0	0	0	1	0	0	0	1	0	0	1	1	2	1	3	1	1	0	0	1	0	2	0	0	0	1	0	0	0	1	0	0	0	0	0	1	0	0	1	0	0	0	0	0	1	0	0	0	1	0	0	1	0	0	2	1	2	0	1	0	1	0	0	0	3	1	2	0	1	0	0	0	1	0	0	0	0	0	1	1	0	0	0	0	0	1	2	4	2	2	0	0	0	0	0
OTU_778	0	0	0	0	0	1	0	0	0	0	0	0	0	0	0	0	0	1	0	0	0	0	0	0	0	0	0	0	0	0	0	0	0	0	0	0	0	0	0	0	0	0	0	0	0	0	0	0	0	0	0	0	0	0	0	0	0	0	1	0	0	4	0	0	0	0	0	0	0	0	1	0	1	0	0	0	0	0	0	0	0	0	0	0	0	0	0	0	0	0	0	0	0	0	0	0	0	0	0	0	0	0	0	1	0	0	0	0	0	0	0	0	0	0	0	0	0	0	0	0	0	0	0	0	0	0	0	0	0	0	0	0	0	0	0	0	0	0	0	0	0	0	0	0	0	0	0	2	0	0	0	0	0	0	0	0	0	0	0	0	0	0	0	0	0	0	0	0	0	0	0	0	1	0	0	0	0	0	0	0	0	0	0	0	0	0	0	0	0
OTU_779	0	0	0	0	0	0	0	0	0	0	0	0	0	0	0	0	0	0	0	0	0	0	0	0	0	0	0	0	0	0	0	0	0	0	0	0	0	0	0	0	0	0	0	0	0	0	0	0	0	0	0	0	0	0	0	0	0	0	0	0	0	0	0	0	0	0	0	0	0	0	0	0	0	0	0	0	0	0	0	0	0	0	0	0	0	0	0	0	0	0	0	0	0	0	0	0	0	0	0	0	0	0	0	0	0	0	0	0	0	0	0	0	0	0	0	0	0	0	0	0	0	0	0	0	0	0	0	0	0	0	0	0	0	0	0	0	0	0	0	0	0	0	0	0	0	0	0	0	0	314	0	0	0	0	0	0	0	0	0	0	0	0	0	0	0	0	0	0	0	0	0	0	0	0	0	0	0	0	0	0	0	0	0	0	0	0	0	0	0
OTU_781	0	0	0	0	0	0	0	0	0	0	0	0	0	0	0	0	0	0	0	0	0	0	0	0	0	0	0	0	0	0	0	0	0	0	0	0	0	0	0	0	0	0	0	0	0	0	0	0	0	0	0	0	0	0	0	0	0	0	0	0	0	0	0	0	0	0	0	0	0	0	0	0	0	0	0	0	0	0	0	0	0	0	0	0	0	0	0	0	0	0	0	0	0	0	0	0	0	0	0	0	0	0	0	0	0	1	0	0	0	0	0	0	0	0	0	0	0	0	1	1	0	0	0	0	0	0	0	0	0	0	0	0	0	1	8	0	0	0	0	0	0	0	0	0	0	9	0	0	0	0	0	0	0	0	0	0	0	0	0	0	1	0	1	0	0	0	0	0	0	0	0	0	0	0	3	2	0	0	0	0	0	0	0	0	0	1	0	0	0
OTU_782	0	0	0	0	0	0	0	0	0	0	0	1	0	0	0	0	0	0	0	0	0	0	0	0	0	2	0	0	0	0	1	0	0	1	0	0	0	0	0	0	0	0	0	0	0	0	0	0	0	0	0	0	5	0	0	0	0	0	0	0	0	3	0	0	0	7	0	0	0	0	1	0	0	0	0	0	0	0	0	0	0	0	1	0	0	0	0	0	0	0	0	1	0	0	0	0	0	0	0	0	0	0	0	0	0	0	0	0	0	0	0	0	6	0	0	0	0	1	0	0	2	0	0	2	0	0	0	0	0	0	0	0	0	0	0	0	1	0	0	0	0	0	0	0	0	0	0	0	0	1	0	1	0	0	0	0	1	0	0	0	0	0	0	2	0	0	1	0	0	0	0	1	0	0	0	0	0	0	0	0	0	0	0	0	0	0	0	0	0
OTU_783	0	0	0	0	0	0	0	0	1	0	0	0	0	0	0	0	0	0	0	0	0	0	0	0	0	0	0	0	0	0	0	0	0	0	0	0	0	0	0	0	0	0	0	0	0	0	0	0	0	0	0	0	0	0	0	0	0	0	0	0	0	0	0	0	0	0	0	0	0	0	0	0	0	0	0	1	0	0	0	0	0	0	0	0	0	0	0	0	0	0	0	0	3	0	0	0	0	0	0	0	0	0	0	0	0	0	0	0	0	0	2	0	0	0	0	0	0	2	0	0	0	0	0	0	0	0	1	0	0	0	0	0	0	0	146	0	0	0	0	0	0	0	0	0	0	0	0	0	0	0	0	0	0	0	0	0	0	0	0	0	0	0	0	0	0	0	0	0	0	0	0	0	0	0	0	0	0	0	0	7	0	0	0	0	0	0	0	0	0
OTU_784	0	0	0	0	0	0	0	0	0	0	0	0	0	0	0	0	0	0	0	0	0	0	0	0	0	0	0	0	0	0	0	0	0	0	0	0	0	0	0	0	0	0	0	0	0	0	0	0	0	0	0	0	0	0	0	0	0	0	0	0	0	0	0	0	0	0	0	0	0	0	0	0	0	0	0	0	0	0	0	0	0	0	0	0	0	0	0	0	0	0	0	0	0	0	0	0	0	0	0	0	0	0	0	0	0	0	0	0	0	0	0	0	0	0	0	0	0	3	0	0	0	0	0	0	0	0	0	0	0	0	0	0	0	0	0	0	0	0	1	0	0	0	0	0	0	0	0	0	0	0	0	0	0	0	0	0	0	2	0	0	0	0	0	0	0	0	0	0	0	0	0	0	0	1	0	3	5	0	0	0	0	0	0	0	0	0	0	0	0
OTU_785	0	0	0	0	0	0	0	0	0	0	0	0	0	0	0	0	0	0	0	0	0	0	0	0	0	0	0	0	0	0	0	0	0	0	0	0	0	0	0	0	0	0	0	0	0	0	0	0	0	0	0	0	0	0	0	0	0	0	0	0	0	0	0	0	0	0	0	0	0	0	0	0	0	0	0	0	0	0	0	0	0	0	0	0	0	0	0	0	0	0	0	0	0	0	0	0	0	0	0	0	0	0	0	0	0	0	0	0	0	0	0	0	0	0	0	0	0	0	0	0	0	0	0	0	0	0	0	0	0	0	0	0	0	0	0	0	0	0	0	0	0	0	0	0	0	0	0	0	0	0	0	0	0	0	0	0	0	0	0	0	0	0	0	0	0	0	0	0	0	0	0	0	0	4	0	0	0	0	0	0	0	0	0	0	0	0	0	0	0
OTU_786	0	0	0	0	0	0	0	0	0	0	0	0	0	0	1	0	0	0	0	0	0	0	0	0	0	0	0	0	0	0	0	2	0	0	0	0	1	0	0	0	0	0	0	0	0	0	0	0	0	0	0	0	0	0	0	0	0	0	0	0	0	0	0	0	0	0	0	0	0	0	0	0	0	0	0	0	0	0	0	0	0	0	0	0	0	0	0	0	0	0	0	0	0	0	0	0	0	0	0	0	0	0	0	1	0	0	0	1	0	0	0	0	0	0	0	0	0	0	0	0	0	1	0	0	1	0	0	0	0	0	0	0	0	0	0	0	0	0	0	0	0	0	0	0	0	0	0	0	0	0	0	0	0	0	0	0	0	1	0	0	0	0	0	0	0	0	0	0	0	0	0	0	0	0	1	0	0	0	0	0	0	0	0	0	0	0	0	0	0
OTU_788	2	0	0	0	0	0	36	0	1	0	0	0	0	2	2	0	0	0	0	0	0	0	1	0	0	0	0	0	0	0	0	0	0	0	0	1	0	2	0	0	0	0	5	0	0	1	0	3	0	0	0	0	0	0	0	0	0	0	1	0	0	1	0	0	2	0	1	0	0	1	0	0	1	0	0	0	0	0	0	0	0	0	0	0	0	0	1	1	1	0	0	0	0	0	1	0	0	0	1	0	1	0	0	1	2	0	0	1	0	0	0	2	1	1	1	10	33	0	0	0	2	1	2	42	23	0	1	0	2	0	13	1	0	2	0	1	0	1	1	0	1	0	1	23	7	0	0	88	24	35	2	13	1	0	3	0	0	2	9	0	0	1	0	0	1	1	0	1	1	0	0	680	0	2	1	1	15	1	1	0	12	1	0	8	3	6	0	0	0
OTU_789	0	0	0	0	0	0	0	0	0	0	4	0	0	0	0	0	0	0	0	0	4	0	0	0	0	0	0	0	0	0	0	0	0	0	0	0	0	0	0	0	0	0	0	0	0	0	0	0	0	0	0	0	0	0	0	0	0	0	0	0	0	0	0	0	0	0	0	0	0	0	0	0	0	0	0	0	0	0	0	0	0	0	0	0	0	0	0	0	0	0	0	0	0	0	0	0	0	0	0	0	0	0	0	0	0	0	0	0	0	0	0	0	0	0	0	0	0	0	0	0	0	0	0	0	0	0	0	0	0	0	0	0	0	0	0	0	0	0	0	0	0	0	0	0	0	0	0	0	0	0	0	0	0	0	0	0	0	0	0	0	0	0	0	0	0	0	0	0	0	0	0	0	0	0	0	0	0	0	0	0	0	0	0	0	2	0	0	0	0
OTU_790	0	0	0	0	0	0	0	0	0	0	0	0	0	0	0	0	0	0	0	0	0	0	0	0	0	0	0	0	0	0	0	0	0	0	0	0	0	0	0	0	0	0	0	0	0	0	0	0	0	0	0	0	0	0	0	0	0	0	0	0	0	0	0	0	0	0	0	0	0	0	0	0	0	0	0	0	0	0	0	0	0	0	0	0	0	0	0	0	0	0	0	0	0	0	0	0	0	0	0	0	0	0	0	0	0	0	0	0	0	0	0	0	0	0	0	0	0	0	0	0	0	0	0	0	0	0	0	0	0	0	0	0	17	0	0	0	0	0	0	0	0	0	0	0	0	0	0	0	0	0	0	0	0	0	0	0	0	0	0	0	0	0	0	0	0	0	0	0	0	0	0	0	0	0	0	0	0	0	0	0	0	0	0	0	0	0	0	0	0
OTU_791	0	0	0	0	0	0	0	0	1	0	0	1	0	0	0	0	0	0	0	0	0	1	0	0	0	0	0	0	0	0	0	0	0	0	0	0	0	0	0	0	0	0	2	0	0	0	0	0	0	0	0	0	0	0	1	1	0	0	0	0	0	0	0	0	0	0	1	0	1	0	0	0	0	0	0	0	0	1	0	0	1	0	0	0	0	0	0	0	0	0	0	0	0	0	1	0	0	0	0	0	0	0	0	0	0	0	0	0	0	0	0	0	0	0	0	0	0	0	0	0	0	0	0	0	0	0	0	0	0	0	0	0	0	0	0	0	0	0	0	0	0	0	12	0	0	0	0	0	0	0	0	0	0	0	0	0	0	0	0	0	0	0	0	0	0	0	0	0	0	0	0	0	0	0	0	0	0	0	0	0	0	0	0	0	0	0	0	0	0
OTU_793	0	0	0	0	0	0	0	0	0	0	0	0	0	0	1	0	0	0	0	0	0	0	0	0	0	0	0	0	0	0	0	0	0	0	0	0	0	0	0	0	0	0	0	0	0	0	1	0	0	0	0	0	0	0	0	0	0	0	0	0	0	0	0	0	0	0	0	0	0	0	0	0	0	0	0	0	0	0	0	0	0	0	0	0	0	0	0	0	0	0	0	0	1	0	0	0	0	0	0	0	0	0	0	0	0	0	0	0	0	0	0	0	0	0	0	0	0	0	0	0	0	0	0	0	0	0	0	0	0	0	0	0	0	0	0	0	0	0	0	0	0	0	0	0	0	0	0	0	0	1	0	0	0	0	0	0	0	0	0	0	0	0	0	0	0	0	0	0	0	0	0	0	0	0	0	0	0	0	0	0	0	0	0	0	0	0	0	0	0
OTU_796	0	0	0	0	0	0	0	0	0	0	0	1	0	0	0	0	0	0	0	0	0	0	0	0	0	0	0	0	0	0	0	0	0	0	0	0	0	0	0	0	0	0	0	0	0	0	0	0	0	0	0	0	0	0	0	0	0	0	0	0	0	0	0	1	0	0	0	0	0	0	0	0	0	0	0	0	0	0	0	0	0	0	0	0	0	0	0	0	0	0	0	0	0	0	0	0	0	0	0	0	0	0	0	0	0	0	0	0	0	0	0	0	0	0	0	0	0	0	0	0	0	0	0	0	0	0	0	0	0	0	0	0	0	0	0	0	0	0	0	0	0	0	0	0	0	0	0	0	0	0	0	0	0	0	0	0	0	0	0	0	0	0	0	0	0	0	0	0	0	0	0	0	0	0	0	0	0	0	0	0	0	0	0	0	0	0	0	0	0
OTU_799	0	0	0	0	0	0	0	0	0	0	0	0	0	0	0	0	0	0	0	0	0	0	0	0	0	0	0	0	0	0	0	0	0	0	0	0	0	0	0	0	0	0	0	0	0	0	0	0	0	0	0	0	0	0	0	0	0	0	0	0	0	0	0	0	0	0	0	0	0	0	0	0	0	0	0	0	0	0	0	0	0	0	0	0	0	0	0	0	0	0	0	0	0	0	0	0	0	0	0	0	0	0	0	0	0	0	0	0	0	0	0	0	0	0	0	0	0	0	0	0	0	0	0	0	0	0	0	0	0	0	0	0	0	0	0	0	0	0	0	0	0	0	0	0	0	0	0	0	0	0	0	0	0	0	0	0	0	0	0	0	0	0	0	0	0	0	0	0	0	0	1	0	0	0	0	0	0	0	0	0	0	0	0	0	0	0	0	0	0
OTU_801	0	0	0	0	0	0	0	0	0	0	0	0	0	0	0	0	0	0	0	0	0	0	0	0	0	0	0	0	0	0	0	0	0	0	0	0	0	0	0	0	0	0	0	0	0	0	0	0	0	0	0	0	0	0	0	0	0	0	0	0	0	0	0	0	0	0	0	0	0	0	0	0	0	0	0	0	0	0	0	0	0	0	0	0	0	0	0	0	0	0	0	0	0	0	0	0	0	0	0	0	0	0	0	0	0	0	0	0	0	0	0	0	0	0	0	0	0	0	0	0	0	0	0	0	0	0	0	0	0	0	0	0	0	0	0	0	0	0	0	0	0	0	0	0	0	0	0	0	0	0	0	0	0	0	0	0	0	0	0	0	0	0	0	0	0	0	0	0	0	0	0	0	0	0	0	0	0	2	0	0	0	0	0	0	0	0	0	0	0
OTU_802	0	0	0	0	0	0	0	0	0	0	0	0	0	0	0	0	0	0	0	0	0	0	0	0	0	0	1	0	0	0	0	0	0	0	0	0	0	0	0	0	0	0	1	0	0	0	0	0	0	0	0	0	0	0	0	0	0	0	0	0	1	0	5	0	0	0	0	0	0	0	0	0	0	0	0	1	0	0	0	0	0	0	0	0	0	0	2	0	0	0	0	1	0	0	0	0	1	0	0	0	0	1	0	0	0	0	0	0	0	0	0	0	1	0	0	0	0	0	0	3	0	0	0	0	0	0	0	0	0	0	0	0	0	0	0	0	0	0	2	0	0	1	0	0	1	0	0	0	0	0	0	0	1	0	1	0	0	0	0	0	0	0	0	0	0	0	0	0	0	0	0	0	0	0	1	0	0	0	0	0	0	0	0	0	0	0	0	0	1
OTU_804	0	26	0	49	0	0	0	0	0	1	0	0	0	0	0	0	0	0	0	0	0	0	0	0	0	0	1	0	0	0	0	0	0	0	0	0	0	0	0	0	0	0	0	0	4	0	3	0	0	0	0	0	0	0	0	0	0	0	0	0	0	0	0	0	0	0	0	0	1	0	0	0	0	0	0	1	0	0	0	0	0	0	0	0	0	0	0	0	0	0	5	0	0	0	0	0	0	0	0	0	3	0	6	0	0	0	0	0	0	0	5	0	0	0	0	0	0	0	0	0	0	0	0	0	0	0	0	0	0	0	0	0	0	0	0	0	0	0	0	0	0	0	0	0	0	0	0	0	0	0	0	0	0	0	0	0	0	0	0	0	0	0	0	0	0	0	0	0	0	0	0	0	0	0	0	0	0	0	0	0	0	0	0	0	0	0	0	0	0
OTU_805	1	0	0	0	0	2	0	3	0	0	0	0	0	1	0	0	0	0	0	0	1	0	0	1	0	0	0	0	1	1	0	0	0	0	0	1	0	0	0	0	1	2	0	0	0	0	0	0	1	0	0	1	0	0	0	0	0	1	0	0	0	0	0	0	0	0	1	1	1	2	2	0	0	0	0	1	0	0	0	0	0	0	0	0	0	1	0	0	0	1	0	2	0	0	0	0	0	0	1	0	0	0	0	1	1	1	0	0	0	0	3	0	2	0	1	3	0	0	0	6	0	0	0	0	0	1	0	0	0	1	0	2	4	0	0	0	1	0	0	0	0	0	3	0	2	2	1	1	2	1	0	0	0	0	0	0	0	1	2	0	1	0	0	0	0	2	1	0	0	0	2	0	4	2	2	4	0	0	0	0	2	2	0	0	0	0	0	0	0
OTU_806	1	0	0	0	0	0	0	0	0	0	0	1	0	0	0	0	0	0	0	0	0	0	0	0	0	0	0	0	0	1	0	0	0	0	0	0	0	0	0	1	0	5	0	0	0	0	0	1	0	0	0	0	2	0	0	1	0	0	0	2	0	0	0	0	0	0	1	1	0	0	1	0	0	0	0	0	0	0	0	0	0	0	0	0	0	0	0	0	0	0	0	0	1	0	0	1	0	0	0	1	0	0	0	0	0	0	4	0	0	0	3	0	0	3	1	1	0	0	0	4	0	0	1	1	0	1	1	0	0	0	0	0	4	0	0	0	1	0	0	0	0	0	0	0	1	1	2	0	0	0	2	0	1	0	0	0	0	0	0	1	1	0	0	0	0	0	1	0	0	0	1	0	2	0	0	2	0	0	0	0	0	1	0	0	0	0	0	1	0
OTU_808	0	0	0	0	0	0	0	0	0	0	0	0	0	0	0	0	0	0	1	0	0	0	0	0	0	0	0	0	0	0	0	0	0	0	0	0	0	0	0	0	0	0	0	0	0	0	0	0	0	0	0	0	0	0	0	0	0	0	0	0	0	0	0	0	0	0	0	0	0	0	0	0	0	0	0	0	0	0	1	0	0	0	0	0	0	0	0	0	0	0	0	0	0	0	0	0	0	0	0	0	0	0	0	0	0	0	1	1	0	0	0	0	0	0	0	0	0	0	0	2	0	0	0	0	0	0	0	0	0	0	0	2	0	0	0	0	0	0	0	0	0	1	0	0	0	0	0	0	0	0	1	0	0	0	0	0	6	0	0	0	0	0	0	0	0	0	0	0	0	0	0	0	0	0	0	0	0	0	0	0	2	0	2	0	0	0	0	0	1
OTU_810	0	0	0	1	0	0	0	0	0	0	0	0	0	0	0	0	1	0	1	0	0	0	0	0	0	1	2	3	0	0	0	1	0	0	0	0	0	0	0	0	0	2	0	0	0	0	0	0	0	0	0	0	0	0	0	0	0	0	1	0	1	0	0	1	0	0	5	1	0	0	0	0	7	0	0	0	0	1	2	2	2	0	0	0	0	0	1	0	0	0	1	0	0	0	0	0	0	1	0	0	0	0	1	0	0	0	0	0	0	0	0	0	0	0	0	0	0	0	0	0	0	0	0	0	0	0	0	0	0	0	0	0	0	0	0	0	0	0	0	0	0	0	0	0	1	0	0	0	0	0	0	0	0	0	0	0	1	0	0	0	0	0	0	0	0	0	0	0	0	0	2	0	0	0	0	0	0	0	1	0	3	0	1	0	0	0	0	0	30
OTU_811	0	0	1	0	1	0	0	0	2	0	0	0	0	0	0	0	0	0	0	0	2	0	0	0	0	0	0	0	2	0	0	0	0	0	5	0	0	0	1	0	0	3	0	2	0	0	0	1	0	0	1	1	0	0	1	0	0	0	0	0	0	0	0	0	0	0	0	1	0	0	0	0	0	0	0	0	0	0	0	0	0	0	0	0	0	0	1	0	0	1	0	0	0	0	0	0	0	0	0	0	0	0	0	0	0	0	0	0	0	0	0	0	0	0	0	0	0	0	0	0	0	0	0	0	0	0	0	0	0	0	0	0	0	0	0	0	0	0	0	0	0	1	0	0	0	0	0	0	0	0	0	0	0	0	0	0	0	0	0	0	0	0	0	0	0	1	0	0	0	0	0	0	0	0	0	0	0	0	0	0	0	0	0	0	0	0	0	0	0
OTU_813	0	0	0	0	0	0	0	0	0	0	0	0	0	0	0	0	0	0	2	0	0	0	0	1	0	0	0	0	1	0	0	0	0	0	0	0	0	0	0	1	0	0	1	0	0	0	0	0	0	0	0	0	0	0	0	2	0	0	0	0	0	0	0	0	0	0	0	0	0	0	0	0	0	0	2	1	0	0	0	0	1	2	0	1	0	0	0	0	0	0	0	0	0	0	0	0	0	0	0	0	1	0	0	0	0	1	1	0	0	0	0	0	0	3	0	3	0	0	0	0	0	0	0	0	0	0	0	0	0	1	0	0	0	0	0	0	0	0	0	0	0	0	0	1	0	0	0	0	2	0	0	0	0	1	0	0	0	0	1	1	0	0	4	0	1	1	0	0	0	0	1	0	1	0	0	0	0	0	1	0	6	0	0	0	0	0	0	0	0
OTU_814	0	0	0	0	0	0	0	0	0	0	0	0	0	0	0	0	0	0	0	0	1	1	0	0	0	0	0	0	1	0	0	1	0	0	2	1	0	0	0	0	0	0	0	0	0	1	0	0	0	0	0	0	0	0	0	0	0	0	0	0	0	1	0	0	2	0	0	0	0	0	0	0	1	0	0	0	0	0	0	0	0	0	0	0	0	0	0	0	0	0	0	0	0	0	0	0	3	0	0	0	0	0	0	2	0	0	0	0	0	0	0	0	0	0	0	0	0	0	3	0	0	0	0	0	0	0	0	0	0	0	0	0	0	0	0	0	0	0	0	0	0	0	0	0	0	1	0	0	0	0	0	0	2	0	0	0	0	0	0	0	0	0	0	0	0	0	0	0	0	2	0	0	0	2	0	0	0	0	1	0	0	0	0	0	0	0	0	0	0
OTU_815	0	0	0	2	18	0	0	0	0	0	1	25	0	1	0	0	0	0	0	4	0	0	3	0	1	0	1	2	1	2	2	0	0	3	2	0	1	0	0	0	0	0	2	0	0	0	8	0	1	0	0	0	0	0	1	0	0	0	0	1	1	1	0	0	2	1	0	0	11	0	1	0	0	1	0	0	0	0	0	0	0	0	1	0	4	3	1	0	0	0	0	1	0	0	1	0	0	0	0	0	0	0	0	0	0	0	0	0	0	0	1	0	0	0	0	0	0	0	0	0	0	0	0	0	0	1	0	0	0	0	3	0	0	0	0	0	0	0	0	0	1	33	0	2	0	0	0	0	0	1	0	0	0	0	0	0	0	0	0	7	0	0	0	0	0	0	0	0	1	1	0	0	1	0	0	0	0	0	0	0	0	0	3	0	1	1	0	0	0
OTU_816	0	0	0	0	0	0	0	0	0	0	0	0	0	0	0	0	0	0	0	0	0	0	0	0	0	0	0	0	0	0	0	0	0	0	0	0	0	0	0	0	0	0	0	0	0	0	0	0	0	0	0	0	0	0	0	0	0	0	0	0	0	0	0	0	0	0	1	0	3	0	0	0	0	0	0	0	0	0	0	0	0	0	0	0	0	0	0	0	0	0	0	0	0	0	0	0	0	0	0	0	0	0	0	0	0	0	0	0	0	0	0	0	0	0	0	0	0	0	0	0	0	0	0	0	0	0	0	0	0	0	0	0	0	0	0	0	0	0	0	0	0	0	0	0	0	0	0	0	0	0	0	0	0	0	0	0	0	0	0	0	0	0	0	0	0	2	0	0	0	0	0	0	0	0	0	0	0	0	0	0	0	0	0	0	0	0	0	0	0
OTU_817	0	0	0	0	0	1	0	7	2	0	0	0	0	1	1	7	0	2	0	0	4	3	2	0	0	0	0	0	0	0	1	0	0	3	0	0	1	0	0	0	0	1	0	0	0	4	0	1	0	1	0	2	1	0	0	0	0	1	2	0	1	3	1	5	12	0	1	1	0	1	0	1	3	5	0	4	0	0	3	1	0	0	2	0	0	0	2	2	0	0	1	2	2	0	0	1	0	0	2	0	0	0	0	0	0	0	0	2	0	0	4	1	0	0	0	1	0	0	0	0	1	0	0	0	0	0	0	1	0	1	0	0	0	1	1	0	1	1	1	0	12	10	1	10	0	1	0	0	0	0	1	0	0	0	0	0	3	2	1	1	1	0	0	0	0	0	0	2	0	3	1	0	0	2	0	0	0	0	0	0	1	0	5	0	6	1	0	1	4
OTU_819	1	6	3	33	11	1	6	38	31	2	6	8	0	7	10	7	6	31	5	17	10	4	10	12	7	0	4	1	4	17	24	1	11	17	11	7	33	12	22	8	1	7	29	28	9	162	10	22	3	5	18	16	12	5	3	19	12	11	9	6	3	34	32	26	20	7	7	12	77	7	7	1	7	2	2	15	2	2	3	3	11	15	28	0	18	15	17	35	43	7	10	5	14	16	4	1	4	2	19	7	19	6	4	5	1	2	0	21	23	0	0	4	3	0	3	21	1	3	0	0	78	0	0	0	9	2	1	34	6	2	5	1	0	15	4	1	7	3	1	3	4	28	1	7	7	5	3	4	1	1	2	0	1	6	0	41	57	4	13	1	4	3	2	0	1	0	1	71	31	1	0	6	11	11	7	1	2	2	0	1	10	0	5	2	35	15	6	0	5
OTU_822	0	0	0	0	0	0	0	0	0	0	0	0	0	0	0	0	0	0	0	1	0	0	0	0	0	0	0	0	0	0	0	0	0	0	0	0	0	0	0	0	0	0	0	0	0	0	0	0	0	0	0	0	0	0	0	0	0	0	0	0	0	0	0	0	0	0	0	0	0	0	0	0	0	0	0	0	0	0	0	0	0	0	1	0	0	0	0	0	0	0	0	0	0	0	0	0	0	0	0	0	0	0	0	0	0	0	0	0	0	0	0	0	0	0	0	491	0	0	0	0	0	0	0	0	0	0	0	20	0	0	0	0	0	0	0	0	0	0	0	0	0	0	0	0	0	0	0	0	0	0	0	1	0	0	0	0	0	0	0	0	0	0	0	0	0	0	0	0	0	0	0	0	0	0	0	0	0	0	0	0	1	0	0	0	0	0	0	0	0
OTU_823	0	0	0	0	1	0	0	1	0	0	0	0	0	0	0	0	0	0	0	0	0	0	0	0	0	0	0	0	0	0	0	0	0	0	0	0	0	0	0	0	0	0	0	0	0	0	0	0	0	0	1	0	0	0	0	0	0	0	0	0	0	0	0	0	0	0	0	0	0	0	1	0	0	0	0	0	0	0	2	0	0	0	0	0	0	0	0	0	0	1	0	0	0	0	0	0	0	0	0	0	0	0	0	0	0	0	0	0	0	0	0	0	0	0	0	0	0	0	0	0	0	0	0	0	0	0	0	0	0	0	0	0	0	0	0	0	0	0	0	0	0	0	0	0	0	0	0	0	0	0	0	0	0	0	0	0	0	0	0	0	0	0	0	0	0	0	0	0	0	0	0	0	0	0	0	0	0	0	1	0	0	0	0	0	0	0	0	0	0
OTU_824	0	0	0	0	0	0	0	0	0	0	0	0	0	0	0	0	0	0	0	0	0	0	0	0	0	0	0	0	0	0	0	0	0	0	0	0	0	0	0	0	0	0	0	0	0	0	0	0	0	0	0	0	0	0	0	0	0	0	0	0	0	0	0	0	0	0	0	0	0	0	0	0	0	0	0	0	0	0	0	0	0	0	0	0	0	0	0	0	0	0	0	0	0	0	0	0	0	0	0	0	0	0	0	0	0	0	0	0	0	0	0	0	0	0	0	0	0	0	0	0	0	0	0	0	0	0	0	0	0	0	0	0	0	0	0	0	1	0	0	0	0	0	0	0	0	0	0	0	0	0	0	0	0	0	0	0	0	0	0	0	0	0	0	0	0	0	0	0	0	0	0	0	0	0	0	0	0	0	0	0	0	0	0	0	0	0	0	0	0
OTU_825	0	0	0	0	0	0	0	0	0	0	0	0	0	0	0	0	0	0	0	0	0	0	0	0	0	0	0	0	0	0	0	0	0	0	0	0	0	0	0	0	0	0	0	0	0	0	0	0	0	0	0	0	0	0	0	0	0	0	0	0	0	0	0	0	0	0	0	0	0	0	0	0	0	0	0	0	0	0	0	0	0	0	0	0	0	0	0	0	0	0	0	0	0	0	0	0	0	0	0	0	0	0	0	0	0	0	0	0	0	0	0	0	0	0	0	0	0	0	0	0	0	0	0	0	0	0	0	0	0	0	0	0	24	0	0	0	0	0	0	0	0	0	0	0	0	0	0	0	0	0	0	0	181	0	0	0	0	0	0	0	0	0	0	0	0	0	0	0	0	0	2	0	0	0	0	0	0	0	0	0	0	0	0	0	0	0	0	0	0
OTU_829	0	0	0	0	0	0	0	0	0	0	0	0	0	0	0	0	0	0	0	0	0	0	0	0	0	0	0	0	0	0	0	0	0	0	0	0	0	0	0	0	0	0	0	0	0	0	0	0	0	0	0	0	0	0	0	0	0	0	0	0	0	0	0	0	0	0	0	0	0	0	0	0	0	0	0	0	0	0	0	0	0	0	0	0	0	0	0	0	0	0	0	0	0	0	0	0	0	0	0	0	0	0	0	0	0	0	0	0	0	0	0	1	0	0	0	0	0	0	0	0	0	0	0	0	0	0	0	0	0	0	0	0	0	0	0	0	0	0	0	0	0	0	0	0	0	0	0	0	0	0	0	0	0	0	0	0	0	0	0	0	0	0	0	0	0	0	0	0	0	0	0	0	0	0	0	0	0	0	0	0	0	0	0	0	0	0	0	0	0
OTU_831	0	0	0	0	0	0	0	0	0	0	0	0	0	0	0	0	0	0	0	0	0	0	0	0	0	0	0	0	0	0	0	0	0	0	0	0	0	0	0	0	0	0	0	0	0	0	0	0	0	0	0	0	0	0	0	0	0	0	0	0	0	0	0	0	0	0	0	0	0	0	0	0	0	0	0	0	0	0	0	0	0	0	0	0	0	0	0	0	0	0	0	0	0	0	0	0	0	0	0	0	0	0	0	0	0	0	0	0	0	0	0	0	0	0	0	0	0	0	0	0	0	0	0	0	0	0	0	0	0	0	0	0	0	0	0	0	0	0	0	0	0	0	0	0	0	0	0	0	0	0	0	0	0	0	46	0	0	0	0	0	0	0	0	0	0	0	0	0	0	0	0	0	0	0	0	0	0	0	0	0	0	0	0	0	0	0	0	0	0
OTU_833	1	0	1	0	0	1	0	12	0	0	0	1	0	0	1	1	0	0	0	0	3	0	0	0	0	0	0	0	0	0	0	0	0	0	3	0	1	4	0	0	1	0	0	0	0	1	0	0	8	0	3	0	1	4	0	0	0	1	0	0	0	0	0	0	3	0	1	1	0	3	0	0	0	1	0	0	0	3	0	0	0	0	0	0	0	0	0	3	0	1	2	1	0	1	1	0	0	0	4	0	0	0	0	1	0	0	0	0	0	0	0	1	0	7	0	5	1	0	35	1	42	0	1	7	0	0	4	1	0	1	0	0	2	0	0	0	0	0	3	0	3	0	0	10	0	3	1	6	8	0	1	0	3	0	1	0	1	7	1	0	0	0	0	0	0	7	0	0	0	0	0	11	2	7	42	1	3	0	0	0	0	0	2	0	0	0	0	0	0
OTU_834	9	2	5	1	6	3	0	20	9	0	2	4	1	0	4	3	1	3	1	12	5	0	4	1	1	4	2	0	2	3	3	5	4	1	4	8	0	2	20	1	4	2	6	34	4	29	2	6	2	3	8	6	4	2	3	4	1	4	4	1	10	6	2	9	13	5	2	3	11	5	4	1	2	2	1	3	1	2	2	0	0	3	15	0	1	6	2	10	5	7	7	1	10	14	1	2	14	3	12	0	8	1	2	0	0	0	0	1	0	0	0	3	0	0	0	1	0	0	0	0	13	0	0	0	0	0	0	5	1	0	3	0	0	4	0	1	1	1	1	6	6	33	0	5	0	0	0	0	0	0	0	1	1	2	0	5	4	2	3	0	0	0	0	1	0	0	0	19	6	3	0	1	0	1	3	0	0	0	0	0	1	0	2	0	8	8	4	0	4
OTU_836	0	0	0	0	0	0	0	0	0	0	0	0	0	0	0	0	0	0	0	0	0	0	0	0	0	0	0	0	0	0	0	0	0	0	0	0	0	0	0	0	0	0	0	0	0	0	0	0	0	0	0	0	0	0	0	0	0	0	0	0	0	0	0	0	0	0	0	0	0	0	0	0	0	0	0	0	0	0	0	0	0	0	0	0	0	0	0	0	0	0	0	0	1	0	0	1	0	0	0	0	0	0	0	0	0	0	0	0	0	0	0	0	0	0	0	0	0	0	0	0	0	0	0	0	0	0	0	0	0	0	0	0	0	0	0	0	0	0	0	0	0	0	0	0	0	0	0	0	0	0	0	0	0	0	0	0	0	0	0	0	0	0	0	0	0	0	0	0	0	0	0	0	0	0	0	0	0	0	0	0	0	0	0	0	0	0	0	0	0
OTU_838	0	0	0	0	0	0	0	0	0	0	0	0	0	0	0	0	0	0	0	0	0	0	0	0	0	0	0	0	0	0	0	0	0	0	0	0	0	0	0	0	0	0	0	0	0	0	0	0	0	0	0	0	0	1	0	0	0	0	0	0	0	0	0	0	0	0	0	0	0	0	0	0	0	0	0	0	0	0	0	0	0	0	0	0	0	0	0	0	0	0	0	0	0	0	0	0	0	0	0	0	0	0	0	1	0	0	0	0	0	0	0	0	0	0	0	0	0	0	0	0	0	0	1	0	0	0	0	0	0	0	17	0	0	0	0	0	0	0	0	0	0	0	0	0	0	44	0	0	0	0	0	0	0	0	0	0	0	0	0	0	0	0	22	0	0	6	0	0	2	0	0	0	0	37	0	18	0	8	10	0	4	0	1	0	0	35	0	0	0
OTU_839	0	0	0	0	0	0	0	0	0	0	0	0	0	0	0	0	0	0	0	0	0	0	0	0	0	0	0	0	0	0	0	0	0	0	0	0	0	0	0	0	0	0	0	0	0	0	0	0	0	0	0	0	0	0	0	0	0	0	0	0	0	0	0	0	0	0	0	1	0	0	0	0	0	0	0	0	0	0	0	0	0	0	0	0	0	0	0	0	0	0	0	0	0	0	0	0	0	0	0	0	0	0	0	0	0	0	0	0	0	0	0	0	1	0	0	0	0	0	0	0	0	0	0	0	0	0	0	0	0	0	0	0	0	0	0	0	0	0	0	0	0	0	0	0	0	0	0	0	0	0	0	0	0	0	0	0	0	0	0	0	0	0	0	0	0	0	0	0	0	0	0	0	0	0	0	0	0	0	0	0	0	0	0	0	0	0	0	0	0
OTU_840	0	0	0	0	0	0	0	0	0	0	0	0	0	0	0	0	0	0	0	0	0	0	0	0	0	0	0	0	0	0	0	0	0	0	0	0	0	0	0	0	0	0	0	0	0	0	0	0	0	0	0	0	0	0	0	0	0	0	0	0	0	0	0	0	0	0	0	0	0	0	0	0	0	0	0	0	0	0	0	0	0	0	0	0	0	0	0	0	0	0	0	0	0	0	0	0	0	0	0	0	0	0	0	0	0	0	0	0	0	1	0	0	0	0	0	0	0	0	0	0	0	0	0	0	0	0	0	0	0	0	0	0	0	0	0	0	0	0	0	0	0	0	0	0	0	0	0	0	0	0	0	0	0	0	0	0	0	0	0	0	0	0	0	0	0	0	0	0	0	0	0	0	0	0	0	0	0	0	0	0	0	0	0	0	0	0	0	0	0
OTU_842	0	0	0	0	0	0	0	0	0	0	0	0	0	0	0	0	0	0	0	0	0	0	0	0	0	0	0	0	1	0	0	0	0	0	0	0	0	0	0	0	0	0	0	0	0	0	0	0	0	0	0	0	0	0	0	0	0	0	0	0	0	0	0	0	0	0	0	0	0	0	0	0	0	0	0	0	0	0	0	0	0	0	0	0	0	0	0	0	0	2	0	0	0	0	0	0	0	0	0	0	0	0	0	0	0	0	0	0	1	0	0	0	0	0	0	0	0	0	0	0	0	0	1	0	0	0	1	0	0	0	0	0	0	0	0	0	0	0	0	0	0	0	0	0	0	0	1	0	1	0	1	0	0	0	0	0	0	0	2	0	0	0	1	0	0	0	0	0	0	0	0	0	0	0	0	0	0	0	0	0	0	0	0	0	0	0	0	0	0
OTU_843	0	0	0	0	0	0	0	0	0	0	0	0	0	0	0	0	0	0	0	0	0	0	0	0	0	0	0	0	0	0	0	0	0	0	0	0	0	0	0	0	0	0	0	0	0	0	0	0	0	0	0	0	0	0	0	0	0	0	0	0	0	0	0	0	1	0	0	0	0	0	0	0	0	0	0	0	0	0	0	0	0	0	0	0	0	0	0	0	0	0	0	0	0	0	0	0	0	0	0	0	0	0	0	0	0	0	0	0	0	0	0	0	0	0	0	0	0	0	0	0	0	0	0	0	0	0	0	0	0	0	0	0	0	0	0	0	0	0	0	0	0	0	0	0	0	0	0	0	0	0	0	0	0	0	0	0	0	0	0	0	0	0	0	0	0	0	0	0	0	0	0	0	0	0	0	0	0	0	0	0	0	0	0	0	0	0	0	0	1
OTU_844	0	0	0	0	0	0	0	0	0	0	0	0	0	0	0	0	0	0	0	0	0	0	0	0	0	0	0	0	0	0	0	0	0	0	0	0	0	0	0	0	0	0	0	0	0	0	0	0	0	0	0	0	0	0	0	0	0	0	0	0	0	0	0	0	0	0	0	0	0	0	0	0	0	0	0	0	0	0	0	0	0	0	0	0	0	0	0	0	0	0	0	0	0	0	0	0	0	0	0	0	0	0	0	0	0	0	0	0	0	0	0	0	0	0	0	0	0	0	0	0	0	0	0	0	0	0	0	0	0	0	0	0	0	0	0	0	0	0	0	0	0	0	0	0	0	0	0	0	0	0	0	0	0	0	0	0	0	0	0	0	0	0	0	0	0	0	0	0	0	0	0	0	0	0	0	0	0	0	1	0	0	0	0	0	0	0	0	0	0
OTU_846	0	0	0	0	0	0	0	0	0	0	0	2	0	0	0	0	0	0	0	0	0	0	0	0	0	0	0	0	0	0	0	0	0	0	0	0	0	0	0	0	0	2	0	0	0	0	2	0	0	0	0	0	0	0	0	0	0	0	0	0	0	0	0	0	0	0	0	0	0	1	0	0	0	0	0	0	0	0	0	0	0	0	0	0	0	0	0	0	0	0	1	0	0	0	0	0	0	1	0	0	0	0	0	0	0	1	0	0	1	0	0	0	0	0	0	1	0	1	0	0	0	0	0	0	0	0	0	0	0	0	0	0	0	0	0	0	0	0	0	0	0	0	0	0	0	1	0	0	1	0	1	0	0	0	0	0	0	0	0	0	0	1	0	0	0	0	0	0	0	0	0	0	2	0	1	0	0	0	0	0	2	0	0	0	0	0	0	0	0
OTU_849	1	0	0	0	0	0	0	0	0	0	0	0	0	0	0	0	0	1	0	0	0	0	0	0	0	0	0	0	0	0	0	0	0	0	0	0	0	0	0	0	0	0	0	0	0	0	0	1	0	0	0	0	1	0	0	0	0	0	0	0	0	1	0	0	0	0	1	0	0	0	0	0	0	0	0	0	0	12	0	0	0	0	0	0	0	0	0	0	0	0	0	0	0	0	0	0	0	0	0	0	0	0	0	0	0	0	0	0	0	0	0	0	0	0	0	0	0	0	0	0	0	0	0	0	0	0	0	0	0	0	0	0	0	0	0	0	0	0	0	0	0	0	0	0	0	0	0	0	0	0	0	0	0	0	0	0	0	0	0	0	0	0	0	0	0	0	0	0	0	0	0	0	0	0	0	0	0	0	0	0	0	0	0	0	0	0	0	0	0
OTU_850	0	0	0	0	0	0	0	0	0	0	0	0	0	0	0	0	0	0	0	0	0	0	0	0	0	0	2	0	0	0	0	0	0	0	0	0	0	0	0	0	0	0	0	0	0	0	0	0	0	0	0	0	0	0	0	0	0	0	0	0	0	0	0	0	0	0	0	0	0	0	0	0	0	0	0	0	0	0	0	0	0	0	0	0	0	0	0	0	0	0	0	0	0	0	0	0	0	0	0	0	0	0	0	0	0	1	0	0	0	0	0	0	0	0	0	0	0	0	0	0	0	0	0	0	0	0	0	0	0	0	0	0	0	0	0	0	0	0	0	0	0	0	0	0	0	0	0	0	0	0	0	0	0	2	0	0	0	0	0	0	0	0	0	0	0	0	0	0	0	0	0	0	0	0	0	1	0	0	0	0	0	0	0	0	0	0	0	0	0
OTU_851	0	0	0	0	0	0	1	1	0	0	0	0	3	0	0	0	0	0	0	0	0	0	0	0	1	0	3	0	1	0	1	0	0	0	0	0	0	0	0	2	1	1	0	0	0	0	0	0	1	0	0	0	0	0	0	0	0	0	0	0	1	0	0	0	0	0	0	1	0	0	1	0	0	0	0	1	0	0	0	0	0	1	0	0	0	0	0	1	0	0	0	0	0	0	1	0	0	0	1	0	0	1	0	0	1	1	0	0	2	0	1	0	0	2	1	4	0	1	0	0	0	1	2	1	0	0	1	0	0	0	0	0	1	0	1	0	1	0	0	0	0	0	0	1	1	0	0	2	1	0	0	0	0	0	0	0	0	0	0	2	0	0	1	0	0	0	1	0	0	0	0	0	2	0	0	3	0	0	0	0	1	1	3	0	0	0	0	0	0
OTU_853	23	0	0	1	0	0	21	0	30	0	6	7	3	14	26	25	0	21	0	13	5	2	19	69	0	0	0	0	0	0	44	5	5	3	1	5	7	222	0	7	2	3	90	9	3	1	24	118	6	3	2	29	1	0	1	21	3	8	4	2	0	18	0	4	33	14	7	13	1	9	20	10	6	7	0	1	0	0	0	0	2	5	2	0	7	4	0	21	15	11	13	0	0	0	7	3	0	1	59	16	63	0	0	54	308	8	9	4	1	13	37	16	37	7	34	668	221	120	20	29	41	92	201	206	125	132	55	60	71	8	876	2	23	41	30	6	12	57	41	6	54	24	21	22	41	11	34	138	117	80	37	81	3	20	125	39	648	66	86	0	103	46	58	18	41	5	181	17	44	8	19	1197	23	73	31	17	238	191	14	19	351	10	45	51	108	332	8	131	5
OTU_854	0	0	0	0	0	0	0	0	0	0	0	0	0	0	0	0	0	0	1	0	0	0	0	0	0	0	0	0	0	0	0	0	0	0	0	0	0	0	0	0	0	0	0	0	0	0	0	0	0	0	0	0	0	0	0	0	0	0	0	0	0	0	0	0	0	0	0	0	0	0	0	0	0	0	0	0	0	0	0	0	0	0	0	0	0	0	0	0	0	0	0	0	0	0	0	0	0	0	0	0	0	0	0	0	0	0	0	0	0	0	0	0	0	0	0	0	0	0	0	0	0	0	0	0	0	0	0	0	0	0	0	0	0	0	0	0	0	0	0	0	0	0	0	0	0	0	0	0	0	0	0	0	0	0	0	0	0	0	0	0	0	0	0	0	0	0	0	0	0	0	0	0	0	0	0	0	0	0	0	0	0	0	0	0	0	0	0	0	0
OTU_856	1	0	0	0	0	0	0	35	1	0	0	3	0	6	0	4281	24	13	0	9	8	49	0	0	39	0	0	11	93	1	0	4083	0	0	9	2	7	3	0	0	1	3	5	44	7	114	1	0	36	0	33	19	1	12	2	0	0	0	1	0	2	0	0	52	0	0	0	4	4	0	2	3	0	165	23	20	0	1	0	0	1	0	0	0	4	0	4	0	1	8	17	0	0	110	2	0	533	5	0	1	0	1	0	1	0	0	0	0	0	0	0	5	3	0	0	0	0	0	0	0	0	0	0	0	0	0	0	4	0	4	0	0	0	0	0	0	0	0	0	0	0	7	0	0	0	24	0	0	1	0	0	0	1	0	0	1	0	0	0	0	0	0	0	0	0	0	0	0	0	0	1	0	4	1	0	4	0	0	0	0	0	0	10	0	25	0	0	0	0
OTU_858	0	0	0	0	0	0	0	0	0	0	0	0	0	0	0	1	0	0	0	0	12	0	0	0	0	0	0	0	16	0	0	0	0	0	0	0	0	0	0	0	0	0	0	0	33	0	0	0	0	0	0	0	0	0	0	0	1	0	1	0	0	0	0	0	0	0	0	0	0	0	0	0	0	0	4	0	0	0	0	0	0	0	0	0	0	0	0	0	0	0	0	0	0	0	0	0	95	0	0	0	0	0	0	0	0	0	0	0	0	0	0	0	0	0	0	0	0	0	1	0	0	0	0	0	0	0	0	0	0	0	0	0	0	0	0	0	0	0	0	0	0	1	0	1	0	0	0	0	0	0	0	0	0	0	0	0	0	0	0	0	0	0	0	0	0	0	0	0	0	0	0	0	0	0	0	0	0	0	0	0	0	0	0	0	1	0	0	0	0
OTU_859	0	0	0	0	0	0	0	0	0	0	0	0	0	0	0	0	0	0	0	0	0	0	0	0	0	0	0	0	0	0	0	0	0	0	0	0	0	0	0	1	0	0	0	0	0	0	0	0	0	0	0	0	0	0	0	0	0	0	0	0	0	0	0	0	0	0	0	0	0	0	0	0	0	0	0	0	0	0	0	0	0	0	0	0	0	0	0	0	0	0	0	0	0	0	0	0	0	0	0	0	0	0	0	0	0	0	0	0	0	0	0	0	0	0	0	0	0	0	0	0	0	0	0	0	0	0	0	0	0	0	0	0	0	0	0	0	0	0	1	0	0	0	0	0	0	0	0	0	0	0	0	0	0	0	0	0	0	0	0	0	0	0	0	0	0	0	0	0	0	0	0	0	0	0	0	0	0	0	0	0	0	0	0	0	0	0	0	0	0
OTU_860	2	2	27	33	5	48	21	53	3	3	7	0	1	29	0	1	13	1	0	2	1	5	2	0	4	1	0	0	1	2	2	10	13	7	13	5	22	10	12	4	4	1	8	1	1	1	6	3	30	1	8	2	3	8	3	2	4	0	0	2	6	1	4	2	1	4	3	1	0	0	1	2	1	17	2	3	0	2	1	3	1	1	13	0	5	0	27	3	6	0	20	18	0	2	4	2	6	0	0	2	4	5	0	2	1	0	1	3	2	0	0	2	2	1	2	2	3	1	1	0	1	0	2	0	1	4	0	0	1	0	0	0	0	1	1	2	0	0	15	2	0	6	1	4	0	1	0	1	0	0	1	0	0	4	0	3	2	0	0	0	0	0	1	0	0	0	0	0	0	0	1	0	3	0	27	0	1	0	5	0	0	1	23	0	1	5	4	0	0
OTU_864	0	0	0	1	0	0	0	0	0	0	0	0	0	0	0	0	0	0	0	0	0	0	0	0	0	0	0	0	0	0	0	0	0	0	0	0	0	0	0	0	0	0	0	0	0	0	0	0	0	0	0	0	0	0	0	0	0	0	0	0	0	0	0	0	0	0	0	0	0	0	0	0	0	0	0	0	0	0	0	2	0	0	0	0	0	0	0	0	0	0	0	0	1	0	0	0	0	0	0	0	0	0	0	0	0	0	0	0	0	0	0	0	0	0	0	0	0	0	0	0	0	0	0	0	0	0	0	0	0	0	0	0	0	0	0	0	0	0	0	0	0	0	0	0	0	1	0	0	0	0	0	0	0	0	0	0	0	0	0	0	0	0	1	0	0	0	0	0	0	0	0	0	0	0	0	0	0	0	0	0	0	0	3	0	0	0	0	0	0
OTU_865	0	0	0	0	0	0	0	0	0	0	0	0	0	0	0	0	0	0	0	0	0	0	0	0	0	0	0	0	0	0	0	0	0	0	0	0	0	0	0	0	0	0	1	0	0	0	0	0	0	0	0	0	0	0	0	0	0	0	0	0	0	0	0	0	1	0	0	0	0	0	0	0	0	0	0	0	0	0	0	0	0	0	0	0	0	0	0	0	0	0	0	0	0	0	0	0	0	0	0	0	0	0	0	0	0	0	0	0	0	0	0	0	0	0	0	0	0	0	0	0	0	0	0	4	0	0	0	0	0	0	0	0	0	0	0	0	0	0	0	0	0	0	0	0	0	0	0	0	0	0	0	0	0	0	0	0	0	0	0	0	1	0	0	0	0	0	0	0	0	0	0	2	0	0	0	0	0	1	0	0	0	0	1	0	0	0	0	0	0
OTU_866	25	3	22	24	54	6	410	25	160	0	17	5	17	6	31	13	17	103	7	266	238	5	10	171	6	2	5	207	206	103	2	13	4	3	164	156	3	119	21	2	2	15	15	21	4	312	9	12	24	113	12	32	13	2	40	7	2	4	370	2	6	12	8	841	16	3	56	13	4	3	10	15	447	9	3	564	5	2	173	5	2	159	298	6	8	15	2	14	11	11	11	218	164	14	3	563	1	229	335	109	231	183	4	134	3	5	2	7	1	1	20	105	4	3	3	94	18	75	47	11	46	8	5	4	120	252	25	270	17	1	11	3	1	36	298	0	19	17	14	128	123	470	6	418	3	23	0	29	0	17	12	58	103	37	0	325	74	119	16	347	31	13	0	1	4	110	0	25	20	158	28	10	39	125	68	20	4	22	12	17	9	8	42	2	126	2	13	10	201
OTU_868	0	0	0	0	0	0	0	0	0	0	0	0	0	0	0	0	0	0	0	0	0	0	0	0	0	0	0	0	0	0	0	0	0	0	0	0	0	0	0	0	0	0	0	0	0	0	0	0	0	0	0	0	0	0	0	0	0	0	0	0	0	0	0	0	0	0	0	0	0	0	0	0	0	0	0	0	0	0	0	0	0	0	0	0	0	0	0	0	0	0	0	0	0	0	0	0	0	0	0	0	0	0	0	0	0	0	0	0	0	1	0	0	0	0	0	0	0	0	0	0	0	0	0	0	0	0	0	0	0	0	0	0	0	0	0	0	0	0	0	0	0	0	0	0	0	85	0	0	0	0	0	0	0	0	0	0	0	0	0	0	0	0	0	0	0	5	0	0	0	0	0	0	0	33	0	7	0	0	0	0	0	0	0	0	0	0	0	0	0
OTU_869	0	0	0	0	0	0	0	0	0	0	0	0	0	0	0	0	0	0	0	0	0	0	0	0	0	0	0	0	0	0	0	0	0	0	0	0	0	0	0	0	0	0	0	0	0	0	0	0	0	0	0	0	0	0	0	0	0	0	0	0	0	0	0	0	0	0	0	0	0	0	0	0	0	0	0	0	0	0	0	0	0	0	0	0	0	0	0	0	0	0	0	0	0	0	0	0	0	0	0	0	0	0	0	0	0	0	0	0	0	0	0	0	0	0	0	0	0	0	0	0	0	0	0	0	0	0	0	0	0	0	0	0	0	0	0	0	0	0	0	0	0	0	0	0	0	0	0	0	0	0	0	0	0	0	0	0	0	0	0	0	0	0	0	0	0	0	0	0	0	0	0	0	0	0	0	0	0	0	2	0	0	0	0	0	0	0	0	0	0
OTU_873	0	0	0	0	0	0	0	0	0	0	0	0	0	0	0	0	0	0	0	0	0	0	0	0	0	0	0	0	0	0	0	0	0	0	0	0	0	0	0	0	0	0	0	0	0	0	0	0	0	0	1	0	0	0	0	0	0	0	0	0	0	0	0	0	0	0	0	0	0	0	0	1	0	1	0	0	0	0	0	0	0	0	0	0	0	0	0	0	2	0	0	0	0	0	0	0	0	0	0	0	1	0	0	0	0	0	0	0	0	0	0	0	10	0	0	0	0	0	0	0	0	0	0	0	0	0	0	0	0	0	0	0	0	0	0	0	0	0	0	0	0	0	0	0	0	1	0	0	0	0	0	0	0	0	0	0	0	0	0	0	0	0	0	0	1	0	0	0	0	0	0	0	0	0	0	0	0	0	0	0	0	0	0	0	0	0	0	0	0
OTU_874	0	0	0	0	0	0	0	0	0	0	99	0	0	0	1	0	0	0	0	0	0	0	0	0	0	0	0	0	0	0	0	0	0	0	0	0	0	0	0	0	0	0	0	0	0	0	0	0	0	1	0	0	0	0	0	0	0	0	0	0	0	0	0	0	0	0	0	1	0	0	0	2	0	0	0	0	0	0	0	0	0	0	0	0	0	0	0	0	0	0	0	0	0	1	0	0	0	0	0	0	0	0	0	0	0	0	0	0	4	0	0	0	0	0	2	0	0	0	0	0	0	0	0	0	0	57	0	0	0	0	0	0	0	0	0	0	0	0	0	0	0	0	0	0	0	0	0	0	0	0	0	0	0	0	0	0	0	0	0	0	0	0	0	0	0	0	0	0	0	0	0	0	0	0	0	0	0	0	0	0	0	0	0	0	0	0	1	0	0
OTU_876	0	0	2	0	5	0	0	1	1	0	0	0	0	1	0	1	1	0	0	0	0	6	2	0	1	0	0	2	1	0	0	3	0	0	9	2	1	0	0	0	1	1	1	2	4	5	8	0	0	0	17	0	0	0	0	1	1	0	0	0	0	1	0	0	0	0	1	0	2	0	0	1	2	9	0	3	0	3	0	1	0	0	0	0	1	0	0	1	0	6	2	0	2	2	0	0	10	0	0	4	0	0	1	0	0	0	0	1	2	1	0	0	0	0	0	1	3	1	0	0	0	0	0	1	0	1	0	0	0	4	0	0	0	0	4	0	0	0	0	0	0	0	0	0	0	1	0	1	0	0	0	1	0	0	0	0	1	0	0	0	0	0	0	0	0	1	0	0	0	18	1	1	0	7	0	0	0	1	0	0	0	0	1	0	3	0	0	0	2
OTU_877	0	0	0	0	0	0	0	0	0	0	0	0	0	0	0	0	0	0	0	0	0	0	0	0	2	0	0	0	0	0	0	0	0	0	0	0	1	0	0	0	0	0	0	0	0	0	0	0	0	0	0	0	0	0	0	0	0	0	0	0	0	0	0	0	0	0	0	0	0	0	0	0	0	0	0	0	0	0	0	0	0	0	0	0	0	0	0	0	0	0	0	0	0	0	0	0	0	0	0	0	0	0	0	1	0	0	0	0	0	0	0	0	0	0	0	2	0	0	0	0	0	0	0	0	0	0	0	0	0	0	0	0	0	0	0	0	0	0	0	0	0	0	0	0	0	0	0	0	0	0	0	0	0	0	0	0	0	0	1	0	0	0	0	0	0	0	0	0	0	0	0	0	0	0	0	0	0	0	0	0	0	0	0	0	0	0	13	0	0
OTU_878	5	3	4	6	2	13	0	40	1	50	5	1	6	1	0	5	1	6	7	3	4	3	1	3	0	0	6	0	9	2	1	66	3	3	4	1	1	1	16	0	7	2	0	19	9	0	1	1	30	1	11	6	0	2	6	2	3	1014	2	23	13	6	9	4	35	0	0	5	0	19	3	5	1	18	7	1	2	269	1	1	3	27	1	164	1	12	0	9	14	0	2	2	39	9	1	0	57	10	0	6	11	2	0	3	0	6	0	5	0	2	0	10	3	2	0	2	1	0	4	1	5	0	1	0	10	0	2	8	0	0	1	2	0	1	4	0	0	0	18	3	0	7	1	1	0	377	4	0	1	1	6	13	6	1	0	4	1	1	7	0	0	1	0	3	4	227	0	0	2	5	0	2	0	77	2	106	0	0	0	0	3	0	0	0	3	4	20	4	4
OTU_879	0	0	0	0	0	0	0	0	0	0	0	0	0	0	0	0	0	0	0	0	0	0	0	0	0	0	0	0	0	0	0	0	0	0	0	0	0	0	0	0	0	0	0	0	0	0	0	0	0	0	0	0	0	0	0	0	0	0	0	0	0	0	0	0	0	0	0	0	0	0	0	0	0	0	0	0	0	0	0	0	0	0	0	0	0	0	0	0	0	0	0	0	0	0	0	0	0	0	0	0	0	0	0	0	0	0	0	0	0	1	0	0	0	0	0	0	0	0	0	0	0	0	0	0	0	0	0	0	0	0	0	0	0	0	0	0	0	0	0	0	0	0	0	0	0	0	0	0	0	0	0	0	0	0	0	0	0	0	0	0	0	0	0	0	0	0	0	0	0	0	0	0	0	0	0	0	0	0	0	0	0	0	0	0	0	0	0	0	0
OTU_880	0	0	0	0	0	0	4	0	0	0	0	0	0	0	0	0	1	0	0	0	0	0	0	0	0	0	0	0	0	0	0	0	0	0	0	0	0	0	0	0	0	0	3	0	0	0	0	0	0	0	1	0	0	0	0	0	0	0	3	0	0	0	0	0	1	0	0	0	0	0	0	0	0	0	0	0	0	0	0	0	0	0	0	0	0	0	0	0	0	1	0	0	0	0	0	0	0	0	0	0	0	0	0	5	0	0	0	0	0	0	0	1	0	0	0	0	0	0	4	4	0	0	0	1	0	0	1	0	0	0	0	0	2	0	3	0	1	0	0	0	0	5	0	0	0	4	0	0	0	0	1	0	0	0	1	0	10	0	0	0	1	0	0	0	0	1	0	0	0	0	0	2	0	9	0	0	0	0	0	1	0	0	4	0	0	0	0	0	0
OTU_881	0	0	0	0	0	0	0	0	1	0	0	0	0	0	0	0	0	0	0	0	0	0	1	0	0	0	3	0	1	0	0	0	1	0	1	0	0	0	0	1	0	3	0	0	0	0	1	0	0	0	0	0	0	0	1	0	0	10	0	0	0	0	0	1	0	1	0	1	0	0	0	0	0	0	0	2	0	0	0	0	0	0	0	0	0	0	0	0	0	0	0	0	1	0	0	0	0	0	0	0	0	0	0	0	4	0	0	0	2	0	0	0	0	0	0	2	0	0	0	0	0	1	0	0	0	0	2	0	0	1	0	0	0	0	0	2	0	1	0	0	0	0	0	1	0	0	1	0	2	0	1	0	0	0	0	0	0	0	0	1	0	0	0	0	0	0	0	0	0	0	1	0	0	0	0	1	0	0	0	0	0	0	0	0	0	0	0	0	0
OTU_882	0	0	0	3	0	0	0	0	0	0	0	0	0	0	0	0	0	0	0	0	0	3	0	0	0	0	0	0	0	0	0	0	0	0	8	0	0	0	0	0	0	0	0	0	0	0	0	0	0	0	0	0	0	0	0	0	0	0	0	0	0	0	0	0	1	0	0	0	0	0	0	0	0	0	0	0	0	0	0	0	0	0	0	0	0	0	0	0	0	0	0	0	0	0	0	0	0	0	0	0	0	0	0	0	0	0	0	0	0	0	0	0	0	0	0	0	0	0	0	0	0	0	0	0	0	0	0	0	0	0	0	0	0	0	0	0	1	0	0	0	0	0	0	0	0	0	0	0	0	0	0	0	0	0	0	0	0	0	0	0	0	0	0	0	0	0	0	0	0	4	0	2	0	1	0	0	0	0	0	0	0	0	0	0	0	0	0	0	0
OTU_883	0	0	0	0	0	0	0	0	0	0	0	0	0	0	0	0	0	0	0	0	0	0	0	0	0	0	0	0	0	0	0	0	0	0	0	0	0	0	0	0	0	0	0	0	0	0	0	0	0	0	8	0	0	5	0	0	0	0	0	0	0	0	0	0	7	0	0	0	0	0	0	0	0	0	0	0	0	0	0	0	0	0	0	0	0	0	0	0	0	0	0	0	0	0	0	0	0	0	0	0	0	0	0	0	0	0	0	0	0	0	0	0	0	0	0	0	0	0	0	0	0	0	0	0	0	0	0	0	0	0	0	0	0	0	0	0	0	0	0	0	0	0	0	0	0	0	0	0	0	0	0	0	0	0	0	0	0	0	0	0	0	0	0	0	0	0	0	0	0	0	0	0	0	0	0	0	0	0	0	0	0	0	0	0	0	0	0	0	0
OTU_885	0	0	0	0	0	0	0	0	0	0	0	0	0	0	0	0	0	0	0	0	0	0	0	0	0	0	0	0	0	0	0	0	0	0	0	0	0	0	0	0	0	0	0	0	0	0	0	0	0	0	0	0	0	0	0	0	0	0	0	0	0	0	0	0	0	0	0	0	0	0	0	0	0	0	0	0	0	0	0	0	0	0	0	0	0	0	0	0	0	0	0	0	0	0	0	0	0	0	0	0	0	0	0	0	0	0	0	0	0	0	0	0	0	0	0	8	0	0	350	0	0	0	0	145	0	0	0	0	0	1	0	0	0	0	0	0	0	0	0	0	0	0	0	0	0	0	1	0	0	0	0	18	0	0	0	0	0	0	0	0	0	0	0	0	0	0	0	0	0	0	0	0	0	0	0	0	0	0	0	0	0	0	0	0	0	0	0	0	0
OTU_886	0	0	0	0	0	0	0	0	0	0	0	0	0	0	0	0	0	0	0	0	0	0	0	0	0	0	0	0	0	0	0	0	0	0	0	0	0	0	0	0	0	0	0	0	0	0	0	0	0	0	0	0	0	0	0	0	0	0	0	0	0	0	0	0	0	0	0	0	0	0	0	0	0	0	0	0	0	0	0	0	0	0	0	0	0	0	0	0	0	0	0	0	0	0	0	0	0	0	0	0	0	0	0	0	0	0	0	0	0	0	0	0	0	0	0	0	0	0	0	0	0	0	0	0	0	0	0	0	0	0	0	0	0	0	0	0	0	0	0	0	0	0	0	0	0	0	0	0	3	0	0	0	0	0	0	0	0	0	0	0	0	0	0	0	0	0	0	0	0	0	0	0	0	0	0	0	0	0	0	0	0	0	0	0	0	0	0	0	0
OTU_887	2	0	0	0	0	0	4	0	0	0	0	1	0	0	0	0	0	0	0	0	0	0	0	0	0	0	0	0	0	0	0	0	0	1	0	0	0	0	0	0	0	0	0	0	0	0	0	0	1	0	0	0	1	0	0	0	0	0	0	0	0	0	1	0	0	1	0	0	0	0	0	0	0	0	0	0	0	0	0	0	0	0	0	0	0	0	0	0	0	0	0	0	0	0	0	0	0	0	0	0	0	0	0	0	0	0	0	0	0	0	1	0	0	0	0	2	0	0	0	0	0	2	1	0	0	0	0	3	2	0	0	15	0	2	0	0	0	0	0	0	0	0	0	0	0	0	0	0	0	0	0	2	0	0	0	0	0	0	9	0	0	0	0	0	0	0	2	0	0	0	0	0	1	0	0	0	1	0	0	0	0	0	0	0	0	0	0	0	0
OTU_888	0	0	0	0	0	1	0	0	0	0	0	0	0	0	0	0	0	0	0	0	0	0	0	0	0	0	0	0	0	0	0	0	0	0	0	0	0	0	0	0	0	0	0	0	1	0	0	0	0	0	0	0	0	0	0	0	0	0	0	0	0	0	0	0	0	0	0	0	0	0	0	0	0	0	0	0	0	0	0	0	0	0	0	0	0	0	0	0	0	0	0	0	0	0	0	0	0	0	0	0	0	0	0	0	0	0	0	0	0	0	0	0	0	0	0	0	0	0	2	0	0	0	0	0	0	0	0	0	0	0	0	0	11	0	0	0	7	0	0	0	0	0	0	0	0	0	0	0	0	0	0	0	0	0	0	0	0	5	0	0	0	0	0	0	0	0	0	0	0	0	0	0	0	9	0	0	0	0	0	0	0	0	0	0	2	0	0	0	0
OTU_891	0	0	0	0	0	0	0	0	0	0	0	0	0	0	0	0	0	0	0	0	0	0	0	0	0	0	0	0	0	0	0	0	0	0	0	0	0	0	0	0	0	0	0	0	0	0	0	0	0	0	0	0	0	0	0	0	0	0	0	0	0	0	0	0	0	0	0	0	0	0	0	0	0	0	0	0	0	0	0	0	0	0	0	0	0	0	0	0	0	0	0	0	0	0	0	0	0	0	0	0	0	0	0	0	0	0	0	0	0	0	0	0	0	0	0	0	0	0	0	0	0	0	0	0	0	0	31	0	0	0	0	0	0	0	0	0	1	0	0	0	0	0	1	0	0	0	0	0	0	0	0	0	0	0	0	0	0	0	0	0	0	0	0	0	0	0	0	0	0	0	0	0	0	0	0	0	0	0	0	0	0	0	0	0	0	0	0	0	0
OTU_892	0	0	0	0	0	0	0	0	0	0	0	0	0	0	0	0	1	0	0	0	0	0	0	0	0	0	0	1	0	0	0	0	0	0	0	0	0	0	0	0	4	0	0	0	0	0	1	0	0	0	0	0	0	1	0	0	0	0	0	0	0	0	0	0	0	0	0	0	0	0	0	0	1	0	0	0	0	0	0	0	0	0	0	0	0	0	0	0	0	0	0	0	0	0	0	0	0	0	0	0	0	0	0	0	0	0	0	0	0	0	0	0	0	0	0	0	1	0	0	0	0	0	0	0	0	0	0	0	0	0	0	0	0	0	0	0	0	0	0	0	0	0	0	0	0	1	0	0	0	0	0	0	0	0	0	0	0	0	0	0	0	0	0	0	0	0	0	0	0	0	0	0	0	4	2	0	0	0	0	0	0	0	0	0	1	0	0	0	0
OTU_893	4	0	0	25	0	13	8	1	3	1	0	0	0	0	1	7	3	0	18	0	5	3	1	1	15	0	11	0	5	0	1	8	1	0	1	3	0	24	2	1	50	0	3	7	0	8	0	0	1	36	0	10	0	8	6	0	54	96	5	0	0	1	0	5	10	0	1	0	3	1	2	3	0	34	2	25	0	1	1	0	0	16	0	0	4	0	0	32	58	2	0	0	18	13	0	0	12	0	6	17	2	0	0	2	2	9	0	0	0	0	1	12	1	9	0	0	4	1	7	11	2	1	1	0	0	3	0	0	0	9	2	0	1	2	2	0	2	0	14	0	3	33	4	3	0	9	12	0	1	2	2	0	10	26	0	6	2	5	0	0	0	0	2	0	2	2	1	17	0	23	7	5	26	4	0	8	3	3	4	1	10	0	2	0	1	8	7	0	1
OTU_894	0	0	0	0	0	0	0	0	0	0	0	0	0	0	0	0	0	0	0	0	0	0	0	0	0	0	0	0	0	0	0	0	0	0	0	0	0	0	0	0	0	0	0	0	0	0	0	0	0	0	0	0	0	0	0	0	0	0	0	0	0	0	0	0	0	0	0	0	0	0	0	0	0	0	0	0	0	0	0	0	0	0	0	0	0	0	0	0	0	0	0	0	0	0	0	0	0	0	0	0	0	0	0	0	0	0	0	0	0	0	0	0	0	0	0	0	0	0	0	0	0	0	0	0	0	0	0	0	0	0	0	0	0	0	0	0	0	0	0	0	0	0	0	0	0	0	0	0	0	0	0	0	0	0	1	0	0	0	0	0	0	0	0	0	0	0	0	0	0	0	0	0	0	0	0	0	0	0	0	0	0	0	0	0	0	0	0	0	0
OTU_895	0	0	0	0	0	0	0	0	0	0	0	0	0	0	0	0	0	0	0	0	0	0	0	0	0	0	0	0	0	0	0	0	0	0	0	0	0	0	0	0	0	0	0	0	0	0	0	0	0	0	0	0	0	0	0	0	0	0	0	0	0	0	0	0	0	0	0	0	0	0	0	0	0	0	0	0	0	0	0	0	0	0	0	0	0	0	0	0	0	0	0	0	0	0	0	0	0	0	0	0	0	0	0	0	0	0	0	0	0	0	0	0	0	0	0	0	0	0	0	0	0	0	0	0	0	0	4	0	0	0	0	0	0	0	0	0	0	0	0	0	0	0	1	0	0	0	1	0	0	0	0	0	0	0	0	0	0	0	0	0	0	0	0	0	0	0	0	0	0	0	0	0	0	0	0	0	0	0	0	0	0	0	0	0	0	0	0	0	0
OTU_897	0	0	0	0	0	0	0	7	2	0	0	0	0	42	1	1	15	0	4	1	0	1	1	0	0	0	2	0	2	2	16	50	38	0	868	1525	0	0	5	1	0	0	4	1	0	0	3	0	4	1	1	0	0	1	32	0	0	1	0	1	28	143	1	0	1	1	0	1	2	0	0	99	1	1	0	2	0	0	3	0	0	64	0	0	0	3	0	0	0	2	0	0	0	52	0	0	1	0	0	0	2	0	1	1	0	0	0	30	0	0	0	1	3	3	0	18	0	8	2	1	2	0	0	9	2	0	0	1	0	1	0	0	2	28	1	0	0	0	4	11	17	515	0	6	0	10	0	1	1	33	1	3	0	0	6	11	183	0	2	7	0	0	0	7	12	1	0	3	1	0	30	0	0	21	0	5	0	0	0	0	4	0	2	0	1	7	0	0	1
OTU_898	0	0	0	0	0	0	0	0	0	0	0	0	0	0	0	1	0	0	3	0	0	0	1	0	0	0	0	0	0	1	0	2	0	0	0	1	0	0	0	0	0	1	0	0	0	0	0	0	0	0	0	0	0	0	0	0	0	0	0	0	0	0	0	0	0	0	0	0	0	0	1	0	0	0	0	0	0	0	0	0	0	0	0	0	0	0	0	0	0	0	0	0	0	0	0	0	0	1	0	0	0	0	0	0	0	2	0	0	1	0	0	0	0	0	1	2	0	0	0	0	1	0	0	1	0	0	0	0	0	0	0	1	0	0	0	0	4	0	0	0	0	0	0	0	0	0	0	0	0	1	0	0	0	0	1	0	0	0	0	0	1	0	2	0	0	0	0	0	0	0	0	0	0	0	1	0	0	0	1	0	0	0	0	0	0	0	0	0	0
OTU_899	0	0	0	0	0	0	0	0	0	0	0	4	0	0	0	0	0	0	0	0	0	1	0	0	0	0	0	0	0	0	0	0	0	0	0	0	0	0	0	0	0	0	0	0	0	0	0	0	0	0	0	0	0	0	0	0	0	0	0	0	0	0	0	0	0	0	0	0	0	0	0	0	0	0	0	0	0	0	0	0	0	0	1	0	0	0	0	0	0	0	0	0	0	0	0	0	0	0	0	0	0	0	0	0	0	0	0	0	0	0	0	0	0	0	0	0	0	0	0	0	0	0	0	0	0	0	0	0	0	0	0	0	0	0	0	0	0	0	0	0	0	0	0	0	0	0	0	0	0	0	0	0	0	0	0	0	0	0	0	0	0	0	0	0	0	0	0	0	0	0	0	0	0	0	0	0	0	0	0	0	0	0	0	0	0	0	0	0	0
OTU_900	0	0	0	0	0	0	0	0	0	0	0	0	0	0	1	0	0	0	0	0	0	0	0	0	0	0	0	0	1	0	0	0	0	0	0	1	0	0	0	0	0	0	0	1	0	0	0	0	0	0	0	0	0	0	0	0	0	0	0	0	0	0	0	0	0	0	0	0	0	0	0	0	0	0	0	0	0	0	0	0	0	1	0	0	0	0	0	0	0	0	0	0	0	0	0	0	0	0	0	0	0	0	0	0	0	0	0	0	0	0	0	0	0	0	0	0	0	0	0	0	0	0	0	0	0	0	0	0	0	0	1	0	0	0	0	0	0	0	0	0	0	0	0	0	0	0	0	0	0	1	0	0	0	0	0	1	0	0	1	0	0	0	0	0	0	0	0	0	0	0	0	0	0	0	0	0	1	0	0	0	0	0	0	0	0	0	0	0	3
OTU_902	0	0	0	0	0	0	0	0	0	0	0	0	0	0	0	0	0	0	0	0	0	0	0	0	0	0	0	0	0	0	0	0	0	0	0	0	0	0	0	0	0	0	0	0	0	0	0	0	0	0	0	0	0	0	0	0	0	0	0	0	0	0	0	0	0	0	0	0	0	0	0	0	0	0	0	0	0	0	0	0	0	0	0	0	0	0	0	0	0	0	0	0	0	0	0	0	0	0	0	0	0	0	0	0	0	0	0	0	0	0	0	0	0	0	0	0	0	0	3	0	0	0	0	0	0	0	0	0	0	0	0	0	4	0	0	0	0	0	0	0	0	0	0	0	0	0	0	0	0	0	0	0	0	0	0	0	0	0	0	0	0	1	0	0	0	0	0	0	0	0	0	0	0	0	0	0	0	0	0	0	0	0	0	0	0	0	0	1	0
OTU_903	0	0	0	0	0	0	0	0	0	1	0	0	0	0	0	0	0	0	0	0	1	0	0	0	0	0	0	0	0	0	0	0	0	0	0	0	0	0	0	0	0	0	0	0	0	0	0	2	104	0	29	0	0	1	0	0	0	0	0	0	20	0	0	0	2	0	0	0	0	0	0	0	0	0	0	2	0	0	0	0	0	0	0	0	0	0	0	0	0	0	0	0	0	0	0	0	0	0	0	0	0	0	0	0	0	0	0	0	0	0	0	0	0	0	0	0	0	0	0	0	0	0	0	0	0	0	0	0	0	0	0	0	0	0	0	0	0	0	0	0	0	0	0	0	0	0	0	0	0	0	0	0	0	0	0	0	0	0	0	0	0	0	0	0	0	0	0	0	0	0	0	0	0	0	0	0	0	0	0	0	0	0	0	0	0	0	0	0	0
OTU_904	1	187	1	12	0	0	1	1	0	1	0	2	0	1	15	4	3	0	2	1	1	0	4	0	30	0	3	0	0	0	16	6	509	2	15	2	1	1	0	2	1	40	17	0	15	1	2	1	2	117	3	0	2	1	0	3	0	3	163	0	0	0	3	1	16	0	11	1	0	1	1	0	22	0	0	6	0	0	3	0	0	0	0	0	15	3	0	9	0	0	2	3	33	0	2	0	0	0	3	10	0	2	0	213	15	22	1	2	0	2	6	1	2	0	3	13	7	7	139	30	11	1	1	49	5	33	4	14	0	1	5	0	53	17	108	0	0	1	6	0	41	56	2	6	0	133	0	27	1	13	9	8	8	3	0	2	10	22	3	0	4	5	124	0	1	8	12	4	5	395	1	100	0	436	33	79	0	7	98	8	1	4	6	0	56	150	2	0	4
OTU_905	0	0	0	0	0	0	0	0	0	0	0	0	0	0	0	0	0	0	0	0	0	0	0	0	0	0	0	0	0	0	0	0	0	0	0	0	0	0	0	0	0	0	0	0	0	0	0	0	0	0	0	0	0	0	0	0	0	6	0	0	0	0	0	0	0	0	0	0	0	0	0	0	0	0	0	0	0	0	0	0	0	0	0	0	0	0	0	0	0	0	0	0	0	0	0	0	0	0	0	0	0	0	0	0	0	0	0	0	0	0	1	0	0	0	0	0	0	0	0	0	0	0	0	0	0	0	0	0	0	0	0	0	0	0	0	0	0	0	0	0	0	0	0	0	0	0	0	0	0	0	0	0	0	0	0	0	0	0	0	0	0	0	0	0	0	0	0	0	0	0	0	0	0	0	0	0	0	0	0	0	0	0	0	0	0	0	0	0	0
OTU_906	0	0	0	0	0	0	2	0	0	0	0	0	0	0	0	0	0	2	0	0	0	1	0	0	0	0	0	0	0	0	0	0	0	0	0	0	0	0	0	0	0	0	0	0	0	0	0	0	1	0	0	0	0	0	0	0	0	0	0	0	0	0	0	0	10	0	0	0	0	0	0	0	10	0	0	0	0	0	0	0	0	0	0	0	1	0	0	2	0	0	0	0	2	0	0	0	0	0	4	0	0	0	0	0	0	0	0	2	0	0	0	0	0	0	0	1	0	1	3	9	0	0	0	19	3	7	24	1	0	0	1	0	5	0	4	0	2	0	2	0	0	4	9	0	0	1	1	3	2	4	6	2	19	0	0	0	9	1	1	0	2	0	0	0	1	87	3	1	1	0	0	0	0	72	0	1	3	0	0	0	3	0	65	0	7	0	0	3	0
OTU_907	0	0	0	0	0	0	0	0	0	0	0	0	0	0	0	0	0	0	0	0	0	0	0	0	0	0	0	0	0	0	0	0	0	0	0	0	0	0	0	0	0	0	0	0	0	0	0	0	0	0	0	0	0	0	0	0	0	0	0	0	0	0	0	0	0	0	0	0	0	0	0	0	0	0	0	0	0	0	0	0	0	0	0	0	0	0	0	0	0	0	0	0	0	0	0	0	0	0	0	0	0	0	0	0	0	0	0	0	0	0	0	0	0	0	0	0	0	0	0	0	0	0	0	0	0	0	0	0	0	0	0	0	0	0	0	1	0	0	0	0	0	0	0	0	0	0	0	0	0	0	0	0	0	0	0	0	0	0	0	0	0	0	0	0	0	0	0	0	0	0	0	0	0	0	0	0	0	0	0	0	0	0	0	0	0	0	0	0	0
OTU_909	0	0	0	0	0	0	0	0	0	0	0	0	0	0	0	0	0	0	0	0	0	0	0	0	0	0	0	0	0	0	0	0	0	0	0	0	0	0	0	0	0	0	0	0	0	0	0	0	0	0	0	0	0	0	0	0	0	0	0	0	0	3	0	0	0	1	0	0	0	0	0	0	0	0	0	0	0	0	0	0	0	0	0	0	0	0	0	0	0	0	0	0	0	0	0	0	0	0	0	0	0	0	0	0	0	0	0	0	0	0	0	0	0	0	0	0	0	0	0	0	0	0	0	0	0	0	0	0	0	0	0	0	0	0	0	0	0	0	0	0	0	0	0	0	0	0	0	0	0	0	0	0	0	0	0	0	0	0	1	0	0	0	0	0	0	0	0	0	0	0	0	0	0	0	0	0	0	0	0	0	0	0	0	0	0	0	0	0	0
OTU_910	0	0	0	0	0	0	0	0	0	0	0	0	0	0	0	0	0	0	0	0	0	0	0	0	0	0	0	0	0	0	0	0	0	0	0	0	0	0	0	0	0	0	0	0	0	0	0	0	0	0	0	0	0	0	0	0	0	0	0	0	0	0	0	0	0	0	0	0	0	0	0	0	0	0	0	0	0	0	0	0	0	0	0	0	0	0	0	0	0	0	0	0	0	0	0	0	0	0	0	0	0	0	0	0	0	0	0	0	0	1	0	0	0	0	0	0	0	0	0	0	0	0	0	0	0	0	0	0	0	0	0	0	58	0	0	0	0	0	0	0	0	0	0	0	0	0	0	0	0	0	0	0	0	0	0	0	0	0	0	0	0	6	0	0	0	0	0	0	0	0	0	5	0	3	0	0	0	0	0	0	0	0	0	0	0	0	0	0	0
OTU_911	0	0	0	0	0	0	0	0	0	0	0	0	0	0	0	0	0	0	0	0	0	9	0	0	0	0	0	0	0	0	0	0	0	0	0	0	0	0	0	0	0	0	0	0	0	0	0	0	0	0	0	0	0	0	0	0	0	0	0	0	0	0	0	0	0	0	0	0	0	0	0	0	0	0	0	0	0	0	0	0	0	0	1	0	0	0	0	0	0	0	0	0	0	0	0	0	0	0	0	0	0	0	0	0	0	0	0	0	0	0	0	0	0	0	0	0	0	0	7	0	0	0	0	0	0	0	0	0	0	0	0	0	0	0	0	0	0	0	0	0	0	0	0	0	0	0	0	0	0	0	0	0	0	0	0	0	0	17	0	0	0	0	0	0	0	0	0	0	0	0	0	0	0	0	0	0	0	0	0	0	0	0	0	0	6	0	0	0	0
OTU_914	0	0	0	0	0	0	0	0	0	0	0	0	0	0	0	0	0	0	0	0	0	0	0	0	0	0	0	0	0	0	0	0	0	0	0	0	0	0	0	0	0	0	0	0	0	0	0	0	0	0	0	0	0	0	0	0	0	0	0	0	0	0	0	0	0	0	0	0	0	0	0	0	0	0	0	0	0	0	0	0	0	0	0	0	0	0	0	0	0	0	0	0	0	0	0	0	0	0	0	0	0	0	0	0	0	0	0	0	0	0	0	0	0	0	0	5	0	0	0	0	0	0	0	66	0	0	0	0	0	0	0	0	0	0	0	0	0	0	0	0	0	0	0	0	0	0	0	0	0	0	0	7	0	0	0	0	0	0	0	0	0	0	0	0	0	0	0	0	0	0	0	0	0	0	0	0	0	0	0	0	0	0	2	0	0	0	0	0	0
OTU_915	0	0	0	0	0	0	0	0	0	0	0	0	0	0	0	0	0	0	0	0	0	0	0	0	0	0	0	0	0	0	0	0	0	0	0	0	0	0	0	0	0	0	0	0	0	0	0	0	0	0	0	0	0	0	0	0	0	0	0	0	0	0	0	0	0	0	0	0	0	0	0	0	0	0	0	0	0	0	0	0	0	0	0	0	0	0	0	0	0	0	0	0	0	0	0	0	0	0	0	0	0	0	0	0	0	0	0	0	0	0	0	0	0	0	0	0	0	0	0	0	0	0	0	0	0	0	0	0	0	0	0	0	0	0	0	0	0	0	0	0	0	0	0	0	0	0	0	0	0	0	0	0	0	0	0	0	0	0	0	0	0	0	0	0	0	1	0	0	0	0	0	0	0	0	0	0	0	0	0	0	0	0	0	0	0	0	0	0	0
OTU_916	0	0	0	0	0	0	0	0	0	0	0	0	0	0	0	0	0	0	0	0	0	0	0	0	0	0	0	0	0	0	0	0	0	0	0	0	0	0	0	0	0	0	0	0	0	0	0	0	0	0	0	0	0	2	0	0	0	0	0	0	1	0	0	0	0	0	0	0	0	0	0	0	0	0	0	0	0	22	0	0	0	0	0	0	0	0	0	0	0	0	0	0	0	0	0	0	0	0	0	0	0	0	0	0	0	0	0	0	0	0	0	0	0	0	0	0	0	0	0	0	0	0	0	0	0	0	0	0	0	0	0	0	0	0	0	0	0	0	0	0	0	0	0	0	0	0	0	0	0	0	0	0	0	0	0	0	0	0	0	0	0	0	0	0	0	0	0	0	0	0	0	0	0	0	0	0	0	0	0	0	0	0	0	0	0	0	0	0	0
OTU_917	0	0	1	0	0	0	0	0	1	0	0	0	0	2	0	2	0	2	0	0	0	0	0	24	0	0	0	0	0	0	0	7	2	0	0	0	1	2	0	0	0	0	1	0	2	1	0	0	0	0	2	0	0	0	0	0	0	5	0	0	0	2	0	0	0	0	0	3	0	1	2	0	0	1	0	1	0	0	0	0	0	0	0	0	0	0	0	0	0	0	0	0	0	0	1	0	0	0	0	1	0	0	0	3	0	0	0	0	0	0	0	9	0	1	0	0	0	30	0	0	0	0	0	0	8	0	0	0	0	1	0	0	0	0	5	3	0	0	0	0	0	1	0	1	2	0	0	0	0	0	0	0	0	1	0	1	0	0	1	0	0	11	0	0	0	0	1	0	0	0	0	1	2	0	0	0	0	2	1	0	1	0	18	1	0	0	0	0	0
OTU_920	0	0	0	0	0	0	0	0	0	0	0	0	0	0	0	0	0	0	0	0	0	0	0	0	0	0	0	0	0	0	0	0	0	0	0	0	0	0	0	0	0	0	0	0	0	0	0	0	0	0	0	0	0	0	0	0	0	0	0	0	0	0	0	0	0	0	0	0	0	0	0	0	0	0	0	0	0	0	0	0	0	0	0	0	0	0	0	0	0	0	0	0	0	0	0	0	0	0	0	0	0	0	0	0	0	0	0	0	0	0	0	0	0	0	0	0	0	0	0	0	0	0	0	0	0	0	0	0	0	0	0	0	0	2	0	0	0	0	0	0	0	0	0	0	0	0	0	0	0	0	0	0	0	0	0	0	0	0	0	0	0	0	0	0	0	0	0	0	0	0	0	0	0	0	0	0	0	0	0	0	0	0	0	0	0	0	0	0	0
OTU_921	0	0	0	0	0	0	0	0	0	0	0	0	0	0	0	0	0	0	0	0	0	0	0	0	0	0	0	0	0	0	0	0	0	0	6	10	0	0	0	0	0	0	0	0	0	0	0	0	0	0	0	0	0	0	1	0	0	0	0	0	0	0	0	0	0	0	0	0	0	0	0	0	0	0	1	0	0	0	0	0	0	0	0	0	0	0	0	0	0	0	0	0	0	0	0	0	6	0	0	0	0	0	0	0	0	0	0	0	0	0	0	0	0	0	0	0	0	0	0	0	0	0	0	0	0	0	0	0	0	0	0	0	0	0	1	0	0	0	0	0	0	0	0	0	0	0	0	0	0	0	0	0	0	0	0	0	0	0	0	0	0	0	0	0	0	0	0	0	0	0	0	0	0	0	0	1	0	0	0	0	0	0	0	0	1	0	0	0	0
OTU_922	0	0	0	0	0	0	0	0	0	0	0	0	0	0	0	0	0	0	0	0	0	0	0	0	0	0	0	0	0	0	0	0	0	0	0	0	0	0	0	0	0	0	0	0	0	0	0	0	0	0	0	0	0	0	0	0	0	0	0	0	0	0	0	0	0	0	0	0	0	0	0	0	0	0	0	0	0	0	0	0	0	0	0	0	0	0	0	0	0	0	0	0	0	0	0	0	0	0	0	0	0	0	0	0	0	0	0	0	0	0	0	0	0	0	0	0	0	0	1	0	0	0	0	0	0	0	0	0	0	4	0	0	312	0	0	0	0	0	0	0	0	0	0	0	0	0	0	0	0	0	0	0	0	0	0	0	0	0	0	0	0	10	0	0	0	0	0	0	0	0	0	0	0	0	0	0	0	0	0	0	0	0	0	0	0	0	0	0	0
OTU_923	0	0	0	0	0	0	0	0	0	1	0	0	0	0	0	0	0	0	0	0	0	0	0	0	0	0	0	0	0	0	0	0	0	0	0	0	0	0	0	0	0	0	0	0	0	0	0	0	0	0	0	0	0	0	0	0	0	0	0	1	0	0	0	0	0	0	0	0	0	0	0	0	0	0	0	0	0	0	0	0	0	0	0	0	0	0	0	0	0	0	0	0	0	0	0	0	0	1	0	0	0	0	0	0	0	0	2	1	0	0	0	0	0	0	0	0	0	0	0	0	0	0	0	0	0	0	0	0	0	0	0	0	0	0	0	0	0	0	0	0	0	0	0	0	0	8	0	0	0	1	0	0	0	0	0	0	0	0	0	0	0	0	0	0	0	0	0	0	0	0	0	0	0	0	0	2	0	0	0	0	0	0	0	0	0	0	0	1	0
OTU_924	0	0	0	0	0	0	0	0	0	0	0	0	0	0	0	2	0	0	0	0	0	7	0	0	0	0	0	0	0	0	0	0	0	0	9	5	0	0	0	0	0	0	0	0	0	0	0	0	0	0	10	2	0	0	0	0	0	0	0	0	0	0	0	0	0	0	0	0	0	0	0	0	0	0	0	0	0	0	2	0	0	0	0	0	0	0	0	0	0	0	0	0	0	0	0	0	1	0	0	0	0	0	0	0	0	0	0	0	0	0	0	0	0	0	0	0	0	0	0	0	0	0	0	0	0	0	0	0	0	0	0	0	0	0	1	0	0	0	0	0	1	0	0	0	0	0	0	0	0	0	0	0	0	0	0	0	0	0	0	0	0	0	0	0	0	1	0	0	0	0	0	0	0	7	0	0	0	0	0	0	0	0	1	0	0	0	0	0	10
OTU_925	3	0	2	375	3	16	74	5	10	1	130	0	526	4	18	15	2	7	8	1	19	0	13	3	0	1	1	10	1	1	0	0	0	0	1	7	978	0	0	2	8	6	14	0	0	0	0	0	0	0	1	15	2	0	4	3111	0	8	0	0	0	2919	2	6	4	332	1	2	4	2	2	2870	4	1	619	0	2	0	592	0	0	0	14	3	0	87	0	3	28	65	30	1	1	14	0	0	0	2	12	0	30	12	5	0	0	0	16	1	2	0	0	11	0	9	2	20	0	1	1	0	16	0	0	2	0	0	0	8	1	2	36	0	0	11	0	0	0	0	0	0	2648	20	376	43	1	0	1	0	0	3	3	173	0	4	0	10	4	0	21	0	1	0	1284	11	1	0	0	14	118	0	0	3	5	0	15	0	0	0	0	4	42	0	238	0	36	1826	2	0	9
OTU_926	0	0	0	0	0	0	0	0	0	0	0	0	0	0	0	0	0	0	0	0	0	0	0	0	0	0	0	0	0	0	0	0	0	0	0	0	0	0	0	0	0	0	0	0	0	0	0	0	0	0	0	0	0	0	0	0	0	0	0	0	0	0	0	0	0	0	0	0	0	0	0	0	0	0	0	0	0	0	0	0	0	0	0	0	0	0	0	0	0	0	0	0	0	0	0	0	0	0	0	0	0	0	0	0	0	0	0	0	0	0	0	0	0	0	0	0	0	0	0	0	0	0	0	0	0	0	0	0	0	0	0	0	0	0	0	0	0	0	0	0	0	0	0	0	0	0	0	0	0	0	0	0	0	0	0	0	0	0	0	0	0	0	0	0	0	0	0	0	0	0	0	0	0	0	0	0	0	0	0	0	0	0	0	2	0	0	0	0	0
OTU_929	0	0	0	0	0	0	0	0	0	0	0	0	0	0	0	0	1	0	0	0	0	0	0	0	0	0	0	0	0	0	0	0	0	0	0	0	0	0	0	0	0	0	0	0	0	0	0	1	0	0	0	0	0	0	0	0	0	0	0	0	0	0	0	0	0	0	0	0	0	0	0	0	0	0	0	0	0	0	0	0	0	0	0	0	0	0	0	0	0	0	0	0	0	0	0	0	0	0	0	0	0	0	0	0	0	0	0	0	0	0	0	0	0	0	1	1	0	0	0	0	0	0	0	0	0	0	0	1	0	0	0	0	0	0	0	0	0	0	0	0	0	0	0	0	0	0	0	0	0	0	0	2	0	0	0	0	0	0	0	0	0	0	0	0	0	0	0	0	0	0	0	0	0	0	0	0	0	0	0	0	0	0	0	0	0	0	0	0	0
OTU_932	0	0	0	0	0	0	0	0	0	0	0	0	0	0	0	0	0	0	0	0	0	0	0	0	0	0	0	0	0	0	0	0	0	0	0	0	0	0	0	1	0	0	0	0	0	0	0	0	0	0	0	0	0	0	0	0	0	0	0	0	0	0	0	0	0	0	0	0	0	0	0	0	0	0	0	0	0	0	0	0	0	0	0	0	0	0	0	0	0	0	0	0	0	0	0	0	0	0	0	0	0	0	0	0	0	0	0	0	0	0	0	0	0	0	0	0	0	0	0	0	0	0	0	0	0	0	0	0	0	0	0	0	0	0	0	0	0	0	0	0	0	0	0	0	0	0	0	0	0	0	0	0	0	0	0	0	0	0	0	0	0	0	0	0	0	0	0	0	0	0	0	0	0	0	0	0	0	0	0	0	0	0	0	0	0	0	0	0	0
OTU_933	0	0	0	0	0	0	0	0	0	0	0	0	0	0	0	0	0	0	0	0	0	0	0	1	0	0	0	0	0	0	0	0	0	0	0	0	0	0	0	0	0	0	0	0	0	0	0	0	0	0	0	0	0	0	0	0	0	0	0	0	0	0	0	0	0	0	0	0	0	0	0	0	0	0	0	0	0	0	0	0	0	0	0	0	0	0	0	0	0	0	0	0	0	0	0	0	0	0	0	0	0	0	0	0	0	0	0	0	0	0	0	0	0	0	0	0	0	0	0	0	0	0	0	0	0	0	0	0	0	0	0	0	0	0	0	0	0	0	0	0	0	0	0	0	0	0	0	0	0	0	0	0	0	0	0	0	0	0	0	0	0	0	0	0	0	0	0	0	0	0	0	0	0	0	0	0	0	0	0	0	0	0	0	0	0	0	0	0	0
OTU_934	1	0	0	1	0	0	0	0	0	0	0	0	0	0	3	1	0	0	0	0	0	0	0	54	2	0	0	0	0	0	3	0	0	1	0	1	1	0	0	2	0	3	0	1	0	0	0	1	4	1	0	1	0	0	0	1	0	0	0	0	0	0	2	2	1	1	0	1	0	0	0	0	0	0	0	0	0	1	7	0	0	0	0	0	0	1	0	0	0	0	0	0	0	0	1	0	0	0	74	0	0	0	1	0	0	0	0	0	0	0	0	0	0	0	0	1	0	0	25	0	0	0	0	10	33	0	3	0	0	0	0	0	0	1	44	2	5	0	3	1	0	0	1	220	0	0	0	0	1	0	0	1	51	0	3	0	0	0	0	0	0	0	0	0	0	0	0	1	0	0	42	12	0	41	721	0	0	0	1	0	0	0	1	0	0	0	0	0	7
OTU_936	0	0	0	0	0	0	0	0	0	0	0	0	0	0	0	0	0	0	0	0	0	0	0	0	0	0	0	0	0	0	0	0	0	0	0	0	0	0	0	0	0	0	0	0	0	0	0	0	0	0	0	0	0	0	0	0	0	0	0	0	0	0	0	0	0	0	0	0	0	0	0	0	0	0	0	0	0	0	0	0	0	0	0	0	0	0	0	0	0	0	0	0	0	0	0	0	0	0	0	0	0	0	0	0	0	0	0	0	0	0	0	0	0	0	0	0	0	0	0	0	0	0	0	0	0	0	0	0	0	0	0	0	0	0	0	1	0	0	0	0	0	0	0	0	0	0	0	0	0	0	0	0	0	0	0	0	0	0	0	0	0	0	0	0	0	0	0	0	0	0	0	0	0	0	0	0	0	0	0	0	0	0	0	0	0	0	0	0	0
OTU_937	0	0	0	0	0	0	0	0	0	0	0	0	0	0	0	0	0	0	0	0	0	0	0	0	1	0	0	0	0	0	0	0	0	0	0	0	1	0	0	0	0	0	0	0	0	0	0	0	0	0	0	0	0	0	0	1	0	0	0	0	0	0	0	0	0	0	0	0	0	0	0	0	0	0	0	0	0	2	0	0	0	0	0	0	0	0	0	0	0	0	0	0	0	0	0	0	0	0	0	0	0	0	0	0	0	0	0	0	0	0	0	0	0	0	0	0	0	0	0	0	0	0	0	0	0	0	0	0	0	0	0	0	0	0	0	0	0	0	0	0	0	0	0	0	0	0	0	0	0	0	0	0	0	0	0	0	0	0	0	0	0	0	0	0	0	0	0	0	0	0	0	0	0	0	0	0	0	0	0	0	0	0	0	0	0	0	0	0	0
OTU_938	0	0	0	0	0	0	0	0	0	0	0	0	0	0	0	0	0	0	0	0	0	0	0	0	0	0	0	0	0	0	0	0	0	0	0	1	0	0	0	0	0	0	0	0	0	0	0	0	0	0	0	0	0	0	0	0	0	0	0	0	0	0	0	0	0	0	0	0	0	0	0	0	0	0	0	0	0	0	0	0	0	0	0	0	0	0	0	0	0	0	0	0	0	0	0	0	0	0	0	0	0	0	0	0	0	0	0	0	0	0	0	0	0	0	0	0	0	0	0	0	0	0	0	0	0	0	0	0	0	0	0	0	0	0	0	0	0	0	0	0	0	0	0	0	0	0	0	0	0	0	0	0	0	0	0	0	0	0	0	0	0	0	0	0	0	0	0	0	0	0	0	0	0	0	0	0	0	0	0	0	0	0	0	0	0	0	0	0	0
OTU_939	0	0	0	0	0	0	0	0	0	0	0	0	0	0	0	0	0	0	0	0	0	0	0	0	0	0	0	0	0	0	0	0	0	0	0	0	0	0	0	0	0	0	0	0	0	0	0	0	0	0	0	0	0	0	0	0	0	0	0	0	0	0	0	0	0	0	0	0	0	0	0	0	0	0	0	0	0	0	0	0	0	0	0	0	0	0	0	0	0	0	0	0	0	0	0	0	0	0	0	0	0	0	0	0	0	0	0	0	0	0	0	0	0	0	0	0	0	0	2	0	0	0	0	0	0	0	0	0	0	0	0	0	0	0	0	0	0	0	0	0	0	0	0	0	0	0	0	0	0	0	0	0	0	0	0	0	0	0	0	0	0	0	0	0	0	0	0	0	0	0	0	0	0	0	0	0	0	0	0	0	0	0	0	0	0	0	0	0	0
OTU_940	0	0	0	0	0	0	0	0	0	0	0	0	0	0	0	0	0	0	0	0	0	0	0	0	0	0	0	0	0	0	0	0	0	0	0	0	0	0	0	0	0	0	0	0	0	0	0	0	0	0	0	0	0	0	0	0	0	0	3	0	0	0	0	0	0	0	0	0	0	0	0	0	0	0	0	0	0	0	0	0	0	0	0	0	0	0	0	0	0	0	0	0	0	0	0	0	0	0	1	0	0	0	0	0	0	0	0	0	0	0	0	0	0	0	0	0	0	0	0	0	0	0	0	0	0	0	0	0	0	0	0	0	0	0	0	0	0	0	0	0	0	0	0	0	0	2	0	0	0	0	0	0	0	0	9	0	0	0	0	0	0	0	0	0	0	0	0	0	0	0	0	0	1	0	0	0	0	0	0	0	0	0	0	0	0	0	0	0	0
OTU_942	31	0	0	0	0	0	0	0	0	0	0	0	0	0	0	0	0	0	0	0	0	0	0	0	0	0	0	0	0	0	0	0	0	0	0	0	0	0	0	0	0	0	0	0	0	0	0	0	0	0	0	0	0	0	0	0	0	0	0	0	0	0	0	0	0	0	0	0	0	0	0	0	0	0	0	0	0	0	0	0	0	0	0	0	0	0	0	0	0	0	0	0	0	0	0	0	0	0	0	0	0	0	0	0	0	0	0	0	0	0	0	0	0	0	0	0	0	0	0	0	0	0	0	0	0	0	0	0	0	0	0	0	0	0	0	0	0	0	0	0	0	0	0	0	0	0	0	0	0	0	0	0	0	0	0	0	0	0	0	0	0	0	0	0	0	0	0	0	0	0	0	0	0	0	0	0	0	0	0	0	0	0	0	0	0	0	0	0	0
OTU_945	0	0	7	2	0	170	1	3	6	43	7	79	1	3	2	0	2	3	2	1	0	0	1	2	18	0	3	0	0	1	3	39	33	5	43	7	2	1	12	12	0	18	19	2	1	5	19	1	11	0	10	3	310	2	21	3	0	2	0	90	0	15	34	1	5	764	1	216	6	6	3	7	1	2	2	1	42	3	2	0	0	0	20	1	1	1	4	3	4	0	9	0	0	1	53	0	1	0	20	4	2	1	0	2	1	1	0	20	59	458	9	9	3	0	4	27	0	0	10	1	21	4	1	0	2	20	0	11	15	11	3	16	0	39	3	0	6	7	1	1	0	4	4	7	1	1	2	1	0	0	10	122	0	16	0	15	2	1	245	583	0	0	1	24	0	0	2	9	88	0	2	6	1	9	0	1	0	0	1	0	52	0	0	2	3	4	0	3	3
OTU_947	0	0	0	0	0	0	0	0	0	0	0	0	0	0	0	0	0	0	0	0	0	0	0	0	0	0	0	0	0	0	0	0	0	0	0	0	0	0	0	0	0	0	0	0	0	0	0	0	0	0	0	0	0	0	0	0	0	0	0	0	0	0	0	0	0	0	0	0	0	0	0	0	0	0	0	0	0	0	0	0	0	0	0	0	0	0	0	0	0	0	0	0	0	0	0	0	0	0	0	0	0	0	0	0	0	0	0	0	0	0	0	0	0	0	0	0	0	0	0	0	0	0	0	0	0	0	0	0	0	0	0	0	0	0	0	0	0	0	0	0	0	0	0	0	0	1	0	0	0	0	0	0	0	0	0	0	0	0	0	0	0	0	0	0	0	0	0	0	0	0	0	0	0	1	0	2	0	0	0	0	0	0	0	0	0	0	0	0	0
OTU_949	0	0	0	0	0	0	0	0	0	0	0	0	0	0	0	0	0	0	0	0	0	0	0	0	0	0	0	0	0	0	0	0	0	0	0	0	0	0	0	0	0	0	0	0	0	0	0	0	0	0	0	0	0	0	0	0	0	0	0	0	0	0	0	0	0	0	0	0	0	0	0	0	0	0	0	0	0	0	0	0	0	0	0	0	0	0	0	0	0	0	0	0	0	0	0	0	0	0	0	0	0	0	0	0	0	0	0	0	0	0	0	1	1	0	0	0	0	0	0	0	1	0	0	0	0	0	0	0	0	0	0	0	0	0	0	0	0	0	0	0	0	0	0	0	0	0	0	0	0	0	0	0	0	0	0	0	0	0	1	0	0	0	0	0	0	0	0	0	0	0	0	0	0	0	0	0	0	0	0	0	0	0	0	0	0	2	0	0	0
OTU_950	0	0	0	0	1	0	0	0	0	0	0	0	0	0	0	0	0	0	0	0	0	0	0	0	0	0	0	0	0	1	0	0	0	0	0	0	0	0	0	0	0	0	1	0	0	0	0	0	0	0	0	0	0	0	1	0	0	0	0	0	0	0	0	0	2	0	0	0	0	0	0	0	0	0	0	0	0	0	0	0	0	0	0	0	0	0	0	0	0	0	0	0	0	0	0	0	0	0	0	1	0	0	0	0	0	0	0	0	0	0	0	0	0	0	0	0	0	0	2	0	0	0	0	0	0	0	0	0	0	0	0	0	0	0	0	0	0	0	0	0	0	0	0	0	0	0	0	0	0	0	0	0	0	0	0	0	0	0	0	0	0	0	0	0	0	0	0	0	0	0	0	0	0	0	0	0	0	0	0	0	0	0	0	0	0	0	0	0	0
OTU_951	0	0	0	4	0	0	0	0	0	0	0	0	0	0	0	0	0	0	0	0	0	0	0	0	0	0	0	0	0	0	0	0	0	0	0	0	0	0	0	0	0	0	1	0	0	0	0	0	0	0	0	0	0	0	0	0	0	0	0	0	0	0	0	0	0	0	0	0	0	0	0	0	0	0	0	0	0	0	0	0	0	0	0	0	0	0	0	0	0	0	0	0	0	0	0	0	0	0	0	0	0	0	0	0	0	0	0	0	0	0	0	0	0	0	0	0	0	0	0	0	0	0	0	0	0	0	0	0	0	0	0	0	0	0	0	0	0	0	0	0	0	0	0	0	0	0	0	0	0	0	0	0	0	0	0	0	0	0	0	0	0	0	0	0	0	0	0	0	0	0	0	0	0	0	0	0	0	0	0	0	0	0	0	0	0	0	0	0	0
OTU_952	0	0	0	0	0	0	0	0	0	0	0	0	0	0	0	0	0	0	0	0	0	0	0	0	0	0	0	0	0	0	0	0	0	0	0	0	0	0	0	0	0	0	0	1	0	0	0	0	0	0	0	0	0	0	0	0	0	0	0	0	0	2	0	0	0	0	0	0	0	0	0	0	0	0	0	0	0	0	0	0	0	0	0	0	0	0	0	0	0	0	0	0	0	0	0	0	0	0	0	0	0	0	0	0	0	0	0	0	0	0	0	0	0	0	0	0	0	0	0	0	0	0	0	0	0	0	0	0	0	0	0	0	0	0	0	0	0	0	0	0	0	0	0	0	0	0	0	0	0	0	0	0	0	0	0	0	0	0	0	0	0	0	0	0	0	0	0	0	0	0	0	0	0	0	0	0	0	0	0	0	0	0	0	0	0	0	0	0	0
OTU_953	0	0	0	0	0	0	0	0	0	0	0	0	0	0	0	0	0	0	0	0	0	1	0	0	0	0	0	0	0	0	0	0	0	0	0	0	0	0	0	0	0	0	1	0	0	0	0	0	0	0	0	0	0	0	0	0	0	0	0	0	0	0	0	0	0	0	0	0	0	0	0	0	0	0	0	0	0	0	0	0	0	0	0	0	0	0	0	0	0	0	0	0	0	0	0	0	0	0	0	0	0	0	0	0	0	0	0	0	0	0	0	0	0	0	0	0	0	0	0	0	0	0	0	0	0	0	0	0	0	0	0	0	0	0	0	0	0	0	0	0	0	0	0	0	0	0	0	0	0	0	0	0	0	0	0	0	0	0	0	0	0	0	0	0	0	0	0	0	0	0	0	0	0	0	0	0	0	0	0	0	0	0	0	0	0	0	0	0	0
OTU_955	0	0	0	0	0	0	0	0	0	0	0	0	0	0	0	0	0	0	0	0	0	0	0	0	0	0	0	0	0	0	0	0	0	0	0	0	0	0	0	0	0	0	0	0	0	0	0	0	0	0	0	0	0	0	0	0	0	0	0	0	0	0	0	0	0	0	0	0	0	0	0	0	0	0	0	0	0	0	0	0	0	0	0	0	0	0	0	0	0	0	0	0	0	0	0	0	0	0	0	0	0	0	0	0	0	0	0	0	0	0	0	0	0	0	0	0	0	0	0	0	0	0	0	0	0	0	0	0	0	0	0	0	0	0	0	0	0	0	0	0	0	0	0	0	0	0	0	0	0	0	0	0	0	0	0	0	0	0	0	0	0	0	0	0	0	0	0	0	0	0	0	0	0	1	0	0	0	0	0	0	0	0	0	0	0	0	0	0	0
OTU_956	0	0	0	0	0	0	0	0	0	0	0	0	0	0	0	0	0	0	0	0	0	0	0	0	0	0	0	0	0	0	0	0	0	0	0	0	0	0	0	0	0	0	0	0	0	0	0	0	0	0	0	0	0	0	0	0	0	0	0	0	0	0	0	0	0	0	0	0	0	0	0	0	0	0	0	0	0	0	0	0	0	0	0	0	0	0	0	0	0	0	0	0	0	0	0	0	0	0	0	0	0	0	0	0	0	0	0	0	0	0	0	0	0	0	0	2	0	0	0	0	0	0	0	0	0	0	0	0	0	0	0	0	0	0	0	0	0	0	0	0	0	0	1	0	0	0	0	0	0	0	0	0	0	0	0	0	0	1	0	0	0	0	0	0	0	0	0	0	0	0	0	0	0	0	1	0	0	0	0	0	0	0	0	0	0	0	0	0	0
OTU_959	2	0	0	0	0	0	0	0	0	4	0	0	0	1	5	219	0	1	0	0	0	0	8	0	0	0	0	0	1	0	0	0	0	0	0	0	0	7	1	0	0	0	0	0	0	0	0	1	0	0	0	0	0	0	0	0	0	1	2	0	0	1	0	3	0	1	0	1	0	0	1	0	1	0	0	0	0	0	0	0	0	0	0	0	0	0	0	1	0	0	0	0	15	0	0	11	0	0	0	0	0	0	0	0	0	0	0	0	0	0	0	0	0	0	0	0	1	37	0	0	0	0	0	20	0	2	2	0	0	0	6	0	0	44	0	0	0	0	0	0	1	0	1	0	1	0	0	0	0	0	0	1	0	1	11	0	0	0	3	0	0	0	0	0	0	0	0	0	0	0	0	0	0	0	0	0	0	0	38	13	0	0	0	0	2	0	0	0	0
OTU_961	0	0	0	0	0	0	0	0	0	0	0	0	0	0	0	0	0	0	0	0	0	0	0	0	0	0	0	0	0	0	0	0	0	0	0	0	0	0	0	0	0	0	0	0	0	0	0	0	0	0	0	0	0	0	0	0	0	0	0	0	0	0	0	0	0	0	0	0	0	0	0	0	0	0	0	0	0	0	0	0	0	0	0	0	0	0	0	0	0	0	0	0	0	0	0	0	0	0	0	0	0	0	0	0	0	0	0	0	0	0	0	0	0	0	0	0	0	0	0	0	0	0	0	0	0	0	0	0	0	0	0	0	0	0	0	0	0	0	0	0	0	0	0	0	0	0	0	0	5	0	0	0	0	0	0	0	0	0	0	0	0	0	0	0	0	0	0	0	0	0	0	0	0	0	0	0	0	0	0	0	0	0	0	0	0	0	0	0	0
OTU_963	0	0	1	0	0	0	0	0	0	0	2	0	0	0	0	0	1	0	0	0	0	0	2	0	0	0	0	0	1	1	0	0	0	0	0	3	0	0	3	0	0	0	0	0	0	2	0	0	1	1	0	3	0	1	0	3	0	0	0	0	0	0	0	0	0	1	0	2	0	0	1	0	0	0	0	0	0	0	0	0	0	0	0	0	0	0	0	0	0	0	1	0	0	2	0	0	0	1	11	0	4	0	0	0	0	0	0	0	1	0	0	6	0	0	0	0	0	0	0	0	1	0	0	0	0	0	0	0	0	0	1	0	0	1	0	0	0	0	0	0	0	2	0	0	0	0	0	0	0	0	0	0	0	0	0	0	1	0	2	1	0	0	0	0	0	0	0	9	0	0	0	0	0	1	4	0	0	0	0	0	0	0	0	0	0	0	0	0	0
OTU_964	0	0	0	0	0	0	0	2	0	0	0	0	0	1	0	0	2	0	0	0	0	0	0	0	0	0	0	0	0	0	1	0	0	0	2	5	0	0	0	0	0	0	0	0	2	0	0	0	0	0	0	2	0	0	2	0	0	0	0	0	0	2	1	0	0	0	0	0	0	0	0	0	0	0	0	0	0	0	0	0	0	1	0	0	0	0	3	0	0	0	0	0	0	1	0	0	0	0	0	0	0	0	0	0	0	0	0	1	0	0	0	0	0	0	0	0	0	0	0	0	0	0	0	0	0	0	0	0	0	0	0	0	0	0	0	0	0	0	0	0	1	1	0	0	0	0	0	0	0	0	0	0	0	0	0	0	0	0	0	0	0	0	0	0	0	0	0	0	0	0	0	0	0	0	0	0	0	0	0	0	0	0	0	0	0	0	0	0	0
OTU_965	0	0	0	0	0	0	0	0	0	0	0	0	0	0	0	0	0	0	0	0	0	0	0	0	0	0	0	0	0	0	0	0	0	0	0	0	0	0	0	0	0	0	0	0	0	0	0	0	0	0	0	0	0	0	0	0	0	0	0	0	0	0	0	0	0	0	0	0	0	0	0	0	0	0	0	0	0	0	0	0	0	0	0	0	0	0	0	0	0	0	0	0	0	0	0	0	0	0	0	0	0	0	0	0	0	0	0	0	0	0	0	0	0	0	0	0	0	0	0	0	0	0	0	0	0	0	0	0	0	0	0	0	0	0	0	0	0	0	0	0	0	0	0	0	0	0	0	0	0	0	0	0	0	0	0	0	2	0	0	0	0	0	0	0	0	0	0	0	0	0	0	0	0	0	0	0	0	0	0	0	0	0	0	0	0	0	0	0	0
OTU_968	0	0	0	0	0	0	0	0	0	0	0	0	0	0	0	0	0	0	1	0	0	0	0	0	0	0	0	0	0	0	0	0	0	0	0	0	0	0	0	0	0	0	0	0	0	0	0	0	0	0	0	0	0	0	0	0	0	0	0	0	0	0	0	0	0	0	0	0	0	0	0	0	0	0	0	0	0	0	0	0	0	0	0	0	0	0	0	0	0	0	0	0	0	0	0	0	0	0	0	0	0	0	0	0	0	0	0	0	0	0	0	0	0	0	0	0	0	0	0	0	0	0	0	0	0	0	0	0	0	0	0	0	0	0	0	0	0	0	0	0	0	0	0	0	0	0	0	0	0	0	0	0	0	0	0	0	0	0	0	0	0	0	0	0	0	0	0	0	0	0	0	0	0	1	0	0	0	0	0	0	0	0	0	0	0	0	0	0	0
OTU_970	2139	185	1263	843	813	418	275	2388	237	7	1496	45	936	250	17	197	270	11	11	175	250	320	65	183	121	21	277	263	135	800	1462	1656	112	127	234	228	410	29	139	520	270	178	34	56	718	264	282	164	821	91	1893	57	10	242	702	329	65	271	176	13	489	424	634	387	819	241	176	22	942	1074	146	102	216	596	412	206	130	24	139	35	14	110	54	8	1108	1817	518	23	73	89	20	80	81	494	230	68	10	92	160	78	47	158	275	14	8	9	4	66	171	2	6	185	4	21	9	346	12	27	2	22	44	20	7	0	7	67	0	126	5	31	0	9	0	18	14	1	34	3	63	9	77	1513	84	38	26	2	92	0	0	6	1	26	14	49	3	26	16	4	364	189	4	9	1	11	0	41	2	43	13	133	6	10	7	39	50	4	0	0	13	5	21	3	34	29	52	7	87	10	655
OTU_973	0	0	0	0	0	0	0	0	0	0	0	0	0	0	0	0	0	0	0	0	0	0	0	0	0	0	0	0	0	0	0	0	0	0	0	0	0	0	0	0	0	0	0	0	0	0	0	0	0	0	0	0	0	0	0	0	0	0	0	0	0	0	0	0	0	0	0	0	0	0	0	0	0	0	0	0	0	0	0	0	0	0	0	0	0	0	0	0	0	0	0	0	0	0	0	0	0	0	0	0	0	0	0	0	0	0	0	0	0	0	0	0	0	0	0	0	5	0	4	0	0	0	0	0	0	0	0	0	0	0	0	0	0	0	0	0	0	0	0	0	0	0	0	0	0	0	0	0	0	0	0	0	0	0	0	0	0	0	0	0	0	0	0	0	0	0	0	0	0	0	0	0	0	9	0	0	1	0	0	0	0	0	2	0	0	0	0	0	0
OTU_974	1	0	0	1	0	0	4	0	1	1	0	0	2	2	1	0	0	1	2	0	1	0	0	2	1	0	0	4	4	0	0	0	2	2	1	0	0	4	0	2	0	11	3	0	0	0	4	0	5	0	3	0	0	0	1	1	2	16	2	2	0	0	2	0	0	4	3	5	0	2	13	0	0	0	1	1	0	0	0	2	0	1	0	0	0	0	1	0	0	0	0	0	0	0	2	0	0	1	1	1	0	0	0	2	1	0	5	3	3	0	15	1	2	1	3	12	2	3	0	10	0	0	3	1	1	4	7	0	3	4	0	1	6	0	2	5	6	2	1	2	0	0	13	2	3	0	3	0	2	0	4	1	7	4	1	0	0	4	4	9	0	1	5	1	0	4	3	0	0	1	3	0	9	0	1	3	2	1	3	7	0	16	0	1	0	0	1	1	0
OTU_975	0	0	0	1	0	0	2	0	0	0	0	0	0	0	0	0	0	0	0	0	0	0	0	1	0	0	0	0	0	0	0	0	0	0	0	0	0	0	0	0	0	0	0	0	0	0	0	1	0	0	0	0	0	0	0	0	0	0	0	0	0	0	0	0	0	0	0	0	0	0	0	0	0	0	0	0	0	0	0	0	0	0	0	0	0	0	0	0	0	0	0	0	0	0	0	0	0	0	0	0	0	0	0	0	0	0	0	0	0	0	0	0	0	6	0	1	0	0	0	0	0	0	0	0	1	0	0	0	0	0	0	0	0	0	0	0	0	0	0	0	0	0	0	0	0	1	7	0	0	0	0	0	0	0	0	0	0	0	0	0	0	0	0	0	0	0	0	0	0	0	0	0	0	0	0	0	0	0	0	0	0	0	2	0	0	0	0	0	0
OTU_976	0	0	0	0	0	0	0	0	0	0	0	0	0	0	0	0	0	0	0	0	0	0	0	0	0	0	0	0	0	0	0	0	0	0	0	0	1	0	0	0	0	2	0	0	0	0	0	0	0	0	0	0	0	0	0	0	0	0	0	0	0	0	0	0	3	3	0	2	0	0	0	0	0	1	0	0	0	0	0	0	0	0	1	0	0	1	0	0	7	0	0	0	0	0	0	0	0	0	4	0	0	0	0	0	0	0	0	0	0	0	1	0	1	0	0	0	0	0	1	0	4	3	0	0	0	0	0	4	3	0	2	0	0	6	0	0	1	0	0	0	4	0	0	0	0	0	0	1	0	1	0	2	0	3	0	1	3	0	2	0	0	0	0	1	17	0	0	1	15	0	0	0	0	0	0	0	0	0	0	0	4	0	0	0	3	0	0	0	0
OTU_977	1	0	0	0	0	1	0	0	0	0	0	0	0	0	0	0	0	2	0	0	0	0	0	1	0	0	0	0	1	0	0	0	0	0	0	0	0	0	0	1	0	0	0	0	0	0	0	0	0	0	0	0	0	0	0	0	0	0	0	0	0	0	0	0	1	0	0	1	0	0	0	1	0	1	1	0	0	0	1	0	2	0	0	0	0	1	0	0	0	1	0	0	0	0	1	0	0	1	1	0	0	0	0	0	0	0	0	0	0	0	2	0	0	0	0	2	0	0	0	1	0	0	0	0	1	0	0	0	0	0	0	0	2	0	0	0	0	0	0	0	0	0	0	0	0	0	0	0	0	1	1	0	0	1	0	0	0	0	0	0	0	0	2	0	0	1	0	0	0	0	0	0	0	0	0	1	0	0	0	0	0	0	0	1	0	0	0	1	0
OTU_978	0	0	0	0	0	0	0	0	0	0	0	0	0	0	0	0	0	0	0	0	0	0	0	0	0	0	0	0	0	0	0	0	0	0	0	0	0	0	0	0	0	0	0	0	0	0	0	0	0	0	0	0	0	0	0	0	0	0	0	0	0	0	0	0	0	8	0	0	1	0	1	6	0	0	0	0	0	0	0	0	0	0	1	0	0	0	0	1	0	1	0	0	0	0	0	0	0	0	0	0	0	0	0	0	0	0	0	0	0	0	0	0	0	0	0	0	0	0	0	0	0	0	0	0	0	0	1	0	0	0	0	0	0	0	0	0	0	0	0	0	0	0	0	0	0	0	0	0	0	0	0	2	0	0	0	0	0	0	0	0	0	0	0	0	0	0	0	0	0	0	0	0	0	0	0	0	0	0	0	0	0	0	0	0	0	0	0	0	0
OTU_981	0	0	0	0	0	0	0	0	0	0	0	0	0	0	0	0	0	0	0	0	0	0	0	0	0	0	0	0	0	0	0	0	0	0	0	0	0	0	0	0	0	0	0	0	0	0	0	0	0	0	0	0	0	0	0	0	0	0	0	0	0	0	0	0	0	0	0	0	0	0	0	0	0	0	0	0	0	0	0	0	0	0	0	0	0	0	0	0	0	0	0	0	0	0	0	0	0	0	0	0	0	0	0	0	0	0	0	0	0	0	0	0	0	0	0	0	0	0	0	0	0	0	0	0	0	0	0	0	0	1	0	0	0	0	0	0	0	0	0	0	0	0	0	0	0	0	0	0	0	0	0	0	0	0	1	0	0	0	0	0	0	0	0	0	0	0	0	0	0	0	0	0	0	0	0	0	0	0	0	0	0	1	0	0	0	0	0	0	0
OTU_982	0	0	0	0	0	0	0	0	0	0	0	0	0	0	0	0	0	0	0	0	0	0	0	0	0	0	0	0	0	0	0	0	0	0	0	0	0	0	0	0	0	0	0	0	0	0	0	0	0	0	0	0	0	0	0	0	0	0	0	0	0	0	0	0	0	0	0	0	0	0	0	0	0	0	0	0	0	0	0	0	0	0	0	0	0	0	0	0	0	0	0	0	0	0	0	0	0	0	0	0	0	0	0	0	0	0	0	0	0	0	0	0	0	0	0	1	0	0	2	0	0	0	0	5	0	0	0	0	0	0	0	0	0	0	2	0	0	0	0	0	0	0	0	0	0	0	0	0	0	0	0	0	0	0	0	0	0	0	0	0	0	0	0	0	0	3	0	0	0	0	0	0	0	1	0	0	0	0	0	0	0	0	2	0	0	0	0	0	0
OTU_983	0	0	0	0	0	0	0	0	0	0	0	0	0	0	0	0	0	0	0	0	0	0	0	0	0	0	0	0	0	2	0	0	0	0	0	0	0	0	0	0	0	0	0	0	0	0	0	0	0	0	0	0	0	0	0	0	0	0	0	0	0	0	0	0	0	0	0	0	0	0	0	0	0	0	0	0	0	0	0	0	0	0	0	0	0	0	0	0	0	0	0	0	0	0	0	0	0	0	0	0	63	0	0	0	0	0	0	0	0	0	0	0	0	0	0	0	0	0	0	0	0	0	0	0	0	0	0	0	0	0	0	0	0	0	0	0	0	0	0	0	0	0	0	0	0	0	0	0	0	0	0	0	0	0	0	0	0	0	0	0	0	0	0	0	0	0	0	0	0	0	0	0	0	0	0	0	0	0	0	0	0	0	0	0	0	0	0	0	0
OTU_984	0	0	0	0	0	0	0	0	0	0	0	0	0	0	0	0	0	0	0	0	0	0	0	0	1	1	0	0	0	0	0	0	0	0	0	0	0	0	0	0	0	0	0	0	0	0	1	0	0	0	0	0	0	0	0	0	0	0	0	0	0	0	0	0	0	0	1	0	0	0	3	0	0	0	0	0	0	0	0	0	0	0	0	0	0	0	0	0	0	0	0	0	0	0	0	0	0	0	0	0	0	0	0	0	0	0	0	0	1	0	5	0	1	0	0	0	0	1	0	0	0	0	0	0	0	0	1	0	0	0	0	0	1	0	0	1	0	0	0	0	0	0	0	0	0	0	0	0	0	0	1	0	0	0	0	0	0	0	0	1	0	0	0	0	0	0	1	0	0	1	0	0	0	0	0	0	0	0	0	0	0	0	0	0	0	0	0	0	0
OTU_988	0	0	0	0	0	0	0	0	0	0	0	0	0	0	0	0	0	0	0	0	0	0	0	0	0	0	0	0	0	0	0	0	0	0	0	0	0	0	0	0	0	0	0	0	0	0	0	0	0	0	0	0	0	0	0	0	0	0	0	0	0	0	0	0	0	0	0	0	0	0	0	0	0	0	0	0	0	0	0	0	0	0	0	0	1	0	0	0	0	0	0	0	0	0	0	0	0	0	0	0	0	0	0	0	0	0	0	0	0	0	0	0	0	0	0	0	0	0	0	0	0	0	0	0	0	0	0	0	0	0	0	0	0	0	0	0	0	0	0	0	0	0	0	0	0	0	0	0	0	0	0	0	0	0	0	0	0	0	0	0	0	0	0	0	0	2	0	0	0	0	0	0	0	0	0	0	0	0	0	0	0	0	0	0	0	0	0	0	0
OTU_989	0	0	0	0	0	0	0	2	0	0	1	0	0	0	1	0	0	0	0	0	0	1	0	0	0	0	0	0	0	0	0	0	0	0	0	0	0	0	0	0	0	0	0	0	0	1	0	0	0	0	0	0	0	0	0	0	1	0	0	0	1	0	2	0	0	0	0	0	0	0	1	1	0	1	0	1	1	0	0	0	0	0	0	0	0	0	0	0	0	0	0	0	30	0	0	0	0	0	0	0	0	0	0	1	0	1	0	0	0	0	0	0	0	0	0	3	0	0	0	0	1	0	0	0	0	0	0	0	0	0	0	1	2	0	8	0	0	0	0	0	1	0	0	0	1	33	0	0	0	0	0	0	0	0	1	0	1	3	0	0	0	0	5	0	1	0	0	0	1	0	0	0	0	0	0	6	0	3	0	0	0	0	1	0	0	3	0	0	0
OTU_990	1	22	0	0	0	0	12	0	0	1	0	0	0	1	0	1	4	0	0	0	11	1	12	2	0	0	0	1	0	0	1	0	1	0	0	0	0	5	0	0	0	0	1	0	0	0	1	2	0	4	0	0	0	0	1	0	1	0	26	0	0	0	3	1	0	1	6	0	0	0	0	0	0	0	0	0	0	0	0	0	0	4	0	0	0	0	0	0	0	0	0	0	0	1	0	6	0	0	1	3	0	0	0	5	4	0	0	0	0	0	0	4	1	0	0	25	1	1	2	0	1	0	1	1	3	0	3	1	1	0	1	0	0	2	7	0	0	0	0	0	0	2	0	0	0	6	0	4	0	2	0	0	3	0	1	0	0	2	0	0	0	0	0	0	3	1	0	1	0	4	0	1	0	17	0	3	0	4	4	0	0	0	0	0	0	1	0	0	0
OTU_992	0	0	0	0	0	0	0	0	0	0	0	0	0	0	0	0	0	0	0	0	0	0	0	0	0	0	0	0	0	0	0	0	0	0	0	0	0	0	0	0	0	0	0	0	0	0	0	0	0	0	0	0	0	0	0	0	0	0	0	0	0	0	0	0	0	0	0	0	0	0	0	0	0	0	0	0	0	0	1	0	0	0	0	0	0	0	0	0	0	0	0	0	0	0	0	0	1	0	0	0	0	0	0	0	0	0	0	0	0	0	0	0	0	0	0	0	0	0	0	0	0	0	0	0	0	0	38	0	0	0	0	0	0	0	0	0	1	0	0	0	0	0	4	0	0	0	0	0	0	0	0	0	0	0	0	0	0	0	0	0	0	0	0	0	0	0	0	0	0	0	0	0	0	0	0	0	0	0	0	0	0	0	0	0	0	0	0	0	0
OTU_993	0	0	0	0	0	0	0	0	0	0	0	0	0	0	0	0	0	0	0	0	0	0	0	0	0	0	0	0	0	0	0	0	0	0	0	0	0	0	0	0	0	0	0	0	0	0	0	0	0	0	0	0	0	0	0	0	0	0	0	0	0	0	0	0	0	0	0	0	0	0	0	0	0	0	0	0	0	0	0	0	0	0	0	0	0	0	0	0	0	0	0	0	0	0	0	0	0	0	0	0	0	0	0	0	0	0	0	0	0	0	0	0	0	0	0	0	0	0	0	0	0	0	0	0	0	0	0	0	0	0	0	0	0	0	0	0	0	0	0	0	0	0	0	0	0	0	0	0	0	0	0	0	0	0	0	0	0	0	0	0	0	0	1	0	0	0	0	0	0	0	0	0	0	0	0	0	0	0	0	0	0	0	0	0	0	0	0	0	0
OTU_994	0	0	1	0	0	0	0	0	0	0	0	0	1	0	0	0	0	0	0	0	0	0	0	0	0	0	0	0	0	0	0	0	0	0	0	0	0	0	0	0	0	0	0	0	0	0	0	0	0	0	0	0	0	0	0	0	0	0	0	0	0	0	0	0	0	0	0	0	0	0	0	0	0	0	0	0	0	0	0	0	0	0	0	0	0	1	0	0	0	0	0	0	0	0	0	0	0	0	0	0	0	0	0	0	0	0	0	0	0	0	0	0	0	0	0	0	0	0	0	0	0	0	0	0	0	0	0	0	0	0	0	0	0	0	0	0	0	0	0	0	0	0	0	0	0	0	0	0	0	0	0	0	0	0	0	0	0	0	0	0	0	0	1	0	0	0	0	0	0	0	0	0	0	0	0	0	0	0	0	0	0	0	0	1	0	0	0	0	0
OTU_996	0	0	0	0	0	0	0	0	0	0	0	0	0	0	0	0	0	0	0	0	0	0	0	0	0	0	0	0	0	0	0	0	0	0	0	1	0	0	0	0	0	0	0	0	0	0	0	0	0	0	0	0	0	0	0	0	0	0	0	0	0	0	0	0	0	0	0	0	0	0	0	0	0	0	0	0	0	0	0	0	0	0	0	0	0	1	0	0	0	0	0	0	0	0	0	0	0	0	0	0	0	0	0	0	0	0	0	0	0	0	0	0	0	0	0	0	0	0	0	0	0	0	0	0	0	0	0	0	0	0	0	0	0	0	0	0	0	0	0	0	0	0	0	0	0	0	0	0	0	0	0	0	0	0	0	0	0	0	0	0	0	0	0	0	1	0	0	0	0	0	0	0	0	0	0	0	0	0	0	0	0	0	0	0	0	0	0	0	0
OTU_997	0	0	0	0	0	0	0	0	0	0	0	0	0	0	0	0	0	0	0	0	0	0	0	0	0	0	0	0	0	0	0	0	0	0	0	0	0	0	0	0	0	0	0	0	0	0	0	0	0	0	0	0	0	0	0	0	0	0	0	0	0	0	0	0	0	0	0	0	0	0	0	0	0	0	0	0	0	0	0	0	0	0	0	0	0	0	0	0	0	0	0	0	0	0	0	0	0	0	0	0	0	0	0	0	0	0	0	0	0	0	0	0	0	0	0	0	0	0	0	0	0	0	0	0	0	0	0	0	0	0	0	0	0	0	0	0	0	0	0	0	0	0	0	0	0	32	0	0	0	0	0	0	0	0	0	0	0	0	0	0	0	0	0	0	0	0	0	0	0	0	0	0	0	0	0	15	0	0	0	0	0	0	0	0	0	0	0	0	0
OTU_999	0	0	0	0	0	0	0	0	0	0	0	0	0	0	0	0	0	0	0	0	0	0	0	0	0	0	0	0	0	0	0	0	0	0	0	0	0	0	0	0	0	1	0	0	0	0	0	0	0	0	0	0	0	0	0	0	0	0	0	0	0	1	0	0	0	0	0	1	0	0	0	0	0	0	0	0	0	0	0	0	0	0	0	0	0	0	0	0	0	0	0	0	0	0	0	0	0	0	0	0	0	0	0	0	0	0	0	0	0	0	0	0	0	0	0	0	0	0	0	0	0	0	0	0	0	0	0	0	0	0	1	1	0	0	0	0	0	0	0	1	0	0	0	0	0	0	0	0	0	0	0	0	0	0	0	0	0	0	0	0	0	0	0	0	0	0	0	0	0	0	0	0	0	0	3	0	0	0	1	0	0	0	2	0	0	0	0	0	0
OTU_1000	0	0	0	0	0	0	0	0	0	0	0	0	0	0	0	0	0	0	0	0	0	0	1	0	0	0	0	0	0	0	0	0	0	0	0	0	0	0	0	0	0	0	0	0	0	0	0	0	0	0	0	0	0	0	0	0	0	0	0	0	0	0	0	0	0	0	0	0	0	0	2	0	0	0	1	0	0	0	0	0	0	0	0	0	0	0	0	0	0	0	0	0	0	0	0	0	0	0	0	0	0	0	0	0	0	0	0	0	0	0	0	0	0	0	0	0	0	0	0	0	0	0	0	0	0	0	0	0	0	0	0	0	0	0	0	0	0	0	0	0	0	0	1	0	0	0	1	0	0	0	0	0	0	0	0	0	0	0	0	0	0	0	0	0	0	0	0	0	0	0	0	0	0	0	0	0	0	0	0	1	0	0	0	0	0	0	0	1	0
OTU_1001	0	0	0	0	0	0	0	0	0	0	0	0	0	0	0	0	0	0	0	0	0	0	0	0	0	0	0	0	0	0	0	0	0	0	0	0	0	0	0	0	0	0	0	0	0	0	0	0	0	0	0	0	0	0	0	0	0	0	0	0	0	0	0	0	0	0	0	0	0	0	0	0	0	0	0	0	0	0	0	0	0	0	0	0	0	0	0	0	0	0	0	0	0	0	0	0	0	0	0	0	0	0	0	0	0	0	0	0	0	0	0	0	0	0	0	0	0	0	0	0	0	0	0	0	0	0	0	0	0	0	0	0	0	0	0	0	0	0	0	0	0	0	0	0	0	1	0	0	0	0	0	0	0	0	0	0	0	0	0	0	0	0	0	0	0	0	0	0	0	0	0	0	0	0	0	0	0	0	0	0	0	0	0	0	0	0	0	0	0
OTU_1002	0	0	0	0	0	0	0	0	0	0	0	0	0	0	0	0	0	0	0	0	0	0	0	0	0	0	0	0	0	0	0	0	0	4	0	0	0	0	0	0	0	0	0	0	0	0	0	0	0	0	0	0	0	0	0	0	0	0	0	0	0	0	0	0	0	0	0	0	1	0	0	0	0	0	0	0	0	0	0	0	0	0	0	0	2	0	0	0	0	0	0	0	0	0	0	0	0	0	0	0	0	0	0	0	0	0	0	0	0	0	0	0	0	0	0	0	0	0	0	0	0	0	0	0	0	0	0	0	0	0	0	0	0	0	0	0	0	0	0	0	0	0	0	0	0	3	0	0	0	0	0	0	0	0	0	0	0	0	0	0	0	0	0	0	0	0	0	0	0	0	0	0	0	0	0	0	0	0	0	0	0	0	0	0	0	0	0	0	0
OTU_1003	64	0	7	0	0	0	153	0	15	0	2	3	0	11	5	11	1	1	1	3	2	3	7	270	5	0	0	0	0	3	61	5	1	15	0	3	2	10	1	3	1	3	122	2	1	0	2	2135	2	0	0	6	0	0	0	10	2	0	0	4	0	0	1	0	1	19	4	7	0	8	8	0	1	1	0	7	0	0	6	0	0	0	2	0	4	0	1	2	4	1	14	0	1	0	3	0	1	56	19	0	323	0	0	3	13	0	2	8	0	17	6	12	11	1	506	124	1099	125	6	5	6	1572	1566	587	495	7	6	38	272	6	1065	15	10	14	12	0	7	7	3	1	5	21	10	29	5	1	15	93	1796	67	63	91	0	10	4	8	124	15	6	2	1679	7	2	15	301	34	10	7	2	91	1763	1247	13	22	5	10	905	6	2	2	90	3	21	86	95	12	4	125	4
OTU_1004	0	0	0	188	0	0	0	0	3	0	0	0	0	0	0	0	0	0	0	0	0	0	0	0	0	0	0	1	0	0	0	0	0	0	0	0	0	0	0	0	0	0	0	0	0	0	0	0	0	0	0	0	0	0	0	0	0	0	0	0	0	13	0	0	0	0	0	0	0	0	0	0	0	0	0	0	0	0	0	0	0	0	0	0	0	0	0	0	0	0	0	0	0	0	0	0	0	0	0	0	0	0	0	0	0	0	0	0	0	0	0	0	0	0	0	0	0	0	0	0	0	0	0	0	0	0	0	0	0	163	0	0	0	0	0	2	0	0	0	0	0	1	0	0	0	0	0	1	0	0	0	0	0	0	2	0	0	0	0	0	0	0	0	0	0	0	0	0	0	0	0	0	0	0	0	0	0	0	0	0	0	0	0	0	0	0	0	0	0
OTU_1005	0	0	0	0	0	0	0	0	0	0	0	0	0	0	0	0	0	0	0	0	0	0	0	0	0	0	0	0	0	0	0	0	0	0	0	0	0	0	0	0	0	0	0	0	0	0	0	0	0	0	0	0	0	0	0	0	0	0	0	0	0	0	0	0	0	0	0	0	0	0	0	0	0	0	0	0	0	0	0	0	0	0	0	0	0	0	0	0	0	0	0	0	0	0	0	0	0	0	0	0	0	0	0	0	0	0	0	0	0	0	0	0	0	0	0	0	0	0	0	0	0	0	0	0	0	0	0	0	0	0	0	0	0	0	0	0	0	0	0	0	0	0	0	0	0	0	0	0	0	0	0	0	0	0	0	0	0	0	0	0	0	0	0	0	0	0	0	0	0	0	0	0	0	0	0	0	0	0	0	0	1	0	0	0	0	0	0	0	0
OTU_1006	0	0	0	0	0	0	0	0	0	0	0	0	0	0	0	0	0	0	0	0	0	0	0	0	0	0	0	0	0	0	0	0	0	0	0	0	0	0	0	0	0	0	0	0	0	0	0	0	0	0	0	0	0	0	0	0	0	0	0	0	0	0	0	0	0	0	0	0	0	0	0	0	0	0	0	0	0	0	0	0	0	0	0	0	1	0	0	0	0	0	0	0	0	0	0	0	0	0	0	0	0	0	0	1	0	0	0	0	0	0	0	0	0	0	0	0	0	0	5	0	2	0	0	0	0	0	0	0	0	0	0	0	0	0	0	0	0	0	0	0	0	0	0	0	0	0	0	0	0	0	1	0	0	0	0	0	0	0	0	0	0	0	0	0	0	0	0	0	0	0	0	1	0	3	0	2	0	0	0	0	0	0	0	0	0	0	0	0	0
OTU_1008	0	0	0	0	0	0	0	0	0	0	0	0	0	0	0	0	0	0	0	0	0	0	0	0	0	0	0	0	0	0	0	0	0	0	0	0	0	0	0	0	0	0	0	0	0	0	0	0	0	0	0	0	0	0	0	0	0	0	0	0	0	0	0	0	0	0	0	0	0	0	0	0	0	0	0	0	0	0	0	0	0	0	0	0	0	0	0	0	0	0	0	0	0	0	0	0	0	0	0	0	0	0	0	0	0	1	0	0	0	0	0	0	0	0	0	0	0	0	0	0	0	0	0	0	0	0	12	0	0	0	0	0	0	0	0	0	0	0	0	0	0	0	0	0	0	0	0	0	0	0	0	0	0	0	0	0	0	0	0	0	0	0	0	0	0	0	0	0	0	0	0	0	0	0	0	0	0	0	0	0	0	0	0	0	0	0	0	0	0
OTU_1009	0	1	10	8	4	0	0	4	2	2	0	2	1	5	4	2	3	2	0	1	4	5	9	0	3	13	1	0	2	3	1	1	3	0	2	1	1	1	4	1	0	1	4	2	193	8	3	2	65	7	1	6	2	1	3	18	0	1	1	0	3	2	4	6	9	3	0	4	1	1	0	0	51	1	0	1	0	3	2	2	0	0	1	3	0	1	0	1	3	0	5	1	16	10	0	1	3	2	10	1	3	1	0	0	0	0	0	0	2	0	2	0	0	1	0	24	0	1	0	1	4	1	0	0	3	1	1	2	0	0	0	0	0	5	1	0	0	0	0	1	6	15	125	4	0	0	0	0	0	1	0	0	3	10	0	1	4	2	23	120	0	0	0	1	1	0	0	7	2	3	4	0	2	3	25	2	1	0	1	0	2	0	3	0	3	2	0	4	3
OTU_1010	0	0	0	0	0	0	0	0	0	0	0	0	0	0	0	0	0	0	0	0	0	0	0	0	0	0	0	0	0	0	0	0	0	0	0	0	0	0	0	0	0	0	0	0	0	0	0	0	0	0	0	0	0	0	0	0	0	0	0	0	0	0	0	0	0	0	0	0	0	0	0	0	0	0	0	0	0	0	0	0	0	0	0	0	0	0	0	0	0	0	0	0	0	0	0	0	0	0	0	0	0	0	0	0	0	0	0	0	0	0	0	0	0	0	0	0	0	0	0	0	0	0	0	0	0	0	1	0	0	0	0	0	0	0	0	0	0	0	0	0	0	0	0	0	0	0	0	0	0	0	0	0	0	0	0	0	0	0	0	0	0	0	0	0	0	0	0	0	0	0	0	0	0	0	0	0	0	0	0	0	0	0	0	0	0	0	0	0	0
OTU_1017	0	0	0	0	0	0	0	0	0	0	0	0	0	0	0	0	0	0	0	0	0	0	0	0	0	0	0	0	0	0	0	0	0	0	0	0	0	0	0	0	0	0	0	0	0	0	0	0	0	0	0	0	0	0	0	0	0	0	0	0	0	0	0	0	1	0	0	0	0	0	0	0	0	0	0	0	0	0	0	0	0	0	0	0	0	0	0	0	0	0	0	0	0	0	0	0	0	0	35	0	0	0	0	10	0	0	0	0	0	0	0	1	0	0	0	1	0	0	0	0	0	0	0	0	0	0	0	0	0	0	0	0	0	0	0	0	0	0	0	0	0	0	0	0	0	0	0	0	0	0	0	0	0	0	0	0	0	0	0	0	0	4	0	0	0	0	0	0	0	0	0	0	0	0	0	0	0	0	0	0	0	0	0	0	0	0	0	0	0
OTU_1018	0	0	0	1	6	1	3	14	2	0	1	7	0	1	5	1	2	27	2	1	8	5	7	3	0	0	1	1	0	1	20	2	8	4	2	3	26	3	51	2	3	5	10	1	15	26	1	14	0	10	2	4	4	1	2	4	0	1	2	4	1	1	8	2	4	3	0	7	8	1	0	1	0	2	0	7	4	1	1	0	2	4	5	6	5	6	0	4	7	5	4	2	3	15	1	2	0	2	17	1	8	0	2	6	0	0	2	5	3	0	0	13	0	0	3	4	0	0	1	0	7	0	0	0	1	7	0	9	1	0	2	0	0	12	1	0	2	1	30	3	7	23	0	3	2	1	0	0	0	0	0	0	1	4	0	10	14	0	4	0	1	0	3	0	0	0	0	5	18	0	1	4	3	0	7	0	1	0	0	0	4	0	0	1	46	69	5	1	7
OTU_1021	0	0	1	0	0	0	32	0	16	0	0	0	0	1	2	0	1	0	0	4	1	0	0	0	0	1	0	0	1	0	0	0	0	2	0	4	0	0	0	1	26	0	1	2	0	1	1	0	3	1	0	0	0	2	0	0	1	1	0	0	0	1	0	1	13	0	0	2	0	1	0	1	119	0	0	0	0	0	0	0	0	1	1	0	0	0	0	1	2	0	1	0	154	0	0	1	0	0	12	0	0	0	3	52	0	7	0	1	0	1	0	1	0	0	0	0	26	0	18	314	4	0	0	1	0	0	13	0	0	1	7	0	78	0	78	0	1	1	6	1	27	3	5	303	1	21	1	19	1	10	25	2	257	0	0	11	22	118	3	0	4	1	0	1	0	142	0	3	1	10	190	11	0	376	1	68	5	0	7	0	1	0	85	0	79	0	0	2	0
OTU_1022	1	0	0	0	0	0	0	0	1	0	0	0	0	0	0	0	0	2	0	0	0	0	0	0	0	0	0	0	0	0	0	0	0	0	0	0	0	0	0	0	0	0	0	0	0	0	0	0	0	0	0	0	0	0	0	0	0	0	0	0	0	0	0	0	0	0	0	0	0	0	0	0	0	0	0	0	0	0	0	0	0	0	0	0	0	0	0	0	0	0	0	0	0	0	0	0	0	0	0	0	0	0	0	0	0	0	0	0	0	0	0	0	0	0	0	0	0	0	0	0	0	0	0	0	0	0	0	0	0	0	0	0	0	0	0	0	0	0	0	0	0	0	0	0	0	0	0	0	0	0	0	0	0	0	0	0	0	0	0	0	0	0	0	0	0	0	0	0	0	0	0	0	0	0	0	0	0	0	0	0	0	0	0	0	0	0	0	0	0
OTU_1023	0	0	0	7	0	13	3	0	0	0	0	0	0	0	0	2	0	0	0	0	0	0	2	1	1	0	0	0	0	0	1	0	3	1	1	0	0	8	0	0	0	2	3	0	0	0	2	1	0	1	1	0	1	0	0	0	0	0	1	0	0	0	1	1	0	0	0	0	0	0	0	0	0	0	0	1	0	0	0	10	0	0	0	0	0	0	1	0	8	4	1	0	0	3	2	0	0	0	0	2	0	1	0	4	1	0	1	1	0	1	3	31	42	3	0	7	5	6	0	1	139	1	0	1	2	0	4	4	0	4	4	0	6	7	9	6	0	2	0	0	1	0	1	0	0	4	0	3	3	0	2	2	0	13	1	13	6	5	103	0	3	1	6	0	3	1	2	0	0	0	0	21	10	14	0	0	0	10	12	18	3	5	5	0	0	5	0	4	0
OTU_1024	1	4	1	5	1	6	2	8	1	1	4	11	1	1	2	1	1	9	1	2	11	2	7	1	3	0	2	0	1	0	6	3	6	4	2	0	8	0	14	4	1	0	3	10	10	5	2	10	0	1	4	11	3	1	3	2	2	8	3	0	4	4	2	2	2	31	3	6	4	6	0	3	0	3	2	5	5	3	0	1	1	1	8	0	4	2	0	2	6	1	3	1	1	1	5	1	1	0	3	1	5	4	3	0	0	0	3	2	2	4	0	6	0	2	0	5	1	2	0	0	32	0	3	0	2	2	0	19	4	2	13	3	0	16	5	0	9	4	0	3	1	13	0	2	1	1	0	3	0	0	0	1	1	11	0	26	35	1	5	0	0	4	0	3	2	0	0	12	91	0	1	11	2	7	2	1	3	0	0	0	17	0	1	2	10	5	2	3	1
OTU_1026	0	0	0	0	0	0	0	0	0	0	0	0	0	0	0	0	0	0	0	0	0	0	0	0	0	0	0	0	0	0	0	0	0	0	0	0	0	0	0	0	0	0	0	0	0	0	0	0	0	0	0	0	0	0	0	0	0	0	0	0	0	0	0	0	0	0	0	0	0	0	0	0	0	0	0	0	0	0	0	0	0	0	0	0	0	0	0	0	0	0	0	0	0	0	0	0	0	0	0	0	0	0	0	0	0	0	0	0	0	0	0	0	0	0	0	0	0	0	0	0	0	0	0	0	0	0	0	0	0	0	0	0	0	0	0	0	0	0	0	0	0	0	0	0	0	0	0	0	0	0	0	0	0	0	0	0	0	0	0	0	0	0	0	0	0	0	0	0	0	0	0	0	0	2	0	0	0	0	0	0	0	0	0	0	0	0	0	0	0
OTU_1027	1	152	0	6	1	4	65	178	49	3	0	4	1	0	7	20	4	1	0	10	1	112	6	36	118	0	2	0	5	42	76	2	0	50	1	9	0	2	4	2	1	21	13	24	198	37	1	112	49	1	4	14	2	0	2	4	13	4	2	3	63	2	221	5	83	4	7	2	29	1	1	2	1	2	0	4	1	0	2	3	0	40	2	2	59	13	0	1	137	14	43	124	197	50	2	2	0	2	30	57	17	0	22	9	15	30	1	5	6	0	144	4	1	82	132	964	218	155	37	38	63	30	97	119	15	27	51	379	1602	4	43	15	4	46	128	23	297	20	1	2	18	109	4	6	2	7	60	13	15	7	7	10	4	4	1	391	147	45	7	1	29	0	2	2	237	2	14	2	3	184	57	89	130	144	444	41	83	129	85	11	11	2	85	3	24	8	94	9	87
OTU_1028	0	0	446	0	1	0	0	0	5	0	111	104	352	1	4	1	28	3	5	2	0	2	9	0	0	2	6	2	3	6	1	1	2	3	1	7	1	0	42	0	1	2	10	0	3	3	1	2	1	2	1	10	3	2	72	370	0	5	1	1	0	10	4	3	10	1	50	7	8	4	2	10	1	10	1	0	33	2	1	2	365	1	9	1	0	16	4	3	4	1	4	2	10	3	1	0	3	1	12	2	12	3	0	0	1	4	8	47	2	0	1	3	1	1	0	14	0	0	1	0	7	1	0	0	3	2	0	10	3	0	7	79	0	9	1	0	3	0	1	1	4	17	1	5	0	21	5	0	0	106	1	110	1	3	1	4	8	0	53	15	0	0	0	8	1	0	0	26	2	2	0	1	0	0	2	6	0	0	1	1	6	0	1	0	2	1	0	2	7
OTU_1029	0	0	0	0	0	0	0	0	0	0	0	0	0	0	0	0	0	0	0	0	0	2	0	0	0	0	0	0	0	0	1	0	0	0	0	0	0	0	0	0	0	0	0	0	0	0	0	0	0	0	0	0	0	0	0	0	0	0	0	0	0	0	0	0	0	0	0	0	0	0	0	0	0	0	0	0	0	0	0	0	0	0	0	0	0	0	0	0	0	0	0	0	0	0	0	0	0	0	0	0	0	0	0	0	0	0	0	0	0	0	0	0	0	0	0	0	0	0	0	0	0	0	0	0	0	0	0	0	0	0	0	0	0	0	0	0	0	0	0	0	1	0	0	0	0	0	0	0	0	0	0	0	0	0	0	0	0	0	0	0	0	0	0	0	0	0	0	0	0	0	0	0	0	0	0	0	0	0	0	0	0	0	0	0	0	0	0	0	0
OTU_1033	32	4	8	31	53	3	10	0	19	10	12	156	0	3	59	1	0	17	26	3	11	10	4	45	26	2	2	1	1	1	13	5	62	40	17	8	17	20	2	3	5	3	32	4	7	12	1	20	7	13	7	4	346	34	3	1	0	5	19	6	6	355	20	26	4	758	14	562	19	8	35	74	10	45	1	27	60	4	11	120	0	3	25	0	14	14	21	8	40	3	9	43	5	4	27	2	0	10	2	2	5	5	0	18	21	6	0	37	0	5	3	24	43	6	10	25	41	27	19	2	15	6	15	9	11	45	32	29	25	3	12	0	25	33	61	14	2	19	44	178	5	18	4	9	2	8	2	11	4	3	5	3	0	4	1	17	54	4	142	116	16	1	27	3	5	0	9	48	16	0	11	3	19	20	3	1	2	4	6	25	42	7	18	1	18	33	9	12	9
OTU_1034	0	0	0	0	0	0	0	0	0	0	0	0	0	0	0	0	0	0	1	0	0	0	0	0	0	0	0	1	0	0	0	0	0	0	0	0	0	0	0	0	0	2	0	0	0	0	1	0	0	0	0	0	0	0	0	0	0	0	0	0	0	0	0	0	0	1	1	0	0	0	0	0	0	0	0	0	0	0	0	0	0	0	0	0	0	0	0	0	0	0	0	0	0	0	0	0	0	1	0	0	0	0	0	0	0	0	0	0	0	0	0	0	0	0	0	0	0	0	0	0	0	0	0	0	0	0	0	0	0	0	0	0	0	0	0	0	1	0	0	0	0	0	0	0	0	0	0	0	0	0	0	0	0	1	0	0	0	0	0	0	0	0	1	0	0	0	0	0	0	0	0	0	0	0	0	0	0	0	0	0	0	0	0	0	0	0	0	0	0
OTU_1036	0	0	0	0	0	0	0	0	0	0	0	0	0	0	0	0	0	0	0	0	0	0	0	0	0	0	0	1	0	0	0	0	0	0	0	0	0	0	0	0	0	0	0	0	0	0	0	0	0	0	0	0	0	0	0	0	0	0	0	0	0	0	0	0	0	0	0	0	0	0	0	0	0	0	0	0	0	0	0	0	0	0	0	0	0	0	0	0	0	0	0	0	0	0	0	0	0	0	0	0	0	0	0	0	0	0	0	0	0	0	0	0	0	0	0	0	0	0	0	0	0	0	0	0	0	0	0	0	0	0	0	0	0	0	0	0	0	0	0	0	0	0	0	0	0	0	0	0	0	0	0	0	0	0	0	0	0	0	0	0	0	0	0	0	0	0	0	0	0	0	0	0	0	0	0	0	0	0	0	0	0	0	0	0	0	0	0	0	0
OTU_1037	0	0	0	0	0	0	0	0	0	0	0	0	0	0	0	0	0	0	0	0	0	0	0	0	0	0	0	0	0	0	0	0	0	0	0	0	0	0	0	0	0	0	0	0	0	0	0	0	0	0	0	0	0	0	0	0	0	0	0	0	0	0	0	0	0	0	0	0	0	0	0	0	0	0	0	0	0	0	0	0	0	0	0	0	0	0	0	0	0	0	0	0	0	0	0	0	0	0	0	0	0	0	0	0	0	0	0	0	0	0	0	0	0	0	0	0	0	0	0	0	0	0	0	1	0	0	0	0	0	0	0	0	0	0	0	0	0	0	0	0	0	0	0	0	0	0	0	0	0	0	0	0	0	0	0	0	0	0	0	0	0	0	0	0	0	0	0	0	0	0	0	0	0	0	0	0	0	0	0	0	0	0	53	0	0	0	0	0	0
OTU_1038	0	0	0	0	12	0	0	0	0	0	0	0	0	0	0	0	1	0	0	0	0	0	0	0	0	0	0	0	140	0	0	1	1	2	32	26	0	0	0	0	0	1	0	0	0	0	0	0	1	0	0	0	0	2	0	1	0	0	0	0	0	0	0	1	11	0	0	0	0	0	0	1	0	0	27	0	0	0	0	0	1	0	0	0	0	1	0	0	0	0	1	0	0	514	0	0	649	3	1	1	0	1	0	0	0	0	0	0	0	0	0	0	0	0	1	0	0	0	0	0	0	0	0	0	0	0	0	1	0	0	1	0	0	0	0	0	0	0	0	0	2	0	0	0	0	9	0	0	0	0	0	0	0	0	0	2	0	0	0	0	0	0	0	0	0	0	0	0	1	0	0	0	0	0	11	0	0	0	0	0	0	0	0	0	0	1	0	0	0
OTU_1039	0	0	0	0	0	0	0	0	0	0	0	0	0	0	0	0	0	0	0	0	0	0	0	0	0	0	0	0	0	0	0	0	0	0	0	0	0	0	0	0	0	0	0	0	1	0	0	0	1	0	0	0	0	0	0	0	0	0	0	0	0	0	0	0	0	0	0	0	0	0	0	0	0	0	0	0	0	0	0	0	0	0	0	0	0	0	0	0	0	0	0	0	0	0	0	0	0	0	0	0	0	0	0	0	0	0	0	0	0	0	0	0	0	0	0	0	0	0	0	0	0	0	0	0	0	0	0	0	0	0	0	0	0	0	0	0	0	0	0	0	0	0	0	0	0	0	0	0	0	0	0	0	0	0	0	0	0	0	0	0	0	0	0	0	0	0	0	0	0	0	0	0	0	0	0	0	0	0	0	0	0	0	0	0	0	0	0	0	0
OTU_1040	4	0	0	0	0	0	0	0	0	0	0	0	0	0	0	0	0	0	0	0	0	0	0	0	0	0	0	0	0	0	0	0	0	0	0	0	0	0	0	0	0	0	0	0	0	0	0	0	0	0	0	0	0	0	0	0	0	0	0	0	0	0	0	0	0	0	0	0	0	0	0	0	0	0	0	0	0	0	0	0	0	0	0	0	0	0	0	0	0	0	0	0	0	0	0	0	0	0	0	0	0	0	0	0	0	0	0	0	0	0	0	0	0	0	0	0	0	0	0	0	0	0	0	0	0	0	0	0	0	0	0	0	0	0	0	0	0	0	0	0	0	0	0	0	0	0	0	0	0	0	0	0	0	0	0	0	0	0	0	0	0	0	0	0	0	0	0	0	0	0	0	0	0	0	0	0	0	0	0	0	0	0	0	0	0	0	0	0	0
OTU_1041	0	0	0	0	0	0	0	0	0	0	0	0	0	0	0	0	0	0	0	0	0	0	0	0	0	0	0	0	0	0	0	0	0	0	0	0	0	0	0	0	0	0	0	0	0	0	0	0	0	0	0	0	0	0	0	0	0	0	0	0	0	0	0	0	0	0	0	0	0	0	0	0	0	0	0	0	0	0	0	0	0	0	0	0	0	0	0	0	0	0	0	0	0	0	0	0	0	0	0	0	0	0	0	0	0	0	0	0	0	0	0	0	0	0	0	0	2	0	0	0	0	0	0	0	0	0	0	0	0	0	0	0	0	0	0	0	0	0	0	0	0	0	0	0	0	0	0	0	0	0	0	0	0	0	0	0	0	0	0	0	0	0	0	0	0	0	0	0	0	0	0	0	0	0	0	0	0	0	0	0	0	0	0	0	0	0	0	0	0
OTU_1044	31	42	0	0	0	0	5	0	3	4	0	0	0	0	0	5	0	1	1	1	0	2	0	7	29	5	66	0	1	1	12	0	1	2	0	0	3	21	8	0	105	0	30	1	54	16	0	3	0	12	8	1	0	1	0	0	0	1	0	0	0	0	7	0	3	0	17	1	1	0	44	0	53	8	0	0	4	0	0	0	0	0	0	1	22	1	3	0	16	1	0	0	1	8	0	7	0	1	218	11	13	1	0	5	17	66	0	0	5	1	1	12	21	109	50	427	28	56	0	6	13	1	0	6	67	2	13	12	8	0	18	0	1	0	2	3	198	0	2	0	12	1	1	0	38	43	2	5	1	0	6	14	1	6	23	28	62	13	6	0	12	1	70	94	16	1	7	2	7	1	8	7	0	70	0	26	2	11	23	73	6	0	0	206	11	91	7	14	0
OTU_1045	4	160	0	514	0	32	77	1225	11	3	2	1	1	5	15	7	2	4	11	8	156	10	9	194	145	0	80	0	8	12	17	1	78	15	3	5	1	360	1	77	67	27	10	1	1	172	1	26	3	90	26	1	4	1	6	11	1	0	61	1	0	3	13	4	38	2	13	3	49	3	8	4	33	7	5	2	3	12	2	2	0	8	3	2	83	7	0	4	0	118	0	1	162	57	2	44	34	0	113	56	47	0	54	38	96	1	5	12	15	11	17	16	107	579	76	291	15	333	79	180	525	5	23	48	412	11	66	28	154	35	182	0	17	58	90	28	36	32	5	0	269	249	33	59	16	290	613	136	20	48	12	8	162	6	35	75	1017	339	8	0	64	68	319	17	108	31	95	8	33	5	125	144	55	1263	124	143	79	127	451	129	29	4	97	14	239	456	160	35	7
OTU_1046	0	0	0	0	0	0	0	0	0	0	0	0	0	0	0	0	0	0	0	0	0	0	0	0	0	0	0	0	0	0	0	0	0	0	0	0	0	0	0	0	0	0	0	0	0	0	0	0	0	0	0	0	0	0	0	0	0	4	0	0	0	0	0	0	0	0	0	0	0	0	0	0	0	0	0	0	0	0	0	0	0	0	0	0	0	0	0	0	0	0	0	0	0	0	0	0	0	0	0	0	0	0	0	0	0	0	0	0	0	0	0	0	0	0	0	0	0	0	0	0	0	0	0	0	0	0	0	0	0	0	0	0	0	0	0	0	0	0	0	0	0	0	0	0	0	0	0	0	0	0	0	0	0	0	0	0	0	0	0	0	0	0	0	0	0	0	0	0	0	0	0	0	0	0	0	0	0	0	0	0	0	0	0	0	0	0	0	0	0
OTU_1047	0	0	0	0	0	0	0	0	0	0	0	0	0	0	0	0	0	0	0	0	0	2	0	0	0	0	0	0	0	0	0	0	0	0	0	0	0	0	0	0	0	0	0	0	0	0	0	0	0	0	0	0	0	0	0	0	0	0	0	0	0	0	0	0	0	0	0	0	0	0	0	0	0	0	0	0	0	5	0	0	0	0	0	0	0	0	0	0	0	0	0	0	0	0	0	0	0	0	0	0	0	0	0	0	0	0	0	0	0	0	0	0	0	0	0	0	0	0	0	0	0	0	0	0	0	0	0	0	0	0	0	0	0	0	0	0	0	0	0	0	0	0	0	0	0	0	0	0	0	0	0	0	0	0	0	0	0	0	0	0	0	0	0	0	0	0	0	0	0	0	0	0	0	0	0	0	0	0	0	0	0	0	0	0	0	0	0	0	1
OTU_1048	0	0	0	0	0	0	0	0	0	0	0	0	0	0	0	0	0	0	0	0	0	0	0	0	0	0	0	0	0	0	0	0	0	0	9	14	0	0	0	0	0	0	0	0	0	0	0	0	0	0	0	0	0	0	0	0	0	0	0	0	0	0	0	0	0	0	1	0	0	0	0	0	0	0	0	0	0	0	0	0	0	0	0	0	0	0	0	0	0	0	0	0	0	0	0	0	0	0	0	0	0	0	0	0	0	0	0	0	0	0	0	0	0	0	0	0	0	0	0	0	0	0	0	0	0	0	0	0	0	0	0	0	0	0	0	0	0	0	0	0	0	0	0	0	0	0	0	0	0	0	0	0	0	0	0	0	0	0	0	0	0	0	0	0	0	0	0	0	0	0	0	0	0	0	0	0	0	0	0	0	0	0	0	0	0	0	0	0	0
OTU_1053	0	0	0	0	0	0	0	0	0	0	0	0	0	0	0	0	0	0	0	0	0	0	0	0	0	0	0	0	0	0	0	0	0	0	0	0	0	0	0	0	0	0	0	0	0	0	0	0	0	0	0	0	0	0	0	0	0	0	0	0	0	0	0	0	0	0	0	0	0	0	0	0	0	0	0	0	0	0	0	0	0	0	0	0	0	0	0	0	0	0	0	0	0	0	0	0	0	0	0	0	0	0	0	0	0	0	0	0	0	0	0	0	0	0	0	0	0	0	0	0	0	0	0	0	0	0	0	0	0	0	0	0	0	0	0	0	0	0	0	0	0	0	0	0	0	0	0	0	0	0	0	0	0	0	0	0	0	0	0	0	0	0	6	0	0	0	0	0	0	0	0	0	0	0	0	0	0	0	0	0	0	0	0	0	0	12	0	0	0
OTU_1057	0	0	0	0	0	0	0	0	0	0	0	0	0	0	0	0	0	0	0	0	0	0	0	0	0	0	0	0	0	0	0	1	0	0	0	0	0	0	0	0	0	0	0	0	0	0	0	0	0	0	0	0	0	0	0	0	0	0	0	0	0	0	0	0	11	0	0	0	0	0	0	0	0	0	0	0	0	0	0	0	0	0	0	0	0	0	0	0	0	0	0	0	0	0	0	0	0	0	0	0	0	0	0	0	0	0	0	0	1	0	0	0	0	0	0	0	0	0	0	0	0	0	0	0	0	0	0	0	0	0	0	0	0	0	0	0	0	0	0	0	0	0	0	0	0	0	0	0	0	0	0	0	0	0	0	1	0	1	0	0	0	0	0	0	0	0	0	0	0	0	0	0	0	0	0	0	0	0	0	0	0	0	0	0	0	0	0	0	0
OTU_1059	0	0	0	0	0	0	0	0	0	0	0	0	0	0	0	0	0	0	0	0	0	0	0	0	0	0	0	0	0	0	0	0	0	0	0	0	0	0	0	0	0	0	0	0	0	0	0	0	0	0	0	0	0	0	0	0	0	0	0	0	0	0	0	0	0	0	0	1	0	0	0	0	0	0	0	0	0	0	0	0	0	0	0	0	0	0	0	0	0	0	0	0	0	0	0	0	0	0	0	0	0	0	0	0	0	0	0	0	0	0	0	0	0	0	0	0	0	0	0	1	0	0	0	0	0	0	0	0	0	0	0	0	1	0	0	2	0	0	0	0	0	0	1	0	0	0	0	0	0	0	2	0	0	0	0	0	0	0	0	0	0	1	1	0	0	0	0	0	0	0	1	0	0	1	0	0	0	0	0	0	0	0	0	0	0	0	0	0	0
OTU_1064	0	1	0	0	0	145	1	4	0	85	0	0	0	0	0	0	0	0	1	0	0	0	0	0	0	0	0	0	0	0	0	0	0	0	0	0	0	0	0	0	0	0	0	0	0	0	0	0	0	0	0	1	0	0	1	0	0	0	0	0	0	0	0	0	0	0	2	0	0	0	0	0	0	0	0	0	0	0	0	0	0	0	1	0	0	0	0	0	0	0	18	0	0	0	0	0	1	0	0	0	3	0	0	0	0	0	0	0	1	0	0	0	0	0	0	0	0	0	0	0	0	0	0	0	0	0	0	0	0	0	0	0	0	0	0	0	0	1	0	0	0	0	0	0	0	1	0	0	0	0	0	0	0	1	0	0	0	0	0	0	0	0	0	0	0	0	0	0	0	0	0	0	0	0	0	0	1	1	0	0	0	0	0	0	0	0	0	0	0
OTU_1066	0	0	0	0	0	0	30	0	1	0	0	2	0	0	1	0	3	0	3	1	1	1	4	0	0	0	1	0	0	0	3	0	0	4	0	2	5	168	0	0	0	0	7	0	0	0	0	0	0	7	0	0	0	4	1	2	0	0	22	0	0	0	0	1	3	5	5	2	3	0	1	1	13	0	0	0	0	0	30	0	0	0	0	0	0	1	0	2	0	0	0	2	2	1	0	0	1	0	4	0	0	0	2	1	23	3	0	0	0	0	1	2	0	2	0	0	4	0	2	0	2	0	0	3	0	1	1	0	0	0	0	0	2	11	8	0	2	0	0	0	1	16	2	5	0	1	2	10	0	4	89	0	6	1	117	0	3	2	2	0	1	1	0	0	0	0	0	1	0	8	0	5	2	15	13	0	0	5	7	6	0	2	1	0	1	0	0	2	0
OTU_1067	0	0	0	0	0	0	0	0	0	0	0	0	0	0	0	0	0	0	0	0	0	0	0	0	0	0	0	0	0	0	0	0	0	0	0	0	0	0	0	0	0	0	0	0	0	0	0	0	0	0	0	0	0	0	0	0	0	0	0	0	0	0	0	0	0	0	0	0	0	0	0	0	0	0	0	0	0	0	0	0	0	0	0	0	0	0	0	0	0	0	0	0	0	0	0	0	0	0	0	0	0	0	0	0	0	0	0	0	0	0	0	0	0	0	0	1	0	0	0	0	0	0	0	5	0	0	0	0	0	0	0	0	3	0	0	0	0	0	0	0	0	0	0	0	0	0	0	0	0	0	0	1	0	0	0	0	0	0	0	0	0	0	0	0	0	0	0	0	0	0	0	0	0	0	0	0	0	0	0	0	0	0	0	0	0	0	0	0	0
OTU_1070	0	4	0	0	0	0	0	0	0	0	0	0	0	0	0	0	0	1	0	0	0	0	0	0	0	0	0	0	0	0	0	0	0	0	0	0	0	0	0	0	0	0	0	0	0	0	0	0	0	0	0	0	0	0	0	0	0	0	0	0	0	0	0	0	0	0	0	0	0	0	0	0	0	0	0	0	0	0	0	0	0	0	0	0	0	0	0	94	0	0	0	0	0	0	0	0	0	0	0	0	0	0	0	0	0	0	0	0	0	0	0	0	0	0	0	0	0	0	0	0	0	0	0	0	0	0	0	0	0	0	0	0	0	0	0	0	0	0	0	0	0	0	0	0	0	0	0	0	0	0	0	0	0	0	0	0	0	0	0	0	0	0	0	0	0	0	0	0	0	0	0	0	0	0	0	0	0	0	0	0	0	0	0	0	0	0	0	0	0
OTU_1071	0	0	0	0	0	0	0	0	0	0	0	0	0	1	0	0	0	1	0	0	0	0	0	0	0	0	0	0	0	0	0	0	0	0	0	0	0	0	0	0	0	0	0	0	0	0	0	0	0	0	0	0	0	0	0	0	0	0	0	0	0	0	0	0	0	0	0	0	0	0	0	0	0	0	0	0	0	0	0	0	0	0	0	0	0	0	0	0	0	0	0	0	0	0	0	0	0	0	0	0	0	0	0	0	0	0	0	0	0	0	1	0	0	0	0	0	0	0	0	0	0	0	0	0	0	0	0	0	0	0	0	1	2	0	0	0	0	2	1	0	0	0	0	0	0	0	0	0	0	0	0	0	0	0	0	0	0	0	0	0	0	0	1	0	0	1	0	0	0	0	0	0	1	0	0	0	0	0	0	0	0	1	0	0	0	0	0	0	0
OTU_1072	4	0	0	0	0	0	1	0	7	0	1	4	0	4	3	3	0	1	2	0	2	0	1	12	5	0	1	0	0	0	6	2	1	1	1	6	1	26	0	1	1	2	90	6	0	0	5	13	0	0	0	1	1	0	0	6	1	4	3	3	3	0	1	0	3	1	1	5	0	2	10	0	4	2	0	0	0	2	0	0	0	102	2	0	3	0	1	2	1	0	5	1	1	0	0	3	0	2	8	6	15	0	0	7	64	1	2	0	0	0	16	8	87	1	29	44	49	294	31	914	4	20	1854	23	26	20	13	11	681	5	183	4	42	7	5	2	1	1297	9	0	4	4	5	21	24	3	6	34	1094	19	171	21	0	8	54	2	398	42	10	0	25	6	6	16	14	30	2279	3	2	3	17	73	14	13	3	1	43	53	40	1335	33	0	5	87	91	37	0	13	4
OTU_1076	0	0	0	0	0	0	0	0	0	0	0	0	0	0	0	0	0	0	0	0	0	0	0	0	0	0	0	0	0	0	0	0	0	0	0	0	0	0	0	0	0	0	0	0	0	0	0	0	0	0	0	0	0	0	0	0	0	0	0	0	0	0	0	2	0	0	0	0	0	0	0	0	0	0	0	0	0	0	0	0	0	0	1	0	0	0	0	0	0	0	0	0	1	0	0	0	0	0	0	0	0	0	0	0	0	0	0	0	0	0	0	0	0	0	0	0	0	0	1	0	0	0	0	0	0	0	1	0	0	0	0	0	0	0	0	0	0	0	0	0	0	0	0	0	0	1	0	0	0	0	0	0	0	0	0	0	0	0	0	0	0	0	0	0	0	0	0	0	0	0	0	0	0	0	0	0	0	0	0	0	0	0	0	0	0	0	0	0	0
OTU_1077	320	0	0	1	0	1	4	2	1786	0	0	3	0	4	3	3	1	12	3	1568	6	0	2	221	0	1	2	0	3	0	6	1	0	2	0	43	3	69	1	0	0	0	4	1	6	6	1	1	2	0	3	6	3	1	0	9	0	6	1	3	0	8	2	13	18	1	0	9	0	2	4	1	0	3	0	0	0	0	8	0	0	0	4543	0	1	2	0	15	3	5	9	0	21	6	1	1	0	0	1914	1	4	1	1	3	0	0	1	15	0	0	23	9	1	2	0	14	3	0	91	7	9	27	24	16	104	2	13	13	127	1	25	5	33	6	2	1	0	2	47	2	39	13	1	6	0	0	0	129	1	33	41	1	13	2	0	45	8	0	5	7	73	107	0	1	0	2749	0	5	6	0	0	7	3	577	762	0	9	0	2	0	6	0	1362	0	2028	3	3	0	7
OTU_1078	0	0	0	7	0	0	0	0	0	0	0	0	0	0	0	0	0	0	0	0	0	0	0	0	0	0	0	0	0	0	0	0	0	0	0	0	0	0	0	0	0	0	0	0	0	0	0	0	0	0	0	0	0	0	0	0	0	0	0	0	0	0	0	0	0	0	0	0	0	0	0	0	0	0	0	0	0	0	0	0	0	0	0	0	0	0	0	0	0	0	0	0	0	0	0	0	0	0	0	0	0	0	0	0	0	0	0	0	0	0	0	0	0	0	0	0	0	0	0	0	0	0	0	0	0	0	0	0	0	0	0	0	0	0	0	0	0	0	0	0	0	0	0	0	0	0	0	0	0	0	0	0	0	0	0	0	0	0	0	0	0	0	0	0	0	0	0	0	0	0	0	0	0	0	1	0	0	0	0	0	0	0	0	0	0	0	0	0	0
OTU_1081	0	0	0	0	0	0	0	0	0	0	0	0	0	0	0	0	0	0	0	0	0	0	0	0	0	0	0	0	0	0	0	0	0	0	0	0	0	0	0	0	0	0	0	0	0	0	0	0	0	0	0	0	0	0	0	0	0	0	0	0	0	0	0	0	0	0	0	0	0	0	0	0	0	0	0	0	0	0	0	0	0	0	0	0	0	0	0	0	0	0	0	0	0	0	0	0	0	0	0	0	0	0	0	0	0	0	0	0	0	0	0	0	0	0	0	0	0	0	0	0	0	0	0	0	0	0	0	0	0	0	0	0	0	0	0	0	0	0	0	0	0	0	0	0	0	0	0	0	0	0	0	0	0	0	0	0	0	0	0	0	0	0	0	0	0	0	0	0	0	0	0	0	0	0	0	0	0	0	0	0	0	0	0	0	0	0	4	0	0
OTU_1084	0	0	0	0	0	0	0	0	0	0	0	0	0	0	0	0	0	0	0	0	0	0	0	0	0	0	0	0	0	0	0	0	0	0	0	0	0	0	0	0	0	0	0	0	0	0	0	0	0	0	0	0	0	0	0	0	0	0	0	0	0	0	0	0	0	0	0	0	0	0	0	0	0	0	0	0	0	0	0	0	0	0	0	0	0	0	0	0	0	0	0	0	0	0	0	0	0	0	0	0	0	0	0	0	0	0	0	0	0	0	0	0	0	0	0	0	0	0	0	0	0	0	0	0	0	0	0	0	0	0	0	0	0	0	0	0	0	0	0	0	0	0	0	0	0	0	0	0	0	0	0	0	0	0	0	0	0	0	0	0	0	0	0	0	0	3	0	0	0	0	0	0	0	0	0	0	0	0	0	0	0	0	0	0	0	0	0	0	0
OTU_1086	0	0	0	0	0	0	0	0	0	0	0	0	0	0	0	0	0	0	0	0	0	0	0	0	0	0	0	0	0	3	1	0	0	0	0	0	0	0	0	0	0	1	0	0	0	0	0	0	0	0	0	0	0	0	0	0	0	0	0	0	0	0	0	0	1	1	0	2	0	0	0	0	0	0	0	0	0	0	0	0	0	0	3	0	0	0	0	0	1	0	0	0	0	0	0	3	0	0	0	0	1	0	0	0	0	1	0	0	1	0	0	0	0	0	0	0	0	0	0	0	2	0	0	0	0	0	0	3	0	0	0	0	0	2	0	0	1	0	1	0	3	0	0	0	0	0	0	0	0	0	0	0	0	0	0	1	6	0	525	0	0	0	6	2	0	0	0	0	0	0	0	0	0	19	0	0	0	0	0	0	306	0	1	0	1	2	0	0	0
OTU_1088	0	0	0	0	0	0	0	0	0	0	0	0	3	0	0	0	0	0	0	0	0	0	0	0	13	3	0	0	4	0	0	0	0	0	20	2	0	0	0	0	0	0	0	39	0	0	0	37	0	0	4	14	0	14	0	1	0	0	0	0	1	0	0	0	1	0	0	0	0	0	5	2	0	0	1	0	0	35	0	0	0	0	9	0	0	0	0	0	97	0	25	1	0	0	0	1	10	0	0	0	0	0	0	0	0	0	0	0	0	14	0	0	0	0	0	1	0	0	0	0	7	0	0	0	0	0	0	0	0	20	0	0	0	0	0	0	0	0	28	0	0	0	0	0	0	0	0	0	0	0	0	0	0	0	0	0	3	0	175	0	0	0	0	0	0	0	0	0	0	0	0	1	0	0	0	1	0	0	0	0	1	0	0	0	0	0	0	0	0
OTU_1089	3	0	1	2	5	0	2	3	4	0	4	1	0	0	4	2	1	1	0	11	3	0	1	2	2	2	2	0	1	1	4	1	0	1	2	3	0	1	3	0	0	3	6	3	3	5	1	2	1	0	0	3	1	0	1	5	0	4	6	1	1	1	4	7	21	0	2	5	3	2	3	2	2	1	0	0	0	0	0	5	7	1	17	2	0	0	1	2	0	4	3	0	9	6	2	2	2	1	0	1	0	4	0	2	0	0	1	1	1	0	0	3	0	0	0	2	0	1	0	0	5	0	0	0	0	0	0	6	0	1	3	1	0	1	2	0	0	1	1	0	14	2	1	4	0	1	0	5	0	0	0	0	1	1	0	1	5	5	1	0	0	0	0	0	0	0	0	7	2	0	0	0	2	1	1	0	0	0	0	0	2	0	0	0	10	0	0	0	12
OTU_1090	2	0	2	0	1	0	64	2	28	0	1	10	0	0	2	2	2	3	15	3	1	2	4	12	5	1	6	1	16	3	15	1	51	1	59	61	1	6	0	0	11	9	6	2	0	1	0	4	5	29	2	3	0	1	1	2	1	3	184	0	1	2	1	3	4	1	18	3	0	1	1	4	40	0	2	0	0	1	1	1	0	1	1	3	0	9	0	6	1	2	1	1	12	3	2	22	68	6	28	91	4	1	43	16	0	0	0	1	0	0	2	1	0	0	0	14	22	27	9	40	6	0	0	8	10	54	21	4	2	7	3	0	16	7	69	0	0	0	23	2	37	296	0	250	1	4	0	59	0	14	2	0	12	1	0	9	7	32	3	1	4	5	15	0	22	8	1	7	1	84	47	1	1	223	16	5	5	17	3	3	1	0	66	0	48	9	40	0	110
OTU_1094	5	1352	85	87	65	2	816	11	46	32	1	14	4	183	21	37	18	21	865	62	600	13	184	42	88	1	31	10	123	64	51	8	2	109	55	34	60	42	27	1	3	51	228	106	463	97	74	15	34	212	68	208	5	372	32	7	37	12	405	6	1	283	323	23	75	2	84	24	22	9	94	4	273	1100	3	34	52	2	7	110	4	3	105	9	11	30	0	95	36	187	5	23	68	147	8	30	23	8	367	482	11	10	10	279	23	56	0	10	33	16	14	8	41	11	43	350	99	183	11	58	62	21	53	24	1491	458	337	96	11	45	8	3	10	302	134	6	77	18	25	162	79	750	31	652	3	66	53	437	21	145	7	45	65	30	4	459	61	20	18	3	21	92	110	438	130	58	10	219	8	232	124	70	75	783	655	46	23	47	139	14	496	23	83	4	155	117	657	90	19
OTU_1095	10	1	6	24	11	3	1	9	4	1	6	1	3	3	1	2	6	1	1	2	0	0	0	3	5	1	1	6	2	8	5	15	1	3	2	6	5	2	1	13	2	10	7	2	2	3	4	1	11	0	3	1	2	1	0	3	3	1	0	5	4	1	4	3	13	4	6	3	1	0	2	2	1	5	0	3	0	0	0	0	0	3	2	1	2	4	0	13	3	5	9	3	1	6	6	2	0	1	0	1	5	7	1	0	1	0	0	5	3	1	0	2	1	0	0	1	0	0	0	1	0	0	0	0	1	3	0	3	0	1	0	0	0	0	1	0	2	1	3	1	4	2	2	5	3	1	0	0	0	0	1	1	0	1	0	1	0	1	1	8	0	2	0	2	0	1	0	2	0	3	0	1	0	2	2	0	0	0	0	0	0	0	1	1	1	0	0	0	11
OTU_1096	0	0	0	0	0	0	0	0	0	0	0	0	0	0	0	0	0	0	0	0	0	0	0	0	0	0	0	1	0	0	0	0	0	0	0	0	0	0	0	0	0	0	0	0	0	0	0	0	0	0	0	0	0	0	0	0	0	0	0	0	0	0	0	0	0	0	0	0	0	0	0	0	0	0	0	0	0	0	0	0	0	0	0	0	0	0	0	0	0	0	0	0	0	0	0	0	0	0	0	0	0	0	0	0	0	0	0	0	0	0	0	0	0	0	0	0	0	0	0	0	0	1	0	0	0	0	0	0	0	0	0	0	0	0	0	0	0	0	0	0	0	0	0	0	0	0	0	0	0	1	0	0	0	0	0	0	0	0	0	0	0	0	0	0	0	0	0	0	0	0	0	0	0	0	0	0	0	0	0	0	0	0	0	0	0	0	0	0	1
OTU_1097	1	1	0	2	0	0	0	0	0	0	0	0	1	1	8	225	0	1	0	0	110	1	2	148	380	0	2	0	0	0	1	0	0	8	0	0	1	0	0	0	0	0	9	0	0	1	0	0	0	0	0	2	0	0	0	2	0	3	157	0	1	0	0	3	5	1	22	2	0	0	0	2	0	1	0	1	0	0	0	2	0	0	0	0	0	0	0	2	1	0	0	0	35	0	0	0	0	0	0	4	0	0	0	52	0	1	0	0	0	0	0	1	0	1	0	0	202	41	0	0	0	0	0	0	0	184	45	10	1	2	0	0	39	16	0	0	0	0	3	1	1	2	1	0	0	0	0	146	3	31	0	0	0	0	0	4	0	0	0	0	1	2	0	0	0	1	0	0	1	0	0	0	1	0	0	0	0	49	49	67	0	1	0	1	235	0	2	0	0
OTU_1098	0	2	0	1	2	0	1	0	1	0	0	0	0	0	0	0	0	0	0	0	1	0	0	0	2	0	0	0	0	0	0	0	0	0	0	2	0	0	1	0	0	0	0	0	0	1	0	1	0	1	0	0	0	0	0	0	0	0	0	1	0	1	0	0	0	0	0	0	0	1	1	2	1	1	0	0	0	0	0	0	0	0	0	0	0	0	0	0	0	0	0	0	0	0	0	0	0	0	2	1	0	0	0	1	0	0	0	1	0	0	0	0	0	2	0	2	2	1	0	1	8	0	0	6	5	1	0	0	0	0	23	0	1	8	1	0	0	0	0	1	1	6	0	2	1	0	0	2	0	0	0	1	0	2	0	2	2	0	2	0	0	0	0	1	0	0	1	2	0	1	0	73	2	4	0	0	4	1	0	1	2	1	0	4	2	6	2	0	0
OTU_1102	0	0	0	0	0	0	0	0	0	0	0	0	0	0	0	0	0	0	0	0	0	0	0	0	0	0	0	0	0	0	0	0	0	0	0	0	0	0	0	0	0	0	0	0	0	0	0	0	0	0	0	0	0	0	0	0	0	0	0	0	0	0	0	0	0	0	0	0	0	0	0	0	0	0	0	0	0	0	0	0	0	0	0	0	0	0	0	0	0	0	0	0	0	0	0	0	0	0	0	0	0	0	0	0	0	0	0	0	0	0	0	0	0	0	0	0	0	0	0	0	0	0	0	0	0	0	0	0	0	0	0	0	0	0	0	0	0	0	0	0	0	0	0	0	0	0	0	0	0	0	0	0	0	0	0	0	0	0	0	0	0	0	0	0	0	0	0	0	0	0	0	0	1	0	0	1	0	0	0	0	0	0	0	0	0	0	0	0	0
OTU_1103	0	0	0	0	0	0	0	0	0	0	0	0	0	0	1	0	0	0	0	0	0	0	0	0	0	0	0	0	0	0	0	0	0	0	0	0	0	0	0	0	0	0	0	0	0	0	0	0	0	0	0	0	0	1	0	0	0	0	0	0	0	0	0	0	0	0	0	0	0	0	0	0	0	0	0	12	1	0	2	0	0	0	0	0	0	0	0	0	2	0	0	0	1	0	0	0	0	0	0	0	1	0	0	0	0	0	0	0	0	0	0	0	0	0	0	0	0	0	41	0	0	0	0	0	0	0	6	0	0	1	0	0	92	0	11	0	0	0	0	0	0	0	2	0	0	0	0	0	0	0	0	0	0	0	0	0	0	0	0	0	0	2	0	0	0	0	0	0	0	0	0	0	0	0	0	0	0	0	0	0	0	0	311	0	0	0	0	18	0
OTU_1104	10	13	16	24	23	31	9	10	19	7	4	10	13	9	1	2	28	35	6	2	2	0	1	2	5	16	1	6	2	17	15	3	1	26	0	2	4	2	8	11	6	24	11	0	18	10	5	2	7	6	2	7	37	1	24	66	0	22	4	55	1	63	4	9	32	10	17	49	4	11	6	51	3	9	6	6	0	0	21	20	53	3	25	1395	2	23	10	5	4	1	4	5	4	4	11	1	2	18	0	6	21	17	0	9	1	0	0	9	1	0	1	6	4	1	2	3	3	6	2	3	1	1	3	5	12	3	4	13	8	1	1	9	0	0	4	3	11	3	18	3	11	8	8	31	0	2	1	1	0	0	7	3	0	2	0	19	3	3	10	10	0	4	4	8	2	1	3	4	1	0	2	4	1	3	10	0	5	1	0	0	11	2	6	1	6	4	1	1	17
OTU_1105	0	0	0	0	0	0	0	0	0	0	0	0	0	0	0	0	0	0	0	0	0	0	0	0	0	0	0	0	0	0	0	0	0	0	0	0	0	0	0	0	0	0	0	0	0	0	0	0	0	0	0	0	0	0	0	0	0	0	0	0	0	0	0	0	0	0	0	0	0	0	0	0	0	0	0	0	0	0	0	0	0	0	0	0	0	0	0	0	0	0	0	0	0	0	0	0	0	0	0	0	0	0	0	0	0	0	0	0	0	0	0	0	0	0	0	0	0	0	0	0	0	0	0	0	0	0	0	0	0	0	0	0	0	0	0	0	0	0	0	0	0	0	0	0	0	0	0	0	0	7	0	0	0	0	0	0	0	0	0	0	0	0	0	0	0	0	0	0	0	0	0	0	0	0	0	0	0	0	0	0	0	0	0	0	0	0	0	0	0
OTU_1106	0	0	0	0	0	0	0	0	0	0	0	0	0	0	0	0	0	0	0	0	0	0	0	0	0	0	0	0	0	0	0	0	0	0	0	0	0	0	0	0	0	0	0	0	0	0	0	0	0	0	0	0	0	0	0	0	0	0	0	0	0	0	0	0	0	0	0	0	0	0	0	0	0	0	0	0	0	0	0	0	0	0	0	0	0	0	0	0	0	0	0	0	0	0	0	0	0	0	0	0	0	0	0	0	0	0	0	0	0	0	0	0	0	0	0	0	0	0	0	0	0	0	0	0	0	0	0	0	0	0	0	0	0	0	0	0	0	0	0	0	0	0	0	0	0	0	0	0	0	0	0	0	0	0	0	0	0	0	0	0	0	0	1	0	0	0	0	0	0	0	0	0	0	0	0	0	0	0	0	0	0	0	0	0	0	0	0	0	0
OTU_1108	0	0	35	0	0	1	9	22	0	0	0	0	0	0	0	0	0	0	0	0	1	0	1	0	2	0	0	7	0	1	0	0	0	0	0	0	0	0	0	0	1	0	3	0	0	0	1	0	2	0	0	0	0	0	3	0	0	0	1	0	0	0	1	0	0	0	1	0	0	0	0	0	0	0	0	27	0	0	0	0	0	1	0	0	0	0	0	0	13	7	1	0	0	0	0	7	0	1	8	0	5	0	5	2	2	0	0	0	0	0	0	0	0	0	0	0	0	0	4	0	0	0	0	2	27	0	1	1	0	0	0	0	3	1	1	0	0	0	1	4	9	0	0	200	0	1	0	2	0	1	0	0	1	0	0	2	0	2	0	1	0	0	0	0	0	0	0	1	0	17	1	4	0	24	0	4	0	2	0	0	0	0	2	0	3	0	1	0	0
OTU_1109	0	0	0	0	0	0	13	0	0	0	0	0	0	0	0	0	0	0	0	0	0	0	0	0	0	0	0	0	0	0	0	0	0	0	0	0	0	0	0	0	0	0	0	0	0	0	0	0	0	0	0	0	0	0	0	0	0	0	0	0	0	0	0	0	0	0	0	0	0	0	0	0	0	0	0	0	0	0	1	0	0	0	0	0	0	0	0	0	0	0	0	0	0	0	0	0	0	0	0	0	0	0	0	75	0	0	0	0	0	0	0	0	0	0	0	8	0	0	0	0	0	0	0	78	0	0	0	0	0	0	0	0	1	20	0	0	0	0	3	0	0	0	0	0	0	0	0	1	0	0	0	13	0	0	0	0	0	0	1	0	0	0	0	0	37	0	0	0	0	0	0	24	0	0	0	0	0	0	0	0	0	0	6	0	0	0	0	0	1
OTU_1112	0	0	0	0	0	0	0	0	0	0	0	0	0	0	0	0	0	0	0	0	0	0	0	0	0	0	0	0	0	0	0	0	0	0	0	0	0	0	0	0	0	0	0	0	0	0	0	0	0	0	0	1	0	0	0	0	0	1	0	0	0	0	0	0	0	0	0	0	0	0	0	0	0	0	0	0	0	0	0	0	0	0	0	0	0	0	0	0	0	0	0	0	0	0	0	0	0	0	0	0	0	0	0	0	0	0	0	0	0	0	0	0	0	0	0	0	0	0	0	0	0	0	0	0	0	0	0	0	0	0	0	0	0	0	0	0	0	0	0	0	0	0	0	0	0	0	0	0	0	0	0	0	0	0	0	0	0	0	0	0	0	0	0	0	0	0	0	0	0	0	0	0	0	0	0	0	0	0	0	0	0	0	0	0	0	0	0	0	0
OTU_1113	0	0	0	1	0	0	0	0	6	0	0	1	0	0	0	1	0	0	0	0	1	0	10	0	0	0	1	1	0	0	0	0	0	0	1	4	33	0	2	0	0	0	1	0	0	0	0	25	9	69	0	1	1	0	0	0	0	0	0	0	0	0	1	1	3	0	0	0	0	4	2	0	0	0	0	0	4	0	0	4	0	0	0	1	0	5	0	1	0	7	0	2	0	0	7	0	0	0	1	0	38	0	1	3771	1	1	18	0	0	0	1	1	0	0	0	0	3	32	46	0	58	0	0	0	9	0	0	3	2	1	3	0	33	0	0	0	0	0	67	6	4	361	0	2	0	2	0	0	0	32	0	0	0	1	0	1	8	4	0	0	0	1	1	0	0	0	0	17	2	0	0	0	2	0	4	1	0	0	0	0	7	0	113	0	839	0	0	0	2823
OTU_1114	0	0	0	0	0	0	0	0	0	0	0	0	0	0	0	0	0	0	0	0	0	0	0	0	0	0	0	0	0	0	0	0	0	0	0	0	0	0	0	0	0	0	0	0	0	0	0	0	0	0	0	0	0	0	0	0	0	0	0	0	0	0	0	0	0	0	0	0	0	0	0	0	0	0	0	0	0	0	0	0	0	0	0	0	0	0	0	0	0	0	0	0	0	0	0	0	0	0	0	0	0	0	0	0	0	0	0	0	0	0	0	0	0	0	0	0	0	0	0	0	0	0	0	0	0	0	0	0	0	0	0	0	0	0	0	0	0	0	0	0	0	0	0	0	0	6	0	0	0	0	0	0	0	0	0	0	0	0	0	0	0	0	0	0	0	0	0	0	0	0	0	0	0	0	0	0	0	0	0	0	0	0	0	0	0	0	0	0	0
OTU_1115	0	0	0	0	0	0	0	0	0	0	0	0	0	0	0	0	0	0	0	0	0	0	0	0	0	0	3	0	1	0	0	0	0	0	0	0	0	0	0	0	0	0	0	0	0	0	0	0	0	0	0	0	0	0	0	0	0	0	0	0	0	0	0	0	0	0	1	0	0	0	0	0	0	0	0	0	0	0	0	0	0	0	0	0	0	0	0	0	0	0	0	0	1	0	0	0	0	0	0	0	0	0	0	0	0	0	0	0	0	0	0	0	0	0	0	0	0	0	0	0	0	0	0	0	0	0	0	0	0	0	0	0	0	0	0	0	0	0	0	0	0	0	0	0	0	0	0	0	0	0	0	0	0	0	1	0	0	0	0	0	0	0	0	0	0	0	0	0	0	0	0	0	0	0	0	0	0	0	1	0	0	0	0	0	0	0	0	0	0
OTU_1116	0	0	0	0	0	0	0	0	0	0	0	0	0	0	0	0	0	0	1	0	0	0	0	1	0	0	0	0	0	0	0	0	0	0	0	0	0	0	0	0	0	0	0	0	0	0	0	0	0	0	0	0	0	0	0	0	0	0	0	0	0	0	1	0	0	0	0	0	0	0	0	0	0	0	0	0	0	0	0	0	0	0	0	0	0	0	0	0	0	0	0	0	0	0	0	0	0	0	0	0	0	0	0	0	0	0	0	0	0	0	0	0	0	0	0	0	0	0	0	1	0	0	0	0	0	0	0	0	0	1	0	0	1	0	0	0	0	0	0	0	0	0	0	0	0	0	0	0	0	0	0	0	0	0	0	0	0	0	0	0	0	0	0	0	0	0	0	0	0	0	0	0	0	0	0	0	0	0	0	0	1	0	0	0	0	0	0	0	0
OTU_1118	0	3	4	6	5	1	1	3	4	10	0	1	0	12	0	36	1	1	0	0	1	19	1	2	1	4	3	9	18	2	2	0	0	0	6	3	0	2	3	0	0	0	14	26	0	6	1	0	0	0	5	19	0	3	3	1	0	0	0	0	2	1	0	11	15	0	0	0	3	2	7	0	0	6	141	4	1	0	1	7	0	2	1	0	2	0	0	79	15	77	30	0	0	81	0	0	30	0	0	2	1	1	0	0	0	0	0	0	0	3	3	0	0	0	0	6	0	2	1	0	1	1	1	0	4	1	0	1	0	217	0	0	0	0	0	0	0	0	0	0	2	3	0	11	0	18	0	0	0	0	0	0	5	0	0	0	33	1	0	0	2	0	1	0	1	10	0	0	1	4	0	0	0	6	6	0	0	0	0	0	1	0	0	0	0	0	0	0	4
OTU_1119	224	1	0	638	0	1	298	18	7	0	66	3	0	157	0	40	5	2	0	6	4	10	7	24	13	3	1	1	8	3	6	6	2	2	5	2	0	144	1	30	6	1	5	3	1	88	0	99	1	281	2	6	0	2	0	0	0	4	18	1	1	8	107	2	11	2	11	4	1	9	3	1	20	57	2	3	4	13	0	6	0	0	13	0	278	3	19	5	4	3	6	0	4	119	1	1	36	0	114	114	131	0	3	0	10	1	1	3	0	2	46	9	2	82	62	214	1	2	92	49	33	74	17	38	42	12	8	9	9	2250	183	6	23	23	3	0	0	0	33	0	48	23	11	39	17	124	59	83	3	32	11	2	3	109	12	74	24	304	6	0	4	1	458	1	181	3	7	2	36	24	162	20	5	112	11	64	56	38	500	0	13	1	24	28	62	699	329	4	3
OTU_1121	11	20	0	16	1	9	1	189	5	6	1	2	2	4	13	3	4	1	7	4	11	2	6	4	1	11	13	1	3	7	6	1	25	4	0	6	2	11	0	2	36	0	7	76	5	36	0	8	2	100	2	8	14	3	3	30	12	14	7	2	0	3	2	1	8	3	1	11	2	4	3	0	10	1	2	6	16	1	3	1	1	1	4	5	7	1	0	21	7	9	10	8	21	5	9	5	1	2	7	9	6	5	4	2	0	10	1	2	5	1	5	3	8	7	8	14	2	12	1	1	16	0	4	4	5	3	1	7	4	2	25	0	0	82	5	0	1	3	1	4	11	32	3	5	73	2	6	4	1	0	3	19	3	16	2	12	59	3	12	3	1	1	9	8	12	55	11	16	24	6	6	19	3	32	3	2	0	1	14	1	2	0	0	118	21	30	7	3	2
OTU_1124	0	0	0	2	0	0	0	17	0	0	0	0	0	0	0	0	0	0	0	0	0	4	0	0	0	0	0	0	0	0	0	2	0	0	16	3	0	3	0	0	0	0	0	0	2	0	0	0	0	0	0	0	0	1	0	0	0	0	2	0	0	0	37	0	0	0	0	0	0	0	0	0	3	0	0	0	0	0	0	0	0	0	0	0	0	0	0	0	0	0	0	0	1	0	0	0	0	0	0	0	0	0	0	0	0	0	0	0	0	1	0	0	1	0	0	1	1	0	1	4	83	0	0	4	2	0	0	0	0	0	0	0	0	0	0	0	0	1	0	0	0	0	0	1	0	26	1	0	0	0	3	0	28	0	0	2	1	4	0	0	4	0	1	1	0	1	0	0	0	1	0	0	0	552	0	13	4	2	0	0	0	0	0	0	5	0	0	0	0
OTU_1125	0	0	0	0	0	0	0	0	0	0	0	0	0	0	0	0	0	0	0	0	0	0	0	0	0	0	0	0	0	0	0	0	0	0	0	0	0	0	0	0	0	0	0	0	0	0	0	0	0	0	0	0	0	0	0	0	0	0	0	0	0	0	0	0	0	0	0	0	0	0	0	0	0	0	0	0	0	0	0	0	0	0	0	0	0	0	0	0	0	0	0	0	3	0	0	0	0	0	0	0	0	0	0	0	0	0	0	0	0	0	0	0	0	0	0	0	0	0	0	0	0	0	0	0	0	0	0	0	0	0	0	0	0	0	0	0	0	0	0	0	0	0	0	0	0	0	0	0	0	0	0	0	0	0	0	0	0	0	0	0	0	0	0	0	0	0	0	0	0	0	0	0	0	0	0	0	0	0	0	0	0	0	0	0	0	0	0	0	0
OTU_1126	0	0	0	0	0	0	0	0	0	0	0	0	0	0	0	0	0	0	0	0	0	0	0	0	0	0	0	0	0	0	0	0	0	0	0	0	0	0	0	0	0	0	0	0	0	0	0	0	0	0	0	0	0	0	0	0	0	0	0	0	0	0	0	0	0	0	0	0	0	0	0	0	0	0	0	0	0	0	0	0	0	0	0	0	0	0	0	0	0	0	0	0	0	0	0	0	0	0	0	0	0	0	0	0	0	0	0	0	0	0	0	0	0	0	0	0	0	0	0	0	0	0	0	0	0	0	0	0	0	0	0	0	0	0	0	0	0	0	0	0	0	0	0	0	0	0	0	0	0	0	0	0	0	0	0	0	0	0	1	0	0	0	0	0	0	0	0	0	0	0	0	0	0	0	0	0	0	0	0	0	0	0	0	0	0	0	0	0	0
OTU_1127	0	0	0	0	0	0	0	0	0	0	0	0	0	0	0	0	0	0	0	0	0	0	0	0	0	0	0	0	0	0	0	0	0	0	0	0	0	0	0	0	0	0	0	0	0	0	0	0	0	0	0	0	0	0	0	0	0	0	0	0	0	0	0	0	0	0	0	0	0	0	0	0	0	0	0	0	0	0	0	0	0	0	0	0	0	0	0	0	0	0	0	0	0	0	0	0	0	0	0	0	0	0	0	0	0	0	0	0	0	0	0	0	0	0	0	0	0	0	0	0	0	0	0	0	0	0	0	0	0	0	0	0	0	0	0	0	0	0	0	0	0	0	0	0	0	7	0	0	0	0	0	0	0	0	0	0	0	0	0	0	0	0	0	0	0	0	0	0	0	0	0	0	0	0	0	0	0	0	0	0	0	0	0	0	0	0	0	0	0
OTU_1128	0	0	0	0	0	0	0	0	0	0	0	0	0	0	0	0	0	0	0	0	0	0	0	0	0	0	0	0	0	0	0	0	0	0	0	0	0	0	0	0	0	2	0	0	0	0	0	0	0	0	0	0	0	0	0	0	0	0	0	0	0	0	0	0	0	0	0	1	0	0	0	0	0	0	0	0	0	0	0	0	0	0	0	0	0	0	0	0	0	0	0	0	0	0	0	0	0	0	0	0	0	0	0	0	0	0	0	0	0	0	0	0	0	0	0	0	0	0	0	0	0	0	0	0	0	0	0	0	0	0	0	0	0	0	0	0	0	0	0	0	0	0	0	0	0	0	0	0	0	0	0	0	0	0	0	0	0	0	0	0	0	0	0	0	0	0	0	0	0	0	0	0	0	0	0	0	0	0	0	0	0	0	0	0	0	0	0	0	0
OTU_1129	0	1	0	0	0	6	0	0	0	0	0	2	0	0	0	0	0	0	0	0	0	0	0	1	0	0	0	0	0	0	1	0	0	0	0	0	0	0	0	0	0	0	6	0	0	0	0	0	4	0	2	0	0	3	0	0	0	1	0	0	0	0	1	0	0	12	0	4	2	0	0	0	0	0	1	0	0	1	0	0	0	0	0	0	1	0	0	0	0	2	0	1	0	0	0	0	0	0	1	0	0	0	0	0	0	0	0	0	0	24	1	1	0	0	1	1	0	0	0	0	3	0	0	0	0	0	0	0	0	0	2	0	0	0	1	0	0	1	0	2	1	1	0	0	0	1	0	0	0	0	0	5	0	0	0	1	2	0	3	24	0	0	2	0	0	0	0	0	2	0	0	0	2	0	0	0	0	0	0	1	0	0	0	0	0	1	0	0	0
OTU_1130	0	0	0	0	0	0	2	0	1	0	0	0	0	0	0	0	0	0	0	1	2	0	9	0	0	0	0	0	0	0	0	0	0	0	0	0	0	0	0	6	0	0	0	0	0	0	0	0	0	2	0	1	0	0	0	0	0	0	0	0	0	0	0	0	0	0	0	0	0	0	0	1	0	0	0	0	0	0	0	0	0	1	0	0	0	0	0	0	0	1	0	0	2	0	0	0	0	0	0	0	0	0	0	3	0	1	3	0	1	0	2	0	12	0	3	0	0	8	0	3	18	0	1	0	0	0	0	2	0	0	4	0	0	4	0	0	0	5	1	0	0	1	1	0	0	0	0	1	0	0	0	0	5	0	0	0	1	1	0	0	0	0	3	0	0	0	0	0	40	0	3	0	0	1	0	0	0	4	12	10	0	0	1	0	2	3	0	6	0
OTU_1132	0	0	0	0	0	0	0	0	0	0	0	0	0	0	0	0	0	0	0	0	0	0	0	0	0	0	0	0	0	0	0	0	0	0	0	0	0	0	0	0	0	0	0	0	0	0	0	0	0	0	0	0	0	0	0	0	0	0	0	0	0	0	0	0	0	0	0	0	0	0	0	0	0	0	0	0	0	0	0	0	0	0	0	0	0	0	0	0	0	0	0	0	0	0	0	0	0	0	0	0	0	0	0	0	0	0	0	0	0	0	0	0	0	0	0	0	0	0	0	0	0	0	0	0	0	0	0	0	0	0	0	0	0	0	0	0	0	0	0	0	0	0	0	0	1	0	0	0	0	0	0	0	0	0	0	0	0	0	0	0	0	0	0	0	0	0	0	0	0	0	0	0	0	0	0	0	0	0	0	0	0	0	0	0	0	0	0	0	0
OTU_1134	0	0	0	0	0	0	0	0	0	0	0	0	0	0	0	0	0	0	1	0	0	0	0	0	0	0	0	0	0	0	0	0	0	0	0	0	0	0	0	1	0	0	0	0	0	0	0	0	0	0	0	0	0	0	0	0	0	0	0	0	0	0	0	0	0	0	0	0	0	1	0	0	0	0	0	0	0	0	0	0	0	0	0	0	0	0	0	0	0	0	0	0	0	0	0	0	0	0	0	0	0	0	0	0	0	0	0	0	0	0	0	0	0	0	0	0	0	0	0	0	0	0	0	0	0	0	0	0	0	0	0	0	0	0	0	0	0	0	0	0	0	0	0	0	0	0	0	0	0	0	0	0	0	0	0	0	0	0	0	0	0	0	0	0	0	0	0	0	0	0	0	0	1	0	0	0	0	0	0	0	1	0	0	0	0	0	0	0	0
OTU_1135	0	1	0	1	0	0	0	0	0	0	0	0	0	61	0	0	1	0	0	0	0	0	3	0	0	0	0	0	0	0	0	0	0	0	4	6	0	0	0	0	0	0	2	0	0	0	0	1	0	0	0	2	0	0	5	2	0	0	0	0	0	1	0	0	0	0	0	0	0	0	0	0	0	1	0	0	0	1	0	0	1	0	0	0	0	0	0	2	1	1	0	0	0	0	0	0	0	0	1	0	1	1	4	0	0	0	0	0	0	0	0	0	0	0	0	1	0	0	0	0	0	0	0	0	5	0	0	1	0	0	0	0	0	1	0	0	0	0	0	0	0	0	0	0	0	0	0	0	0	0	0	0	0	0	0	0	0	0	0	0	0	0	0	0	0	0	0	0	0	0	0	0	0	0	0	0	0	1	0	0	1	0	0	0	0	0	0	0	0
OTU_1136	1	0	0	0	0	0	1	0	0	0	0	0	0	0	0	0	0	0	0	0	0	0	0	1	0	0	0	0	0	0	0	0	1	0	0	0	0	8	0	0	0	0	0	0	0	0	0	0	0	0	0	0	0	0	0	1	0	0	2	0	0	0	0	0	0	0	1	0	0	0	0	0	1	0	0	0	0	0	0	0	0	0	0	0	0	0	0	0	4	0	0	0	0	0	0	0	0	0	1	2	0	0	0	1	0	0	0	0	0	0	0	0	0	0	0	0	1	1	0	0	0	0	0	0	0	0	0	0	0	0	2	0	0	3	1	0	0	0	0	1	1	0	0	0	0	0	0	0	0	0	0	0	0	0	0	0	0	0	0	0	0	0	0	0	1	0	0	0	0	1	0	0	0	2	0	0	0	0	0	2	0	0	2	0	0	0	0	0	0
OTU_1137	0	0	17	0	12	1	7	7	18	0	2	5	0	7	4	3	0	32	8	23	17	0	9	5	2	0	0	1	0	3	46	1	3	0	3	15	22	5	55	0	2	4	7	51	22	12	1	4	24	4	5	20	2	0	6	5	1	2	3	0	0	4	14	36	4	1	1	12	9	3	2	3	6	25	0	8	1	0	6	8	0	6	26	3	7	27	0	16	3	8	4	7	4	5	3	7	0	5	18	1	7	2	11	5	0	0	0	4	2	0	0	2	0	0	0	3	1	1	2	0	14	0	0	0	0	3	0	4	1	0	2	0	0	4	3	0	0	1	3	1	8	63	0	12	2	3	0	0	0	2	1	0	1	0	0	27	9	4	0	0	0	0	0	0	1	0	0	8	0	4	0	2	1	5	3	0	0	0	0	1	3	0	2	0	18	23	6	0	55
OTU_1138	14	27	2	3	2	5	0	2	0	13	2	8	0	5	0	0	0	0	0	0	0	0	1	0	15	1	1	0	1	0	0	3	12	1	1	0	4	1	9	4	8	3	6	40	3	6	2	0	0	10	3	11	2	4	0	5	1	6	1	3	0	0	0	0	2	12	0	0	7	0	3	0	1	2	0	0	4	27	0	0	0	1	5	1	11	0	2	1	5	2	1	1	6	0	1	0	0	0	1	0	1	0	4	0	0	1	0	0	2	0	1	0	0	1	0	7	0	5	0	1	1	1	0	0	2	0	0	0	0	25	4	0	0	1	2	1	0	0	0	2	0	1	0	2	18	1	0	1	0	1	2	11	9	3	0	1	0	1	1	0	1	0	1	1	2	4	2	1	4	0	0	0	1	5	0	0	0	1	2	2	3	0	1	12	5	1	0	1	0
OTU_1139	0	1	0	0	0	0	0	1	0	0	0	0	0	0	0	2	0	1	0	0	0	0	1	0	0	1	0	0	0	0	0	1	0	0	0	0	0	0	0	0	1	0	1	17	0	0	1	0	0	0	3	10	0	0	0	1	0	0	0	0	1	1	0	0	0	0	1	0	0	0	0	1	1	0	0	0	0	5	0	0	0	0	1	0	0	0	0	0	3	0	0	2	2	1	1	0	0	0	0	1	0	0	0	1	0	0	0	0	2	2	0	2	1	0	0	0	0	1	0	1	4	0	0	1	0	1	0	2	0	1	0	0	0	0	0	0	0	0	2	0	0	3	0	0	1	0	1	0	0	1	0	0	2	0	0	0	0	0	0	0	0	0	0	0	0	0	1	6	0	0	0	1	0	0	1	0	0	0	0	0	0	0	1	0	1	1	0	0	1
OTU_1141	0	0	0	0	0	0	0	0	0	0	0	0	1	0	0	0	0	0	0	0	0	0	0	0	0	0	0	0	0	0	0	0	0	0	0	0	0	0	0	0	0	0	0	0	0	0	0	0	0	0	0	0	0	0	0	0	0	0	0	0	0	0	0	0	0	0	0	1	0	0	3	0	0	0	0	0	0	0	0	0	2	0	0	0	0	0	0	0	0	0	0	0	0	0	0	1	0	1	0	0	0	0	1	0	1	0	0	0	2	0	1	0	0	0	0	0	0	0	0	2	0	0	2	0	0	0	0	0	0	0	0	0	1	0	0	0	0	0	0	0	1	0	1	0	0	0	0	0	0	1	0	0	0	0	0	0	0	0	1	0	1	0	2	0	0	0	0	0	0	0	0	0	0	0	0	0	0	0	0	0	0	0	0	0	0	0	0	0	0
OTU_1142	0	0	0	0	0	0	0	0	0	0	0	0	0	0	0	0	0	0	0	0	0	0	0	0	0	0	0	0	0	0	0	0	0	0	0	0	0	0	0	0	0	0	0	0	0	0	0	0	0	0	0	0	0	0	0	0	0	0	0	0	0	0	0	0	0	0	0	0	0	0	0	0	0	0	0	0	0	0	0	0	0	0	0	0	0	0	0	0	0	0	0	0	0	0	0	0	0	0	0	0	0	0	0	0	0	0	0	0	0	0	0	0	1	0	0	0	0	0	0	0	0	0	0	0	0	0	0	0	0	0	0	0	0	0	0	1	0	0	0	0	0	0	0	0	0	0	0	0	0	0	0	0	0	0	0	0	0	0	0	0	0	0	0	0	0	0	0	0	0	0	0	0	0	0	0	0	0	0	0	0	0	0	0	0	0	0	0	0	0
OTU_1144	0	1	2	0	1	0	2	1	0	1	2	0	0	0	2	0	2	0	0	0	0	0	0	0	1	2	0	0	0	1	0	1	0	1	0	0	0	0	0	0	0	7	0	0	0	1	0	0	0	0	0	1	0	0	0	0	0	1	0	0	1	2	3	2	0	1	0	0	0	0	0	7	0	0	0	0	0	1	0	0	0	0	2	2	0	1	0	0	0	0	0	1	1	0	0	0	0	0	0	0	0	0	0	0	0	0	1	0	0	0	0	1	0	0	0	0	1	1	0	0	0	0	0	0	2	0	0	1	0	0	0	0	0	0	0	0	0	0	0	0	0	0	1	2	0	0	1	0	0	0	0	0	0	1	0	1	1	1	1	0	0	0	0	2	0	0	0	0	1	2	0	0	0	0	0	0	0	0	0	0	2	0	2	0	0	0	0	0	4
OTU_1145	0	0	0	0	0	0	0	0	0	0	0	0	0	0	0	0	0	0	0	0	1	0	0	0	0	0	0	0	0	0	0	0	0	0	0	0	0	0	0	0	0	0	0	0	0	0	0	0	0	0	0	0	0	0	0	0	0	0	0	0	0	0	0	0	0	0	0	0	0	0	0	1	0	0	0	0	0	0	0	0	0	0	0	0	0	0	0	0	0	0	0	0	0	0	0	0	0	0	0	0	0	0	0	0	0	0	0	0	0	0	0	0	0	0	0	0	0	0	0	0	0	0	0	0	1	0	0	0	0	0	0	0	0	0	0	0	0	0	0	0	0	0	0	0	0	0	0	0	0	0	0	0	0	0	0	0	0	0	0	0	0	0	0	0	0	1	0	0	0	0	0	0	0	0	0	0	0	0	0	0	0	0	0	0	0	0	0	0	0
OTU_1146	149	1	15	596	5262	12	329	16	151	7	4	563	1	10	5	13	69	398	12	15	40	14	16	11	185	2	42	2	14	17	149	68	268	21	711	399	681	38	3	2	7	21	32	2	593	57	62	276	48	127	18	18	5	4	187	6	2	8	153	3	228	10	210	79	13	6	23	24	92	8	22	6	97	5	5	8	0	4	92	281	3	505	7	6	3	188	4	532	8	20	6	6	138	77	157	60	0	6	59	6	9	422	1	279	9	19	2	5	272	1	7	7	52	9	48	219	1	31	159	8	76	1	26	16	99	361	50	465	96	249	7	0	11	28	78	4	520	142	12	279	211	163	21	14	1	19	0	155	1	48	0	1	176	111	0	126	65	106	9	394	32	178	130	1	135	41	18	19	9	162	21	58	88	170	10	16	2	38	85	5	43	3	31	0	26	128	26	5	130
OTU_1147	4	56	158	127	1714	15	37	404	24	2	4	449	40	34	15	19	69	7	273	42	118	27	29	25	18	127	117	5	24	10	176	19	3	358	145	40	15	2	261	6	107	35	31	36	52	122	30	90	143	27	5	55	10	79	146	162	2	31	249	9	25	1317	2047	174	29	5	49	22	191	12	11	9	21	122	1	315	371	0	11	63	64	23	232	5	596	79	27	29	427	36	5	4	11	136	28	2	4	6	20	29	44	36	4	37	609	15	42	5	0	0	26	3	632	36	224	250	110	183	13	42	537	6	51	260	489	246	767	202	500	234	31	89	8	78	163	34	1975	132	83	132	38	203	112	40	16	38	49	235	6	124	187	31	10	394	5	69	222	58	386	4	62	3	98	16	518	5	77	27	29	34	11	45	214	154	163	27	82	134	37	158	31	13	220	13	38	112	132	70	24
OTU_1148	0	0	0	0	0	0	0	0	0	0	0	0	0	0	0	0	0	0	0	0	0	0	0	1	0	0	0	0	1	0	0	0	0	0	0	0	0	0	0	0	0	0	2	0	1	0	1	0	0	0	0	0	1	0	0	0	0	0	0	0	1	0	0	0	0	0	0	0	0	0	1	0	0	1	0	0	0	0	0	0	0	0	0	0	1	0	0	1	0	0	0	0	0	0	0	0	0	0	0	0	0	0	0	0	0	0	0	0	0	0	0	0	0	0	0	2	0	1	0	2	0	0	0	0	0	0	0	0	0	0	0	0	0	0	0	0	0	0	0	0	0	0	0	0	0	0	0	0	0	0	0	0	0	0	0	0	0	0	0	0	0	0	0	0	0	0	0	0	0	0	1	0	0	0	0	1	0	1	0	0	0	1	0	0	0	0	0	0	0
OTU_1149	0	0	0	0	0	0	0	0	0	0	0	0	0	0	0	0	0	0	0	0	0	0	0	0	0	0	0	0	0	0	0	0	0	0	0	0	0	0	0	0	0	0	0	0	0	0	0	0	0	0	0	0	0	0	0	0	0	0	0	0	0	0	0	0	0	0	0	0	0	0	0	0	0	0	0	0	0	2	0	0	0	0	0	0	0	0	0	0	0	0	0	0	0	0	0	0	0	0	0	0	0	0	0	0	0	0	0	0	0	0	0	0	0	0	0	0	0	0	0	0	0	0	0	0	0	0	0	0	0	0	0	0	0	0	0	0	0	0	0	0	0	0	0	0	0	0	0	0	0	0	0	0	0	0	0	0	0	0	0	0	0	0	0	0	0	0	0	0	0	0	0	0	0	1	0	0	0	0	0	0	0	0	0	0	0	0	0	0	0
OTU_1150	0	17	0	0	0	0	0	0	0	0	0	0	0	0	0	0	15	0	0	0	0	1	0	0	0	0	0	0	0	0	0	0	1	0	12	6	0	0	0	0	0	0	0	0	0	0	0	0	0	0	0	0	0	0	20	0	0	0	0	0	1	0	0	6	0	0	0	0	0	0	1	0	0	16	0	0	1	31	0	2	0	0	0	0	0	0	0	0	0	1	0	0	0	0	0	0	0	0	0	0	0	0	0	0	0	0	0	0	0	0	0	0	0	0	0	0	0	0	0	0	0	0	0	0	0	0	0	1	0	0	0	0	0	0	0	0	0	0	0	0	0	0	0	0	0	0	0	0	0	0	0	0	0	0	0	0	0	0	0	0	0	0	0	0	0	0	0	0	0	0	0	0	0	0	0	0	0	0	0	0	0	0	0	0	0	0	0	0	0
OTU_1151	14	4	22	26	4	71	3	14	17	9	6	21	0	3	1	1	2	3	17	0	4	2	14	8	8	4	3	0	1	1	7	4	31	5	4	2	5	24	2	9	32	16	21	5	17	15	6	24	1	14	18	5	15	15	1	13	14	34	18	0	0	10	2	3	1	69	6	9	19	4	3	4	2	3	0	2	16	19	0	2	0	4	9	7	8	3	0	20	17	3	6	1	34	3	15	0	3	0	4	15	1	0	2	5	12	22	0	0	8	0	10	4	22	28	29	19	1	11	3	0	33	4	0	0	14	2	4	3	34	89	20	8	1	13	2	5	41	23	0	0	2	2	4	0	22	14	30	4	0	2	2	97	7	35	0	17	3	2	3	11	3	0	25	33	27	0	2	17	43	3	7	2	1	15	0	10	0	8	17	24	14	4	8	35	5	22	1	17	0
OTU_1153	0	0	0	0	0	0	0	2	0	0	0	0	0	0	0	0	0	0	0	0	0	0	0	0	0	0	0	0	0	0	0	0	0	0	0	0	0	0	0	0	0	0	0	0	0	0	0	4	0	0	0	0	0	0	0	0	0	0	0	0	0	0	0	0	0	0	0	0	0	0	0	0	0	0	0	0	0	0	0	0	0	0	0	0	0	0	0	0	1	0	0	0	0	0	0	0	0	0	0	0	0	0	0	0	0	0	0	0	0	0	0	0	0	0	0	0	0	0	2	0	0	0	0	0	6	0	0	0	0	0	0	0	0	0	0	0	0	0	0	0	0	0	0	0	0	0	0	1	0	0	0	0	0	0	0	0	0	23	0	0	0	0	0	2	0	0	0	0	0	0	0	0	0	0	0	0	0	0	0	0	0	0	0	0	0	0	0	2	0
OTU_1154	0	0	0	0	0	0	0	0	0	0	0	1	0	0	0	0	0	0	0	0	0	0	0	0	0	0	0	0	0	0	0	0	0	0	0	0	0	0	0	0	0	0	1	0	0	0	0	0	0	0	0	0	0	0	0	0	0	0	0	0	0	0	0	0	0	0	1	0	0	0	0	0	0	0	0	0	0	0	0	0	0	0	0	0	0	0	0	0	0	0	0	0	0	0	0	0	0	0	0	0	0	0	0	0	0	0	0	0	0	0	0	0	0	0	0	0	0	0	0	0	0	0	0	0	0	0	0	0	0	0	0	0	0	0	0	0	0	0	0	0	0	4	0	0	0	0	0	0	0	0	0	0	0	0	0	0	0	0	0	0	0	0	0	0	0	0	0	0	0	0	1	0	0	0	0	0	0	0	0	0	0	0	0	0	0	0	0	0	0
OTU_1155	40	14	2	100	71	565	230	26	72	20	10	1160	7	19	5	2	3	398	3	19	1	13	5	29	17	2	5	2	6	17	694	4	15	1873	24	11	204	24	492	7	16	46	87	2	23	250	19	59	6	13	19	13	56	10	5	6	0	10	9	76	0	2787	356	12	7	112	4	6	5	98	10	145	0	132	1	28	11	5	1	5	52	18	338	5	29	81	7	21	938	27	13	15	9	4	36	2	2	13	6	4	18	16	2	67	5	14	222	397	36	0	5	119	117	24	50	105	4	90	60	38	39	12	35	9	6	8	23	167	345	12	16	554	4	188	32	8	258	9	268	8	67	15	11	2	18	2	14	11	5	4179	0	245	1	77	4	208	183	1	626	27	8	73	0	169	4	3	28	26	13	14	19	10	46	1	261	2	11	3	4	96	80	21	16	8	11	10	44	85	12
OTU_1157	0	0	1	0	1	1	1	0	0	0	0	1	0	1	1	4	0	121	1	2	0	0	0	0	0	0	0	1	0	1	7	0	0	10	0	1	1	0	47	0	0	1	3	1	0	1	0	0	0	1	0	0	2	0	1	0	0	1	2	1	1	27	0	0	1	2	1	19	0	5	3	4	0	7	0	0	2	0	4	4	2	1	5	0	1	8	0	3	0	1	0	2	0	0	0	0	1	3	3	1	0	0	0	1	0	0	0	0	0	0	0	2	0	0	0	1	0	0	0	0	3	0	0	1	0	0	0	38	0	0	5	0	0	0	1	0	1	0	0	0	1	2	0	0	0	0	0	0	0	0	0	0	0	4	0	4	0	0	2	0	0	0	0	0	0	0	0	2	3	0	0	2	1	0	1	0	0	0	1	0	2	0	0	0	2	0	0	0	1
OTU_1159	7	41	239	46	271	1	143	5	141	3	6	5	0	2	5	87	4	5	4	17	76	120	31	60	112	1	9	9	23	70	10	3	9	1	73	108	1	19	8	121	58	34	13	55	6	55	30	1	6	80	12	31	3	1	6	72	6	4	40	1	77	20	30	134	125	4	21	7	13	3	28	4	97	17	5	53	1	1	3	31	1	1	9	5	26	55	11	14	19	8	4	7	87	41	3	10	101	6	46	19	30	64	29	41	0	0	0	51	0	0	23	9	0	3	4	38	11	18	14	7	10	6	3	9	7	59	2	75	6	8	4	2	17	8	58	2	5	3	39	12	68	69	3	191	0	15	4	13	0	4	7	2	93	4	0	25	6	19	1	4	8	21	13	1	5	22	3	5	5	193	19	2	9	37	175	2	4	4	9	4	8	1	75	0	46	17	27	1	205
OTU_1160	0	4	0	0	0	0	4	0	2	0	0	0	0	0	1	2	0	0	0	0	0	7	0	1	0	0	0	0	0	0	0	0	0	0	3	5	0	0	0	0	0	0	1	0	0	0	0	0	0	0	0	0	0	0	0	0	0	0	0	0	0	0	0	0	1	0	0	0	0	0	1	0	7	0	0	4	0	0	0	0	0	0	0	0	0	0	0	0	0	0	0	0	1	0	0	0	3	0	5	2	1	1	0	2	0	2	0	0	0	0	4	0	0	0	0	0	2	0	3	19	0	0	0	0	0	0	2	1	0	0	0	0	0	0	14	0	0	1	0	0	2	5	0	21	0	1	0	6	1	3	0	1	3	0	0	1	4	8	0	0	0	0	0	0	3	5	0	0	0	1	2	0	0	1	0	0	0	9	3	0	0	0	9	0	22	0	1	0	15
OTU_1161	0	0	0	0	0	0	0	0	0	0	0	0	0	0	0	0	0	0	0	0	0	0	0	0	0	0	0	0	0	0	0	0	0	0	0	0	0	0	0	0	0	0	0	0	0	0	0	0	0	0	0	0	0	0	0	0	0	0	0	0	0	0	0	0	0	0	0	0	0	0	0	0	0	0	0	0	0	0	0	0	0	0	0	0	0	0	0	0	0	0	0	0	3	0	0	0	0	0	0	0	0	0	0	0	0	0	0	0	0	0	0	0	0	0	0	0	0	0	0	0	0	0	0	0	0	0	0	0	0	0	0	0	0	0	0	0	0	0	0	0	0	0	0	0	0	0	0	0	0	0	0	0	0	0	0	0	0	0	0	0	0	0	0	0	0	0	0	0	0	0	0	0	0	0	0	0	0	0	0	0	0	0	0	0	0	0	0	0	0
OTU_1164	0	0	0	0	0	0	0	0	0	0	1	0	0	0	0	0	0	0	0	0	0	0	0	0	0	0	0	0	0	0	0	0	0	0	0	0	0	0	0	0	0	0	0	0	0	0	0	0	0	0	0	0	0	0	0	0	0	0	0	0	0	0	1	0	0	0	0	0	1	0	0	0	0	1	0	0	0	0	0	0	0	0	0	0	0	0	0	0	0	0	0	0	0	0	0	0	0	0	0	0	0	0	0	0	0	0	0	0	0	0	0	1	0	0	1	0	0	0	0	0	0	0	0	0	0	0	0	0	0	0	0	1	0	0	0	0	0	0	0	0	0	0	0	0	0	0	0	0	0	0	0	0	0	0	0	0	0	0	0	0	0	0	0	0	0	0	0	0	0	2	0	0	0	0	0	0	0	0	1	0	0	0	0	0	0	0	0	0	0
OTU_1165	0	0	0	0	0	0	0	0	1	0	0	0	0	0	1	0	0	0	0	0	0	32	0	0	0	0	1	0	0	0	2	0	0	0	0	0	0	0	0	0	0	0	0	0	0	0	0	0	0	0	0	0	0	0	1	0	0	0	2	0	0	6	0	1	0	0	0	0	0	0	1	0	1	0	0	0	0	0	0	0	0	0	0	0	0	0	0	0	0	0	0	0	11	0	0	0	0	0	0	49	1	0	0	0	0	0	0	0	0	0	0	0	0	0	0	3	0	0	16	0	0	0	0	24	0	0	0	0	0	0	0	0	6	0	0	0	0	0	0	0	0	0	0	0	0	0	0	0	0	0	0	1	37	0	0	0	0	94	0	0	1	0	0	0	0	0	0	0	0	0	0	0	0	0	0	0	0	0	0	0	0	0	23	0	0	0	0	0	0
OTU_1166	0	0	0	0	0	0	0	0	0	0	0	0	0	0	0	0	0	0	2	0	0	0	0	0	0	0	0	0	0	0	0	0	0	0	0	0	0	0	0	0	0	0	0	0	0	0	0	0	2	0	0	0	0	0	0	0	0	0	0	0	0	0	0	0	0	0	0	0	0	0	1	0	0	0	0	0	0	0	0	0	0	0	0	0	0	0	0	0	0	0	0	0	0	0	0	0	0	0	0	0	0	0	0	0	0	0	0	0	0	0	0	0	0	0	0	0	0	0	0	0	0	0	0	0	0	0	0	0	0	0	0	0	0	0	0	0	0	0	0	0	0	0	0	0	0	0	0	0	0	0	0	0	0	0	0	0	0	0	0	0	0	0	0	0	0	0	0	0	0	0	0	0	0	0	0	0	0	0	0	0	0	2	0	0	0	0	0	0	0
OTU_1167	0	7	0	8	0	0	2	52	1	0	12	0	0	0	0	0	1	0	0	0	13	0	1	0	4	2	1	0	1	0	1	0	1	2	1	0	0	55	0	0	10	0	6	4	0	5	4	0	1	6	1	3	0	1	0	0	0	0	6	0	0	0	2	0	2	0	1	0	7	1	0	1	0	1	0	2	0	1	2	3	0	13	55	0	12	0	0	27	0	3	3	0	8	1	0	0	1	1	11	35	9	0	0	0	0	2	0	0	0	1	0	1	2	2	6	1	0	0	7	1	2	0	0	0	15	1	2	8	0	5	14	0	1	0	6	0	12	0	0	0	2	1	3	1	6	17	12	3	1	0	1	0	6	5	3	0	4	3	0	0	0	0	5	1	0	17	2	0	0	0	0	2	3	9	0	6	0	3	6	1	0	1	5	17	1	7	0	0	0
OTU_1168	0	0	1	2	0	0	0	0	0	0	1	2	0	0	2	2	0	0	1	1	0	1	0	271	0	0	0	0	0	1	0	0	1	0	0	0	2	0	1	2	1	0	2	0	4	0	0	0	2	0	0	2	1	0	0	0	0	3	0	0	0	7	1	0	0	1	0	0	0	2	1	0	0	1	0	0	0	0	0	0	0	0	0	0	2	0	0	0	0	0	1	0	0	0	2	3	0	0	1	0	0	0	0	32	0	2	0	3	0	0	0	70	0	0	0	3	0	34	0	0	1	0	1	0	24	4	0	0	0	0	1	0	0	0	66	49	0	0	1	2	4	1	0	0	2	0	0	0	4	0	0	0	0	0	0	4	0	0	1	0	0	51	0	0	0	0	17	2	0	1	0	0	0	0	1	0	0	16	0	0	0	0	74	1	0	0	0	0	0
OTU_1170	0	0	0	0	0	0	0	0	0	0	0	0	0	0	0	0	0	0	0	0	0	0	0	0	0	0	0	0	0	0	0	0	0	0	0	0	0	0	0	0	0	0	0	0	0	0	0	0	0	0	0	1	0	0	0	0	0	0	0	0	0	0	0	0	0	0	0	0	0	0	0	0	0	0	0	0	0	0	0	0	0	0	0	0	0	0	0	0	1	0	1	0	0	0	0	0	0	0	0	0	0	0	0	0	0	0	0	0	0	0	0	0	0	0	0	0	0	0	0	0	0	0	0	0	0	0	0	0	0	0	0	0	0	0	0	0	0	0	0	0	0	0	0	0	0	0	0	0	0	0	0	0	0	0	0	0	0	0	0	0	0	0	0	0	0	0	0	0	0	0	0	0	0	0	0	0	0	0	0	0	0	0	0	0	0	0	0	0	0
OTU_1171	0	0	0	0	0	0	0	0	0	0	0	0	0	0	2	1	1	0	0	2	0	0	0	0	0	0	1	0	0	0	0	0	0	0	0	1	0	1	0	0	0	0	0	0	0	1	0	0	0	0	0	0	0	0	1	0	0	0	0	0	0	0	1	0	0	0	0	0	0	0	0	1	0	0	0	0	0	0	0	0	2	1	0	1	0	0	0	0	0	0	0	0	1	0	0	0	0	1	0	0	1	2	0	3	0	0	2	0	0	0	0	1	0	4	0	2	0	1	0	0	0	0	0	2	1	1	1	0	0	0	0	4	0	0	1	0	0	0	1	4	7	1	0	0	0	2	0	0	0	4	0	0	0	1	0	0	1	0	0	0	0	0	0	0	0	0	1	4	0	0	0	0	0	0	0	0	0	0	1	0	12	0	0	0	2	6	2	0	0
OTU_1172	3	0	1	2	2	19	5	1	1	3	0	42	0	2	1	0	0	24	2	0	0	1	1	3	0	0	0	1	0	0	36	1	0	58	0	0	8	0	39	0	1	0	4	1	3	40	1	2	0	1	1	6	2	0	1	0	0	1	0	6	0	103	9	1	1	4	0	1	1	7	1	5	1	5	0	1	1	0	1	0	1	2	19	0	1	6	1	1	50	1	2	0	3	0	3	0	0	0	0	0	3	1	0	1	0	0	18	16	1	0	0	5	6	0	0	5	0	2	3	3	0	0	1	1	1	0	0	4	17	0	2	11	0	7	1	1	10	0	4	1	5	0	2	0	3	0	0	0	0	145	1	6	0	3	0	16	12	0	24	1	1	5	0	6	0	0	1	0	0	0	1	0	5	0	12	0	1	0	0	2	5	1	0	1	1	1	0	1	1
OTU_1174	0	0	0	0	0	0	0	0	10	0	0	0	0	1	335	0	1	0	1	0	0	0	0	1	1	1	6	0	0	4	2	0	1	13	0	1	4	0	5	191	8	6	1	0	1	0	1	3	0	9	0	0	9	0	0	1	0	6	0	3	0	0	3	0	13	9	0	26	1	0	0	0	0	2	0	1	0	0	0	0	0	0	4	0	1	0	0	0	19	0	1	0	0	0	181	2	0	0	7	0	2	1	0	1	0	0	11	2	3	0	1	2	6	0	0	105	0	0	0	0	19	10	2	1	0	9	0	13	16	1	3	0	0	20	0	0	0	0	0	4	4	0	3	2	2	1	0	13	0	4	0	513	0	8	0	5	12	0	3	0	1	0	0	166	661	0	1	25	217	0	0	1	0	1	0	2	0	0	0	0	14	0	0	2	6	4	0	25	0
OTU_1175	18	0	0	0	0	0	0	0	0	0	0	0	0	0	0	0	0	0	0	0	0	0	1	0	0	0	1	0	0	0	0	0	0	0	0	0	0	0	0	0	0	0	0	4	0	0	0	0	0	0	0	0	0	0	0	0	0	0	0	0	0	0	0	0	0	0	0	1	0	0	0	0	0	0	0	0	0	0	0	0	0	0	0	0	0	0	0	0	0	0	0	0	0	0	0	0	0	0	0	0	0	0	0	0	0	0	0	0	0	0	0	0	0	0	0	0	0	0	0	0	0	0	0	0	0	0	0	0	0	0	0	0	4	0	4	0	0	0	0	0	0	0	0	0	0	0	0	0	0	0	0	0	0	0	0	0	0	0	0	0	0	0	0	1	0	0	0	0	0	0	0	0	0	4	0	1	0	0	0	0	0	0	5	0	0	0	0	0	0
OTU_1177	0	0	0	0	0	0	0	0	12	0	0	0	0	0	0	0	0	0	0	0	0	1	0	0	0	0	0	0	0	0	0	0	0	0	0	0	0	0	0	0	0	1	0	0	0	0	0	0	0	0	0	0	1	0	0	0	0	0	0	0	0	0	1	0	0	0	0	0	0	0	0	0	0	0	0	0	0	0	0	0	0	0	0	0	0	0	0	0	0	0	0	0	0	0	0	0	0	0	0	0	0	0	0	0	0	0	0	0	0	0	0	0	0	0	0	0	0	0	0	0	0	0	0	0	0	0	0	0	0	0	0	0	0	0	0	0	0	0	0	0	0	17	0	0	0	0	0	0	0	2	0	0	0	0	0	0	0	0	0	0	0	0	0	1	0	1	0	1	0	0	0	0	0	1	0	0	0	0	0	0	0	0	0	0	0	0	0	1	0
OTU_1179	0	83	0	16	0	2	1	10	0	4	0	3	0	3	2	7	0	0	2	2	1625	0	13	6	2	0	0	0	9	3	2	2	0	0	1	1	0	381	0	2	2	0	11	4	598	0	6	3	0	5	3	0	1	2	1	6	3	3	1	1	0	0	1	6	0	5	1	2	0	10	3	0	1	0	0	9	95	0	0	0	2	0	49	0	7	2	0	4	3	2	4	0	3	1	2	1	1	0	5	1	2	0	0	0	1	4	0	1	0	18	2	5	2	3	0	12	7	10	3	0	9	2	0	3	75	2	3	3	0	0	41	2	0	2	1	5	2	1	0	0	2	7	4	9	15	0	2	5	0	1	0	4	4	5	3	0	29	5	3	1	1	1	0	3	4	0	2	6	3	0	1	8	11	14	0	1	1	3	0	26	1	1	1	51	45	9	0	2	1
OTU_1180	0	4	0	0	0	0	0	0	0	0	0	0	1	0	0	0	0	0	1	0	0	9	0	0	2	1	3	3	0	0	1	1	0	0	0	0	0	0	0	0	0	0	0	0	0	0	1	0	1	0	0	1	0	0	0	0	0	0	0	1	0	0	0	0	0	0	0	1	8	0	0	0	0	0	0	34	1	0	0	0	0	0	0	1	0	0	0	0	0	0	0	0	0	0	0	0	0	0	0	0	0	0	18	0	0	0	0	0	0	0	0	0	0	0	0	0	0	0	0	0	0	0	0	0	0	0	0	0	0	0	0	0	0	0	0	0	0	0	0	0	0	0	0	0	0	0	0	0	0	0	0	0	0	0	0	0	0	0	0	1	0	0	0	0	0	0	0	0	0	0	0	0	0	0	0	0	0	0	1	0	0	0	0	0	0	0	0	0	1
OTU_1181	4	2	10	11	4	2	9	3	25	0	2	6	0	4	17	10	6	27	3	19	12	4	16	4	5	0	5	2	1	6	25	3	9	6	6	15	28	4	31	5	5	7	28	9	23	226	4	50	6	15	2	23	5	0	0	7	1	10	4	2	0	10	12	10	10	3	1	6	35	7	6	2	4	6	4	24	2	2	4	11	2	6	21	3	10	47	3	25	12	19	6	11	24	10	3	2	2	4	15	3	9	6	0	6	2	2	0	12	17	0	4	23	1	10	3	24	5	11	10	1	17	3	2	5	12	8	4	90	16	3	3	0	7	17	8	1	9	13	8	7	11	59	1	12	11	5	2	5	1	2	0	0	1	35	1	69	20	13	5	1	2	8	6	0	12	0	0	17	13	1	8	24	14	17	3	7	1	3	0	3	8	0	5	16	92	42	7	4	12
OTU_1182	7	1	34	3	1	4	1360	5	41	3	1	7	5	2	19	56	27	24	9	12	15	6	83	97	39	0	6	18	88	34	13	5	3	4	4	12	2	548	0	1	35	5	43	2	4	4	1	19	6	11	40	7	1	15	27	13	1	15	164	2	3	33	8	33	317	3	18	15	5	11	17	11	250	10	26	2	3	1	152	7	5	3	2	2	34	12	1	26	3	11	13	3	94	48	1	180	485	2	717	48	113	0	28	915	0	48	3	12	1	22	83	24	8	14	2	137	280	89	3450	928	646	76	10	183	436	155	413	13	14	23	374	6	1498	23	339	22	14	12	25	3	1015	1864	123	14	4	3966	1520	367	79	220	207	31	1079	16	227	47	765	1183	22	4	79	54	205	52	8	1332	5	27	24	301	154	335	10	5351	1289	854	492	110	267	93	27	3	1290	10	1274	274	20	47	25
OTU_1184	0	0	0	0	0	0	0	0	0	0	0	0	0	0	0	0	0	0	0	0	0	0	0	0	0	0	0	0	0	0	0	0	0	0	0	0	0	0	0	0	0	0	0	0	0	0	0	0	0	0	0	0	0	0	0	0	0	0	0	0	0	0	0	0	0	0	0	0	0	0	0	0	0	0	0	0	0	0	0	0	0	0	0	0	0	0	0	0	0	0	0	0	0	0	0	0	0	0	0	0	0	0	0	0	0	0	0	0	0	0	0	0	0	0	0	0	0	0	0	0	0	0	0	0	0	0	0	0	0	0	0	0	0	0	0	0	0	0	0	0	0	0	0	0	0	1	0	0	0	0	0	0	0	0	0	0	0	0	0	0	0	0	0	0	0	0	0	0	0	0	0	0	0	0	0	1	0	0	0	0	0	0	0	0	0	0	0	0	0
OTU_1185	0	0	0	0	2	1	1	18	4	0	14	3	0	2	0	0	0	9	0	2	0	3	0	0	0	5	1	1	1	0	14	2	0	5	6	6	4	1	7	0	0	0	0	1	0	2	0	1	0	0	1	0	0	0	1	0	0	0	0	4	0	3	0	6	3	0	0	0	2	5	0	1	1	0	2	6	0	0	1	0	1	1	3	2	1	0	3	0	0	1	0	1	3	0	1	1	1	0	2	0	0	0	0	1	0	0	0	0	1	0	0	0	1	0	0	0	0	1	0	2	0	0	0	0	0	0	0	2	0	0	0	1	0	0	1	0	0	0	6	0	0	0	0	2	0	0	0	0	0	7	0	0	18	0	1	0	0	2	0	3	0	0	0	0	0	3	0	0	0	4	1	0	2	1	0	0	3	0	0	0	0	0	1	0	0	0	3	0	0
OTU_1186	52	3	20	38	6	3536	23	127	1412	7	494	28	5	21	138	13	22	148	27	15	29	19	24	488	22	61	51	12	48	58	343	50	39	58	486	284	13	1833	37	13	23	1047	101	417	32	410	122	1542	69	11	1337	185	609	2823	15	733	14	177	1575	6	89	524	5	45	19	5055	298	430	2432	20	392	13	141	76	10	115	103	1993	3	330	12	370	339	1083	13	94	8	64	66	42	143	99	2452	454	29	3	78	4	244	884	19	35	388	11	180	181	2	18	6	2	242	542	21	24	77	1266	5	94	20	22	729	3	144	48	3	5	198	68	86	7453	191	64	28	37	56	18	3149	25	31	7	20	40	236	11	75	49	26	3	1	9	2	6028	7	135	2	26	48	81	38	8	8	16	21	35	13	7	3	53	184	23	5	17	12	84	4	21	45	6	7	374	72	19	16	22	29	24	100	90	32
OTU_1187	2	0	1	12	12	2	2	9	13	2	8	139	7	3	6	7	4	3	0	3	3	6	15	134	0	16	2	17	4	67	3	18	2	0	3	7	3	2	4	2	198	2	13	11	1	2	382	2	10	11	5	28	1	1	10	3	1	5	0	2	6	3	4	4	14	32	2	9	6	6	4	4	1	7	6	5	1	0	6	0	0	2	7	14	12	7	1	11	6	1	2	1	119	6	5	217	4	12	143	1	1	1	409	1	0	0	0	112	1	0	0	4	0	0	0	0	0	1	0	0	8	0	0	0	0	0	1	6	10	1	1	0	0	5	10	1	0	0	3	0	4	342	0	2	0	0	0	0	0	0	0	0	0	1	0	13	2	0	6	1	0	0	0	1	0	32	0	7	1	0	0	4	1	0	4	0	0	0	0	1	3	0	1	0	1	0	1	1	0
OTU_1189	0	0	1	0	0	0	12	0	1	0	0	0	0	0	0	2	1	1	0	1	0	0	2	0	0	0	0	0	2	0	0	0	1	0	1	2	0	9	0	0	0	0	0	0	0	1	0	1	0	0	0	0	0	1	1	0	0	3	0	0	0	0	0	1	4	0	0	1	0	0	1	0	5	1	1	0	0	1	2	0	1	0	0	0	0	0	0	2	0	0	0	0	1	1	0	1	13	0	14	2	0	0	0	12	0	1	0	0	0	0	1	1	0	1	0	2	7	2	70	13	38	0	0	4	2	2	6	1	0	0	11	0	24	1	5	0	0	0	1	0	26	70	3	0	0	66	23	8	0	5	1	1	16	0	4	1	21	13	0	0	1	0	0	0	1	5	0	1	1	3	1	13	0	47	8	15	15	0	3	1	0	0	17	1	39	3	0	0	5
OTU_1190	0	0	0	0	0	1	57	1	0	0	0	0	0	0	0	0	0	0	0	0	0	0	0	0	0	0	0	0	0	0	0	0	0	0	0	0	0	0	0	0	0	0	0	0	0	0	0	0	0	0	0	0	0	0	0	0	0	0	0	0	0	0	0	0	0	0	0	0	0	0	0	0	0	0	0	0	0	0	0	0	0	0	0	0	0	0	0	0	0	0	1	0	0	0	0	0	0	0	0	0	0	0	0	0	0	0	0	0	0	0	0	0	0	0	0	0	0	0	0	0	0	0	0	0	0	0	0	0	0	0	0	0	0	0	0	0	0	0	0	0	0	0	0	0	0	0	0	0	0	0	0	0	0	0	2	0	0	0	0	0	0	0	0	0	0	0	0	0	0	0	0	0	0	0	0	0	0	0	0	0	0	0	0	0	0	0	0	0	0
OTU_1191	1	4	2	20	22	3	3	42	20	3	6	5	2	3	0	4	0	13	4	6	5	3	4	9	5	3	2	4	3	2	32	0	4	10	6	6	24	8	25	2	5	1	23	11	16	132	12	7	2	8	14	9	4	1	1	7	7	2	11	0	1	42	30	41	16	1	2	11	46	1	1	3	4	6	0	18	3	0	0	3	8	7	15	2	16	9	3	8	36	3	3	4	9	7	0	2	2	0	5	2	17	4	1	5	1	0	0	21	14	0	0	2	2	0	2	19	2	1	2	0	59	0	0	1	0	4	1	21	5	0	5	0	1	11	8	0	1	2	5	5	3	22	0	4	3	0	2	0	3	1	2	0	0	1	1	32	29	1	12	0	8	6	2	0	1	0	0	26	9	0	0	3	1	4	13	0	0	0	0	2	4	0	2	4	22	12	5	0	6
OTU_1192	0	0	0	0	0	0	0	0	0	0	0	0	0	0	0	0	0	0	0	0	0	0	0	0	0	0	0	0	0	0	0	0	0	0	0	0	0	0	0	0	0	0	0	0	0	0	0	0	0	0	0	0	0	0	0	0	0	0	0	0	0	0	0	0	0	0	0	0	0	0	0	0	0	0	0	0	0	0	0	0	0	0	0	0	0	1	0	0	0	0	0	0	0	0	0	0	0	0	0	0	0	0	0	0	0	0	0	0	0	0	0	0	0	0	0	0	0	0	0	0	0	0	0	0	0	0	0	0	0	0	0	0	0	0	0	0	0	0	0	0	0	0	0	0	0	0	0	0	0	0	0	0	0	0	0	0	0	0	0	0	0	0	0	0	0	0	0	0	0	0	0	0	0	0	0	0	0	0	0	0	0	0	0	0	0	0	0	0	0
OTU_1193	0	0	0	0	0	0	0	0	0	0	0	0	0	0	0	0	0	0	0	0	0	0	0	0	0	0	0	0	0	0	0	0	0	0	0	0	0	0	0	0	0	0	0	0	0	0	0	0	0	0	0	0	0	0	0	0	0	0	0	0	0	0	0	0	0	0	0	0	0	0	0	0	0	0	0	0	0	2	0	0	0	0	0	0	0	0	0	0	0	0	0	0	0	0	0	0	0	0	0	0	0	0	0	0	0	0	0	0	0	0	0	0	0	0	0	0	0	0	0	0	0	0	0	0	0	0	0	0	0	0	0	0	0	0	0	0	0	0	0	0	0	0	0	0	0	0	0	0	0	0	0	0	0	0	0	0	0	0	0	0	0	0	0	0	0	0	0	0	0	0	0	0	0	0	0	0	0	0	0	0	0	0	0	0	0	0	0	0	0
OTU_1194	10	1	0	40	0	2	0	1	0	5	1	1	0	2	0	0	0	1	1	1	203	0	73	0	3	0	0	0	0	1	1	0	0	0	1	0	0	15	0	54	0	0	1	0	0	40	0	1	0	0	0	1	0	0	0	2	0	2	0	0	0	0	0	0	2	0	0	1	0	1	10	1	3	0	0	0	0	0	0	0	0	0	0	1	1	0	0	0	0	0	0	0	1	4	3	0	0	0	11	6	8	0	0	0	0	1	0	1	0	0	26	1	0	8	2	3	0	0	2	0	39	0	1	0	608	0	0	0	2	0	127	5	1	4	3	0	0	2	0	1	15	1548	1	0	0	0	0	0	1	1	0	0	0	1	0	0	3	0	0	0	0	0	0	0	0	0	256	8	1	1	187	0	1	17	1	0	0	43	5	0	2	0	1	0	284	3	6	0	1
OTU_1195	0	0	0	0	0	0	0	0	0	0	0	0	0	0	0	0	0	0	0	0	0	0	0	0	0	0	2	0	0	0	0	0	0	0	0	0	0	0	0	0	0	0	0	0	0	0	0	0	0	0	0	0	0	0	0	0	0	0	11	0	0	0	0	0	0	0	1	0	0	0	0	0	0	0	0	0	0	0	2	1	0	0	0	0	1	0	0	0	0	0	0	3	0	0	0	0	0	0	0	0	0	0	0	0	0	0	0	0	0	0	0	0	0	0	0	4	0	0	0	0	0	0	0	105	0	0	0	1	0	0	0	0	114	0	0	0	0	0	0	0	0	0	0	0	0	641	0	1	0	30	0	14	0	0	0	0	0	4	0	0	22	3	0	0	8	0	1	0	1	0	0	0	0	1	0	526	0	0	0	0	1	0	0	0	0	0	0	0	0
OTU_1196	0	0	0	0	0	0	0	0	1	0	0	0	0	0	5	1	0	0	0	0	0	0	0	1	0	0	0	0	0	0	0	0	0	0	1	0	0	12	0	1	0	0	1	1	0	0	0	0	0	1	0	0	0	0	0	3	1	0	1	0	0	1	0	0	0	1	0	0	0	0	1	2	1	0	0	0	0	0	0	0	0	0	0	0	0	0	1	0	0	1	6	0	0	1	0	0	0	0	0	0	6	0	0	1	0	1	0	0	0	0	0	2	18	3	0	0	25	0	1	0	0	2	0	0	0	0	1	0	2	0	0	0	5	0	0	0	0	0	0	0	0	5	5	0	5	4	0	0	8	0	0	0	0	3	1	0	0	0	0	0	0	0	0	0	0	1	0	0	0	0	1	0	213	0	6	0	0	0	0	0	0	36	12	3	0	0	0	0	1
OTU_1197	0	2	0	0	0	0	65	0	2	0	0	0	0	0	0	2	1	0	0	0	0	1	0	2	0	0	0	0	0	0	0	0	0	0	13	5	0	10	0	0	0	0	1	1	0	0	2	0	0	0	4	0	0	2	2	0	0	0	4	0	0	0	7	8	1	0	0	0	1	0	0	0	1	0	0	0	0	2	0	0	0	0	0	0	0	0	0	0	0	0	1	0	0	0	0	0	8	0	1	2	0	0	0	10	0	0	0	1	0	0	0	0	0	0	0	0	10	1	12	17	1	0	0	2	0	2	3	0	0	0	1	0	2	3	7	0	0	0	1	0	7	9	0	0	0	3	0	0	1	0	7	0	2	0	4	1	3	8	0	0	2	1	20	0	0	1	0	0	1	3	0	0	0	22	2	2	0	0	14	4	0	1	10	0	4	11	0	0	0
OTU_1198	0	0	0	0	0	0	0	0	2	0	0	0	0	6	0	0	0	0	0	0	1	0	2	0	0	0	0	0	0	0	0	0	0	0	0	0	0	0	0	0	0	0	1	0	0	0	0	0	0	0	0	0	0	0	0	0	0	0	0	0	0	0	0	0	0	0	1	0	0	0	0	0	0	0	0	0	0	0	1	0	0	0	0	1	0	1	0	0	0	0	0	0	2	0	0	0	0	1	0	0	0	0	0	0	6	1	0	0	0	134	0	0	0	0	0	2	0	0	0	0	4	0	0	0	0	0	2	0	0	0	1	0	0	3	0	0	19	0	0	0	0	4	0	0	0	0	0	2	0	0	0	0	0	0	0	6	0	0	1	0	0	0	0	0	0	0	0	1	0	0	0	0	0	0	0	0	0	20	7	0	0	0	0	0	18	0	0	0	0
OTU_1199	0	0	0	0	0	0	0	0	0	0	0	0	0	0	0	2	0	0	0	0	0	0	1	0	0	0	0	0	0	0	0	0	0	0	0	1	0	4	0	0	0	1	0	0	0	0	0	6	0	0	0	0	0	0	0	0	0	1	0	0	0	0	0	0	0	1	0	0	0	0	1	0	1	0	0	0	0	0	0	0	0	0	0	0	1	0	0	0	0	0	0	0	0	0	1	0	0	0	0	1	1	0	0	0	0	0	0	0	0	1	0	0	0	0	0	0	1	1	0	1	0	0	0	0	0	0	0	1	0	0	19	0	0	1	0	0	0	0	0	0	0	0	0	0	1	0	0	1	0	0	0	0	0	0	0	0	11	0	0	1	0	0	0	0	0	0	0	1	0	0	1	19	1	1	0	1	1	0	0	0	1	0	2	1	1	2	0	0	0
OTU_1200	140	9	0	0	1	1	0	0	0	12	0	1	1	0	2	1	129	6	0	1	0	1	14	11	0	0	0	0	1	0	0	9	344	1	11	7	0	9	0	0	7	39	4	1	6	1	3	1	5	0	180	1	0	0	1	1	0	0	0	0	0	0	1	1	0	5	0	3	0	1	2	1	0	0	0	4	0	0	0	1	1	0	0	2	1	0	24	0	7	0	2	0	0	0	6	1	2	0	2	1	3	0	0	19	1	2	0	2	0	2	0	13	0	2	0	40	2	2	0	0	0	0	1	0	1	3	0	3	0	0	0	0	0	4	5	1	0	0	5	3	1	483	0	1	0	1	0	0	2	2	1	0	0	1	174	0	0	0	1	5	0	757	0	4	0	0	0	2	0	0	0	0	1	14	0	0	0	2	1	0	1	0	1	1	1	0	15	13	13
OTU_1201	0	1	32	1	20	169	0	4	5	0	2	57	7	2	0	0	0	2	0	1	0	1	0	0	2	8	4	0	0	1	15	41	1	0	3	0	0	0	5	0	6	1	16	0	0	0	8	0	0	0	2	4	2	8	0	0	0	120	0	1	1	0	244	1	2	80	0	6	3	3	0	10	0	39	0	8	1	3	1	2	0	0	5	0	1	1	1	3	1	1	6	2	0	0	0	0	0	0	8	0	1	1	0	1	0	2	0	40	6	5	5	39	1	0	2	1	0	0	0	0	8	1	0	0	0	0	0	3	0	0	0	2	0	6	0	0	0	0	0	0	3	2	0	1	47	1	0	0	0	0	5	0	0	0	0	2	0	0	28	1267	0	0	6	0	0	0	0	0	2	0	0	3	6	0	0	0	0	0	0	0	3	1	0	55	3	1	0	0	0
OTU_1202	0	0	0	0	0	0	0	0	0	0	0	0	0	0	0	0	0	0	0	0	0	0	1	0	0	0	0	0	0	0	0	0	0	0	0	0	0	0	0	0	0	0	0	0	0	0	0	0	0	0	0	0	0	0	0	0	0	0	0	0	0	0	0	0	0	0	0	0	0	0	0	0	0	0	0	0	0	0	0	0	0	0	0	0	0	0	0	0	0	0	0	0	0	0	0	0	0	0	0	0	0	0	0	0	0	0	0	0	0	0	0	0	0	0	0	0	0	0	0	0	0	0	0	0	0	0	0	0	0	0	0	0	0	0	0	0	0	0	0	0	0	0	0	0	0	0	0	0	0	0	0	0	0	0	0	0	0	0	0	0	0	0	0	0	0	0	0	0	0	0	0	0	0	0	0	0	0	0	0	0	0	0	0	0	0	0	0	0	0
OTU_1203	0	0	0	1	0	1	1	6	0	0	0	0	10	0	2	3	1	0	0	0	0	0	0	0	3	0	1	7	0	1	11	0	0	2	2	2	2	4	1	0	0	3	4	0	1	1	3	0	3	2	0	0	0	0	1	1	0	0	0	0	0	0	5	1	3	1	0	0	0	1	0	0	0	0	0	2	0	0	0	0	0	2	0	0	0	1	0	1	1	2	3	0	0	2	2	0	0	0	9	0	0	1	0	0	0	0	0	0	0	0	0	1	0	0	0	1	1	0	0	0	2	0	0	0	0	1	0	10	0	5	2	0	0	1	0	0	2	0	0	0	0	3	0	0	3	0	0	1	0	0	0	0	3	1	0	2	3	0	4	0	0	0	0	0	0	0	0	4	0	0	0	0	0	2	0	0	0	0	2	0	0	0	0	0	0	0	1	0	0
OTU_1204	0	0	0	0	0	0	0	0	0	0	0	0	0	0	0	0	0	0	0	0	0	0	0	0	0	0	0	0	0	0	0	0	0	0	0	0	0	0	0	0	0	0	0	0	0	0	0	0	0	0	0	0	0	0	0	0	0	0	0	0	0	0	0	0	0	0	0	0	0	0	0	0	0	0	0	0	0	0	0	0	0	0	0	0	0	0	0	0	0	0	0	0	0	0	0	0	0	0	0	0	0	0	0	0	0	0	0	0	0	0	0	0	0	0	0	0	0	0	0	0	0	0	0	0	0	0	6	0	0	0	0	0	0	0	0	0	0	0	0	0	0	0	0	0	0	0	0	0	0	0	0	0	1	0	0	0	0	0	0	0	0	0	0	0	0	0	0	0	0	0	0	0	0	0	0	0	0	0	0	0	0	0	0	0	0	0	0	0	0
OTU_1205	0	0	0	0	0	0	0	0	0	0	0	0	0	0	0	0	0	0	0	0	0	0	0	0	0	0	0	0	0	0	0	0	0	0	0	0	0	0	1	0	0	0	1	0	0	0	0	0	0	0	0	0	0	0	0	0	0	0	0	0	0	0	0	0	1	0	0	0	0	0	0	0	0	0	0	0	0	0	0	0	0	0	0	0	0	0	0	0	1	0	0	0	0	0	0	0	0	0	1	0	0	0	0	0	0	0	0	0	0	0	0	0	0	0	0	3	26	0	12	0	12	0	0	0	0	0	0	0	1	0	0	0	1	1	0	0	0	0	0	0	36	0	0	0	0	0	0	0	0	1	0	0	0	0	0	0	1	0	1	0	0	0	0	0	0	0	0	0	0	0	0	0	2	1	0	0	0	0	0	0	1	0	68	0	0	0	0	0	0
OTU_1206	0	0	0	0	0	0	0	0	0	0	0	0	0	0	0	1	0	0	0	0	0	0	4	1	5	0	0	0	0	0	0	0	0	0	0	0	0	0	1	0	0	0	1	0	0	0	0	3	0	0	0	0	0	0	0	0	0	0	0	0	0	0	1	0	0	0	0	0	0	0	0	0	0	1	0	0	1	0	1	0	0	0	0	0	4	0	0	0	0	0	0	0	0	0	0	0	0	0	0	2	0	0	0	1	1	9	13	0	0	0	0	1	1	0	2	0	0	2	0	0	9	6	1	0	0	0	0	0	2	0	1	0	0	0	0	0	0	1	136	0	0	0	3	0	0	0	1	0	0	0	0	0	1	0	2	0	1	0	9	0	0	0	0	0	1	0	3	0	0	0	0	0	4	0	0	0	0	3	3	0	3	0	0	0	0	0	0	4	0
OTU_1207	0	0	0	0	0	0	0	0	0	0	2	0	0	1	0	0	0	0	0	0	0	0	0	0	0	0	0	0	0	0	1	0	1	0	0	0	0	0	0	0	0	0	0	0	0	0	0	0	0	0	0	0	0	0	0	0	0	0	0	0	0	0	0	0	0	0	0	1	0	0	0	0	0	0	0	0	0	0	0	0	0	0	0	0	0	0	0	0	0	0	0	0	0	0	0	0	0	0	0	0	0	0	0	0	0	0	0	0	0	0	0	0	0	0	0	0	0	0	0	0	0	0	0	0	0	0	0	0	0	0	0	0	0	0	0	0	0	0	0	0	0	0	0	0	0	0	0	0	0	2	0	0	0	0	0	0	0	0	0	0	0	0	0	0	0	0	0	0	0	2	0	0	0	1	0	0	0	0	0	0	0	0	0	0	1	1	0	0	0
OTU_1209	8	34	16	16	22	51	10	55	31	9	13	120	4	1	7	6	6	26	6	11	17	9	17	3	16	2	8	1	3	4	21	14	34	38	5	8	41	20	24	24	2	6	23	8	36	10	6	35	7	18	4	10	51	6	16	8	10	44	15	5	2	12	13	6	48	66	9	14	7	12	9	9	3	15	1	37	18	6	3	12	0	3	25	2	3	19	4	14	38	5	4	6	12	10	78	1	1	5	24	10	6	11	5	7	2	8	0	31	60	71	4	22	14	22	3	31	5	7	17	12	46	5	8	19	33	11	12	92	52	33	17	27	5	22	185	7	85	50	19	18	16	31	3	3	10	38	10	28	3	17	2	8	5	37	3	61	95	9	38	1	4	35	6	110	28	1	1	24	90	3	16	56	14	61	6	21	2	11	0	1	71	1	6	11	57	15	10	22	7
OTU_1210	0	0	0	1	0	0	1	0	0	0	0	0	0	0	0	1	2	0	0	0	3	6	0	0	15	1	0	0	8	0	0	1	0	0	3	2	13	0	0	0	0	0	0	0	0	0	0	0	0	0	1	0	0	2	4	15	0	0	0	0	0	0	10	6	6	0	0	0	3	0	0	0	0	1	3	0	0	6	0	0	0	0	0	0	0	0	1	0	0	20	0	0	0	9	0	0	12	0	0	1	0	0	0	0	0	0	0	0	0	0	0	0	0	0	0	1	0	0	0	0	0	0	0	0	0	0	6	7	0	0	0	0	0	0	0	0	0	0	0	0	0	0	0	0	0	1	0	0	0	0	0	0	0	21	0	0	0	0	0	0	0	0	0	0	0	1	0	1	0	0	0	1	0	0	2	0	0	0	0	0	0	0	1	0	1	0	0	0	0
OTU_1211	0	0	0	1	0	1	0	0	0	0	2	0	1	0	0	1	0	1	0	3	0	0	2	0	0	0	1	0	0	0	0	0	1	0	1	0	0	0	0	1	2	3	1	1	0	9	0	0	1	0	1	0	0	0	0	2	0	0	0	0	0	1	0	8	2	0	0	0	1	0	0	1	0	0	0	1	0	0	0	0	0	0	1	0	0	1	0	0	0	1	0	0	0	2	0	0	0	0	0	0	3	1	0	0	0	0	0	1	2	1	0	11	0	0	0	9	0	0	0	0	47	0	0	1	0	1	0	3	0	0	0	0	0	0	1	0	0	0	0	0	17	2	0	0	0	0	0	0	0	0	0	1	3	1	0	92	3	0	2	0	0	0	0	0	2	2	1	0	0	0	0	0	0	0	2	0	0	0	0	0	0	0	0	0	21	0	0	0	2
OTU_1212	0	0	0	0	0	0	0	0	0	0	0	0	0	0	0	0	0	0	0	0	0	0	0	0	0	0	0	0	0	0	0	0	0	0	0	0	0	0	0	0	0	0	0	0	0	0	0	0	0	0	0	0	0	0	0	0	0	0	0	0	0	0	0	0	0	0	0	0	0	0	0	0	0	0	0	0	0	0	0	0	0	0	0	0	0	0	0	0	0	0	0	0	0	0	0	0	0	0	0	0	0	0	0	0	0	0	0	0	0	0	0	0	0	0	0	0	0	0	0	0	1	0	0	0	0	0	0	0	0	0	0	0	0	0	0	0	0	0	0	0	0	0	0	0	0	1	0	0	0	0	0	0	0	0	0	0	0	0	0	0	0	0	0	0	0	0	0	0	0	0	0	0	0	0	0	0	0	0	0	0	0	0	0	0	0	0	0	0	0
OTU_1213	0	0	0	0	0	0	0	0	0	0	0	0	0	0	0	0	0	0	0	0	0	0	0	0	0	0	0	0	0	0	0	0	0	1	0	0	0	0	0	0	0	0	0	0	0	0	0	0	0	0	0	0	0	0	0	0	0	0	0	0	0	0	0	0	0	0	0	0	0	0	0	0	0	0	0	0	0	0	0	0	0	0	0	0	0	0	0	0	0	0	0	0	0	0	0	0	0	0	0	0	0	0	0	0	0	0	0	0	0	0	0	0	0	0	0	0	0	0	0	0	0	0	0	0	0	0	0	0	0	0	0	0	0	0	0	0	0	0	0	0	0	0	0	0	0	0	0	0	0	0	0	0	0	0	0	0	0	0	0	0	0	0	0	0	0	0	0	0	0	0	0	0	0	0	0	0	0	0	0	0	0	0	0	0	0	0	0	0	0
OTU_1214	1	0	0	0	1	0	1	0	0	0	0	0	0	1	1	3	1	1	4	1	0	0	0	0	0	0	0	0	0	0	4	0	2	0	0	1	0	6	4	2	0	0	2	22	1	7	1	2	0	1	0	3	1	0	2	3	1	3	0	0	1	1	2	2	2	3	0	2	3	1	2	0	0	1	0	0	1	1	1	0	0	2	3	0	2	2	0	3	4	2	3	1	7	2	2	0	2	1	2	1	1	0	1	0	0	0	0	1	0	0	0	4	0	0	0	2	0	1	1	0	7	1	0	2	4	0	0	2	2	1	20	1	0	7	0	1	0	2	0	0	0	5	0	0	5	0	0	1	0	0	0	2	0	5	0	0	34	0	1	1	1	0	0	0	0	0	0	74	2	0	1	6	0	2	0	0	0	0	0	0	3	0	0	21	4	5	0	0	2
OTU_1215	11	1	0	1	5	5	45	243	43	0	0	6	0	2	1	71	1	1	1	1	24	20	2	10	1	0	2	0	2	5	4	2	1	32	1	2	0	9	1	1	1	1	23	4	1	18	3	1	8	56	0	2	0	1	1	1	0	1	55	0	0	2	3	46	39	2	7	0	0	1	0	1	30	35	0	61	0	2	72	1	0	2	1	1	0	5	0	10	3	1	1	25	67	0	1	21	15	0	31	2	4	1	0	0	0	0	0	2	0	2	30	7	4	0	1	3	5	4	9	6	4	4	0	3	9	1	10	1	0	1	4	2	1	1	42	0	25	13	49	3	68	90	38	249	0	17	0	16	1	6	3	1	32	5	0	3	8	23	1	2	5	0	9	0	10	4	0	5	2	65	11	0	1	73	0	2	1	0	4	1	5	2	47	0	24	10	0	10	7
OTU_1216	0	0	0	0	0	0	0	0	0	0	0	0	0	0	0	0	0	0	0	0	0	0	0	0	0	0	0	0	0	0	0	0	0	0	0	0	0	0	0	0	0	0	0	0	0	0	0	0	0	0	0	0	0	0	0	0	0	0	0	0	0	0	0	0	0	0	0	0	0	0	0	0	0	0	0	0	0	0	0	0	0	0	0	0	0	0	0	0	0	0	0	0	0	0	0	0	0	0	0	0	0	0	0	0	0	0	0	0	0	0	0	0	0	0	0	0	0	0	12	0	0	0	0	4	0	0	1	0	0	0	0	0	0	0	0	0	0	0	0	0	0	0	0	0	0	0	0	0	1	0	0	0	0	0	0	0	0	0	0	0	0	0	0	0	0	0	0	0	0	19	0	0	0	4	0	1	0	0	0	0	0	0	0	0	0	0	0	0	0
OTU_1217	0	1	1	1	1	0	0	0	0	0	0	0	0	0	0	0	0	1	1	0	0	0	0	0	0	0	2	0	2	0	0	0	0	0	0	1	1	0	0	0	0	0	2	0	0	0	0	0	0	0	0	1	0	0	1	0	0	1	0	0	1	1	0	0	0	0	3	1	0	0	0	0	0	0	1	0	0	0	1	1	0	0	0	0	0	0	1	0	0	0	1	1	0	0	1	1	0	0	0	1	1	0	0	0	0	0	0	0	0	0	0	1	0	0	0	0	0	0	0	0	0	0	0	0	0	1	0	1	0	0	0	0	0	0	0	0	0	0	0	1	0	0	0	4	0	0	0	0	0	0	0	0	0	0	0	0	0	0	0	0	0	0	0	0	0	0	0	0	0	0	0	0	0	0	0	0	0	0	0	0	0	0	0	0	0	0	0	0	0
OTU_1218	0	0	0	0	0	0	0	0	0	0	0	0	0	0	0	0	0	0	0	0	0	0	0	0	0	0	0	0	0	0	0	1	0	0	9	4	0	0	0	0	0	0	0	0	0	0	0	0	0	0	0	0	0	0	0	0	0	0	0	0	0	0	0	0	0	0	0	0	0	0	0	0	0	0	0	0	0	0	0	0	0	0	0	0	0	0	0	0	0	0	0	0	0	0	0	0	0	0	0	0	0	0	0	0	0	0	0	0	0	0	0	0	0	0	0	0	0	0	6	0	0	0	0	0	0	0	0	0	0	0	0	0	0	0	0	0	0	0	0	0	0	0	0	0	0	0	0	0	0	0	0	0	0	0	0	0	0	0	0	0	0	0	0	0	0	0	0	0	0	15	0	0	0	0	0	0	0	0	0	0	0	0	0	0	0	0	0	0	0
OTU_1219	0	0	0	0	0	0	0	0	0	0	0	0	1	0	0	1	0	0	0	0	0	0	1	0	0	0	0	0	1	0	0	0	0	0	0	1	0	0	0	0	0	0	0	0	2	0	0	0	0	0	0	0	0	0	0	1	0	0	0	0	0	0	0	0	0	0	0	0	0	0	0	0	0	1	0	0	0	0	0	0	0	0	0	0	0	1	0	0	0	0	0	0	1	0	0	0	0	0	0	0	0	0	0	0	0	0	0	1	0	0	0	0	0	0	0	0	0	0	0	0	0	0	0	0	0	0	0	0	0	0	0	0	0	0	0	0	0	0	1	0	0	0	1	0	0	0	0	0	0	4	0	0	0	0	0	0	0	0	0	0	0	0	0	0	0	0	0	0	0	0	0	0	0	0	0	0	0	0	0	0	0	0	4	0	0	0	0	0	26
OTU_1220	24	0	0	0	0	0	17	0	0	0	0	4	1	0	0	0	0	0	0	0	0	1	0	0	25	0	0	0	1	0	5	0	0	0	0	0	0	0	0	0	0	0	0	0	2	3	0	0	0	0	0	1	1	0	0	0	0	0	67	0	0	0	0	0	0	0	7	0	0	0	0	0	24	0	0	0	0	0	4	0	0	0	0	0	0	0	0	1	0	0	0	0	0	1	0	2	0	0	0	2	0	0	0	30	4	0	1	0	0	0	0	0	1	1	7	3	13	35	78	0	73	3	0	16	61	0	18	0	82	2	0	0	239	8	20	0	1	0	3	0	15	1	4	8	0	0	0	62	14	19	4	1	0	0	0	0	10	34	0	0	5	5	2	0	118	4	1	0	0	15	6	0	0	80	0	0	11	9	56	0	4	1	4	0	15	0	0	6	0
OTU_1221	0	0	0	0	0	0	0	0	0	0	0	0	0	0	0	0	0	0	0	0	0	1	0	0	0	0	0	0	0	0	0	0	0	0	0	0	0	0	1	0	0	0	0	0	0	0	0	0	0	0	0	0	0	0	0	0	0	0	0	0	0	0	0	0	0	0	0	0	0	0	0	0	0	0	0	0	0	1	0	0	0	0	0	0	0	0	0	0	0	0	0	0	0	0	0	0	0	0	0	0	0	0	0	0	0	0	0	0	0	0	0	0	0	0	0	0	0	0	0	0	0	0	0	0	0	0	0	0	0	0	0	0	0	0	0	0	0	0	0	0	0	0	0	0	0	0	0	0	0	0	0	0	0	0	0	0	0	0	0	0	0	0	0	0	0	0	0	0	0	0	0	0	0	0	0	0	0	0	0	0	0	0	0	0	0	0	0	0	0
OTU_1223	0	0	3	0	0	0	0	0	1	0	0	0	0	1	0	1	0	0	0	1	0	0	0	0	0	0	0	0	0	0	0	0	0	0	0	1	0	0	0	0	0	0	0	0	0	0	0	0	0	0	1	0	0	0	0	0	0	0	0	0	0	1	0	0	0	0	0	0	0	0	0	0	0	1	0	0	0	0	0	0	0	0	1	0	0	2	0	1	0	1	0	0	0	0	0	0	0	0	0	0	0	0	0	46	0	0	0	0	0	0	0	0	0	0	0	6	48	0	0	0	1	0	0	38	0	0	15	2	0	1	0	0	271	0	18	0	0	0	0	0	2	2	1	0	0	2	0	22	22	15	1	6	0	0	0	1	3	0	1	0	1	13	0	0	0	0	84	1	0	0	0	24	0	3	0	2	1	0	4	0	0	0	967	0	2	0	0	2	3
OTU_1224	0	0	0	0	0	0	46	0	6	0	0	0	0	0	1	0	0	0	0	1	0	1	0	0	1	0	0	0	0	3	5	0	0	1	7	3	0	1	0	0	0	0	5	0	0	0	0	0	1	0	0	0	0	0	1	6	1	0	0	0	0	0	1	6	0	0	1	3	0	0	0	0	0	0	0	0	0	0	0	1	0	0	0	1	1	0	0	0	0	0	1	0	0	0	0	9	0	0	2	0	2	0	0	0	0	268	1	0	0	1	3	1	0	1	0	43	18	0	31	1	1677	0	21	0	1	0	21	2	0	0	4	0	0	146	0	141	0	0	0	0	30	3	5	3	0	7	80	59	2	12	4	1	0	1	0	2	38	0	7	0	58	0	34	6	3	0	46	173	3	0	1	1	0	64	0	12	0	0	1	0	17	0	4	0	2	46	0	1	0
OTU_1225	0	1	0	0	1	0	0	0	0	0	0	0	0	1	0	0	0	1	0	0	0	0	0	0	0	0	0	0	0	0	1	0	1	0	0	0	0	0	0	0	0	0	0	1	0	0	0	0	0	0	0	0	0	0	0	0	0	1	1	0	0	0	0	0	0	54	0	0	0	0	0	0	0	0	0	0	0	0	0	0	0	0	2	0	1	0	0	0	4	0	1	0	0	0	3	0	0	0	0	0	0	0	0	0	2	1	0	0	0	1	0	0	1	0	0	1	0	0	0	0	20	0	0	0	0	0	0	0	0	0	1	0	0	1	0	2	0	2	0	0	0	0	0	0	1	0	0	21	0	4	0	0	0	1	2	0	3	0	0	0	0	0	0	0	0	1	0	1	0	0	0	0	0	0	1	1	0	0	0	11	0	0	17	3	0	2	0	0	0
OTU_1226	7	0	0	0	0	0	14	0	22	0	4	2	0	6	4	9	1	0	0	4	4	7	12	23	5	0	1	1	0	1	14	2	0	3	0	34	3	59	2	8	1	2	19	6	0	0	21	55	1	5	1	0	0	0	0	10	2	2	6	2	0	3	1	3	2	5	6	13	0	8	29	2	0	3	1	1	1	0	1	2	1	4	2	1	9	1	2	4	2	2	5	0	7	1	1	1	1	0	19	10	11	0	0	26	96	1	4	7	1	3	31	19	53	0	31	23	44	15	5	4	11	32	88	66	29	53	30	5	11	4	453	3	4	13	12	4	4	38	2	1	8	12	6	25	43	8	13	49	23	22	7	44	4	10	118	2	125	15	4	4	38	4	4	1	20	5	38	12	6	9	7	91	5	15	9	0	68	101	0	0	59	1	7	196	38	92	0	5	6
OTU_1227	0	0	0	0	0	0	0	0	0	0	0	0	0	0	0	0	0	0	0	0	0	0	0	0	0	0	0	0	0	0	0	0	0	0	0	0	0	0	0	0	0	0	0	0	0	0	0	0	0	0	0	0	0	0	0	0	0	0	0	0	0	0	0	0	0	0	0	0	0	0	0	0	0	0	0	0	0	0	0	0	0	0	0	0	0	0	0	0	0	0	0	0	0	0	0	0	0	0	0	0	0	1	0	0	0	0	0	0	0	0	0	0	0	0	0	0	0	0	0	0	0	0	0	0	0	0	0	0	0	0	0	0	0	0	0	0	0	0	0	0	0	0	0	0	0	0	0	0	0	0	0	0	0	0	0	0	0	0	0	0	0	0	0	0	0	0	0	0	0	0	0	0	0	0	0	0	0	0	0	0	0	0	0	0	0	0	0	0	0
OTU_1228	1	2	0	0	0	0	0	0	0	0	0	0	0	0	0	0	0	0	0	0	0	0	0	0	0	0	1	0	0	0	1	0	0	3	0	0	0	0	8	0	0	0	2	0	0	0	0	0	0	0	0	0	0	1	0	0	0	1	0	0	0	135	0	0	0	0	0	0	0	0	0	1	0	0	0	0	0	0	0	1	1	0	0	0	0	0	0	0	0	0	0	0	0	0	0	0	0	0	0	0	0	0	0	0	0	0	0	0	1	0	0	0	0	0	0	0	0	1	0	0	0	0	0	0	0	0	0	0	0	0	0	0	0	0	0	0	0	0	0	0	0	0	0	0	0	0	0	0	0	0	0	0	0	0	0	0	0	0	1	0	0	0	0	0	0	0	0	0	0	0	0	0	0	0	0	0	0	0	0	0	0	0	0	0	0	0	0	0	1
OTU_1229	0	0	0	0	0	0	0	0	0	0	0	0	0	0	0	0	0	0	0	0	0	0	0	0	0	0	0	0	0	0	0	0	0	0	0	0	0	0	0	0	0	0	0	0	0	0	0	0	0	0	0	0	0	0	0	0	0	0	0	0	0	0	0	0	1	0	0	0	0	0	0	0	0	0	0	0	0	0	0	0	0	0	0	0	0	0	0	0	1	0	0	0	0	0	0	0	0	0	0	0	0	0	0	0	0	0	0	0	0	0	0	0	0	0	0	0	0	0	0	0	1	0	0	0	0	0	0	0	0	0	1	0	0	1	0	0	0	0	0	0	0	0	0	0	0	0	0	0	0	0	0	0	0	0	0	0	0	0	0	0	0	0	0	0	0	0	0	0	0	0	0	0	0	0	0	0	0	0	0	0	0	0	0	0	0	0	0	0	0
OTU_1231	0	0	0	0	0	0	1	0	0	0	0	0	0	0	0	0	0	0	0	0	0	0	0	0	0	0	0	0	0	0	0	0	0	0	0	0	0	0	0	0	0	0	0	0	0	0	0	0	0	0	0	0	0	0	0	0	0	0	0	0	0	0	0	0	0	0	0	0	0	0	0	0	0	0	0	0	0	0	0	0	0	0	0	0	0	0	0	0	0	0	0	0	1	0	0	0	0	0	0	0	0	0	0	0	0	0	0	0	0	0	0	0	0	0	0	0	0	0	0	0	0	0	0	0	0	0	0	0	0	0	0	0	0	0	0	0	0	0	0	0	0	0	0	0	0	0	0	0	0	0	0	0	0	0	0	0	0	0	0	0	0	0	0	0	0	0	0	0	0	0	0	0	0	0	0	0	0	0	0	0	0	0	0	0	0	0	0	0	0
OTU_1232	34	45	2	20	9	10	6	68	25	17	6	11	6	18	8	18	6	9	14	6	54	2	30	6	36	20	14	6	4	3	9	16	54	6	9	11	1	16	15	28	53	11	54	108	36	33	8	16	5	95	15	18	3	20	3	23	6	61	14	2	4	13	4	9	22	163	7	7	22	12	12	9	17	4	2	5	15	35	3	2	21	2	31	1	21	13	16	46	27	7	44	4	22	4	6	1	13	1	38	4	19	8	25	0	2	33	3	1	4	0	7	10	3	10	2	21	6	13	5	7	121	1	1	8	12	3	0	9	2	72	40	1	8	382	3	1	12	3	1	7	6	137	4	13	110	5	19	7	2	1	4	101	12	24	1	65	28	8	24	2	2	1	7	11	15	7	8	248	111	1	7	14	10	25	0	4	2	4	13	1	7	2	6	89	47	46	12	5	2
OTU_1233	33	0	79	316	76	17	1229	886	162	15	98	201	1	30	10	8	8	96	34	29	196	960	102	85	30	142	13	20	31	24	2236	19	13	333	270	323	38	25	1333	8	9	545	96	195	3	203	28	84	496	11	155	98	37	5	16	9	4	32	265	366	4	67	8	335	5	0	31	47	6	16	9	8	286	198	14	1159	4	2	3	3503	5	11	91	7	401	9	1	93	74	43	25	184	288	37	1	3	82	734	77	26	185	118	51	17	2	9	5	8	201	0	33	18	11	1	13	60	1	8	16	40	11	43	18	127	70	8	86	623	7	30	2	64	6	37	303	3	30	71	348	192	4	739	14	88	2	48	149	3	10	41	0	17	42	4	5	716	173	12	23	4	3	417	4	13	28	61	0	7	5	247	75	15	61	55	10	25	0	5	12	1	146	2	10	4	134	7	722	8	29
OTU_1234	2	0	0	0	0	0	0	0	0	0	0	0	0	0	0	0	0	0	0	0	0	0	0	0	1	0	0	0	0	0	0	0	0	0	0	0	0	0	0	0	0	0	0	0	0	0	0	0	0	0	0	0	0	0	0	1	0	0	0	0	6	0	0	0	0	0	0	0	1	0	0	19	0	0	0	0	0	0	0	0	0	0	0	0	0	0	0	0	0	1	0	0	0	0	0	0	0	0	0	0	0	0	0	0	1	0	0	0	0	0	0	2	0	0	0	0	0	0	0	0	2	0	9	0	1	6	2	0	0	0	3	0	0	0	0	0	0	0	0	6	0	0	1	0	0	0	0	0	0	0	0	0	0	0	0	0	0	0	0	2	0	0	0	0	0	0	0	3	0	1	0	1	1	0	0	0	0	0	2	0	0	0	0	0	0	0	0	0	0
OTU_1235	0	0	0	0	0	3	2	1	1	0	0	0	0	0	0	0	0	0	0	0	1	0	0	0	0	0	0	0	0	0	0	0	0	1	0	0	1	0	0	0	0	0	0	0	0	0	0	0	0	0	0	0	0	0	1	0	0	0	0	0	0	0	0	0	0	0	0	0	0	0	0	0	0	0	0	0	0	1	0	0	0	0	0	0	0	0	0	0	0	0	0	0	0	0	0	0	0	0	0	0	0	0	0	0	0	0	0	0	0	6	0	0	0	0	0	0	0	0	1	0	1	0	0	0	1	0	0	2	1	0	0	0	0	0	0	0	1	0	0	0	0	0	0	0	0	0	1	1	0	0	0	0	0	0	0	0	0	0	0	0	0	0	0	0	0	0	0	0	0	0	0	0	0	1	0	0	0	1	0	0	0	0	0	0	0	0	0	0	0
OTU_1236	10	3	1	946	189	2	1	3	160	3	2	6	1	5	9	8	5	1	4	21	9	531	177	266	48	7	11	379	185	12	32	0	11	185	3	6	4	4	8	3	387	2	15	1212	2	6	808	571	28	2	732	550	0	139	7	492	57	4	5	5	4	145	11	64	4	377	102	6	587	19	6	1	4	4	25	306	5	1	1	13	1	2	21	3	5	676	636	7	348	7	3	9	12	1	6	1	567	147	570	167	14	411	490	5	0	0	1	536	0	0	0	5	0	8	0	3	0	0	0	0	13	0	0	0	0	2	0	6	3	0	7	0	0	13	1	2	0	0	3	1	4	3	0	3	0	1	0	0	0	30	0	0	0	8	2	13	5	0	7	0	0	12	0	0	0	40	0	8	3	14	0	1	3	0	2	0	0	0	0	0	2	1	0	0	80	5	2	43	4
OTU_1237	0	0	0	0	0	0	0	0	0	0	0	0	0	0	0	0	0	0	0	0	0	0	0	0	0	0	0	0	0	0	0	0	0	0	0	0	0	0	0	0	0	0	0	0	0	0	0	0	0	0	0	0	0	0	0	0	0	0	0	0	0	0	0	0	0	0	0	0	0	0	0	0	0	0	0	0	0	0	0	0	0	0	0	0	0	0	0	0	0	0	0	0	0	0	0	0	0	0	0	0	0	0	0	0	0	0	0	0	0	0	0	0	0	0	0	0	0	0	0	0	0	0	0	0	0	0	0	0	0	0	0	0	0	0	0	0	0	0	0	0	0	0	0	0	0	0	0	0	0	0	0	0	0	0	0	0	0	0	0	0	0	0	0	0	0	0	0	0	0	0	0	0	0	0	1	0	0	0	0	0	0	0	0	0	0	0	0	0	1
OTU_1238	1	1	8	105	66	26	29	115	119	14	56	17	33	7	4	66	58	14	21	106	16	64	5	17	21	41	30	31	56	95	83	7	2	544	66	82	50	7	95	26	34	5	68	158	229	45	5	10	21	87	34	104	2	19	118	11	3	7	3	16	78	54	81	72	8	41	31	6	52	100	3	76	32	20	140	23	11	7	121	16	36	125	19	117	95	51	53	29	14	51	3	12	21	87	65	15	105	12	89	3	49	21	27	123	0	1	3	282	57	0	9	21	2	5	0	4	0	31	199	39	5	0	5	22	3	2	1	24	0	10	3	3	42	4	1	0	2	1	26	6	46	335	0	7	0	0	8	1	1	257	1	11	6	1	0	32	51	0	4	26	0	13	0	450	3	634	10	24	11	2	27	2	5	34	125	0	3	0	0	1	4	0	448	0	4	4	121	88	58
OTU_1239	0	0	0	0	0	0	0	0	0	0	0	0	0	0	0	0	0	0	0	0	0	0	0	0	0	0	0	0	0	0	0	0	0	0	0	0	0	0	0	0	0	0	0	0	0	0	0	0	0	0	0	0	0	0	0	0	0	0	0	0	0	0	0	0	0	0	0	0	0	0	0	0	0	0	0	0	0	0	0	0	0	0	0	0	0	0	0	0	0	0	0	0	0	0	0	0	0	0	0	0	0	0	0	0	0	0	0	0	0	0	0	0	0	0	1	0	0	0	0	0	0	0	0	0	0	0	0	1	0	0	0	0	0	0	0	0	0	0	0	0	1	0	0	0	0	0	0	0	0	0	0	0	0	0	0	0	0	0	0	1	0	0	0	0	0	0	0	0	1	0	0	0	0	0	0	0	0	0	0	0	0	0	1	0	0	0	0	0	0
OTU_1240	4	18	1	7	8	0	5	9	4	5	7	2	0	10	11	6	1	4	27	6	7	1	12	5	26	2	3	0	3	5	4	2	25	3	1	5	6	7	3	41	7	10	32	3	32	57	3	5	0	31	0	1	9	12	0	13	21	99	2	3	0	5	2	3	5	56	3	10	29	13	11	3	1	1	1	0	8	6	0	2	1	3	23	1	4	7	2	10	54	3	5	19	17	6	7	2	3	0	2	2	14	5	12	1	0	10	3	1	0	0	2	6	6	2	1	10	2	3	1	1	57	0	1	1	1	1	0	7	0	105	46	0	2	47	0	1	0	0	0	3	5	25	3	4	136	4	2	4	3	2	1	31	1	22	1	9	35	0	17	1	4	0	1	3	5	0	4	219	17	0	1	24	3	2	0	0	0	1	1	10	12	1	1	85	6	27	2	3	3
OTU_1242	5	0	13	8	3	8	2	2	5	2	3	9	1	9	6	4	1	15	3	11	12	2	17	4	5	2	0	1	3	0	21	8	8	5	5	5	8	3	18	7	6	3	17	2	9	60	8	8	0	8	5	8	5	0	6	17	5	15	2	2	1	12	3	3	21	29	3	16	11	16	2	14	1	5	0	4	4	0	1	0	0	1	51	4	6	12	1	37	17	16	6	3	10	7	12	1	7	0	12	2	4	4	0	0	0	1	1	2	0	2	1	10	2	3	2	12	0	1	2	0	37	0	2	1	0	1	1	15	1	1	5	2	0	26	1	2	1	3	1	1	27	15	0	2	0	0	1	0	1	0	0	4	1	18	3	64	21	0	13	0	2	0	1	1	2	2	2	121	22	0	0	5	9	5	0	0	0	0	1	0	10	0	2	2	14	23	3	0	10
OTU_1243	0	0	0	0	0	0	0	0	0	0	0	0	0	0	0	0	0	0	0	0	0	2	0	0	0	0	0	0	0	0	0	0	0	0	0	0	0	0	0	0	0	0	0	0	0	0	1	0	0	0	9	1	0	0	0	0	0	0	0	0	0	0	0	0	0	0	0	0	0	0	0	0	0	0	0	3	0	1	0	0	0	0	0	0	0	0	0	0	0	0	0	0	0	0	0	0	0	0	0	0	0	0	0	1	0	0	0	0	0	0	0	0	0	0	0	0	0	0	0	0	0	0	0	0	0	0	0	0	0	4	0	0	0	0	2	0	0	0	0	0	0	0	0	0	0	5	0	0	0	0	0	0	0	0	0	0	0	0	0	0	0	0	0	0	0	0	0	0	0	0	0	0	0	0	0	1	0	0	0	0	0	0	0	0	0	0	0	0	0
OTU_1244	0	0	0	0	0	0	0	0	0	0	0	0	0	0	0	0	0	0	0	0	0	0	0	0	0	0	0	0	0	0	0	0	0	0	0	0	0	0	0	0	0	0	0	0	0	0	0	0	0	0	0	0	0	0	0	0	0	0	0	0	0	0	0	0	0	1	0	0	0	0	0	0	0	0	0	0	0	0	0	0	0	0	0	0	0	0	0	0	0	0	0	0	0	0	0	0	0	0	0	0	0	0	0	0	0	0	0	0	1	0	0	0	0	0	0	0	0	0	0	0	0	0	0	0	0	1	0	0	0	0	0	0	0	0	0	0	0	0	0	0	0	0	0	0	0	0	0	0	0	0	0	0	0	0	0	0	0	0	0	0	0	0	0	0	0	0	0	0	0	0	0	0	0	0	0	0	0	0	0	0	0	0	0	0	0	0	0	0	0
OTU_1245	4	33	0	0	10	0	26	0	23	2	0	3	0	2	0	1	0	1	0	1	1	4	0	151	1	1	0	0	0	0	6	0	3	6	0	1	0	0	0	0	19	0	1	0	0	0	0	0	0	0	0	1	1	0	0	0	0	0	0	0	0	0	0	3	3	0	0	0	0	0	1	1	0	0	0	0	0	0	2	0	0	0	0	0	0	0	0	2	0	0	9	0	119	133	0	0	0	0	30	5	0	0	0	19	1	1	0	0	0	0	2	2	12	0	0	3	93	2	576	54	1039	22	1	10	328	25	10	3	285	0	115	1	12	4	28	0	0	66	13	0	61	1	15	0	2	109	2	57	7	15	4	0	92	2	167	5	2	269	6	0	0	3	43	0	3	5	16	0	6	0	156	141	2	149	2	93	0	0	584	0	8	2	7	9	97	69	100	5	2
OTU_1246	0	0	0	0	0	0	0	0	0	0	0	0	0	0	0	0	0	0	0	0	0	0	0	0	0	0	0	0	0	0	0	0	0	0	0	0	0	0	0	0	0	0	0	0	0	0	0	0	0	0	0	0	0	0	0	0	0	0	0	0	0	0	0	0	0	0	0	0	0	0	0	0	0	0	0	0	0	0	0	0	0	0	0	0	0	0	0	0	0	0	0	0	0	0	0	0	0	0	0	0	0	0	0	0	0	1	0	0	0	0	0	0	0	0	0	0	0	0	0	0	13	0	0	0	0	0	0	0	0	0	0	0	4	0	0	0	0	0	0	0	0	0	0	0	0	0	0	0	0	0	0	0	0	0	0	0	0	0	1	0	0	0	0	0	0	0	0	0	0	0	0	0	0	0	0	0	0	0	0	0	0	0	0	0	0	0	0	0	0
OTU_1247	0	0	0	28	0	0	0	1	1	0	7	1	0	3	0	0	2	1	0	2	1	0	0	2	7	0	1	0	2	2	1	190	1	12	5	2	0	0	8	10	0	0	2	0	4	14	1	17	35	0	0	4	336	0	3	7	6	1	0	0	0	10	0	0	0	3	0	317	8	0	57	2	1	3	0	0	0	0	0	14	0	0	5	1	1	0	5	2	44	1	1	1	2	2	1	0	3	1	12	1	0	2	0	0	0	0	0	0	0	108	8	1	1	1	29	5	1	5	3	0	5	3	0	0	1	21	1	5	0	1	0	0	0	9	0	0	9	0	1	0	2	0	137	0	1	0	1	0	0	1	0	5	1	5	0	0	0	0	238	0	5	0	11	0	1	1	5	2	19	0	0	2	1	0	0	0	3	0	0	0	4	0	0	0	0	17	0	40	0
OTU_1249	1	0	0	0	0	0	1	1	2	1	0	29	0	0	1	0	6	0	0	0	0	0	0	0	0	0	0	0	1	0	1	0	0	0	0	0	0	0	1	0	0	0	1	0	0	0	0	0	1	0	0	0	0	1	3	1	0	0	0	0	0	0	0	0	0	0	1	0	0	1	1	1	0	0	0	0	0	0	0	0	1	0	1	1	0	1	0	0	0	0	0	0	0	0	0	1	0	1	1	1	0	0	0	3	0	1	0	1	1	0	0	1	0	2	0	3	0	9	0	0	2	0	0	0	2	10	0	0	0	0	2	1	1	3	1	1	0	0	1	1	3	0	1	0	0	0	0	4	0	12	0	0	0	1	1	2	1	0	1	0	0	26	0	0	0	0	0	6	0	0	0	0	0	1	4	0	0	0	0	0	6	0	2	0	2	2	0	0	0
OTU_1250	1	0	1	0	0	0	0	0	0	1	0	0	2	2	4	0	0	0	1	0	0	1	1	0	0	0	1	1	0	0	1	0	1	0	0	0	0	2	0	2	1	0	1	0	0	0	0	0	1	0	0	0	0	1	0	0	0	0	0	0	0	0	0	0	1	2	0	0	0	7	2	0	0	0	2	0	0	0	2	0	1	1	0	0	1	0	0	0	4	0	0	0	0	0	1	0	1	0	2	0	3	0	0	0	10	1	7	1	0	0	1	6	1222	7	8	3	3	2985	1	8	2	3	1	1	1	0	20	1	1	3	21	0	2	0	16	1	2	4	1	0	0	4	18	1	4	3	4	0	4	2	2053	2	2	4	2	1	12	20	5	0	2	2	3	99	0	4	9	2	1	1	5	7	6	10	69	3	4	1	2	12388	3	1	0	55	7	9	0	0	1
OTU_1251	0	0	0	0	0	0	0	0	0	0	0	0	0	0	0	0	0	0	0	0	0	0	0	0	0	0	0	0	0	0	0	0	1	0	0	0	0	0	0	0	0	0	2	0	0	0	0	0	0	0	0	0	0	0	0	0	0	0	0	0	0	0	0	0	0	0	0	0	0	0	0	0	0	0	0	0	0	0	0	0	0	0	0	0	0	0	0	0	0	0	0	0	1	0	0	0	0	0	0	0	0	0	0	0	0	0	0	0	0	0	0	0	0	0	0	3	0	0	0	0	0	0	0	53	0	0	3	1	0	0	0	0	7	0	0	0	0	0	0	0	0	0	0	0	2	0	0	0	2	0	0	10	0	0	0	0	1	0	0	0	0	0	0	0	0	0	0	0	0	0	0	0	0	0	0	0	0	0	0	0	0	0	0	0	0	0	0	0	0
OTU_1252	0	0	0	1	0	9	1	2	5	0	3	0	0	0	1	0	0	1	0	2	1	0	0	3	2	0	1	0	0	8	1	0	0	0	4	2	0	7	0	2	0	8	0	4	1	4	0	4	0	0	3	1	4	6	1	4	0	2	4	0	0	1	0	0	0	14	4	0	10	1	0	0	0	1	0	1	0	5	2	3	0	12	3	6	0	0	0	2	1	1	1	1	11	5	1	0	0	0	2	4	0	1	2	0	0	0	0	0	0	0	0	3	0	0	0	2	10	0	0	0	12	0	0	0	0	0	2	2	0	27	1	1	0	1	0	1	4	1	1	0	0	5	0	1	0	0	0	0	0	0	0	22	0	0	0	2	2	0	0	0	0	0	0	0	0	1	0	13	0	0	0	4	1	0	0	0	0	1	0	2	1	2	0	0	1	2	0	0	2
OTU_1253	0	0	0	1	0	0	0	0	9	0	0	0	0	0	1	0	0	0	0	0	0	14	0	0	0	0	1	3	0	0	0	12	3	0	175	126	0	0	0	0	0	0	0	0	1	0	0	0	0	0	0	0	0	0	0	0	0	0	0	0	0	0	0	1	2	0	0	0	0	0	0	3	0	0	0	0	0	0	0	0	0	0	0	0	1	1	0	0	0	0	11	0	0	0	0	0	0	0	0	0	0	0	0	0	0	0	0	0	0	0	0	0	0	0	0	0	0	0	0	0	0	0	0	0	0	0	0	0	0	0	0	0	0	0	5	0	0	0	0	0	0	0	0	0	0	0	0	0	0	0	0	0	0	0	0	0	0	0	0	0	0	0	0	0	0	0	0	2	0	0	0	0	0	16	0	0	0	0	0	0	0	1	7	0	1	0	0	0	12
OTU_1254	0	0	0	1	0	0	0	0	0	0	0	0	0	0	0	0	0	0	0	0	0	0	0	0	0	0	0	0	0	0	0	0	0	0	0	0	0	0	0	17	0	0	0	0	0	0	0	0	0	0	0	0	0	1	0	0	0	0	2	0	0	0	0	1	0	0	0	0	0	0	0	0	0	0	0	0	0	0	0	0	0	0	0	0	0	0	0	0	0	0	0	0	1	0	0	0	0	0	0	0	0	0	0	0	0	0	0	0	0	0	0	0	0	0	0	0	0	0	0	0	1	0	0	0	0	0	0	0	0	0	0	0	0	0	0	0	1	0	0	0	0	0	0	0	0	0	0	0	0	0	0	0	0	0	0	0	0	0	1	0	0	0	0	0	0	0	0	0	0	0	0	0	0	0	1	0	0	0	0	0	0	0	0	0	0	0	0	0	0
OTU_1255	1	0	0	0	0	0	0	0	0	0	0	0	0	0	0	0	0	0	0	0	0	0	0	0	0	0	0	0	0	0	0	0	0	0	0	0	0	0	1	0	0	0	0	0	0	0	0	0	0	0	0	0	0	0	0	0	0	0	0	0	0	2	0	0	0	1	0	0	0	0	0	0	0	0	0	0	0	0	0	0	0	0	0	0	0	0	0	0	0	0	0	0	0	0	0	0	0	0	0	0	0	0	0	0	0	0	0	0	0	0	0	0	0	1	1	0	0	0	0	0	0	0	0	0	0	0	0	0	0	0	0	0	0	0	0	0	0	0	0	0	0	0	0	0	0	0	0	0	0	1	0	0	0	0	0	0	0	0	0	0	0	0	0	0	0	0	0	0	0	0	0	0	0	0	0	0	0	0	0	0	1	0	2	0	0	0	0	0	0
OTU_1256	0	0	0	1	0	0	0	0	0	0	0	0	0	0	0	0	0	0	1	0	0	1	0	0	1	0	0	0	0	0	0	0	0	0	0	1	0	0	0	0	0	0	0	0	0	0	0	0	0	0	0	0	0	0	0	0	0	0	0	0	0	0	0	0	0	0	0	0	0	0	0	0	0	0	0	0	0	0	0	0	0	0	0	0	0	0	0	0	0	0	0	0	0	0	0	0	0	0	0	0	0	0	0	0	0	0	0	0	0	0	1	0	0	0	0	1	0	0	0	0	0	0	0	0	0	0	0	0	1	0	0	0	0	0	0	0	0	1	0	0	0	0	1	0	0	0	0	0	0	0	0	3	261	0	0	0	0	0	0	0	1	0	0	0	0	3	0	0	0	0	2	0	0	0	0	0	0	0	0	0	1	0	0	0	0	0	0	0	0
OTU_1257	0	0	0	0	0	0	0	0	0	0	0	0	1	0	0	0	0	0	0	0	0	0	0	0	0	0	0	0	0	0	0	0	0	0	0	0	0	0	0	0	0	0	0	0	0	0	0	0	0	0	0	0	0	0	0	0	0	0	0	0	0	0	0	0	3	0	0	0	0	0	0	0	2	0	0	0	0	0	0	0	0	0	0	0	0	0	0	0	0	0	0	0	0	0	0	0	0	0	0	0	0	0	0	0	0	0	0	0	0	0	0	0	0	0	0	0	0	0	0	0	1	0	0	0	0	0	2	0	0	0	0	0	0	0	0	0	0	0	0	0	0	0	0	0	0	0	0	0	0	0	0	0	0	0	0	0	0	0	0	0	0	0	0	0	0	0	0	0	0	0	0	1	1	0	0	0	0	0	1	0	0	0	3	0	0	0	0	0	0
OTU_1258	0	0	0	3	0	0	79	0	0	0	0	2	0	0	0	1	0	0	1	0	0	0	1	0	0	0	0	0	1	0	0	2	0	0	3	0	0	0	0	0	1	0	0	0	0	0	0	0	0	1	0	0	0	0	0	0	0	0	2	0	0	0	0	1	0	0	1	0	0	0	0	0	0	0	0	0	0	0	0	0	0	0	1	0	0	0	0	0	0	0	0	0	5	0	1	0	0	0	0	38	0	0	0	1	0	0	0	0	0	0	0	2	0	0	0	1	0	0	21	0	0	0	0	0	1	1	0	0	0	0	4	0	2	0	0	0	0	0	1	0	1	3	0	0	1	0	0	1	0	0	0	0	1	0	0	0	0	97	3	0	0	0	0	0	0	0	7	0	1	2	0	2	0	1	0	0	0	0	0	0	1	0	1	0	2	0	1	0	0
OTU_1260	0	0	0	0	1	0	0	155	3	0	0	0	0	0	0	0	0	0	0	3	5	0	9	0	5	1	0	0	3	0	0	1	16	0	0	0	0	5	2	0	0	1	0	0	0	0	0	4	0	0	0	1	0	0	0	0	0	0	1	0	0	0	0	0	2	0	0	0	0	0	0	2	1	3	0	0	18	0	0	0	0	0	0	0	20	0	0	0	0	0	0	0	0	2	0	0	0	0	0	1	0	0	0	1	1	10	7	1	0	0	51	0	7	0	5	0	0	2	0	1	250	11	1	0	0	9	0	39	2	0	72	10	0	7	0	5	0	45	0	0	4	2	1	0	6	0	14	0	0	0	1	0	3	1	2	4	6	1	27	0	12	0	3	0	1	2	18	0	2	0	8	2	4	0	0	0	0	45	15	0	42	5	0	4	5	2	0	9	0
OTU_1261	0	30	0	1	4	15	2	1	16	1	0	8	1	0	1	0	3	12	1	0	10	0	2	5	3	0	0	0	7	0	5	0	20	4	1	0	2	27	1	0	2	1	68	1	43	3	3	2	3	11	0	0	0	0	1	0	0	20	0	0	0	0	0	1	2	374	0	3	0	6	5	0	0	0	1	3	23	3	0	5	0	0	13	1	0	3	2	1	34	1	2	7	0	3	0	0	0	1	11	1	2	1	0	5	38	5	0	2	37	20	1	0	56	1	0	6	10	7	3	5	352	0	0	26	16	25	14	4	9	0	77	0	8	17	5	14	1	31	3	3	2	0	2	1	5	17	0	31	8	14	1	1	0	51	69	27	21	0	4	0	3	3	6	0	8	7	26	26	2	0	2	18	27	14	0	5	10	23	2	22	12	13	2	3	1	5	0	1	0
OTU_1262	0	0	0	0	0	0	0	0	0	0	1	0	0	0	0	0	0	1	0	0	0	0	0	0	0	0	0	0	0	0	0	0	1	4	0	0	0	0	0	0	0	0	0	0	0	0	0	1	0	1	0	0	0	0	0	0	0	0	0	0	0	0	0	0	0	0	0	0	0	0	0	0	0	0	0	0	0	0	0	0	0	0	0	0	1	0	4	0	0	0	0	6	0	0	0	0	0	0	0	0	0	0	0	0	0	0	0	0	15	0	4	0	0	0	0	1	0	0	2	0	0	0	0	0	0	0	0	0	0	0	0	0	0	0	0	0	0	0	0	0	0	4	0	0	1	0	0	0	0	0	0	0	0	0	0	0	4	0	0	0	0	2	0	0	0	0	0	1	0	0	0	0	0	0	0	0	0	0	0	0	0	0	23	1	0	0	0	0	0
OTU_1263	3	2	6	6	5	2	5	5	21	0	1	2	2	1	0	3	6	5	1	7	5	6	0	15	2	4	1	8	0	2	26	6	3	4	6	8	1	1	9	7	6	5	0	4	6	0	0	5	6	0	4	4	2	0	6	0	0	4	0	5	2	1	1	5	16	2	1	3	2	7	0	1	1	6	3	1	1	0	2	0	3	4	8	1	1	1	16	5	0	4	3	0	2	4	5	1	2	4	0	3	5	8	0	4	0	0	0	3	3	0	0	0	0	0	0	2	2	0	0	3	0	0	0	0	0	2	0	5	0	0	0	2	0	0	0	0	0	1	2	0	7	9	0	11	0	0	1	2	0	2	0	0	0	0	0	1	2	2	0	0	0	3	1	0	0	2	0	1	0	4	3	0	0	3	4	0	0	0	0	0	0	0	13	0	3	0	1	0	46
OTU_1264	0	0	0	0	0	0	0	0	0	0	0	0	0	0	0	0	0	0	0	0	0	0	0	0	0	0	0	0	0	0	0	0	0	0	0	0	0	0	0	0	0	0	0	0	0	0	0	0	0	0	0	0	0	0	0	0	0	0	0	0	0	0	0	0	0	0	0	0	0	0	0	1	0	0	0	0	0	0	0	0	0	0	0	0	0	0	0	0	0	0	0	0	0	0	0	0	0	0	0	0	0	0	0	0	0	0	0	1	0	0	0	0	0	0	0	0	0	0	0	0	0	0	0	0	0	0	0	0	0	0	0	0	0	0	0	0	1	0	0	0	0	0	0	0	0	0	0	0	0	2	0	0	0	0	0	0	0	0	0	0	0	0	0	0	0	0	1	0	0	0	0	0	0	0	0	0	0	0	2	0	1	0	0	0	0	0	0	0	0
OTU_1265	0	0	0	0	0	0	0	0	0	0	0	0	0	0	1	1	0	0	1	0	0	0	0	1	0	0	0	0	0	0	1	0	0	0	0	0	0	0	0	0	0	0	0	0	0	0	0	0	0	0	0	0	0	0	0	0	0	0	0	0	0	0	0	0	0	0	0	0	0	0	1	1	0	0	0	0	0	0	0	0	0	0	0	0	0	0	0	1	0	0	0	0	0	0	0	0	0	0	0	0	0	0	0	0	0	0	0	0	0	0	0	0	0	0	0	0	0	0	0	0	0	0	0	0	0	0	0	0	0	0	0	0	0	0	0	0	0	0	0	0	0	0	0	7	0	0	0	0	0	0	0	0	0	0	0	0	0	0	0	0	0	0	0	0	0	0	0	1	0	0	0	0	0	0	0	0	0	0	0	0	0	0	0	0	0	0	0	0	0
OTU_1267	551	2107	1	1109	66	50	68	152	206	2346	31	215	2	180	12	337	36	8	317	14	115	5	175	164	5	75	584	1	61	26	72	393	2	3	11	19	2	679	5	2	646	46	220	7	12	440	50	104	19	102	59	17	2	1	3	12	742	7083	82	12	13	19	14	48	115	3293	48	20	140	8	10	22	215	566	2	32	16	190	4	36	5	170	164	19	138	33	551	196	39	288	5	1	174	235	311	1	21	2	362	120	125	13	44	94	152	1	161	9	89	1115	43	5	254	143	15	405	124	545	163	145	39	113	119	17	530	7	158	16	8	7	68	2	7	332	159	56	1253	118	22	159	31	122	227	4	1169	199	548	12	30	10	30	1409	2	38	18	82	38	906	233	0	3	8	122	558	170	247	111	228	799	3	139	102	39	487	8	55	8	109	26	2	464	7	1	1563	152	183	91	67	14
OTU_1268	0	2	0	0	0	0	3	0	3	2	0	7	0	6	2	2	6	2	1	11	1	0	2	1	0	7	1	0	0	0	0	0	0	0	0	1	5	0	0	0	0	1	0	0	0	0	0	3	0	3	0	3	0	1	0	0	0	0	0	0	0	0	0	8	0	0	7	1	1	2	4	8	1	2	0	0	0	2	0	0	7	1	2	1	0	1	0	0	2	1	0	1	0	0	0	0	0	0	3	0	0	9	2	2	0	5	13	13	5	0	0	9	1	560	1	6	0	25	5	0	1	0	1	4	10	1	4	5	6	0	1	1	1	8	1	0	2	5	5	19	17	8	1	3	0	0	0	2	0	17	2	2	0	2	0	3	0	0	4	0	0	1	4	0	0	11	0	33	1	0	0	0	5	1	3	1	0	2	0	13	45	0	5	0	14	18	3	0	9
OTU_1269	0	0	0	0	0	0	0	0	0	0	0	0	0	0	0	0	0	0	0	0	0	0	0	0	0	0	1	0	0	0	0	0	0	0	0	0	0	0	0	0	0	0	0	0	0	0	0	0	0	0	0	0	0	0	0	0	0	0	0	0	0	0	0	0	0	0	0	0	0	0	0	0	0	0	0	0	0	0	0	0	0	0	0	0	0	1	0	0	0	0	0	0	0	0	0	0	0	0	0	0	0	0	0	0	0	0	0	0	0	0	0	0	0	0	0	0	0	0	0	0	0	0	0	0	0	0	0	0	0	0	0	0	0	0	0	0	0	0	0	0	1	0	0	0	0	0	0	0	0	0	0	0	0	0	0	0	0	0	0	0	0	0	0	0	0	0	0	0	0	0	0	0	0	0	0	0	0	0	0	0	0	0	0	0	0	1	0	0	0
OTU_1270	0	0	0	0	0	0	0	0	0	0	0	0	0	0	1	0	0	0	0	0	0	0	0	0	0	0	0	0	0	0	0	0	0	0	0	0	0	0	0	0	0	0	0	0	0	0	0	0	1	0	0	0	0	0	0	0	0	0	0	0	0	0	0	0	0	0	0	0	0	0	0	0	0	0	0	0	0	0	0	0	0	0	0	0	0	0	1	0	0	0	0	0	1	0	0	0	0	0	0	0	0	0	0	0	0	0	0	0	0	0	0	0	0	0	0	1	0	0	0	0	0	0	0	0	0	0	0	0	0	0	0	0	0	0	0	0	0	0	0	0	0	0	0	0	0	0	0	0	0	0	0	0	0	0	0	0	0	0	0	0	0	0	0	0	0	0	0	0	0	0	0	0	2	0	0	0	0	0	0	0	0	0	0	0	0	0	0	0	0
OTU_1273	0	0	0	0	0	0	0	0	0	0	0	0	0	0	0	0	1	0	0	0	0	0	0	0	0	0	0	0	0	0	0	0	0	0	0	0	0	0	0	0	0	0	0	0	0	0	0	1	0	0	0	0	0	0	1	0	0	0	4	0	0	0	0	0	0	0	0	0	0	0	0	0	0	0	0	1	0	0	0	0	0	0	0	0	0	0	0	0	0	0	0	0	0	0	0	0	1	0	0	0	0	0	0	0	0	0	0	0	0	0	0	0	0	0	0	3	0	0	165	0	0	0	0	51	0	0	1	0	0	0	0	0	1	0	9	0	1	0	0	0	0	0	0	1	0	1	0	15	0	2	0	10	0	0	0	0	0	0	0	0	0	0	0	0	0	0	0	0	0	0	0	0	0	0	0	0	0	3	0	0	0	0	1	0	11	8	0	1	0
OTU_1274	0	0	0	0	0	0	0	0	0	0	0	0	0	0	0	0	0	0	0	0	0	0	0	0	0	0	0	0	0	0	0	0	0	0	0	0	0	0	0	0	1	0	0	0	0	0	0	10	0	0	4	0	0	0	0	0	0	0	0	0	0	0	0	0	0	0	0	0	0	0	0	0	1	0	0	0	0	0	0	0	0	0	0	0	0	0	0	0	0	0	0	0	0	0	0	0	2	0	0	0	0	0	0	1	0	0	0	0	0	0	0	0	0	0	0	0	0	0	2	0	0	0	0	0	0	0	0	0	0	0	0	0	0	0	0	0	0	0	0	0	0	0	0	0	0	1	0	0	0	0	0	0	0	0	0	0	0	0	0	0	0	0	0	0	0	0	0	0	0	0	0	0	0	0	0	1	0	0	0	0	0	0	0	0	0	1	0	0	0
OTU_1275	0	0	0	0	0	0	0	0	0	0	0	0	0	0	0	0	0	0	0	0	0	0	0	0	0	0	0	0	0	0	0	0	0	0	0	0	0	0	0	0	0	0	0	0	0	0	0	0	0	0	0	0	0	0	0	0	0	0	0	0	1	0	0	0	0	0	0	0	0	0	0	0	0	0	0	0	0	0	0	0	0	0	0	0	0	0	0	0	0	0	0	0	0	0	0	0	0	0	0	0	0	0	0	0	0	0	0	0	0	0	0	0	0	0	0	0	0	0	0	0	0	0	0	0	0	0	0	0	0	0	0	0	0	0	0	0	0	0	0	0	0	0	0	0	0	0	0	0	0	0	0	0	0	0	0	0	0	0	0	0	0	0	0	0	0	0	0	0	0	0	0	0	0	0	0	0	0	0	0	0	0	0	0	0	0	0	0	0	0
OTU_1276	0	0	0	0	0	0	0	0	0	0	0	0	0	0	0	0	0	0	0	0	0	0	0	0	0	0	0	0	0	0	0	0	1	1	0	0	0	0	0	0	0	0	0	0	0	0	0	1	0	0	0	0	0	0	0	0	0	0	0	0	0	1	0	0	0	0	0	0	0	0	0	0	0	0	0	0	1	0	0	0	0	0	0	0	0	0	0	0	0	0	0	0	0	0	0	0	0	0	0	0	0	0	0	0	0	0	1	0	0	0	0	0	0	0	0	0	0	0	0	0	1	0	0	0	0	0	0	0	0	0	0	0	0	0	0	0	0	2	0	0	0	0	0	0	0	0	0	0	0	0	0	0	3	0	0	0	1	0	4	0	0	0	0	0	3	0	1	0	0	0	0	0	0	0	0	0	0	0	0	0	0	0	0	0	0	0	0	0	0
OTU_1277	0	0	0	0	0	0	2	0	0	0	0	0	0	0	0	0	0	0	0	0	0	0	0	0	0	0	0	0	0	0	0	0	0	0	0	0	0	0	0	0	0	0	0	0	0	0	0	0	0	0	0	0	0	0	0	0	0	0	0	0	0	0	0	0	0	0	0	0	0	0	0	0	0	1	0	0	0	0	0	0	0	1	0	0	0	0	0	0	0	0	0	0	0	0	0	0	0	0	0	0	0	0	0	0	0	0	0	0	0	0	0	0	0	0	0	0	0	1	26	0	0	0	0	14	0	0	0	1	0	0	0	0	3	0	8	0	0	0	0	0	0	0	0	0	0	0	0	0	0	2	0	5	0	0	0	0	0	0	0	0	0	1	0	0	0	0	0	0	0	0	0	1	1	2	0	0	0	0	3	0	0	0	7	0	7	0	1	0	0
OTU_1278	0	0	0	0	0	0	0	0	0	0	0	0	0	0	0	0	0	0	0	0	0	0	0	0	0	0	0	0	0	0	0	0	0	0	0	0	0	0	0	0	0	0	0	0	0	0	0	0	0	0	0	0	0	0	0	0	0	0	0	0	0	0	0	1	0	0	0	0	0	0	1	0	0	0	0	0	0	0	0	0	1	0	0	0	1	0	0	0	0	0	0	0	0	0	0	0	1	0	0	0	0	0	0	0	0	0	0	0	0	0	0	0	0	0	0	0	0	0	0	0	0	0	0	0	0	0	0	1	0	0	0	0	0	0	0	0	0	0	0	0	0	0	0	0	0	0	0	0	0	0	0	0	0	0	0	0	0	0	0	0	0	0	0	0	0	0	0	0	0	0	0	0	0	0	0	0	0	0	0	0	0	0	0	0	0	0	0	0	0
OTU_1280	0	0	2	0	0	0	0	0	0	1	0	0	0	0	0	0	0	0	0	0	0	0	0	0	0	0	0	0	0	0	0	0	0	0	0	0	2	0	101	0	0	0	1	0	0	0	0	0	0	0	0	0	0	0	0	0	0	0	0	0	0	1	0	0	0	1	0	0	0	0	0	0	0	0	0	1	0	0	0	0	0	0	0	0	0	0	0	0	0	0	0	0	0	0	0	0	0	0	0	0	20	0	0	0	0	0	0	10	0	0	0	0	0	0	0	0	0	0	0	0	0	0	0	0	0	0	0	0	0	0	0	0	0	0	0	0	0	0	0	0	0	0	0	0	0	0	0	0	0	0	0	0	0	0	0	0	0	0	0	0	0	0	1	0	0	0	0	0	0	0	0	0	0	0	0	0	0	0	0	0	0	0	0	0	0	2	0	0	0
OTU_1281	3	0	0	0	0	0	0	2	12	0	0	1	0	0	1	0	0	0	0	1	0	0	0	0	29	1	0	0	0	0	4	0	0	15	0	0	0	0	0	105	1	19	85	2	0	0	0	28	0	0	0	1	0	0	0	0	0	0	23	0	4	2	0	0	16	0	11	1	0	0	32	0	8	0	0	0	0	52	4	0	0	0	1	0	0	3	0	1	0	0	0	0	0	0	0	0	0	0	0	29	12	0	7	4	0	2	0	0	0	1	3	0	6	1	80	42	30	160	10	29	26	0	0	2	0	0	7	3	30	0	15	0	5	71	1	14	0	1	1	0	5	0	0	17	2	1	1	12	10	4	6	256	0	0	56	95	78	71	2	0	17	6	45	17	0	3	196	0	2	5	58	357	1	337	2	2	13	166	62	5	4	0	17	2	35	81	10	4	2
OTU_1282	0	0	0	0	0	0	0	0	5	0	0	0	0	0	0	9	0	1	0	0	0	0	0	0	0	0	0	0	0	1	0	1	1	0	31	18	0	0	0	0	0	0	0	0	0	1	0	0	0	0	0	0	0	0	0	0	0	0	0	0	0	0	2	0	0	0	0	0	0	0	0	3	1	0	0	0	0	0	0	0	0	0	0	0	0	0	0	0	0	2	0	0	0	0	0	0	0	0	0	0	0	0	0	0	0	0	0	0	0	0	0	1	0	0	0	232	1	6	0	0	0	0	0	0	0	0	2	13	0	0	0	0	0	3	0	0	0	1	0	0	2	0	0	0	0	0	0	0	0	0	0	1	14	0	0	0	0	0	1	0	0	0	0	0	0	0	2	0	0	0	0	0	1	0	1	0	0	0	376	34	0	0	0	0	35	0	0	0	0
OTU_1283	0	0	0	0	0	1	0	0	0	0	0	1	0	0	0	0	3	0	0	0	0	3	0	0	0	0	0	0	0	1	0	0	0	0	0	0	0	0	0	0	0	0	0	0	0	0	0	0	0	0	0	1	0	0	4	0	0	0	0	0	0	0	0	0	0	0	1	0	0	0	0	0	0	0	0	0	0	1	0	0	0	0	0	0	0	0	0	0	0	0	0	0	0	0	0	0	1	2	0	0	0	0	0	0	0	0	0	0	0	0	0	0	0	0	0	0	0	0	0	0	0	0	0	0	0	0	0	0	0	0	0	0	0	0	0	0	0	0	0	0	0	0	0	0	0	1	0	0	0	0	0	0	0	0	0	0	0	0	0	0	0	0	0	0	0	0	0	0	0	0	0	0	0	0	0	0	0	0	0	0	0	0	1	0	0	0	0	0	0
OTU_1285	0	0	0	0	0	0	0	0	0	0	0	10	0	0	23	0	1	0	0	0	0	2	7	0	3	0	2	0	0	0	21	0	0	6	0	0	0	990	0	0	0	3	1	0	2	1	0	2	5	0	0	4	1	0	0	0	0	0	0	0	0	1	1	0	1	1	2	8	0	0	0	0	23	0	0	19	0	0	0	0	0	0	0	0	1	0	0	0	1	0	0	0	103	3	2	0	0	0	1	0	1	0	0	59	308	0	1	2	0	1	2	0	0	0	0	38	0	0	131	0	0	0	1	0	13	0	6	1	0	0	2	0	20	21	19	0	0	1	22	0	232	14	7	0	0	0	1	0	0	5	1	0	2	3	0	0	1	1	1	0	205	0	0	0	0	0	1	1	0	758	0	0	6	1233	1	0	14	21	216	0	0	0	29	0	79	0	6	2	2
OTU_1286	0	128	0	0	0	0	96	0	1	14	0	10	0	0	4	10	3	1	0	3	1	1	2	3	140	0	0	1	0	0	70	0	0	1	1	7	0	1	0	133	0	0	3	0	0	0	1	29	0	0	28	0	0	1	0	3	1	1	43	0	0	1	0	1	18	0	8	1	1	0	26	1	0	2	0	0	0	0	1	2	0	0	2	1	0	0	281	145	0	2	13	0	3	78	0	0	2	0	5	188	28	0	0	18	7	3	0	3	0	5	1	6	6	3	46	174	60	4	17	2	16	1	2	15	4	6	14	16	0	0	62	0	44	0	58	0	0	2	13	0	9	5	1	1	0	70	40	4	5	5	0	2	2	4	29	3	50	108	8	0	4	2	28	116	1	77	21	11	1	0	5	219	6	549	11	8	2	18	25	0	2	4	108	0	2	29	23	18	12
OTU_1287	0	0	0	1	0	0	1	0	0	0	0	0	0	0	0	0	0	0	1	0	0	0	1	0	0	0	0	0	0	0	0	0	0	0	0	0	0	1	0	0	0	0	0	0	0	0	0	0	0	0	0	0	0	0	0	0	0	0	0	0	0	0	0	0	0	0	0	0	0	0	0	0	0	0	0	0	0	0	0	0	0	0	0	0	0	0	0	0	0	0	0	0	0	0	0	0	0	0	0	0	1	0	0	0	0	0	0	0	0	0	0	0	0	0	0	1	0	0	7	0	0	0	0	9	0	0	0	0	0	0	0	0	0	0	0	0	0	0	0	0	0	0	0	0	0	6	0	0	0	0	2	2	2	0	0	0	0	0	0	0	0	0	0	0	0	0	0	0	0	0	0	0	0	0	0	0	0	0	0	0	0	0	0	0	0	0	0	0	0
OTU_1288	0	0	1	0	0	0	0	0	0	0	0	1	0	1	1	0	0	0	0	0	0	0	3	0	1	0	0	0	0	0	0	20	0	1	0	0	2	0	0	0	0	0	2	0	0	0	5	0	10	0	0	0	0	0	0	0	0	0	0	0	0	0	1	0	1	1	0	0	0	0	3	0	0	0	0	0	0	1	0	0	0	1	0	0	0	0	0	3	0	0	0	0	0	0	1	0	0	0	2	0	0	0	0	0	0	0	0	1	0	0	0	0	0	0	0	0	0	0	0	0	1	0	0	0	0	0	0	0	0	0	0	0	0	1	0	0	0	0	0	0	0	0	0	1	0	0	0	0	0	0	0	0	0	0	0	0	0	0	0	0	0	0	0	0	0	0	0	175	0	0	0	0	0	0	0	0	0	0	0	0	0	0	0	0	0	0	0	0	0
OTU_1289	0	0	0	0	0	0	0	0	0	1	0	0	0	0	0	0	0	0	0	0	0	0	0	0	0	0	0	0	0	0	0	0	0	0	0	0	0	0	0	0	0	0	0	0	0	0	0	0	0	0	0	0	0	0	0	0	0	0	0	0	0	0	0	0	0	0	0	0	0	0	0	0	0	0	0	0	0	0	0	0	0	0	0	0	0	0	0	0	0	0	0	0	0	0	0	0	0	0	0	0	0	0	0	0	0	0	0	0	0	0	0	0	0	0	0	14	0	0	25	0	0	0	0	0	0	0	0	1	0	0	0	0	0	0	0	0	0	0	0	0	0	0	0	0	0	3	0	0	0	0	0	0	0	1	0	0	0	21	0	0	0	0	0	0	0	0	0	0	0	0	0	0	0	0	0	0	0	0	0	0	0	0	0	0	0	0	0	0	0
OTU_1290	1	2	1	2	18	4	8	151	7	10	71	1	0	15	1	1	14	3	0	3	1	20	2	2	0	2	0	11	1	1	98	2	3	1	24	32	0	0	27	1	0	30	12	10	1	32	0	7	0	0	5	2	45	2	43	0	0	3	0	1	1	8	7	53	2	0	0	13	0	0	4	0	0	12	192	57	0	0	5	1	0	0	10	0	4	0	1	1	2	5	2	1	4	0	0	0	2	2	5	0	2	2	2	1	0	2	1	1	28	0	2	2	3	5	0	7	0	29	34	5	1	0	1	0	0	2	1	4	0	0	3	1	0	8	12	1	61	1	62	0	0	2	9	1	0	48	223	1	2	13	0	0	18	1	43	2	27	0	1	0	1	53	0	11	0	25	0	3	13	1	0	0	4	6	3	6	0	0	10	9	673	0	0	0	22	2	152	6	23
OTU_1291	6	4	6	4	0	0	5	0	1	4	0	0	12	3	1	9	8	1	0	6	2	15	0	3	5	11	39	8	6	0	7	29	0	1	5	8	0	1	1	0	1	0	11	7	6	3	7	4	14	2	5	10	0	5	6	0	0	0	0	26	3	0	9	8	11	1	3	0	4	1	0	1	7	4	0	8	0	3	1	0	0	11	1	0	5	0	0	5	0	1	12	0	7	5	0	1	17	1	2	10	6	2	0	1	0	1	0	1	0	0	0	0	0	0	0	0	0	0	1	1	0	0	0	0	0	2	0	10	1	0	0	0	1	1	0	0	0	0	0	0	2	1	0	15	0	7	2	0	1	0	0	0	0	0	0	0	1	1	0	0	0	1	0	0	0	2	0	1	1	1	2	0	0	7	4	0	0	0	2	0	0	0	2	0	2	0	1	0	24
OTU_1292	0	0	1	4	0	0	0	0	0	1	0	0	0	0	1	0	0	0	0	0	0	0	0	0	0	0	0	0	0	0	0	0	1	1	0	0	4	0	1	0	0	0	1	0	0	0	2	0	0	1	0	0	0	0	0	0	0	0	0	0	0	17	0	0	0	0	0	0	0	0	0	0	0	0	0	1	0	1	0	0	0	0	0	0	0	0	0	0	0	0	0	0	0	0	0	0	0	0	1	0	0	0	0	1	12	0	0	0	0	47	2	5	14	0	7	0	3	3	0	0	15	3	9	4	6	0	0	0	2	0	4	0	0	3	0	2	2	2	0	2	0	0	0	0	0	1	0	0	0	0	0	0	0	12	0	1	2	0	1	0	0	0	1	13	3	0	0	0	3	0	5	13	3	0	0	0	1	3	0	8	1	2	0	0	1	0	0	1	1
OTU_1293	0	0	1	0	0	0	1	0	1	0	0	0	0	1	0	0	1	0	0	0	0	0	1	0	0	0	2	0	1	0	0	0	0	0	0	0	0	0	0	0	0	0	0	0	0	0	0	0	0	0	0	0	0	0	0	0	0	0	0	0	0	0	0	0	0	0	0	0	0	0	1	0	0	0	0	0	0	0	0	0	0	0	0	0	0	0	0	0	0	0	0	0	0	0	0	0	0	0	0	0	0	0	0	0	0	0	0	0	0	0	0	0	0	0	0	1	0	0	0	0	0	0	0	0	0	0	0	0	0	0	0	0	0	0	0	0	0	0	0	0	0	0	0	0	0	0	0	0	0	0	0	0	0	0	0	0	0	0	0	0	0	0	0	0	0	0	0	0	0	0	0	0	0	0	0	0	0	0	0	0	0	0	0	0	0	0	1	0	0
OTU_1294	0	0	0	0	0	0	0	0	0	0	0	0	0	0	0	0	0	0	0	0	0	0	0	0	0	0	0	0	0	0	0	0	0	0	0	0	0	0	0	0	0	0	0	0	0	0	0	0	0	0	0	0	0	0	0	0	0	0	0	0	0	0	0	0	0	0	1	0	0	1	0	0	0	0	0	0	0	0	0	0	0	0	0	0	0	0	0	0	0	0	0	0	0	0	0	0	0	0	0	0	0	0	0	0	0	0	0	0	0	0	0	0	0	0	0	0	0	0	0	0	0	0	0	0	0	0	0	0	0	0	0	0	0	0	0	0	0	0	0	0	0	0	0	0	0	0	0	0	0	0	0	0	0	0	0	0	0	0	0	0	0	0	0	0	0	0	0	0	0	0	0	241	0	0	0	0	0	0	0	0	0	0	0	0	0	0	0	0	0
OTU_1295	0	0	0	9	1	34	0	5	3	4	0	0	1	1	0	1	2	0	2	0	0	2	0	0	4	0	0	0	0	0	1	3	0	1	1	1	1	1	0	17	1	0	14	1	4	1	4	2	0	5	0	4	1	5	0	3	1	67	2	3	0	0	4	0	1	4	0	0	0	0	0	0	0	2	0	2	14	9	0	2	0	0	0	0	0	2	0	0	7	1	0	1	0	0	8	0	7	0	0	5	2	0	0	0	1	2	0	2	14	31	2	0	9	0	5	3	2	0	8	0	1	0	1	6	5	0	1	0	0	13	15	0	0	7	0	1	1	0	1	0	0	0	0	0	5	5	1	2	0	0	0	6	1	0	1	3	7	0	0	0	0	0	2	32	1	3	1	0	0	0	0	2	1	3	5	7	0	0	0	0	1	0	1	14	0	2	1	2	0
OTU_1296	4	3	24	9	20	15	12	6	3	4	13	1	13	16	1	6	8	0	2	1	25	24	1	3	3	8	1	6	25	24	4	44	0	3	6	4	1	11	2	15	4	8	10	29	7	11	3	0	19	2	4	13	3	0	7	9	0	25	3	8	3	0	3	5	5	2	2	0	10	0	13	1	1	80	4	10	53	1	1	0	0	0	1	1	6	0	2	12	8	1	6	3	7	29	0	1	10	1	2	1	8	2	0	5	0	2	0	2	12	2	0	1	2	0	3	2	1	1	0	2	2	0	0	0	0	0	0	3	4	1	0	0	0	0	1	0	0	0	7	0	1	25	0	29	2	0	1	1	0	1	3	3	30	3	0	2	1	1	0	0	0	0	4	2	7	1	1	16	1	2	7	0	1	1	7	2	0	2	0	0	1	0	0	0	2	4	11	0	7
OTU_1297	5	1	7	3	10	2	6	2	1	0	7	1	1	1	0	1	0	3	0	0	0	27	0	6	0	1	0	0	0	1	3	1	0	0	1	1	3	2	0	1	1	1	1	2	0	1	0	1	1	3	1	1	1	80	0	3	0	0	1	14	2	1	10	3	2	4	2	2	1	1	0	2	0	2	2	0	0	1	0	2	1	6	7	4	1	1	3	4	3	0	7	4	0	2	0	5	1	0	1	2	2	2	0	0	0	0	1	1	1	0	5	2	0	1	0	0	0	0	4	0	1	0	0	0	1	1	0	2	1	1	2	6	0	1	1	0	0	0	4	1	1	12	4	3	0	0	5	0	0	6	1	1	1	0	1	1	2	1	1	13	1	1	7	0	0	2	0	0	1	2	2	1	0	0	2	0	0	0	2	0	0	0	7	0	2	5	7	0	4
OTU_1298	0	0	1	0	0	0	0	0	0	0	0	0	0	0	0	0	0	0	0	0	0	0	0	0	0	0	0	0	0	0	0	0	0	1	1	0	0	0	0	0	0	0	2	0	0	0	0	0	0	0	0	0	0	0	1	0	0	0	0	0	0	0	0	0	0	0	0	0	0	1	0	0	0	0	0	0	0	0	0	0	0	1	0	0	0	2	0	0	1	0	0	0	1	0	0	0	0	0	0	0	0	0	0	0	0	0	0	0	0	0	0	0	0	0	0	0	0	0	0	0	0	0	0	0	0	0	0	0	0	0	0	0	0	2	0	0	0	0	0	0	0	0	0	0	0	0	0	0	0	0	0	0	0	0	0	0	0	0	0	0	0	0	0	0	0	0	0	0	0	0	0	0	0	0	0	0	0	0	0	0	0	0	0	0	0	0	0	0	0
OTU_1299	0	0	0	0	0	0	0	0	0	0	0	0	0	0	2	0	0	0	0	0	0	0	0	0	0	0	0	0	0	0	1	0	0	0	0	0	0	0	0	0	0	0	0	0	0	0	0	0	0	10	0	0	0	0	0	0	0	0	0	0	0	0	0	0	0	0	0	0	0	0	0	0	3	0	0	0	0	0	0	0	0	0	0	0	0	0	0	0	0	0	0	0	0	0	0	4	0	0	0	4	0	0	0	0	0	0	0	0	0	0	1	0	0	0	0	1	0	0	0	6	3	0	0	1	4	0	1	0	0	0	0	0	0	0	1	0	0	0	0	0	0	0	0	0	0	0	0	3	0	1	0	0	0	0	0	0	0	1	0	0	0	0	0	0	0	0	0	0	0	0	0	0	0	5	0	0	9	0	0	0	0	0	2	0	0	0	0	0	0
OTU_1300	0	0	0	0	0	0	0	0	0	0	0	0	0	0	0	0	0	0	0	0	0	0	0	0	0	0	0	0	0	0	0	0	0	0	0	0	0	0	0	0	0	0	0	0	0	0	0	0	0	0	0	0	0	0	0	0	0	0	0	0	0	0	0	0	0	0	0	0	0	0	0	0	0	0	0	0	0	0	0	0	0	0	0	0	0	0	0	0	0	0	0	0	0	0	0	0	0	0	0	0	0	0	0	0	0	0	0	0	0	0	0	0	0	0	0	1	0	0	0	0	0	0	0	0	0	0	0	0	0	0	0	0	0	0	1	0	0	0	0	0	0	0	0	0	0	0	0	0	0	0	0	0	0	0	0	0	0	0	0	0	0	0	0	0	0	0	0	0	0	0	0	0	0	0	0	0	0	0	0	0	0	0	0	2	0	0	0	0	0
OTU_1301	0	0	0	0	0	0	0	0	0	0	0	0	0	0	0	0	0	0	0	0	0	0	0	0	0	0	0	0	0	0	0	0	1	0	0	0	0	0	0	0	0	0	0	0	0	0	0	0	0	0	0	0	0	0	0	0	0	0	1	0	0	0	0	0	0	0	0	0	0	0	0	0	0	0	0	0	1	0	0	1	0	0	0	0	0	0	0	0	2	0	0	0	0	0	0	0	0	0	0	0	0	0	0	0	0	0	0	0	0	0	0	1	0	0	0	0	0	0	0	0	0	0	0	0	0	0	0	0	0	0	0	0	0	0	0	0	0	0	0	0	0	0	0	0	0	0	0	0	0	0	0	0	30	0	0	0	0	0	1	0	0	0	0	0	0	0	0	0	0	0	0	0	0	0	0	0	0	0	0	0	0	0	0	0	0	0	0	0	0
OTU_1303	0	0	0	11	13	1	0	2	1	2	0	58	0	0	2	2	1	2	1	4	1	0	0	1	2	1	0	1	0	24	6	2	0	0	5	9	0	0	2	0	1	1	1	1	1	3	2	0	1	0	1	4	2	0	1	1	0	0	0	0	0	1	1	1	70	0	1	3	2	1	2	2	0	2	0	1	0	0	0	2	0	0	8	3	1	3	0	1	3	1	0	0	0	0	0	2	2	1	8	0	0	1	1	0	0	0	0	0	0	0	0	0	0	0	0	0	0	0	0	0	2	0	0	0	0	0	0	0	0	0	1	0	0	0	0	0	0	0	0	0	1	8	0	0	0	0	0	0	0	0	0	0	0	0	0	5	0	0	0	0	0	0	0	0	0	0	0	3	2	0	0	1	0	0	0	0	0	0	0	0	0	0	0	0	0	0	0	0	1
OTU_1304	0	0	3	0	0	0	0	0	0	0	0	0	0	0	0	0	0	0	0	0	0	0	2	0	0	0	0	0	0	0	0	0	0	0	0	0	0	0	0	0	0	0	0	0	0	0	0	0	0	1	0	0	0	0	0	1	0	0	0	0	0	1	0	0	0	0	0	0	0	4	0	1	0	0	0	0	0	0	0	0	0	0	0	0	0	1	0	0	0	2	0	0	0	0	0	0	0	0	0	0	0	0	0	0	77	21	0	0	0	0	4	0	0	0	0	0	0	0	0	0	0	0	0	0	0	0	0	0	0	0	1	0	0	10	5	0	0	0	0	0	0	0	0	0	0	0	0	0	0	0	0	0	3	0	2	16	0	1	0	0	0	0	0	0	4	1	0	114	1	0	0	0	0	0	0	0	0	0	0	0	0	0	0	0	0	0	1	0	0
OTU_1305	0	0	0	0	0	0	0	0	0	0	0	0	0	0	0	0	0	0	0	0	0	0	0	0	0	0	0	0	0	0	0	0	0	0	0	0	0	0	0	0	0	0	0	0	0	0	0	0	0	0	0	0	0	0	0	0	0	0	0	0	0	0	0	0	0	0	0	0	0	0	0	0	0	0	0	0	0	0	0	0	0	0	0	0	0	0	0	0	0	0	0	0	0	0	0	0	0	0	0	0	0	0	0	0	0	0	0	0	0	0	0	0	0	0	0	0	8	3	0	0	0	0	0	1	0	0	1	1	0	0	0	0	6	0	7	0	0	1	0	0	1	0	1	4	0	4	0	0	3	0	1	0	0	0	0	0	0	0	0	0	0	0	0	0	0	0	0	0	0	3	0	7	0	22	0	4	0	0	0	0	0	0	2	0	0	0	0	0	0
OTU_1306	0	0	0	0	0	0	0	0	0	0	0	0	0	0	0	0	0	0	0	0	0	0	0	0	0	0	0	0	0	0	0	0	0	0	0	0	0	0	0	0	0	0	1	0	0	1	0	0	0	0	0	0	0	0	0	0	0	0	0	0	0	0	0	0	0	0	0	0	0	0	0	0	0	0	0	0	0	0	0	0	0	0	0	0	0	0	0	0	0	0	0	0	0	0	0	0	0	0	0	0	0	0	0	0	0	0	0	0	0	1	1	2	2	0	0	4	0	0	0	0	0	0	0	86	0	0	1	10	0	0	2	0	2	1	0	188	0	0	0	0	0	0	2	0	16	17	5	0	0	2	0	7	0	1	0	0	142	0	0	0	0	0	0	0	239	0	0	0	2	0	0	0	175	0	2	9	90	0	0	0	1	114	3	1	0	0	0	14	0
OTU_1308	0	0	0	0	1	1	0	0	0	0	1	0	0	0	3	3	0	3	0	3	4	0	3	1	0	1	1	0	0	1	1	0	1	0	2	1	2	0	3	0	2	0	0	2	0	18	1	0	0	0	0	1	0	0	0	3	1	0	3	0	0	1	1	3	2	0	1	0	0	1	0	1	1	0	0	0	0	0	0	0	0	0	2	0	0	1	0	3	0	0	1	1	0	0	1	0	1	0	2	1	3	0	0	3	0	0	0	0	2	2	1	13	0	0	0	5	0	0	0	0	134	0	0	0	0	0	0	3	0	0	3	0	0	4	0	0	0	0	1	2	5	1	1	3	0	0	0	0	0	0	1	0	4	3	0	73	1	0	1	0	0	0	0	0	0	0	1	18	1	0	0	0	0	0	1	0	0	0	0	0	4	0	0	0	19	0	1	0	6
OTU_1309	0	0	0	0	0	0	0	0	0	0	0	0	0	0	0	0	0	0	1	0	0	0	0	0	0	0	0	0	0	0	0	0	0	0	0	0	0	0	0	0	0	0	0	0	0	0	0	0	0	0	0	0	0	0	0	0	0	0	0	0	0	0	0	0	1	0	0	0	0	0	0	0	0	0	0	0	0	0	0	0	0	0	0	0	0	0	0	0	0	0	1	0	0	0	0	0	0	0	4	0	0	0	0	0	0	0	0	0	0	0	0	0	0	0	0	0	0	0	0	0	1	0	0	0	0	0	0	1	0	0	2	0	0	2	0	0	0	0	0	0	0	0	0	0	0	0	0	0	0	0	0	0	0	0	0	0	1	0	0	89	0	0	0	0	0	0	0	0	2	0	0	0	0	0	0	0	0	0	0	0	0	0	0	0	1	0	0	0	0
OTU_1310	0	0	0	0	0	1	0	0	1	0	0	0	0	0	3	0	9	0	0	0	0	0	10	0	4	0	0	0	20	7	0	0	0	2	0	0	0	0	0	1	1	0	0	0	0	0	0	3	0	0	0	2	0	0	2	1	0	0	3	0	0	14	0	0	1	4	1	0	1	0	0	1	0	0	0	0	0	0	0	2	1	0	1	1	15	0	0	0	0	0	0	0	0	1	99	0	0	1	0	0	0	1	0	31	0	0	0	2	0	57	1	0	0	2	0	51	1	2	1	0	4	13	5	79	0	415	122	41	0	0	1	1	0	4	2	26	218	223	1	135	6	6	11	0	0	26	0	1	0	2	0	5	6	3	1	3	8	0	1	0	0	0	0	119	6	0	22	46	6	0	1	1	6	4	1	20	0	92	9	6	0	8	2	1	9	1	1	20	0
OTU_1311	0	0	0	0	1	0	0	0	0	0	0	0	0	0	0	0	0	0	0	0	0	0	0	0	0	0	0	1	0	0	0	1	0	0	0	0	0	0	0	0	0	0	1	0	1	0	0	0	1	0	0	0	0	0	0	0	0	0	0	0	0	0	1	0	1	0	0	1	0	0	0	0	0	0	1	0	0	0	0	0	0	0	1	0	0	0	0	0	0	1	0	0	0	0	0	0	0	0	0	0	0	1	0	0	0	0	0	0	0	0	0	0	0	0	0	0	0	0	0	0	0	0	0	0	0	0	0	0	0	0	0	0	0	0	0	0	0	0	0	0	0	2	0	0	0	0	0	0	0	0	0	0	0	0	0	0	0	0	0	0	0	0	0	0	0	0	0	0	0	0	0	0	0	0	0	0	0	0	0	0	0	0	0	0	0	0	0	1	1
OTU_1312	0	0	0	0	0	0	0	0	9	7	0	1	1	0	0	2	2	0	0	0	2	0	0	0	0	0	1	1	17	7	0	0	0	0	5	3	5	0	1	0	0	0	1	0	0	1	0	27	1	0	0	1	0	0	1	1	2	0	0	1	0	0	11	0	0	0	0	0	94	0	0	1	0	0	7	0	0	1	0	1	0	0	1	0	2	0	1	1	35	0	8	0	0	0	0	20	88	0	0	1	1	0	0	0	0	0	0	0	1	15	1	0	0	0	0	5	8	76	63	1	3	0	0	0	0	1	0	2	0	216	3	0	0	10	92	8	0	0	2	0	0	0	0	2	7	7	1	0	0	1	0	0	0	2	0	0	0	84	0	0	0	12	0	2	0	0	0	0	0	0	0	0	0	4	0	1	0	1	1	0	1	0	1	0	3	0	0	0	1
OTU_1314	8	0	0	4	0	0	8	1	0	0	2	0	1	1	0	8	0	0	1	0	0	3	5	0	2	0	0	0	0	2	1	0	0	1	0	3	2	2	6	0	0	0	6	13	3	17	0	0	8	1	1	7	1	0	1	0	0	0	1	70	0	3	1	1	49	0	1	1	2	0	0	2	1	0	0	0	2	7	0	2	0	0	0	0	0	1	0	0	0	5	0	0	0	0	0	1	0	0	7	4	0	0	1	0	0	1	0	3	0	0	1	1	0	0	0	2	0	0	0	1	1	0	0	0	0	0	0	4	0	0	0	0	0	1	1	0	0	0	0	0	1	0	0	0	0	0	0	0	0	0	0	0	0	0	0	1	0	0	0	0	0	0	0	0	0	4	0	0	1	1	0	0	0	3	0	0	0	0	0	0	0	0	0	0	1	0	0	0	4
OTU_1315	0	0	4	1	28	1	123	3	72	0	1	3	6	3	14	41	0	2	1	4	1	5	3	95	4	0	31	4	6	32	8	0	4	16	1	5	2	7	0	0	0	0	4	7	1	2	0	3	2	3	1	6	2	0	0	8	0	0	15	3	5	1	118	7	3	12	10	1	53	1	6	3	2	0	1	4	2	0	0	2	0	435	8	0	46	0	0	28	115	2	245	2	14	6	0	163	0	4	55	2	5	1	0	21	0	0	1	1	27	1	131	3	8	0	25	1	4	20	26	9	6	10	5	1	25	1	6	3	0	0	2	17	5	24	39	0	1	1	6	2	52	570	4	36	1	7	1	9	5	7	1	1	24	1	9	4	25	71	6	1	8	34	165	0	2	84	2	3	7	27	2	5	6	11	128	3	2	4	65	11	8	6	131	1	34	142	2	21	3
OTU_1316	0	0	0	0	0	0	1	0	0	0	0	1	0	0	0	0	7	0	0	0	6	23	1	1	0	0	0	0	2	0	27	0	0	0	0	0	1	1	0	0	0	0	0	20	1	24	21	0	0	0	6	5	0	13	0	0	0	0	0	1	3	0	0	8	0	0	0	0	0	1	0	0	2	0	1	4	0	0	0	0	0	0	1	0	3	0	1	0	3	0	10	0	1	0	0	0	22	0	3	0	4	2	2	1	0	0	0	0	0	0	0	0	0	0	0	2	0	1	0	0	0	0	0	0	0	0	1	0	0	0	0	0	2	0	2	0	0	1	0	0	1	9	0	9	0	4	0	0	0	0	1	0	0	0	0	2	2	5	0	0	2	0	0	0	1	4	0	1	0	1	0	0	0	3	1	0	1	0	1	0	0	0	2	0	0	2	0	0	0
OTU_1317	1	0	618	0	0	0	0	0	1	0	189	179	687	2	10	0	59	2	2	3	0	8	0	0	1	2	3	1	7	3	2	0	0	1	1	5	1	1	48	0	1	0	14	0	2	0	0	1	0	3	0	5	0	3	108	689	0	5	1	0	1	11	6	0	2	1	85	7	1	1	0	18	3	6	0	0	62	14	3	4	573	0	4	1	0	25	4	1	2	1	6	0	7	0	0	2	2	1	4	1	4	0	1	1	1	2	12	88	1	0	3	2	1	0	3	25	0	0	0	0	14	1	1	0	10	15	1	7	11	5	6	121	0	11	0	0	6	0	5	1	3	26	2	1	0	26	5	0	2	161	0	148	0	4	0	1	8	0	108	16	0	1	0	17	2	0	1	32	6	0	0	1	0	5	18	9	0	1	0	0	11	0	0	0	1	3	58	1	8
OTU_1318	0	1	0	1	0	0	0	0	0	0	0	0	0	0	2	0	0	0	0	0	1	0	0	0	0	0	0	0	0	0	0	0	0	0	0	0	0	0	0	0	0	0	0	0	0	0	0	1	0	0	0	0	0	0	0	0	0	0	0	0	0	0	1	0	0	0	0	0	0	0	0	0	0	0	0	0	0	0	0	0	0	0	0	0	19	0	0	0	0	0	1	0	5	0	0	0	0	0	0	0	0	0	0	0	1	0	0	0	0	2	0	0	0	1	0	0	0	0	106	0	0	0	0	0	0	1	0	0	0	0	0	0	6	0	0	0	4	0	0	0	0	0	0	0	0	36	0	0	0	0	0	0	0	1	0	0	0	0	0	0	0	0	0	0	2	0	0	0	0	0	0	0	0	0	0	36	0	0	1	0	0	0	0	0	0	0	1	0	0
OTU_1320	0	0	23	0	0	0	0	0	1	0	0	0	0	0	0	0	0	0	0	0	0	0	0	0	0	0	0	0	0	0	1	0	0	0	1	0	0	0	0	0	0	0	0	0	0	0	0	7	0	0	0	2	0	0	0	0	0	0	0	0	0	0	1	0	2	0	0	0	0	1	1	0	0	0	0	0	0	0	0	0	0	0	0	0	0	0	0	0	6	0	0	0	0	0	0	0	0	0	0	0	1	14	0	0	0	0	0	0	0	0	2	1	0	0	0	0	0	1	0	3	12	0	0	1	0	0	0	1	0	0	0	188	0	0	0	0	0	0	0	0	0	0	0	0	0	7	0	0	0	0	0	1	0	0	0	5	0	1	261	0	0	0	0	0	1	0	1	0	2	0	0	0	0	0	0	3	0	0	0	0	1	0	0	0	1	1	0	0	1
OTU_1322	0	0	0	0	0	0	0	0	0	0	0	0	0	0	0	0	0	0	0	0	0	0	0	0	0	0	1	0	1	0	0	0	0	0	0	0	0	0	0	39	0	0	0	0	0	0	0	0	0	0	0	0	0	0	0	0	0	0	0	0	0	0	0	0	0	0	0	0	0	0	0	0	0	0	41	0	0	0	0	0	0	0	0	0	0	0	0	0	0	0	0	0	0	75	0	0	4	0	0	0	0	0	0	0	0	0	0	0	0	0	0	0	0	0	0	0	0	0	0	0	0	0	0	0	0	0	0	0	0	0	0	0	0	0	0	0	0	0	0	0	0	0	0	0	0	0	0	0	0	0	0	0	0	0	0	0	0	0	0	0	0	0	0	0	0	0	0	0	0	0	0	0	0	0	0	0	0	0	0	0	0	0	0	0	0	0	0	0	0
OTU_1323	0	0	0	0	0	0	0	0	0	0	0	0	0	0	0	0	0	0	0	0	0	0	0	0	0	0	0	0	0	0	0	0	0	0	0	0	0	0	0	0	0	0	0	0	0	0	0	1	0	0	0	0	0	0	0	0	0	0	0	0	0	0	0	0	0	0	0	0	0	0	0	0	0	0	0	0	0	0	0	0	0	0	0	0	0	0	1	0	0	0	0	0	0	0	0	0	0	0	0	0	0	0	0	0	0	0	0	0	0	0	0	0	0	0	0	0	0	0	0	0	0	0	0	0	0	0	0	0	0	0	0	8	0	0	0	0	0	0	0	0	0	0	0	0	0	0	0	0	0	1	0	0	0	0	0	0	0	0	0	0	0	0	0	0	0	0	0	0	0	0	0	0	0	0	0	0	0	0	0	0	0	0	0	0	0	0	0	0	0
OTU_1324	0	0	0	0	0	0	0	0	0	0	0	0	0	0	0	0	0	0	0	0	27	0	0	0	0	0	0	0	0	0	0	0	0	0	0	0	0	0	0	0	0	0	1	0	0	0	0	0	0	0	0	0	0	0	0	0	0	0	8	0	0	0	0	0	0	0	0	0	0	0	0	2	0	0	0	0	0	0	0	0	0	0	0	0	0	0	0	0	0	0	0	0	0	0	0	0	0	0	0	0	0	0	0	0	0	0	0	0	0	0	0	0	0	0	0	0	0	0	0	0	0	0	0	0	0	0	0	0	0	0	0	0	0	0	0	0	0	0	0	0	0	0	0	0	0	2	0	0	0	0	0	0	0	0	0	0	0	0	0	0	0	0	0	0	0	0	0	0	1	0	0	0	0	0	0	0	0	0	0	0	0	0	0	0	0	0	0	0	0
OTU_1325	236	51	27	562	146	214	203	44	145	118	161	91	135	76	5	36	269	170	24	208	21	9	22	30	32	193	32	69	32	66	150	139	21	641	40	54	29	17	30	348	52	95	77	17	94	58	71	43	30	56	63	26	1338	28	72	66	4	196	45	44	21	1914	131	89	220	62	97	839	13	96	10	182	15	42	31	14	44	5	49	87	376	130	167	48	7	106	119	117	43	95	31	25	60	13	44	85	24	154	97	22	267	169	7	121	4	8	11	457	70	1	32	52	10	4	18	123	5	83	5	57	6	13	11	64	49	48	21	96	17	9	12	27	2	10	27	6	16	5	150	71	279	42	27	327	0	5	7	5	2	161	2	16	3	17	1	222	176	13	39	32	4	29	11	134	4	2	13	45	19	15	70	17	12	30	385	4	119	4	9	1	10	4	38	2	26	21	4	17	855
OTU_1326	1	0	0	0	0	0	0	0	0	0	0	0	0	0	0	1	0	3	0	2	0	0	0	0	0	0	0	0	0	0	0	0	0	0	0	1	0	7	0	0	0	0	4	1	1	1	0	2	0	0	0	0	0	0	0	1	0	2	0	0	0	0	1	0	2	0	0	0	0	3	0	0	0	0	0	0	0	0	1	0	0	0	0	0	0	1	1	1	1	0	0	1	0	0	0	0	0	0	1	0	0	0	0	0	0	1	1	0	5	0	1	2	0	3	0	2	0	1	0	1	45	1	0	0	0	0	1	0	1	0	1	0	0	0	0	1	4	1	0	0	1	2	0	3	0	0	0	0	0	0	0	0	1	2	0	0	0	0	1	0	0	1	0	1	1	0	0	2	5	0	0	14	8	0	0	0	1	0	2	0	9	1	0	1	3	1	1	0	1
OTU_1328	0	8	0	2	0	0	0	0	1	1514	0	3	0	1	0	2	0	0	2	0	0	0	1	2	3	1	0	0	0	0	0	0	1	1	0	0	0	1	0	0	2	0	0	0	0	1	5	3	0	2	0	0	0	0	0	0	4	9	0	0	0	0	0	0	1	8	1	0	0	0	1	0	0	0	0	1	2	0	0	0	0	0	1	0	0	0	58	0	0	1	0	0	1	0	2	0	1	0	1	0	0	0	0	0	0	1	2	0	1	9	0	0	1	0	2	0	0	3	0	1	1	0	0	0	4	0	0	0	0	0	1	0	2	2	1	0	1	1	0	0	0	0	1	0	3	0	0	0	0	0	1	4	1	0	2	1	1	2	0	0	0	0	0	1	1	1	0	0	0	0	0	0	0	5	0	0	0	0	4	3	4	0	0	4	0	2	1	0	0
OTU_1329	0	0	0	0	0	0	0	3	1	0	0	0	0	0	0	2	1	0	0	1	0	0	0	1	1	0	0	0	0	0	0	0	0	0	0	0	0	0	0	0	0	0	0	0	0	0	0	1	0	0	0	0	0	0	0	0	0	0	0	0	0	0	0	1	0	0	0	0	0	0	0	0	0	1	0	0	0	0	0	0	0	0	0	0	0	0	0	0	0	0	0	0	0	0	0	0	0	0	0	0	0	0	0	0	0	0	0	0	0	0	0	0	0	0	0	1	0	0	0	0	0	0	0	0	0	0	0	0	0	0	0	0	0	0	0	0	0	0	1	0	0	0	0	0	0	0	0	0	0	6	0	0	0	0	0	0	0	0	0	0	0	0	0	0	0	0	0	0	0	0	0	0	0	0	0	1	0	0	0	0	0	0	1	0	0	0	0	0	6
OTU_1330	1	2	0	1	1	4	0	0	4	1	0	1	0	0	0	0	1	4	0	0	0	0	0	0	0	0	0	0	0	0	2	0	0	0	0	0	0	0	3	0	0	0	0	0	1	0	1	0	0	1	0	0	0	0	0	0	0	0	0	0	0	5	4	0	0	9	3	0	0	0	3	1	0	0	0	0	0	0	0	2	0	0	4	0	0	2	0	0	0	0	0	0	1	0	0	0	0	0	0	0	0	1	0	1	0	0	0	1	0	1	0	1	0	0	0	0	0	3	0	0	0	0	1	0	1	1	0	0	0	0	0	0	0	3	1	0	0	0	0	2	0	0	0	0	0	0	3	0	0	2	0	0	0	1	0	0	1	0	0	0	0	0	0	0	0	0	0	4	0	0	0	0	0	0	0	0	0	0	0	0	1	0	0	1	0	0	0	0	0
OTU_1331	2	3	3	80	16	2	0	26	25	0	3	22	0	1	7	3	5	6	1	11	7	32	23	17	11	8	0	30	12	5	12	5	1	26	3	14	4	2	18	1	48	1	11	136	4	13	50	59	4	16	58	32	3	11	3	30	4	4	2	1	3	21	4	21	18	37	11	3	59	19	4	7	1	1	16	31	4	1	8	0	1	2	5	8	14	69	42	10	25	6	1	5	5	8	2	1	50	7	70	19	1	29	36	1	0	0	0	40	0	0	0	4	0	1	0	1	0	0	0	0	4	0	0	0	0	2	0	0	1	1	2	0	0	4	0	0	0	0	0	0	1	13	0	3	1	0	1	0	0	4	0	0	0	0	0	7	0	0	2	2	0	1	0	0	0	2	0	6	3	0	0	0	1	0	0	0	0	0	0	0	2	0	0	0	10	2	0	4	4
OTU_1332	0	0	0	0	0	0	0	0	0	0	0	0	0	0	0	0	0	0	0	0	0	0	8	0	0	0	0	0	0	0	0	0	0	0	0	0	0	91	0	0	0	0	0	0	0	0	0	0	0	0	0	0	0	0	0	1	0	0	0	0	0	0	0	0	0	0	0	0	0	0	3	0	1	0	0	0	0	1	0	0	0	0	1	0	0	0	0	0	0	0	0	0	1	0	0	0	0	0	0	0	0	0	0	0	0	0	0	0	0	0	0	0	0	1	0	2	0	0	411	0	0	7	0	0	0	0	6	0	0	0	1	0	2	0	0	0	0	0	0	0	42	157	1	1	1	0	0	0	0	0	152	0	5	0	0	0	0	84	0	0	11	0	0	0	62	0	0	0	0	0	0	0	0	1	0	0	3	0	0	0	0	0	6	0	0	0	0	0	0
OTU_1333	0	0	0	6	0	0	0	0	0	0	0	0	0	0	0	0	0	0	0	0	0	0	0	0	0	0	0	0	12	0	0	0	0	0	0	0	0	0	0	0	0	0	3	0	0	0	0	0	0	0	0	0	0	0	0	0	0	0	0	0	0	1	1	0	0	0	0	0	0	0	0	9	0	0	0	0	0	0	0	0	0	0	0	0	0	1	0	0	0	1	0	0	0	0	0	0	0	0	0	0	0	1	0	0	0	0	0	0	0	0	0	0	0	0	0	0	0	0	0	0	1	0	0	0	0	13	0	0	0	0	0	0	0	0	0	0	0	0	0	0	0	0	0	0	0	0	0	0	0	0	0	0	0	0	0	0	0	0	0	0	0	0	2	0	0	0	0	0	0	0	0	0	1	0	0	0	0	0	0	0	0	0	0	0	0	0	0	0	0
OTU_1334	0	0	1	1	0	0	1	0	0	4	0	2	0	10	6	2	6	14	3	2	3	0	5	1	1	1	4	1	2	4	5	0	0	4	0	2	2	2	7	0	1	1	5	9	2	64	1	5	1	2	4	12	1	3	1	4	0	3	1	4	0	6	2	1	15	2	2	4	1	0	5	32	0	3	2	1	5	3	0	0	13	1	42	8	0	5	0	15	12	6	10	0	9	5	2	1	0	2	4	0	8	2	0	5	0	1	0	6	0	0	0	4	0	0	0	3	0	0	1	0	2	0	0	0	0	6	0	1	0	0	4	1	1	8	5	0	1	0	6	14	62	45	0	0	3	2	0	0	0	2	0	0	1	0	0	4	11	1	0	0	0	0	0	0	0	0	1	13	31	1	0	4	19	0	16	0	0	0	0	0	7	0	1	6	25	75	28	0	7
OTU_1335	0	0	0	0	19	0	38	2	7	0	0	2	0	0	1	6	1	0	1	7	12	7	2	7	10	0	2	2	0	6	1	1	13	2	20	7	0	12	19	0	27	0	2	1	1	34	0	0	1	6	0	1	0	0	1	1	0	0	14	0	0	1	8	17	4	0	1	2	0	1	0	0	3	18	0	18	0	0	0	28	0	0	0	0	7	1	0	0	16	0	1	0	6	18	1	10	0	0	9	8	2	1	0	5	1	0	0	18	0	0	2	0	0	9	0	6	4	2	11	0	3	0	0	1	10	0	1	0	2	0	0	1	1	3	20	3	0	0	1	0	5	16	0	17	0	4	0	0	0	3	1	1	10	0	0	1	3	4	0	0	1	2	1	0	1	5	0	0	0	6	1	1	0	9	39	1	0	0	4	0	0	0	10	0	5	1	16	0	2
OTU_1336	0	0	0	0	0	0	0	0	0	0	0	0	0	0	0	0	0	0	0	0	0	0	0	0	0	0	0	0	0	0	0	0	0	0	0	0	0	0	0	0	0	0	0	0	0	0	0	0	0	0	0	0	0	0	0	0	0	0	0	0	0	0	0	0	0	0	0	0	0	0	0	0	0	0	1	0	0	0	0	0	0	0	0	0	0	0	0	0	0	0	0	0	0	0	0	0	0	0	0	0	0	0	0	0	0	0	0	0	0	0	0	0	0	0	0	0	0	0	0	0	0	0	0	0	0	0	0	0	0	0	0	0	0	0	0	0	0	0	0	0	0	0	0	0	0	0	0	0	0	0	0	0	0	0	0	0	0	0	0	0	0	0	0	0	0	0	0	0	0	0	0	0	0	0	0	0	0	0	0	0	0	0	0	0	0	0	0	0	0
OTU_1337	0	0	0	1	4	1	0	2	3	0	4	0	1	0	3	1	1	4	1	4	2	4	22	0	2	1	0	0	3	0	3	0	8	1	2	5	4	0	7	0	8	1	6	1	1	24	1	0	0	1	1	3	1	0	2	9	0	0	22	3	0	8	2	14	7	0	4	5	1	5	1	4	0	0	0	0	2	0	0	1	1	1	4	0	3	4	1	6	2	2	0	3	5	1	1	0	1	0	1	0	2	2	1	8	3	0	0	1	24	2	1	39	1	2	0	41	1	0	0	0	115	0	0	0	0	0	0	5	0	1	1	1	0	3	1	0	3	0	5	2	7	3	15	2	2	0	0	0	0	0	0	4	26	5	0	178	6	4	4	0	0	0	0	0	17	1	0	19	2	0	4	0	0	2	1	0	0	0	0	0	4	0	1	3	33	2	1	0	13
OTU_1338	10	0	5	0	9	2	1	177	2	0	0	0	0	0	2	0	4	0	0	6	14	0	9	0	3	0	1	0	2	15	1	0	16	50	1	1	0	59	1	0	0	2	1	0	0	0	0	6	0	1	0	2	0	0	5	5	0	1	0	0	1	16	1	15	1	1	2	3	1	2	1	184	0	2	2	0	28	0	0	3	0	1	2097	1	23	643	1	0	1	10	2	0	10	789	0	0	0	0	8	1	0	0	0	0	3	7	18	5	0	0	49	1	5	1	14	8	0	2	0	3	322	10	0	0	43	1192	0	37	126	1	179	19	0	8	0	2	0	43	12	1	4	7	1	1	15	1	14	0	0	0	0	0	0	2	1	1	14	0	3601	0	12	0	3	6	3	0	21	2	2	0	10	8	10	1	2	0	0	31	36	1	59	1	0	27	10	4	1	18	2
OTU_1339	0	0	1	0	0	0	6	0	0	0	0	0	0	0	0	0	0	0	0	1	0	0	0	0	0	0	0	0	0	0	1	0	0	0	0	0	0	2	0	0	1	0	0	0	0	0	0	0	0	0	3	0	0	0	0	0	0	0	0	0	0	0	0	0	2	0	0	0	0	0	0	1	3	0	0	0	0	0	0	0	0	0	0	0	0	0	0	0	0	0	0	0	0	0	0	0	0	0	0	0	1	0	0	6	0	0	0	0	0	0	0	0	0	0	0	0	0	0	2	1	0	0	0	1	9	0	0	0	0	0	0	0	11	2	0	0	0	0	0	0	0	0	0	1	0	0	0	0	1	0	0	0	6	1	0	0	20	3	1	0	0	0	2	0	0	28	1	0	0	0	2	2	0	63	19	0	0	4	1	1	0	0	25	0	0	4	0	0	0
OTU_1340	0	0	0	0	0	0	0	0	0	0	0	0	0	0	1	3	0	2	0	0	2	0	0	0	0	0	0	0	0	0	0	0	0	0	0	0	0	0	0	0	0	0	0	6	0	0	0	0	0	0	1	0	0	0	0	0	0	0	0	0	0	0	0	2	0	0	0	0	1	1	0	0	0	0	0	0	0	2	0	0	0	0	0	0	0	1	0	0	0	0	0	1	0	0	0	0	0	0	0	0	0	0	0	0	0	0	0	0	0	1	0	0	0	0	0	1	0	0	0	0	0	0	0	0	0	0	0	1	0	0	0	0	0	1	0	0	0	0	0	0	1	0	0	0	1	0	0	0	0	0	0	0	0	0	0	0	0	0	0	0	0	0	0	0	0	0	0	8	2	0	0	0	0	0	0	0	0	0	0	0	0	0	0	0	0	0	2	0	0
OTU_1341	0	0	0	6	0	0	1	0	0	0	1	0	5	0	0	0	0	0	0	0	0	0	0	0	0	0	0	0	0	0	0	0	0	0	0	0	8	0	0	0	0	0	0	0	0	0	0	0	0	0	0	0	0	0	0	14	0	0	0	0	1	20	0	0	0	2	0	0	0	1	0	26	1	0	2	0	0	0	3	0	0	0	0	0	0	2	0	0	0	2	0	0	0	0	0	1	0	0	0	0	1	0	0	0	0	0	1	0	0	0	0	0	0	0	0	0	0	0	0	0	0	0	0	0	0	0	0	0	0	0	1	0	0	0	0	0	0	0	0	0	25	0	2	1	0	0	0	0	0	0	0	1	0	0	0	0	1	0	0	0	0	0	7	1	0	0	0	0	3	0	0	0	0	0	0	0	0	0	0	0	1	0	4	0	0	29	0	0	0
OTU_1342	0	0	0	0	0	0	0	0	0	0	0	0	0	0	0	0	0	0	0	0	0	0	0	0	0	0	0	0	0	0	0	0	0	0	0	0	0	0	0	0	0	0	0	0	0	0	0	0	0	0	0	0	0	0	0	0	0	0	0	0	0	0	0	0	0	0	0	0	0	0	0	0	0	0	0	0	0	0	0	0	0	0	0	0	0	0	0	0	0	0	0	0	0	0	0	0	0	0	0	0	0	0	0	0	0	0	0	0	0	0	0	0	1	0	0	0	0	0	0	2	0	0	0	0	0	0	0	0	0	0	0	0	0	0	0	0	0	0	0	0	0	0	0	0	0	1	0	0	0	0	0	0	0	0	0	0	0	0	0	0	0	0	0	0	0	0	0	0	0	0	0	0	0	0	0	0	0	0	0	0	0	0	0	0	0	0	0	0	0
OTU_1344	3	1	0	3	1	217	0	41	2	0	0	8	0	0	0	1	0	0	1	1	1	0	0	0	2	0	0	0	0	0	1	1	1	1	7	0	1	16	1	0	6	1	6	0	3	7	0	2	7	0	5	1	14	34	1	0	4	37	0	0	3	13	0	0	1	39	0	1	0	47	1	2	0	3	0	3	1	4	0	1	0	0	2	3	0	1	0	8	42	1	3	5	0	2	1	0	0	0	0	3	2	2	0	2	1	0	0	0	0	3	1	0	4	2	0	10	1	0	6	0	2	0	1	0	4	1	0	2	4	0	0	0	0	1	0	0	2	0	2	2	0	6	0	1	0	0	0	1	0	0	2	0	0	0	0	1	5	18	19	0	0	1	3	11	0	0	0	0	0	0	1	0	10	1	1	0	0	0	0	0	4	1	0	0	0	1	0	1	0
OTU_1345	13	0	13	7	17	1	5	14	6	0	5	2	0	2	0	4	2	0	2	12	2	2	0	2	3	3	5	3	1	3	3	2	4	4	5	6	2	0	5	6	3	3	2	21	7	9	2	4	1	5	5	4	0	4	3	4	3	4	4	0	6	3	7	6	10	1	3	3	4	0	1	2	3	9	4	1	0	1	4	2	0	5	4	0	7	8	1	4	5	7	11	0	8	12	4	4	10	1	4	1	10	2	1	1	0	1	0	3	2	0	1	2	0	0	0	5	0	3	0	0	4	0	0	0	1	0	1	7	0	1	1	0	0	2	1	0	0	0	3	1	6	15	0	2	2	0	0	0	0	0	1	2	0	2	0	5	2	0	1	1	0	0	0	0	0	0	0	6	4	9	1	1	3	1	6	0	0	0	0	0	1	0	4	0	4	2	3	0	8
OTU_1346	0	0	0	0	0	0	0	0	0	0	0	0	0	0	0	0	0	0	0	0	0	0	0	0	0	0	0	0	0	0	0	0	0	0	0	0	0	0	0	0	0	0	0	0	0	0	0	0	0	0	0	0	0	0	0	0	0	0	0	0	0	0	0	0	0	0	0	0	0	0	0	0	0	0	0	0	0	0	0	0	0	0	0	0	0	0	0	0	0	0	0	0	0	0	0	0	0	0	1	0	0	0	0	0	0	0	0	0	0	0	0	0	0	0	0	0	0	0	1	0	0	0	0	0	0	0	0	0	0	0	0	0	2	0	0	0	0	0	0	0	0	0	0	0	0	5	0	0	0	0	1	0	0	0	0	0	0	0	0	0	0	0	0	0	0	0	0	0	0	0	0	0	0	0	0	2	0	0	0	0	0	0	0	0	0	0	0	0	0
OTU_1348	0	0	0	0	0	0	0	0	0	0	0	0	0	0	0	0	0	0	0	0	0	0	0	0	0	0	0	0	0	0	0	0	0	0	0	1	0	0	0	0	0	0	0	0	0	0	0	0	0	0	0	0	0	0	0	0	0	0	0	0	0	1	0	0	0	0	0	0	0	0	0	0	0	0	0	0	0	0	0	0	0	0	0	0	0	0	0	0	0	0	0	0	0	0	0	0	0	0	0	0	0	0	0	0	0	0	0	0	0	0	0	0	0	0	0	0	0	0	0	0	0	0	0	0	0	0	0	0	0	0	0	0	0	0	0	0	0	0	0	0	0	13	0	0	0	0	0	0	0	0	0	0	0	0	0	1	1	0	0	0	0	0	0	0	0	0	0	0	0	0	2	0	0	0	0	0	0	0	0	0	0	0	0	0	0	0	0	0	0
OTU_1349	0	0	0	0	0	0	0	0	0	0	0	0	0	0	0	0	0	0	0	0	0	0	0	0	0	0	0	0	0	0	0	0	0	0	0	0	0	0	0	0	0	0	0	0	0	0	0	0	0	0	0	0	0	0	0	0	0	0	0	0	0	0	0	0	0	0	0	0	0	0	0	0	0	0	0	0	0	0	0	0	0	0	0	0	0	0	0	0	0	0	0	0	0	0	0	0	0	0	0	0	0	0	0	0	0	0	0	0	0	0	1	0	0	0	0	0	0	0	0	0	0	0	0	0	0	0	0	0	0	0	0	0	0	0	0	0	0	0	0	0	0	0	0	0	0	0	0	0	0	0	0	0	0	0	0	0	0	0	0	0	0	0	0	0	0	0	0	0	0	0	0	0	0	0	0	0	0	0	0	0	0	0	0	0	0	0	0	0	0
OTU_1350	0	0	0	0	0	0	0	0	0	0	0	0	0	0	0	0	0	0	0	0	0	0	0	0	0	0	0	0	0	0	0	0	0	0	0	0	0	0	0	0	0	0	0	0	0	0	0	0	0	0	0	0	0	0	0	0	0	0	0	0	0	0	0	0	0	0	0	0	0	0	0	0	0	0	0	0	0	0	0	0	0	0	0	0	0	0	0	0	0	0	0	0	0	0	0	0	0	0	0	0	0	0	0	0	0	0	0	0	0	0	0	0	0	0	0	0	0	0	0	0	0	0	0	0	0	0	0	0	0	0	0	0	0	0	0	0	0	0	0	0	0	0	0	0	0	0	0	0	0	0	0	0	0	0	0	0	0	0	0	0	0	0	0	0	0	0	0	0	0	2	0	0	0	4	0	0	0	0	0	0	0	0	0	0	0	0	0	0	0
OTU_1351	0	0	0	0	79	0	0	0	46	1	0	0	0	0	0	3	0	0	0	1	20	0	0	0	0	0	5	0	0	0	1	0	0	0	0	0	0	0	0	0	0	0	0	0	0	0	1	0	0	131	0	0	0	0	0	0	0	0	99	0	0	0	14	0	0	0	7	0	0	0	1	0	0	0	0	0	0	0	0	0	0	1	0	0	0	1	0	1	0	2	0	0	0	1	0	0	0	0	0	4	0	0	0	0	0	0	0	0	0	0	1	0	0	0	0	0	3	0	0	0	0	0	10	1	98	0	4	0	0	0	0	0	4	0	0	0	0	0	0	0	2	0	1	0	0	0	1	28	0	7	0	0	1	0	0	0	0	4	0	1	27	0	0	0	0	0	2	1	0	24	0	0	1	1	0	0	0	0	0	0	0	0	0	0	21	0	0	0	0
OTU_1352	0	3	0	1	2	3	1	11	6	3	3	0	4	0	1	0	1	1	0	2	3	1	2	1	4	2	1	0	1	0	0	1	1	0	2	4	0	1	2	0	1	2	5	3	2	12	0	2	3	1	2	3	0	1	0	2	0	3	8	0	0	2	4	1	5	0	4	0	4	0	0	0	6	1	0	1	0	0	0	1	3	1	5	0	0	1	1	3	0	1	1	2	9	1	4	0	7	0	3	0	4	0	4	3	0	1	0	1	9	2	0	1	0	0	0	1	1	1	2	0	10	1	0	0	0	0	0	8	0	0	0	0	0	1	0	0	0	0	3	0	7	7	5	2	1	0	1	1	0	0	0	0	0	2	0	3	3	0	0	0	0	1	0	0	2	0	0	10	1	2	0	0	2	4	3	0	0	1	1	0	0	0	1	0	8	7	0	1	2
OTU_1353	10	0	0	0	0	1	0	0	0	3	0	0	1	0	0	0	2	0	0	0	0	0	1	1	0	0	0	3	0	0	0	1	192	0	13	0	0	0	0	0	1	18	0	0	0	0	0	0	1	0	11	0	0	0	0	1	1	0	0	0	0	0	1	0	0	0	0	1	0	0	0	0	0	0	0	0	0	0	0	0	0	0	0	0	0	0	1	0	0	0	0	0	0	0	1	0	0	0	1	0	0	0	0	2	0	0	0	0	0	0	0	3	0	0	0	4	0	0	0	0	0	0	0	0	0	2	0	0	0	0	0	0	0	2	0	0	0	0	0	0	0	18	0	0	0	0	0	0	0	0	0	0	0	0	41	0	0	0	0	2	0	45	0	0	0	0	0	1	0	0	0	0	0	0	1	0	0	0	0	0	0	1	0	0	0	0	3	1	1
OTU_1354	0	0	0	2	0	0	0	0	0	0	0	0	0	1	0	0	0	0	0	0	0	0	1	0	0	0	0	0	0	0	0	0	0	1	0	0	0	0	0	0	0	0	1	0	0	0	0	0	0	0	0	0	0	0	0	0	0	0	0	0	0	0	0	0	0	0	0	0	0	0	0	0	0	0	0	0	0	0	0	0	0	0	0	0	0	0	0	0	0	1	0	0	0	0	0	0	0	0	0	0	0	0	0	0	0	0	0	1	0	0	0	0	0	0	0	0	0	1	0	0	0	0	0	0	0	0	0	0	0	0	0	0	0	0	0	0	0	0	0	0	0	0	0	0	0	0	0	0	0	0	0	0	0	0	0	0	0	0	1	1	0	0	0	0	0	0	0	0	0	0	1	0	0	0	0	0	0	0	0	0	0	0	0	0	0	0	0	0	0
OTU_1355	0	0	0	0	0	0	0	0	0	0	0	0	0	0	0	0	0	0	0	0	0	13	0	0	0	0	0	7	0	0	0	0	0	0	0	0	0	0	0	0	0	0	0	0	0	0	0	0	0	0	0	0	0	0	0	0	0	0	0	0	0	0	0	0	0	0	0	0	0	0	0	0	0	0	0	0	0	0	0	0	0	0	0	0	0	0	5	0	0	6	1	0	0	0	0	0	0	0	0	0	0	0	0	0	0	0	0	0	0	0	0	0	0	0	0	0	0	0	0	0	0	0	0	0	0	0	0	0	0	0	0	0	0	0	0	0	0	0	0	0	0	0	0	1	0	0	0	0	0	0	0	0	0	0	0	0	0	0	0	0	0	0	0	0	0	0	0	0	0	0	0	0	0	0	0	0	0	0	0	0	0	0	0	0	0	0	0	0	0
OTU_1356	0	0	7	1	1	0	0	0	2	0	0	1	1	0	1	0	0	0	0	0	0	0	2	1	0	0	0	0	0	0	0	0	2	1	0	0	1	0	0	0	0	0	0	0	0	0	0	5	0	0	0	0	0	0	0	0	0	0	1	0	0	0	0	0	0	0	0	0	1	0	0	0	0	0	0	1	0	0	0	0	0	0	0	0	3	3	1	1	0	1	0	2	3	0	0	1	0	0	2	0	0	0	0	0	0	1	0	1	2	0	0	6	0	4	0	5	1	0	0	2	0	0	0	1	6	1	0	3	3	0	0	0	3	1	3	0	3	2	1	0	1	2	1	0	0	5	1	1	0	1	0	0	2	1	0	0	4	2	0	0	0	0	0	1	12	1	0	1	0	0	2	0	0	8	1	1	0	3	0	0	0	0	0	0	1	1	0	4	2
OTU_1357	0	0	0	0	0	0	0	0	0	0	0	0	0	0	0	2	0	1	0	0	0	0	0	0	0	0	0	0	0	0	0	0	0	0	0	0	0	0	0	0	0	0	3	0	0	0	0	0	0	0	0	0	0	1	0	0	0	0	0	0	0	0	0	1	0	0	0	0	0	0	1	0	0	0	0	0	0	0	14	0	0	0	0	0	0	0	0	0	0	0	0	0	0	0	0	0	0	0	0	0	0	0	0	0	4	0	7	0	0	0	0	2	4	0	3	114	5212	7	2	0	1	2	6	914	0	2	0	4	33	0	0	0	15	0	4	17606	0	0	0	0	0	2	0	4	12	0	3	0	1219	0	6	120	0	8	1	0	2	3	1	0	0	4	0	1	0	4	4	0	2	0	2	0	546	0	41	2	0	0	9	0	3	321	0	50	0	0	0	0	0
OTU_1358	1	0	0	0	0	2	29	3	32	0	0	74	0	0	0	1	0	5	0	3	1	3	11	0	0	0	3	0	2	3	3	0	0	0	0	3	5	2	3	0	0	1	2	0	0	0	0	1	0	0	0	4	1	0	0	1	0	2	0	0	0	1	0	1	1	0	0	1	0	0	3	1	0	3	0	0	0	0	0	0	0	1	30	0	0	0	0	1	1	1	0	1	1	462	0	0	7	0	4	0	0	0	0	56	0	0	0	0	0	0	1	6	1	0	8	3	2	27	0	0	0	1	41	0	1	18	7	0	65	0	0	0	5	0	1	0	72	0	1824	0	0	278	5	4	0	1	1	3	0	7	0	0	0	1	0	0	14	0	2	0	0	15	220	0	1	29	1	1	24	0	2	2	5	10	61	1	4	0	0	0	73	2	0	0	3	356	0	3	207
OTU_1359	0	0	0	0	0	33	0	0	0	0	4	0	0	4	0	0	2	0	0	1	0	0	0	0	0	0	0	0	0	0	0	14	3	1	282	191	0	0	1	0	0	1	0	1	0	0	0	0	0	1	0	0	1	0	4	0	0	0	0	35	0	1	2	0	0	0	0	1	0	1	0	2	0	0	0	1	1	0	0	0	0	1	1	0	0	0	0	0	0	0	1	1	0	0	1	0	0	0	0	0	0	0	0	1	0	0	0	15	23	7	0	0	0	0	4	5	0	0	1	0	1	0	0	0	0	25	0	1	0	0	0	0	0	0	0	1	0	0	7	0	0	0	0	2	0	0	0	0	0	0	0	19	0	1	0	1	0	0	9	0	0	0	0	0	0	0	0	19	1	0	0	0	0	0	0	0	0	0	0	0	0	0	0	0	1	0	0	0	3
OTU_1361	0	0	0	0	0	0	1	2	0	0	0	1	0	0	0	0	0	0	0	0	0	0	0	0	2	0	1	0	0	0	0	0	0	0	0	0	1	2	0	0	0	0	0	3	0	1	0	1	0	0	0	0	0	0	0	0	2	0	0	0	0	0	0	0	9	0	0	0	0	0	0	0	0	0	0	0	0	0	0	0	0	0	0	0	4	0	0	2	0	0	0	1	0	2	0	0	1	0	0	0	0	0	0	0	0	1	0	0	0	1	1	0	2	2	0	41	0	1	1646	0	0	0	1	551	0	0	1	1	0	3	0	0	70	0	67	0	2	3	0	0	0	19	0	0	0	1	0	27	1	6	0	61	1	0	0	4	0	1	0	0	1	2	0	0	2	0	0	0	0	1	0	0	0	2	1	0	0	8	0	0	0	0	9	0	21	1	1	10	0
OTU_1362	0	0	0	0	2	0	0	0	0	0	0	0	1	0	0	0	0	0	2	0	0	0	0	0	0	0	0	0	0	1	0	0	0	0	0	0	0	0	0	2	0	0	0	0	0	0	0	0	0	0	0	0	0	0	0	0	0	1	0	0	0	0	0	0	0	0	0	0	0	0	0	0	0	0	0	1	0	0	0	0	0	0	0	0	0	0	0	0	0	0	0	0	0	0	0	0	0	0	0	0	0	0	0	0	0	0	0	0	0	0	0	0	1	0	0	2	0	0	0	0	0	0	0	0	0	0	0	0	0	0	0	0	0	0	0	0	0	0	0	0	0	1	1	0	0	0	0	0	0	0	0	0	0	0	0	0	0	0	0	0	0	0	0	0	0	0	1	0	0	0	0	0	0	0	0	0	0	0	1	0	0	0	0	0	0	0	0	0	0
OTU_1363	0	0	0	0	1	0	0	0	0	0	0	0	0	0	0	0	0	0	0	0	0	0	0	0	0	0	0	0	0	0	0	0	0	0	0	0	0	0	0	0	0	0	0	0	0	0	0	0	0	0	0	0	1	0	0	0	0	0	0	0	0	0	0	1	0	0	0	0	0	0	0	0	0	0	0	0	0	0	0	0	0	0	0	0	0	0	0	0	0	0	0	0	0	0	0	0	0	0	0	0	0	0	0	0	0	0	0	0	0	0	0	0	0	0	0	0	0	0	0	0	0	0	0	0	0	0	0	0	0	0	0	0	0	0	0	0	0	0	0	0	0	0	0	0	0	0	0	0	0	0	0	0	0	0	0	0	0	0	0	0	0	0	0	0	0	0	0	0	0	1	0	0	0	0	0	0	0	0	0	0	0	0	0	0	1	0	0	0	0
OTU_1366	0	0	0	0	0	0	0	0	0	0	0	0	0	0	0	3	0	0	0	0	0	0	0	0	0	0	0	0	0	0	0	0	0	0	1	0	0	0	0	0	0	0	0	0	0	0	0	0	0	0	0	0	1	0	0	0	0	0	0	0	0	0	0	0	0	0	0	0	0	0	0	1	0	2	0	0	0	0	0	0	0	0	0	0	0	0	0	0	0	0	0	0	0	0	0	0	0	0	0	0	0	0	0	8	0	0	0	0	0	0	0	0	0	0	0	0	1	1	3	0	1	0	0	1	0	0	0	0	0	0	3	0	2	0	0	0	1	0	0	0	10	0	0	0	0	3	0	1	0	0	4	0	1	0	0	0	0	6	0	0	2	0	4	0	0	0	0	0	0	0	0	0	0	1	0	0	0	0	1	0	0	0	5	0	1	1	0	0	0
OTU_1367	0	0	0	0	0	0	0	0	0	0	0	0	0	0	0	0	0	0	0	0	0	0	0	0	0	0	0	0	0	0	0	0	0	0	0	0	0	0	0	0	0	0	0	0	0	0	0	0	0	0	0	0	0	0	0	0	0	0	0	0	0	0	0	0	0	0	0	0	0	0	0	0	0	0	0	0	0	0	0	0	0	0	0	0	0	0	0	0	0	0	0	0	0	0	0	0	0	0	0	0	0	0	0	0	0	0	0	0	0	0	0	0	0	0	0	0	0	0	1	0	0	0	0	0	0	0	0	0	0	0	0	0	0	0	1	0	0	0	0	0	0	0	0	0	0	0	0	0	0	0	0	0	0	0	0	0	0	0	0	0	0	0	0	0	0	2	0	0	0	0	0	0	0	0	0	0	0	0	0	0	0	0	0	0	2	0	0	0	0
OTU_1368	6	0	0	0	0	0	0	0	42	0	0	0	0	0	0	0	8	0	0	17	1	0	1	95	0	0	1	0	0	0	0	0	0	0	0	2	0	3	0	0	0	0	0	0	0	2	0	0	0	0	0	0	0	0	0	0	0	0	0	0	0	0	1	0	2	0	0	0	0	0	0	0	0	0	0	0	0	0	1	0	1	0	75	0	0	0	0	0	0	0	0	0	0	0	0	0	0	0	44	0	0	0	0	0	0	1	0	0	0	0	0	1	0	0	0	1	1	0	1	0	0	2	0	0	3	0	0	0	0	0	0	0	0	1	0	0	0	0	0	0	2	0	0	0	0	0	0	3	0	2	1	0	2	0	0	0	0	0	0	5	2	4	0	0	0	74	0	0	0	0	0	1	0	13	18	0	0	0	0	0	0	0	47	0	28	0	0	0	0
OTU_1369	0	0	0	1	0	0	0	0	1	0	0	0	0	0	0	0	0	0	0	0	0	0	0	0	0	0	0	0	0	0	0	0	0	0	0	0	0	0	0	0	0	1	0	0	1	0	0	0	0	0	0	0	0	0	0	0	0	0	0	0	0	0	0	0	0	0	0	1	0	1	0	0	0	0	0	0	0	0	0	0	0	0	0	0	0	0	0	0	0	0	0	0	0	0	0	0	0	0	0	0	0	0	0	0	0	0	0	0	0	0	0	0	0	0	0	3	0	0	0	0	0	0	0	0	0	0	0	0	0	0	0	0	0	0	0	0	0	0	0	0	0	0	0	0	0	0	0	0	0	0	0	0	0	1	0	0	0	0	0	0	0	0	0	0	0	1	0	0	0	0	0	0	0	0	0	0	0	0	0	0	0	0	0	0	0	0	0	1	0
OTU_1370	0	0	0	0	0	0	0	0	0	0	0	0	0	0	0	0	1	0	0	0	0	0	0	0	0	0	0	0	0	0	0	0	0	0	0	0	0	0	0	0	2	0	0	0	0	0	0	0	0	0	0	0	0	0	4	0	0	0	0	0	0	0	0	0	0	0	0	0	0	0	0	0	0	0	0	0	0	0	0	0	0	0	0	0	0	0	0	0	0	0	0	0	0	0	0	0	0	0	0	0	6	0	0	0	0	0	0	0	0	0	0	0	0	0	0	0	0	0	0	0	0	0	0	0	0	0	0	0	0	0	0	0	0	0	0	0	0	0	0	0	0	0	0	0	0	0	0	0	0	0	0	0	0	0	0	0	0	0	0	0	0	0	0	0	0	0	0	0	0	0	0	0	0	0	0	0	0	0	0	0	0	0	0	0	0	0	0	0	0
OTU_1371	0	0	0	0	1	0	0	0	0	1	0	0	0	0	0	0	0	0	0	0	0	0	0	0	0	0	0	0	0	0	0	0	0	0	0	0	0	0	0	0	0	0	0	0	0	0	0	1	0	0	0	0	0	0	0	0	0	0	0	0	0	0	0	0	0	0	0	0	0	0	0	0	0	0	0	0	0	0	0	0	2	0	0	0	0	0	0	0	2	0	0	0	0	0	0	0	0	0	0	0	0	0	0	1	0	2	5	3	0	0	0	5	0	2	0	0	0	0	1	0	0	0	0	0	0	0	0	0	0	0	1	2	0	0	4	0	0	1	3	0	0	0	0	0	0	0	0	1	0	1	0	0	0	0	0	0	0	0	0	0	0	3	0	0	0	0	0	0	0	0	0	0	0	0	4	0	0	0	0	2	2	0	1	0	0	0	0	0	0
OTU_1372	0	0	0	0	0	0	0	0	0	0	0	0	0	0	0	0	0	0	0	0	0	0	0	0	0	0	0	0	0	0	0	0	0	0	0	0	0	0	0	0	0	0	0	0	0	0	0	0	0	0	0	0	0	0	0	0	0	0	0	0	0	0	0	0	0	0	0	0	0	0	0	0	0	0	0	0	0	0	0	0	0	0	0	0	0	0	0	0	0	0	0	0	0	0	0	0	0	0	0	0	0	0	0	0	0	0	0	0	0	0	0	0	0	0	0	0	0	32	0	0	0	0	0	0	0	0	0	0	0	0	0	0	0	0	0	0	0	0	0	0	0	0	0	0	0	0	0	0	0	0	0	0	0	0	0	0	0	0	0	0	0	0	0	0	0	0	0	0	0	0	0	0	0	0	0	0	0	0	0	157	0	0	0	0	0	0	0	0	0
OTU_1373	0	0	0	0	0	0	0	0	0	0	0	0	0	0	0	4	0	0	0	0	10	0	0	0	0	0	0	0	0	0	0	0	0	0	0	0	0	0	0	0	0	0	5	0	0	0	0	1	0	0	0	0	0	0	0	0	0	0	0	0	0	0	1	0	0	0	0	0	0	0	0	0	0	0	2	0	0	0	0	0	0	0	0	0	5	0	0	0	0	0	0	0	0	0	0	0	0	0	0	15	8	0	0	0	0	0	0	0	0	0	0	2	0	0	0	0	0	1	10	0	3	0	0	0	0	2	0	0	0	0	0	0	0	0	1	0	0	0	0	0	0	2	0	0	0	0	0	0	0	0	0	0	0	0	0	0	0	0	0	0	0	0	2	0	0	0	0	0	0	0	0	0	0	0	0	0	0	0	0	0	0	0	0	0	1	5	0	0	0
OTU_1375	0	0	0	0	0	0	0	0	0	0	0	0	0	0	0	0	0	0	0	0	0	0	0	0	0	0	0	0	0	0	0	0	0	0	0	0	0	0	0	0	0	0	0	0	0	0	0	0	0	0	0	0	0	0	0	0	0	0	0	0	0	0	0	0	0	0	0	0	0	0	0	0	0	0	0	0	0	0	0	0	0	0	0	0	0	0	0	0	0	0	0	0	0	0	0	0	0	0	0	0	0	0	0	0	0	0	0	0	0	0	0	0	0	0	0	0	0	0	0	0	0	0	0	0	0	0	0	0	0	0	0	0	0	0	0	0	0	0	0	0	0	0	0	0	0	0	0	0	0	4	0	0	0	0	0	0	0	0	0	0	4	0	0	0	0	0	0	0	0	0	0	0	0	0	0	0	0	0	0	0	0	0	0	0	0	0	0	0	0
OTU_1376	71	2	0	5	0	0	0	0	11	5	55	0	9	24	0	2	43	0	0	0	3	23	0	1	8	0	1	4	3	18	6	6	0	25	0	0	3	2	0	74	1	0	0	1	16	10	0	0	20	11	0	0	0	4	4	21	0	0	1	0	8	1	15	6	0	0	1	0	1	0	0	0	11	10	0	8	4	4	0	0	4	3	0	0	5	0	12	17	0	0	4	2	0	7	0	0	5	0	0	7	0	1	5	0	0	3	0	0	0	0	0	0	0	1	4	9	0	0	3	0	0	0	0	0	0	1	0	0	0	0	0	0	0	0	1	0	0	2	0	0	0	0	3	12	0	0	0	0	0	0	0	1	0	0	0	0	0	0	0	0	0	0	0	0	6	0	0	0	0	1	0	0	0	6	1	0	0	0	0	0	0	0	0	0	2	0	8	0	3
OTU_1377	57	6	13	151	172	19	25	139	95	14	265	24	1	28	4	218	198	15	5	107	15	10	7	51	42	23	38	124	42	31	35	647	8	19	92	80	65	3	46	30	25	0	28	96	89	113	75	14	443	30	187	49	85	13	86	72	3	44	0	2	121	20	58	16	237	20	35	430	45	34	37	191	9	146	26	24	9	4	19	17	106	70	27	193	85	70	43	12	17	62	137	25	67	78	16	23	104	9	98	9	28	45	24	0	0	1	0	7	1	0	0	15	0	0	0	1	0	0	1	1	1	0	0	0	3	1	0	17	3	0	8	0	0	1	0	0	18	0	1	0	0	12	0	1	0	0	3	0	0	6	0	0	0	10	0	9	1	0	2	2	1	0	0	1	0	3	0	3	1	4	0	0	1	2	4	0	0	0	0	0	1	1	8	0	3	1	0	0	19
OTU_1378	4	2	15	4	15	3	16	13	30	10	1	4	1	3	6	1	2	24	8	12	11	5	10	4	5	1	4	9	4	12	38	5	3	4	40	55	27	4	605	2	6	6	9	19	16	7	7	13	801	22	6	4	7	1	14	3	2	3	2	2	0	7	23	255	5	2	1	18	4	1	1	1	18	25	0	16	6	2	5	5	0	5	36	1	6	17	0	8	3	3	1	2	27	3	4	8	2	1	9	3	6	1	4	23	0	3	0	10	4	0	1	16	0	5	1	1	0	0	0	4	14	0	1	1	18	4	4	3	1	0	4	0	2	6	37	0	0	3	7	2	5	243	0	469	2	17	0	0	0	2	12	0	2	1	0	74	25	0	3	0	0	14	6	0	16	8	0	4	4	20	2	3	22	4	39	6	1	5	2	0	2	1	17	0	47	46	182	4	32
OTU_1379	0	0	0	3	0	0	0	0	0	7	0	0	0	0	0	0	0	0	0	0	1	0	0	0	0	2	0	1	0	0	0	0	0	0	0	0	0	0	0	0	0	0	0	0	0	0	1	0	0	0	0	0	0	0	0	0	0	19	0	0	0	0	0	0	0	0	0	0	0	0	0	0	0	0	0	0	0	0	0	0	0	0	0	0	0	0	0	0	0	0	0	0	0	0	0	0	0	0	0	0	0	0	0	0	0	0	0	0	0	0	0	0	0	0	0	0	0	0	0	0	0	0	0	0	0	0	0	0	0	0	0	0	0	0	0	0	0	0	0	0	0	0	0	0	0	0	0	0	0	0	0	0	0	0	0	0	0	0	0	0	0	0	1	0	0	0	0	0	0	0	0	0	0	0	0	0	0	0	0	0	0	0	0	0	0	0	0	0	0
OTU_1380	0	0	0	0	0	0	0	0	0	0	0	0	0	0	0	0	0	0	0	0	0	0	0	0	0	0	0	2	1	0	0	0	0	0	0	0	0	1	0	0	0	0	0	0	0	0	0	0	0	0	0	0	0	0	0	0	0	0	0	0	0	0	0	0	0	0	0	0	0	0	0	0	0	0	0	0	0	0	0	0	0	0	0	0	0	0	0	0	0	0	0	0	0	0	0	0	0	0	0	0	0	0	0	0	0	1	0	0	0	0	0	0	0	1	0	0	0	1	0	0	0	0	2	0	0	0	0	0	0	0	0	0	0	1	0	0	0	1	0	0	0	0	0	0	0	0	0	0	0	0	0	0	0	0	0	0	0	0	0	1	0	0	0	0	0	0	0	0	0	0	0	0	0	0	0	0	0	0	1	0	0	2	0	0	0	0	0	0	0
OTU_1381	0	0	0	0	6	10	0	1	5	0	2	0	9	1	1	0	0	0	0	1	0	2	0	0	1	0	0	0	0	0	0	2	0	0	19	3	0	0	2	0	27	6	8	2	0	2	2	0	1	0	3	0	1	0	0	1	0	0	0	0	0	1	1	7	0	0	0	0	0	0	2	0	0	1	0	0	0	0	0	0	0	0	1	0	11	0	2	0	0	0	21	0	0	0	0	0	0	0	0	0	0	0	0	0	0	0	0	0	0	0	0	0	0	0	0	0	0	0	6	0	0	0	0	0	0	0	0	0	0	0	0	0	0	2	0	0	0	0	0	0	0	0	0	1	0	0	0	0	0	0	0	0	0	0	0	1	3	0	1	0	0	0	0	0	0	0	0	6	0	0	0	1	2	2	0	0	0	0	0	0	2	0	3	1	0	0	0	0	0
OTU_1382	0	0	0	0	0	0	0	0	0	0	0	0	0	0	0	0	0	0	0	0	0	0	0	0	0	0	0	0	0	0	0	0	0	0	0	0	0	0	0	0	0	0	0	0	0	0	0	0	0	0	0	0	0	0	0	0	0	0	0	0	0	0	0	0	0	0	0	0	0	0	0	0	0	0	0	0	0	0	0	0	0	0	0	0	0	0	0	0	1	0	0	0	0	0	0	0	0	0	0	0	0	1	0	0	0	0	0	0	0	0	0	1	0	0	0	0	0	0	0	0	0	0	4	0	0	0	0	0	0	0	0	0	0	0	0	0	0	0	3	0	0	1	0	0	0	0	0	0	0	0	0	0	0	0	0	0	0	0	0	0	0	0	0	0	0	0	0	0	0	0	3	0	0	0	0	0	0	0	4	0	0	0	0	0	0	0	0	0	0
OTU_1383	7	24	1	19	16	63	6	67	21	13	12	144	8	9	0	2	8	4	6	2	9	7	14	3	17	3	1	0	0	2	9	13	32	31	4	1	23	14	11	16	1	12	16	5	36	1	3	10	6	22	4	7	76	10	19	7	5	48	9	5	2	17	11	1	5	117	4	13	3	13	5	7	3	11	3	17	33	7	6	8	2	7	17	0	4	3	4	6	53	2	13	5	4	9	95	0	1	0	8	12	6	15	3	5	6	5	0	52	46	85	2	7	14	11	4	12	3	4	4	6	21	5	14	23	14	7	6	20	47	37	10	16	5	9	5	7	70	60	9	6	1	4	5	0	4	43	1	33	2	14	2	3	4	15	2	21	24	2	33	0	3	19	2	92	19	0	2	0	149	1	2	1	4	49	2	18	1	14	2	0	39	0	0	9	4	3	4	26	2
OTU_1385	7	0	2	14	21	4	4	14	12	4	38	24	3	6	0	23	14	1	2	21	5	5	1	16	6	6	6	14	13	7	13	76	0	1	20	16	7	3	10	3	26	1	9	26	13	25	42	0	33	8	27	12	8	6	16	11	1	6	0	12	13	3	9	6	122	9	6	38	17	8	4	22	0	15	7	2	1	2	5	4	9	6	5	28	13	16	4	1	4	12	15	4	20	21	19	30	18	2	35	4	2	8	55	0	0	0	0	8	0	0	0	2	0	0	0	1	0	0	0	0	3	0	0	0	0	0	0	3	0	0	0	0	0	0	2	0	0	0	1	0	0	23	0	0	0	0	1	0	0	1	0	0	0	0	0	4	0	0	2	0	0	0	0	0	0	3	0	4	1	0	0	0	0	0	0	0	0	0	0	0	0	0	0	0	2	0	0	0	4
OTU_1387	0	0	0	0	1	0	1	0	3	1	0	0	0	0	3	0	1	8	0	6	7	1	0	3	1	0	3	0	0	2	1	0	2	2	0	0	1	1	42	0	0	1	2	11	1	0	6	0	0	4	0	4	0	0	1	1	0	1	3	0	21	1	12	4	1	1	1	2	17	0	0	0	1	0	0	0	0	0	1	0	0	2	0	0	0	0	0	13	7	0	0	0	5	6	0	1	0	1	2	0	4	1	0	2	0	0	0	2	0	0	0	5	0	0	0	1	0	0	0	2	2	0	0	1	1	5	1	0	0	6	0	0	0	1	0	0	4	2	9	0	2	29	0	115	0	3	1	1	0	2	0	3	4	4	0	0	1	1	2	0	2	0	1	0	0	0	0	3	0	3	0	0	0	0	5	4	0	1	0	0	0	0	1	0	3	1	7	1	36
OTU_1388	0	0	0	0	0	0	0	0	0	0	0	0	0	0	0	0	0	0	0	0	0	0	0	0	0	0	0	0	0	0	0	0	0	0	0	0	0	0	0	0	0	0	0	0	0	0	0	0	0	0	0	0	0	0	0	0	0	0	0	0	0	0	0	0	0	0	0	0	0	0	0	0	0	0	0	0	0	0	0	0	0	0	0	0	0	0	0	0	0	0	0	0	0	0	0	0	0	0	0	0	0	0	0	0	0	0	0	0	0	0	0	0	0	0	0	10	0	0	0	0	0	0	0	0	0	0	0	0	3	0	0	0	0	0	0	0	0	0	0	0	0	0	0	0	0	0	0	0	0	0	0	7	525	0	0	0	0	0	0	0	0	1	0	0	0	4	0	0	0	0	4	0	0	0	0	0	0	0	0	0	0	0	0	0	0	0	0	0	0
OTU_1389	0	0	0	0	2	0	0	0	0	0	0	0	0	0	0	0	0	0	0	0	0	0	0	0	0	0	0	0	0	0	0	0	0	0	0	0	0	0	1	0	0	0	0	0	0	0	0	0	0	0	0	0	0	0	0	0	0	0	0	0	0	0	0	1	0	0	0	0	0	0	0	0	0	0	0	1	0	0	0	0	0	0	0	0	0	0	0	0	0	0	0	0	0	0	0	0	0	0	0	0	0	0	0	0	0	0	0	0	0	0	0	0	0	0	0	0	0	0	0	0	0	0	0	0	0	0	0	0	0	0	0	0	0	0	0	0	0	0	0	0	0	0	0	0	0	0	0	0	0	0	0	0	0	0	0	0	0	0	0	0	0	0	0	0	0	0	0	0	0	0	0	0	0	0	0	0	0	0	0	0	0	0	0	0	0	0	0	0	0
OTU_1390	0	0	0	0	0	0	0	0	1	0	0	0	0	0	0	0	0	0	0	0	0	0	0	0	0	0	0	0	0	0	0	0	0	0	1	0	0	0	0	0	0	0	0	0	0	0	0	0	0	0	0	0	0	0	0	0	0	0	0	0	0	0	0	0	0	0	0	0	0	0	0	0	0	0	0	0	0	0	0	0	0	0	0	0	0	0	1	0	0	0	0	0	0	0	0	0	0	0	0	0	0	0	0	0	0	0	0	0	0	0	0	0	0	0	0	0	0	0	0	0	0	0	0	0	0	0	0	0	0	0	0	0	0	0	0	0	0	0	0	0	0	0	0	0	0	0	0	0	0	0	0	0	3	0	0	0	0	0	0	0	0	0	0	0	0	0	0	0	0	3	0	0	0	0	0	0	0	0	0	0	0	0	0	0	0	0	0	0	0
OTU_1391	0	0	0	1	0	0	0	0	0	0	0	0	0	0	0	0	0	0	0	0	0	0	0	0	2	0	0	0	0	0	2	0	0	0	0	0	0	0	1	0	0	0	0	6	1	0	0	0	0	0	0	2	0	0	0	13	0	0	0	0	0	0	0	0	0	0	0	0	0	0	0	0	0	1	0	2	0	0	0	0	0	0	0	0	0	0	0	4	0	0	0	0	0	0	0	0	3	0	0	0	0	1	0	0	0	1	0	0	0	0	0	0	0	0	0	1	0	0	0	0	0	0	0	0	0	0	0	0	0	0	0	0	0	0	0	0	0	0	0	0	0	0	1	0	0	0	0	0	0	0	0	2	0	0	0	0	0	0	0	0	0	0	0	0	0	0	0	1	0	0	0	0	0	3	0	0	0	0	0	0	0	0	0	0	0	0	0	0	0
OTU_1392	84	0	30	11	0	153	3	29	9	0	102	55	302	27	5	5	300	2	7	4	0	180	53	0	1	130	18	1	32	46	49	656	1	1	1	59	4	1	173	1591	105	238	14	1	2	54	2	6	494	1	14	57	39	47	16	92	7	16	1	0	58	3	33	1	5	53	4	56	3	1	2	14	2	9	2	0	70	10	2	5	10	0	4	5	4	2	158	18	1	8	87	11	3	2	78	1	0	6	52	1	243	12	1	1	0	3	6	4	83	2	0	39	1	3	0	4	0	0	0	0	19	0	0	0	0	0	0	18	0	3	2	0	0	8	0	0	0	0	10	1	4	24	45	0	2	0	4	0	0	1	0	28	2	4	1	5	3	0	421	375	0	1	0	11	0	0	0	57	18	0	0	4	0	6	4	0	0	0	2	1	14	0	0	4	5	3	0	4	11
OTU_1393	3	2	2	2	2	1	0	6	17	1	5	5	1	5	10	5	2	12	0	7	1	2	11	1	5	3	1	1	3	1	7	3	1	2	3	2	8	1	9	0	2	1	22	12	9	53	0	10	2	3	3	14	2	0	3	3	1	5	0	2	1	6	10	3	10	3	1	4	9	3	0	4	0	4	0	11	1	0	1	5	1	1	10	1	8	9	1	6	10	5	4	3	12	8	1	0	5	1	6	1	5	1	3	1	0	0	0	9	6	0	0	6	1	0	0	15	0	2	1	0	50	0	0	0	3	1	1	51	2	0	12	0	1	18	3	0	2	1	4	4	18	17	0	7	1	4	0	3	3	1	0	0	1	12	0	40	56	0	6	0	0	1	2	0	1	0	0	45	6	0	2	32	2	7	6	3	1	1	0	0	15	0	1	4	34	14	5	3	4
OTU_1394	0	0	0	0	0	0	52	1	0	0	0	0	0	0	0	0	0	0	0	0	0	0	0	0	0	0	0	0	0	0	0	0	0	0	0	0	0	0	1	0	0	0	0	0	0	0	0	0	0	0	0	2	0	0	0	0	0	0	0	0	0	0	0	0	0	0	0	0	0	0	0	0	0	0	0	0	0	0	0	0	0	3	0	0	0	0	0	0	0	0	0	0	0	0	0	0	0	0	0	0	0	0	0	0	0	0	0	0	0	0	0	0	0	0	0	0	0	0	0	0	0	0	0	0	0	0	0	0	0	0	0	0	0	0	10	0	0	0	0	0	0	1	0	0	0	3	0	0	0	0	0	0	0	0	0	0	0	0	0	0	0	0	0	0	0	0	0	0	0	513	0	0	0	0	0	2	0	0	0	0	0	0	13	0	1	0	0	0	0
OTU_1395	0	0	1	0	0	0	4	0	1	0	0	0	0	0	0	0	0	0	0	0	0	0	0	5	0	0	0	0	0	0	1	0	0	0	0	0	0	7	0	0	0	0	0	0	0	0	3	6	0	0	0	0	0	0	0	0	0	0	1	0	0	0	0	0	0	0	1	0	0	0	4	0	1	0	0	0	0	0	0	0	0	0	0	0	0	0	0	0	0	0	0	0	0	0	0	0	0	1	0	3	4	0	0	1	19	1	0	1	0	2	126	0	4	0	11	4	267	2	10	7	0	163	24	248	149	10	128	2	55	1	25	9	17	0	3	0	4	160	1	0	0	0	15	5	0	14	33	247	4	111	1	33	1	0	17	0	3	46	0	0	183	24	1	2	43	2	8	0	0	0	20	3	0	41	0	11	333	380	0	0	7	0	58	0	0	1	0	29	0
OTU_1396	1	0	0	0	0	0	28	1	0	0	0	6	0	0	2	32	0	2	0	0	0	374	0	0	0	0	0	2	0	1	17	1	0	0	15	25	0	0	0	0	0	0	1	0	0	0	0	0	1	0	0	1	0	0	0	1	0	0	6	0	0	2	0	0	2	0	1	0	0	0	0	0	0	0	0	0	0	0	0	0	0	0	1	0	0	0	0	0	0	0	0	0	8	0	0	12	0	0	23	1	0	0	0	16	0	0	0	0	0	0	0	1	0	0	0	3	1	2	13	1	0	0	0	6	11	0	0	1	0	0	0	0	20	1	15	0	0	0	2	0	0	0	0	44	0	53	0	0	0	1	2	1	2	0	0	1	1	25	1	0	1	0	2	0	1	51	2	0	0	0	2	1	0	14	1	9	0	0	0	0	0	0	20	0	46	2	0	1	1
OTU_1397	0	0	0	0	0	0	0	0	0	0	0	0	0	0	0	0	0	0	0	0	0	0	0	0	0	0	0	0	0	0	0	0	0	0	0	0	0	0	0	0	0	0	0	0	0	0	0	0	0	0	0	0	0	0	0	0	0	0	0	0	0	0	0	0	0	0	0	0	0	0	0	0	0	0	0	0	0	0	0	0	0	0	0	0	0	0	0	0	0	0	0	0	0	0	0	0	0	0	0	0	0	0	0	0	0	0	0	0	0	0	0	0	0	0	0	0	0	0	0	0	0	0	0	0	0	0	0	0	0	0	0	0	0	0	0	0	0	1	0	0	0	0	0	0	0	0	0	0	0	0	0	0	0	0	0	0	0	0	0	0	0	0	0	0	0	0	0	0	0	0	0	0	0	0	0	0	0	0	0	0	0	0	0	0	0	0	0	0	0
OTU_1398	0	0	0	0	0	0	0	0	0	0	0	0	0	0	0	0	0	0	0	0	0	0	0	0	0	0	0	0	0	0	0	0	0	0	0	0	0	0	0	0	0	0	0	0	0	0	0	0	0	0	0	0	0	1	0	0	0	0	0	0	0	0	0	0	0	0	0	0	0	0	0	0	0	0	0	0	0	74	0	0	0	0	0	0	0	0	0	0	0	0	0	0	0	0	0	0	0	0	0	0	0	0	0	0	0	0	0	0	0	0	0	0	0	0	0	0	0	0	0	0	0	0	0	0	0	0	0	0	0	0	0	0	0	0	0	0	0	0	0	0	0	0	0	0	0	0	0	0	0	0	0	0	0	0	0	0	0	0	0	0	0	0	0	0	0	7	0	0	0	0	0	0	0	0	0	0	0	0	0	0	0	0	0	0	0	0	0	0	0
OTU_1399	0	0	0	0	0	0	0	0	0	0	0	0	0	0	0	0	0	0	0	0	0	0	0	0	0	0	0	0	0	0	0	0	0	0	0	0	0	0	0	0	0	0	0	0	0	0	0	0	0	0	0	0	0	0	0	0	0	0	0	0	0	0	0	0	0	0	0	0	0	0	0	0	0	0	0	0	0	0	0	0	0	0	0	0	0	0	0	0	0	0	0	0	0	0	0	0	0	0	0	0	0	0	0	0	0	0	0	0	0	0	0	0	0	0	0	0	0	0	0	0	0	0	0	0	0	0	0	0	0	0	0	0	0	0	0	0	0	0	0	0	0	0	0	0	0	0	0	0	0	0	0	0	0	0	0	0	0	0	0	0	0	0	0	0	0	0	0	0	0	0	0	0	0	0	0	0	0	0	0	0	0	0	0	0	0	0	0	0	1
OTU_1400	1	377	0	2	1	0	0	9	1	12	3	2	1	211	4	2	0	1	1	3	2	0	13	3	6	1	1	0	1	0	6	2	2	2	1	1	0	3	2	5	0	2	10	4	12	15	0	2	0	4	1	0	1	3	0	7	2	14	0	0	1	5	0	1	9	8	0	0	14	3	2	1	1	4	1	0	4	0	0	0	0	0	26	7	1	1	1	6	6	2	5	9	3	4	1	0	5	0	2	0	2	0	5	0	0	0	1	0	2	0	1	4	1	0	1	7	0	0	0	0	3	0	0	1	1	1	0	3	0	13	2	1	1	2	1	0	0	0	0	0	1	21	0	0	10	8	0	1	0	1	0	1	2	6	0	5	8	0	4	2	0	0	1	2	0	0	0	38	3	0	0	2	2	28	0	3	0	0	0	0	3	0	0	5	4	3	0	0	1
OTU_1401	4	4	2	5	2	5	3	43	1	3	1	0	0	5	282	7	1	5	3	2	13	0	21	3	13	2	6	0	0	207	3	1	0	2	4	2	0	7	1	1	9	1	8	7	19	11	1	3	0	17	4	7	2	9	22	3	4	7	8	1	0	3	2	0	42	13	11	2	0	26	1	3	3	1	1	6	1	1	0	5	2	0	3	2	6	4	0	16	4	8	10	4	8	4	0	0	9	2	14	6	8	3	4	0	0	7	2	2	1	72	1	1	2	13	4	2	1	4	60	1151	36	1	0	2	6	0	0	1	1	2	9	0	0	18	142	2	5	2	1	2	9	87	4	5	10	3	7	3	2	1	0	2	5	7	2	20	11	261	1	0	0	1	1	5	4	9	0	40	1	2	0	149	3	27	0	3	1	0	2	1	4	0	1	7	3	10	2	16	15
OTU_1402	0	0	0	0	0	0	0	0	0	0	0	0	0	0	0	0	0	0	0	0	0	0	0	0	0	0	0	0	0	0	0	0	0	0	0	0	0	0	0	0	0	0	0	0	0	0	0	0	0	0	0	0	0	0	0	0	0	1	0	0	0	0	0	0	0	0	0	0	0	0	0	0	0	0	0	0	0	0	0	0	0	0	0	0	0	0	0	0	0	0	0	0	0	0	0	0	0	0	0	0	0	0	0	0	0	0	0	0	0	0	0	0	0	0	0	0	0	0	0	0	0	0	0	0	0	0	0	0	0	0	0	0	0	0	0	0	0	0	0	0	0	0	0	0	0	0	0	0	0	0	0	0	0	0	0	0	0	0	0	0	0	0	0	0	0	0	0	0	0	0	0	0	0	0	0	0	0	0	0	0	0	0	0	0	0	0	0	0	0
OTU_1404	0	0	0	0	0	0	0	0	0	0	0	0	0	0	0	0	0	0	0	0	0	0	0	0	0	0	0	0	0	0	0	0	0	0	1	0	0	0	0	0	0	0	0	0	0	0	0	0	0	0	0	0	0	0	0	0	0	0	0	0	0	0	14	0	0	0	0	0	0	0	0	0	0	0	0	0	0	0	0	0	0	0	0	0	1	0	0	0	0	0	0	0	0	0	0	0	0	0	0	0	0	0	0	0	0	0	0	0	0	0	0	0	0	0	0	0	0	0	0	0	0	0	0	0	0	0	1	0	0	0	0	0	0	2	0	0	0	0	0	0	0	0	0	0	0	0	0	0	0	0	0	0	0	0	0	0	0	0	0	0	0	0	0	0	0	0	0	0	0	0	0	0	0	0	0	0	0	0	0	0	0	0	0	0	0	0	0	0	0
OTU_1405	7	1	1	2	0	2	0	0	1	0	0	2	0	0	0	0	0	16	0	0	0	0	2	0	0	2	0	0	0	1	2	0	3	5	0	0	0	0	5	2	0	3	5	0	0	0	3	0	0	0	0	2	4	0	0	0	0	3	0	0	0	650	0	0	0	7	2	5	0	1	0	0	0	1	0	0	1	0	0	15	4	0	2	0	1	15	0	3	0	0	0	0	0	0	4	0	0	2	1	0	1	0	0	5	0	1	2	0	8	0	0	0	15	0	0	4	0	5	0	2	0	0	12	6	2	3	2	2	1	0	0	0	0	18	1	0	29	0	0	0	0	0	1	1	0	0	0	8	0	0	0	2	0	2	0	4	0	0	0	0	0	0	0	0	1	0	0	0	2	0	1	2	0	0	0	0	0	0	0	3	0	0	0	0	2	0	0	0	0
OTU_1406	0	0	0	0	0	0	0	0	0	0	0	0	0	0	0	0	0	0	0	0	0	0	0	0	0	0	0	0	0	0	0	0	0	0	0	0	0	0	0	0	0	0	0	0	0	0	0	0	0	0	0	0	0	0	0	0	0	0	0	0	0	0	0	0	0	0	0	0	0	0	0	0	0	0	0	0	0	0	0	0	0	0	0	0	0	0	0	0	0	0	0	0	0	0	0	0	0	0	0	0	0	0	0	0	0	0	0	0	0	0	0	0	2	0	0	0	0	0	0	0	0	0	0	0	0	0	0	0	0	0	0	0	0	0	0	0	0	0	0	0	0	0	0	0	0	0	0	0	0	0	0	0	0	0	0	0	0	0	0	0	0	0	0	0	0	0	0	0	0	0	0	0	0	0	0	0	0	0	0	0	0	0	0	0	0	0	0	0	0
OTU_1407	13	1	3	0	20	52	5	6687	88	0	0	2	1	3	51	12	0	3	1	57	131	0	291	17	99	1	3	0	141	8	2	3	843	9	41	0	0	184	85	2	1	87	13	1	2	0	3	81	5	0	1	1	0	0	8	6	1	1	4	0	1	3	40	17	14	1	5	7	1	1	13	70	44	58	6	1	1145	0	14	4	1	0	15	5	916	2	0	9	2	3	3	1	5	260	1	0	0	20	36	129	4	1	0	7	59	302	563	43	31	1	1726	1	191	4	425	20	1	56	4	7	5990	238	52	0	2	357	0	1424	13	3	3589	268	2	251	7	60	1	1747	7	19	16	24	25	3	19	13	430	7	1	8	13	0	3	18	31	11	227	1	1038	1	429	2	84	13	81	1	858	13	17	2	282	35	195	1	1	4	3	1191	1109	0	2082	95	1	35	159	10	3	516	14
OTU_1408	1	0	0	0	1	0	0	0	2	3	0	2	0	6	5	0	8	1	1	3	0	4	2	0	2	3	0	2	1	1	0	1	0	0	0	3	1	2	0	1	1	1	1	1	0	6	0	2	0	0	0	2	0	2	1	5	0	0	1	0	0	1	0	0	2	0	1	2	0	4	1	13	0	2	0	0	1	3	0	3	4	1	11	2	1	7	2	0	7	1	2	2	1	2	0	0	0	2	2	1	3	0	1	5	0	1	6	6	0	0	0	2	0	1	0	4	1	2	4	0	0	0	0	0	2	2	0	1	3	1	4	4	1	2	2	0	1	0	0	34	7	30	1	2	1	5	2	0	1	6	1	2	0	0	0	1	2	1	2	5	0	1	14	2	0	0	0	7	6	0	0	0	2	0	7	3	0	1	0	1	6	0	5	0	4	18	14	2	1
OTU_1409	6	1	19	28	3	4	2	0	9	0	0	6	1	0	0	0	0	1	0	3	0	1	11	1	2	0	0	0	0	4	3	0	6	4	1	0	7	0	0	0	0	1	4	2	16	1	0	14	1	1	0	0	4	0	0	1	0	1	6	0	0	1	3	3	1	4	0	0	0	1	0	0	2	0	0	3	0	0	1	3	0	1	2	0	1	1	0	1	10	3	2	2	3	1	3	4	2	2	6	0	0	0	0	4	3	2	0	6	68	3	0	3	2	14	0	9	5	4	8	3	0	1	1	2	11	6	0	19	8	4	0	0	1	2	9	2	9	12	1	3	0	4	2	1	2	4	1	4	1	1	2	2	0	4	2	1	6	7	1	0	1	5	1	2	22	3	1	0	2	1	9	5	2	26	1	12	2	8	1	3	8	6	2	1	3	2	5	3	3
OTU_1410	0	0	0	0	0	0	0	0	0	0	0	0	0	0	0	0	0	0	0	0	0	0	0	0	0	0	0	0	0	0	0	0	0	0	0	0	0	0	0	0	0	0	0	0	0	0	0	0	0	0	0	0	0	0	0	0	0	0	0	0	0	0	0	0	0	0	0	0	0	0	0	0	0	0	0	0	0	0	0	0	0	0	0	0	0	0	0	0	0	0	0	0	0	0	0	0	0	0	0	0	0	0	0	0	0	0	0	0	0	0	0	0	0	0	0	1	0	0	0	0	0	0	0	0	0	0	0	0	0	0	0	0	0	0	0	0	0	0	0	0	0	0	0	0	0	0	0	0	0	23	0	0	0	0	0	0	0	3	0	0	11	0	0	0	0	0	0	0	0	0	0	0	0	0	0	0	0	0	0	0	0	0	0	0	0	0	0	0	0
OTU_1411	3	11	18	21	19	114	116	78	5	31	1644	4	7	14	35	22	4	25	4	80	16	8	2215	1	16	6	18	6	189	12	10	4	1251	11	92	124	14	19	8	8	1071	111	17	3	6	1277	16	19	18	2	11	44	5	4	7	1824	8	26	3118	9	0	28	24	2479	39	4	395	7	16	18	14	16	4	26	5	9	3	1	3	6	4	7	32	5	8	53	6	524	16	14	10	16	140	14	56	3	5	8	18	69	50	9	1	423	832	12	3	21	7192	585	4	6998	8	296	3	5936	3	2	140	1	3249	0	3	28	3	10	246	336	6	4	29	0	1	14	19	1	135	2	271	7	352	182	3302	34	4	16	50	22	3	38	3	200	1547	14	0	10394	49	1	32	4	1	7	37	1	2392	2004	621	103	18	9	792	7	11	32	24	24	1	6	20	2	18	6	41	57	1535	10	18	36	1552
OTU_1412	0	0	0	0	0	0	45	1	319	1	0	1	0	0	3	0	0	0	0	0	0	0	0	0	0	0	0	0	0	2	0	0	0	0	0	0	0	0	0	0	0	0	2	0	0	0	0	0	0	0	0	3	0	0	0	0	0	0	385	0	0	3	0	3	0	0	44	1	0	1	1	0	16	1	0	0	0	0	0	0	0	0	4	0	0	2	0	0	1	0	1	0	1	146	0	1	0	0	0	6	0	0	43	0	0	30	0	0	0	0	0	0	0	1	0	3	0	0	9	0	9	0	0	7	0	0	0	0	0	0	0	0	0	0	0	0	0	0	0	0	0	65	0	0	0	1	0	0	0	80	0	0	0	0	0	1	0	0	0	0	1	0	0	1	0	0	0	0	0	0	0	1	0	0	11	0	0	0	3	0	0	1	0	0	25	0	3	0	40
OTU_1413	1	0	2	20	6	1	1	17	6	0	0	2	0	5	0	1	0	1	4	2	1	0	1	6	0	0	1	0	1	6	1	0	3	9	3	2	13	4	3	1	2	3	6	2	3	9	2	1	3	6	4	0	8	1	0	1	7	1	7	0	0	5	33	5	1	0	1	2	12	0	0	1	1	0	1	2	0	2	0	0	5	8	0	0	8	5	14	1	14	0	0	6	0	4	0	2	1	0	4	2	3	4	1	1	0	0	0	13	6	0	0	0	0	0	1	8	0	1	1	0	3	11	0	0	1	3	1	4	6	0	0	0	0	1	4	1	2	1	1	1	0	3	0	0	1	2	0	0	2	0	1	0	0	0	0	4	2	1	1	0	3	4	1	0	0	0	0	1	5	0	0	0	3	3	2	0	0	2	0	1	1	1	0	0	1	1	1	3	0
OTU_1414	3	5	2	1	2	1	1	1	0	16	0	4	1	3	0	0	0	0	2	1	6	0	0	1	15	1	3	0	1	1	1	0	0	0	1	2	0	2	1	5	6	4	14	0	3	3	0	0	0	9	0	0	4	3	2	3	3	11	0	0	0	0	1	3	0	12	1	1	5	1	0	0	1	1	0	0	1	2	0	0	0	1	8	1	4	2	0	0	6	4	0	8	7	0	4	0	1	0	0	0	0	0	2	2	0	2	1	0	0	0	0	4	1	1	1	12	0	0	0	0	3	0	0	0	0	0	0	0	0	16	3	0	0	0	0	1	1	1	0	1	0	1	0	0	28	1	1	0	0	0	0	13	0	0	0	3	0	0	0	0	0	0	0	0	1	0	4	6	10	0	0	0	4	3	0	1	0	2	0	3	2	0	0	24	1	0	0	1	0
OTU_1415	0	0	0	0	0	0	0	1	0	0	0	0	0	0	1	0	1	1	0	2	0	0	0	0	1	0	1	1	0	0	0	0	0	0	1	0	1	0	1	0	0	0	0	1	0	0	0	3	1	0	0	0	2	0	0	0	0	1	0	1	0	0	0	1	0	0	0	2	0	1	0	0	0	2	0	0	0	0	0	0	0	0	1	0	0	0	0	0	0	0	0	0	0	0	0	0	0	0	8	0	0	0	0	0	0	0	4	0	0	0	0	0	0	0	0	1	0	0	0	0	1	0	0	0	0	0	0	0	0	0	0	1	0	0	0	0	0	0	2	0	0	0	0	0	0	0	0	0	0	0	0	1	1	0	2	0	0	0	1	1	0	0	0	0	0	1	0	2	0	0	0	0	0	0	0	0	0	0	0	0	1	0	0	0	0	0	0	0	1
OTU_1416	0	1	0	5	0	0	0	0	0	0	0	0	0	0	0	0	0	0	0	0	0	0	0	0	1	0	0	0	0	0	0	0	0	0	6	1	0	0	1	0	0	0	0	0	0	1	0	0	0	0	1	1	0	0	2	0	0	0	0	0	1	0	0	1	1	0	0	0	0	0	0	0	0	4	0	0	0	0	0	0	0	0	0	0	7	0	0	0	0	2	1	0	0	1	0	0	3	0	0	0	0	0	0	0	0	0	0	0	0	0	0	0	0	0	0	0	0	0	0	0	0	0	0	0	0	0	0	0	0	0	0	0	0	0	0	0	0	0	0	0	0	1	0	0	0	0	0	0	0	0	0	0	0	0	0	0	0	0	0	0	0	0	0	0	0	2	0	0	0	0	0	0	0	0	0	0	0	0	1	0	0	0	3	0	1	0	0	0	0
OTU_1417	0	0	1	0	1	1	0	2	2	0	0	0	0	0	0	0	8	0	0	0	0	0	0	0	0	0	0	27	0	0	0	1	0	0	30	21	0	0	0	0	0	0	0	0	0	19	0	0	0	0	0	0	0	1	36	0	0	0	0	0	0	0	0	0	0	0	0	1	0	0	0	0	2	0	2	1	1	0	0	0	0	0	0	0	0	0	0	0	0	0	1	0	0	8	0	0	0	0	0	0	0	0	0	0	0	0	0	0	0	0	0	0	0	0	0	0	0	0	0	0	0	0	0	0	0	3	0	0	0	0	0	0	0	0	0	0	0	0	0	0	0	0	0	0	0	0	0	0	0	0	1	0	0	0	0	0	0	0	0	0	0	0	0	0	0	1	0	0	0	0	0	0	0	0	0	0	0	0	0	0	0	0	0	0	1	0	0	0	0
OTU_1418	0	0	0	18	0	0	21	0	0	0	0	0	0	0	1	1	1	0	0	0	1	0	0	0	0	20	0	0	1	0	0	0	0	0	0	2	0	0	0	0	0	4	0	0	0	0	1	0	0	0	0	0	0	0	2	1	0	2	0	1	0	1	0	0	3	0	0	0	11	0	0	0	1	0	0	0	0	0	0	0	0	0	0	0	0	0	0	13	21	0	15	0	0	0	1	0	0	0	3	0	0	0	0	0	0	0	5	0	0	0	0	0	0	0	0	1	4	6	0	0	0	0	0	0	0	2	1	0	2	1	2	1	0	99	0	0	0	0	1	0	0	1	0	0	0	0	5	0	0	0	0	1	130	1	0	1	1	0	1	0	0	1	0	1	0	2	2	1	0	0	0	0	1	6	0	0	0	0	6	0	0	0	0	0	2	1	0	0	0
OTU_1419	0	0	0	0	0	0	0	0	0	0	0	0	0	0	1	0	0	0	0	0	0	0	0	0	1	0	0	0	0	0	2	0	0	0	0	0	0	4	0	0	0	0	0	0	0	0	0	0	0	0	0	0	6	0	0	1	0	0	0	0	0	0	0	0	0	0	0	0	0	1	0	0	0	0	0	0	4	0	0	0	0	0	1	0	0	0	0	0	0	0	0	2	0	0	26	0	0	0	0	0	0	0	0	0	0	0	2	0	5	1	1	1	0	1	0	2	0	0	0	0	0	2	0	1	0	1	0	0	2	0	1	0	1	0	1	4	0	0	0	0	0	0	1	0	1	0	0	0	0	0	1	11	0	1	0	0	0	0	4	19	0	0	0	0	0	0	1	0	1	0	0	0	65	0	0	2	0	0	0	1	0	11	0	0	0	2	0	0	0
OTU_1420	0	0	0	0	0	0	0	0	0	0	0	0	0	0	0	0	0	0	0	0	1	0	0	0	0	0	0	0	0	0	0	0	0	0	0	0	0	0	0	0	0	0	0	0	0	0	0	0	0	0	0	1	0	0	0	0	0	0	0	0	0	0	0	0	0	0	0	0	0	0	0	0	0	0	0	0	0	0	0	0	0	0	0	0	0	0	0	0	0	0	0	0	0	0	0	0	0	0	0	0	0	0	0	0	0	2	0	0	0	0	0	0	0	0	0	0	0	0	0	0	0	0	0	21	0	0	0	0	0	0	1	0	0	2	0	0	0	0	0	0	0	5	0	1	0	0	0	0	1	1	0	5	0	0	0	1	0	0	0	0	0	0	0	0	0	0	0	0	0	0	0	0	0	0	0	0	0	0	0	0	0	0	0	2	0	0	0	0	0
OTU_1421	0	0	0	0	0	0	0	0	0	0	0	0	0	0	0	0	0	0	1	0	0	0	0	0	0	0	0	0	0	0	0	0	0	0	0	0	0	0	0	0	0	0	0	0	0	0	0	0	0	0	0	0	0	0	0	0	0	0	0	0	0	0	0	0	0	0	0	0	0	0	0	0	0	0	0	0	0	0	7	0	0	0	0	0	0	0	0	0	0	0	0	0	0	0	0	0	1	0	0	0	0	0	0	0	0	0	0	0	0	3	0	0	0	0	0	0	0	0	21	0	1	0	0	0	0	0	0	0	0	0	0	0	2	0	0	0	0	0	0	0	0	0	0	0	0	0	1	0	0	3	0	0	0	0	0	0	0	168	0	0	2	0	0	0	0	0	0	0	0	8	0	0	0	539	1	0	0	0	0	0	0	0	0	0	0	0	0	0	0
OTU_1422	1	0	10	8	6	7	0	5	6	4	3	4	0	1	9	1	1	6	2	5	7	1	13	0	2	0	0	0	0	2	11	2	5	0	2	7	6	0	15	1	5	1	10	3	9	59	0	12	0	3	1	6	3	1	0	7	3	10	1	2	0	5	0	4	10	11	0	5	6	3	0	5	1	2	0	3	2	0	1	1	0	2	18	2	1	2	0	26	13	1	5	2	5	3	6	0	2	1	4	1	5	0	1	1	0	1	0	0	1	0	0	2	2	0	1	2	1	1	0	0	37	1	0	0	1	0	0	7	2	0	15	2	0	24	1	1	1	1	1	0	12	7	0	2	3	1	2	0	0	0	0	7	0	22	0	45	20	1	4	5	0	0	0	0	2	0	0	114	13	0	0	12	6	5	3	0	0	1	0	0	5	0	2	2	17	28	1	0	1
OTU_1423	0	0	0	0	0	0	29	0	0	0	0	0	0	0	0	0	0	0	0	0	0	0	1	0	0	0	0	0	2	0	0	0	0	0	0	0	0	0	0	0	0	0	0	0	0	0	0	0	0	0	0	0	0	0	0	0	0	0	1	0	0	0	0	0	0	0	0	0	0	0	0	0	0	0	0	0	0	0	0	0	0	0	0	0	0	0	0	0	0	0	0	0	0	0	0	0	0	0	2	0	0	0	0	0	0	0	0	0	0	0	0	0	0	0	0	0	0	0	0	0	0	0	0	0	0	0	0	1	0	8	0	0	1	0	12	0	0	0	0	0	0	35	0	0	0	0	0	1	0	0	0	1	19	0	0	0	0	2	0	0	0	0	0	0	0	0	0	0	0	1	1	0	0	38	0	0	0	0	0	0	1	0	0	0	0	0	0	0	0
OTU_1424	0	0	0	0	0	0	0	0	0	0	0	0	0	0	0	0	0	0	15	0	0	0	0	0	0	0	0	0	0	3	0	0	0	0	0	0	0	0	0	0	0	0	0	0	0	0	0	0	0	0	0	0	0	0	0	0	0	0	0	0	0	0	0	0	0	0	2	0	1	0	1	0	0	0	0	0	0	0	2	0	0	0	0	0	0	0	0	0	0	0	0	0	0	0	0	6	0	0	0	0	0	0	0	4	0	0	0	0	0	0	1	0	0	0	0	0	0	0	0	0	3	0	0	0	0	0	0	0	0	0	0	0	0	0	0	0	0	0	9	0	1	8560	0	0	0	0	0	0	0	3	0	0	0	0	24	0	0	0	0	0	0	0	0	0	1	0	0	20	0	0	1	0	0	0	0	0	0	0	0	0	0	0	0	0	0	0	4	0	3
OTU_1425	13	0	1	0	0	0	11	0	12	0	0	0	0	0	1	0	0	0	0	4	0	1	1	44	0	0	0	0	0	1	8	1	1	2	0	4	2	95	0	0	0	0	28	0	0	1	12	49	0	2	0	0	1	0	0	2	0	1	2	0	1	1	1	0	3	1	2	0	1	1	11	0	2	4	0	1	0	0	0	0	0	2	0	0	1	0	0	1	0	0	3	0	0	0	0	1	0	3	10	5	23	0	0	26	283	0	0	18	2	1	42	4	36	1	42	2685	199	83	6	25	2	115	185	198	72	64	45	124	72	3	113	1	14	3	9	0	0	50	173	2	6	1	6	23	2	3	13	907	97	307	27	23	0	0	135	6	59	55	10	0	126	36	22	5	22	26	135	0	2	11	30	207	6	26	92	2	219	150	4	1	79	0	29	4	8	22	1	70	0
OTU_1426	0	0	1	2	0	0	0	0	1	0	0	0	0	0	79	0	0	1	0	0	6	0	1	0	0	0	0	0	0	0	0	0	0	0	0	1	0	3	0	0	0	0	1	0	0	0	1	0	0	0	0	0	1	0	0	1	0	0	0	0	0	0	1	7	7	0	0	1	0	0	0	0	0	1	0	0	0	0	0	0	0	0	3	0	0	0	1	1	0	0	0	0	313	4	0	0	0	0	0	0	2	0	0	1	0	1	0	0	0	0	0	0	0	0	0	3	0	3	0	0	1	1	0	0	0	0	2	0	1	0	0	0	0	1	0	1	0	0	2	0	0	4	1	0	0	0	0	0	0	8	0	0	0	4	0	0	0	2	1	0	1	0	0	0	0	6	0	0	16	0	0	0	2	4	0	0	0	0	0	0	0	0	0	0	0	1	1	1	1
OTU_1427	0	1	1	0	1	1	0	0	0	2	0	1	0	0	0	0	0	0	0	0	0	0	0	0	0	0	0	0	0	1	1	0	0	0	2	3	0	0	0	0	0	1	0	0	0	0	0	0	0	0	0	0	0	0	0	0	0	0	0	1	0	0	0	0	0	0	0	0	0	0	0	0	1	0	0	0	0	0	0	0	0	0	1	10	0	0	0	0	1	0	0	0	0	0	0	0	0	0	0	0	0	0	0	0	0	0	0	0	0	0	0	4	0	0	0	0	0	0	0	0	0	0	0	0	0	0	0	0	0	0	0	1	0	0	0	0	0	0	0	0	0	0	0	0	0	0	0	0	0	0	0	0	0	0	0	0	0	0	0	0	0	0	1	0	0	0	0	0	1	0	0	0	0	0	0	0	1	0	0	2	0	0	2	0	0	0	0	0	1
OTU_1428	0	0	0	0	0	0	0	0	0	0	0	0	0	0	0	0	0	0	0	0	0	0	0	0	0	0	0	0	0	0	0	0	3	2	0	0	0	0	0	0	1	1	0	0	0	0	1	0	1	0	1	0	0	0	0	0	0	0	1	0	0	0	0	0	0	0	1	1	0	0	7	0	0	1	0	0	0	0	0	0	0	0	0	0	0	1	1	0	0	0	0	0	0	0	0	0	0	1	0	0	0	0	0	0	0	0	2	0	0	0	4	0	0	0	0	2	0	1	0	3	0	1	1	0	0	2	2	0	0	1	0	1	0	0	1	0	3	0	0	1	0	0	3	0	0	0	0	0	0	0	1	0	0	0	0	0	0	0	1	2	0	0	1	0	0	0	0	0	0	0	2	0	0	0	0	0	1	0	0	1	0	0	0	0	0	0	0	1	0
OTU_1430	0	2	2	5	3	0	3	0	25	0	1	0	0	3	7	3	2	14	0	2	3	1	6	1	0	1	0	0	0	0	14	1	0	2	0	7	6	1	1	1	1	1	6	1	1	8	0	25	2	1	2	8	1	1	0	1	1	4	4	1	2	3	4	3	42	3	0	1	6	4	3	8	3	1	2	3	4	1	1	4	1	1	4	0	4	8	0	4	4	12	6	2	3	1	1	0	1	1	11	0	4	0	0	1	0	0	1	4	3	0	0	18	0	0	0	6	1	0	5	0	15	0	0	0	2	5	0	49	3	0	7	1	0	8	2	0	0	0	4	5	12	23	1	3	2	1	1	0	0	1	0	0	0	18	0	24	50	1	3	0	0	1	0	1	1	0	0	25	9	0	0	31	4	5	4	0	0	1	0	0	5	0	1	1	64	22	5	0	4
OTU_1431	0	1	0	0	0	0	0	0	0	3	0	0	0	0	0	0	0	1	0	0	0	0	0	0	0	0	1	0	0	0	1	0	0	2	0	0	0	0	0	0	0	0	0	0	0	0	0	0	0	0	0	0	0	0	0	0	0	0	0	0	0	0	0	0	0	0	0	0	0	0	0	0	0	0	0	0	0	0	0	0	0	0	0	0	0	0	0	0	0	0	0	0	0	0	0	0	0	0	0	0	0	0	0	0	0	0	0	0	0	0	0	2	0	0	3	2	0	0	0	0	0	0	0	0	0	0	0	0	0	0	1	0	0	0	0	0	1	0	1	0	0	1	0	0	0	4	0	0	0	0	0	0	0	0	0	0	0	0	1	0	0	0	0	0	0	2	0	0	0	0	0	1	0	1	0	0	0	0	0	0	0	0	0	0	0	1	0	0	0
OTU_1432	0	0	0	0	0	0	0	0	0	0	0	0	0	0	0	0	0	0	0	0	0	0	0	0	0	0	0	0	0	0	1	0	0	0	0	0	0	0	0	0	0	0	0	6	0	0	2	0	0	0	15	7	0	0	0	0	0	0	0	0	0	1	0	0	0	0	0	0	0	0	0	0	0	1	0	1	0	0	0	0	0	0	0	0	0	0	0	0	0	0	0	0	0	0	0	0	0	0	0	1	0	0	0	0	0	0	0	0	0	0	0	0	0	0	0	0	0	0	3	0	0	0	0	0	0	0	0	0	0	0	0	0	0	0	0	0	0	0	0	0	0	0	0	0	0	0	0	0	0	0	0	0	0	0	0	0	0	0	0	0	0	0	0	0	0	0	0	0	0	0	0	0	0	1	0	0	0	0	0	0	0	0	1	0	0	0	0	0	0
OTU_1433	2	3	0	8	8	38	2	26	2	15	9	5	5	6	12	3	20	41	4	5	11	2	4	1	6	2	10	4	16	6	2	388	12	3	22	15	7	9	3	17	6	7	12	233	7	11	9	7	0	3	38	277	19	19	18	56	13	75	0	42	18	2	7	2	12	21	1	12	24	31	10	2	4	9	2	8	20	494	0	14	31	11	1	9	6	2	4	4	53	2	4	11	8	20	8	52	44	0	10	1	6	10	2	5	0	16	1	3	13	271	7	2	4	1	3	7	0	1	10	25	7	0	1	0	13	0	0	2	0	37	9	0	0	2	3	0	0	3	32	1	0	7	5	0	8	66	3	0	0	1	0	13	54	2	1	2	4	1	16	3	0	0	2	61	3	28	0	78	9	4	0	0	4	12	6	27	0	1	3	0	6	1	5	24	2	2	7	3	1
OTU_1434	2	0	0	8	6	3	2	8	13	3	11	6	0	1	3	12	3	5	1	13	3	15	4	10	4	0	3	2	3	4	10	22	1	0	7	7	5	0	17	1	8	2	4	8	10	26	12	1	14	18	4	6	3	1	4	6	0	4	1	2	9	1	5	10	9	0	4	13	8	4	2	7	1	11	4	3	0	1	12	0	0	5	4	6	15	9	3	3	0	3	6	1	11	9	13	4	13	3	7	2	2	2	11	0	0	0	0	8	0	0	0	1	0	0	0	0	0	0	0	0	0	0	0	0	0	0	0	1	0	0	2	0	0	1	0	0	1	0	1	0	1	14	0	0	0	0	0	0	0	0	0	0	0	0	0	4	0	0	1	1	0	0	0	0	0	0	0	2	1	1	0	0	1	0	0	0	0	0	0	0	0	0	0	0	0	0	0	0	1
OTU_1435	18	7	0	28	12	10	15	6	5	5	12	8	14	7	1	1	19	16	1	19	2	3	7	2	2	22	2	5	6	8	9	11	1	47	4	5	3	1	6	18	2	9	11	4	3	9	8	2	5	2	1	3	115	1	1	7	0	19	2	2	3	169	8	5	22	12	7	83	3	5	0	12	2	3	0	1	2	1	5	6	27	6	12	4	2	8	12	4	4	12	10	1	4	0	5	11	0	9	7	0	24	8	0	8	0	1	0	37	2	0	4	1	1	0	4	2	0	12	2	1	3	0	1	2	1	2	0	8	0	0	0	1	0	4	0	1	0	1	4	9	19	4	0	26	0	0	0	0	0	11	1	4	0	1	0	27	16	1	2	3	0	4	0	16	0	0	1	2	0	0	9	3	1	3	38	0	7	0	0	0	1	0	2	0	1	1	0	1	44
OTU_1436	126	0	9	0	0	0	622	1	49	1	1	9	0	7	2	1	2	1	0	1	1	10	10	461	11	0	1	0	0	2	130	1	0	30	1	1	8	1	1	6	1	2	251	1	0	0	1	4216	1	0	0	7	1	1	0	8	0	0	0	2	0	3	0	2	5	35	0	0	0	2	2	0	0	0	0	8	1	0	7	0	0	0	0	0	4	1	1	1	4	1	3	0	4	0	2	0	0	200	16	0	662	0	0	3	11	9	8	2	0	22	2	5	6	0	887	212	1897	196	10	3	5	2631	2753	1041	804	4	15	87	494	7	2471	17	10	8	73	4	2	3	3	1	4	36	8	33	24	2	12	117	1291	76	110	138	3	3	8	2	7	15	3	1	2712	9	2	35	490	51	4	11	1	178	2900	288	15	9	8	10	1492	14	4	0	57	3	34	77	184	2	1	254	1
OTU_1437	2	3	10	0	14	0	6	0	5	0	1	1	0	1	4	2	0	1	0	1	17	1	5	3	0	1	1	1	3	1	4	1	0	1	0	3	3	0	1	0	0	0	1	3	7	2	3	2	0	4	3	6	3	0	1	9	1	2	4	0	1	5	5	5	21	2	0	0	6	2	0	2	6	2	0	4	1	0	1	1	0	0	3	2	2	6	1	4	1	1	5	0	1	12	1	3	4	0	1	7	3	2	2	1	0	1	0	0	0	0	2	2	1	0	0	1	0	0	0	1	8	1	0	0	5	2	0	2	1	1	0	0	0	0	8	0	0	3	1	3	3	6	0	9	0	0	0	0	0	3	0	0	0	1	0	4	1	1	1	0	0	1	1	0	0	0	0	2	0	10	0	0	0	1	2	0	0	0	0	0	2	0	2	0	36	1	1	0	19
OTU_1438	0	1	1	2	0	4	0	17	2	6	18	0	5	4	1	1	5	0	0	1	3	33	1	4	3	1	0	3	3	3	0	0	0	2	4	3	1	2	4	6	4	1	1	6	13	5	2	30	1	1	0	2	18	1	2	12	0	1	0	133	1	0	6	21	5	0	0	9	4	1	5	1	0	23	11	2	0	5	0	0	0	12	0	0	1	0	1	4	0	3	5	2	6	195	2	1	2	0	3	3	34	2	0	1	2	0	0	0	6	0	2	0	1	1	1	1	0	2	0	0	0	0	0	1	0	0	0	7	0	0	0	0	0	2	0	0	4	0	2	1	0	11	7	12	5	2	1	0	0	0	0	0	2	0	0	2	0	0	0	0	0	0	0	0	0	3	0	1	0	3	0	0	0	1	1	0	0	0	0	0	0	0	0	1	4	0	11	2	32
OTU_1439	0	0	0	0	0	0	0	0	0	0	0	0	0	0	0	0	0	0	0	0	0	0	0	0	0	0	0	0	0	0	0	0	0	0	0	0	0	0	0	0	0	0	0	0	0	0	0	0	0	0	0	0	0	0	0	0	0	0	0	0	0	0	0	0	0	0	0	0	0	0	0	0	0	0	0	0	0	0	0	0	0	0	0	0	0	0	0	0	0	0	0	0	0	0	0	0	0	0	0	0	0	0	0	0	0	0	0	0	0	0	0	0	0	0	0	0	0	0	0	0	0	0	0	0	0	0	3	0	0	0	0	0	0	0	0	0	0	0	0	0	0	0	7	0	0	0	0	0	0	0	0	0	0	0	0	0	0	0	0	0	0	0	0	0	0	0	0	0	0	0	0	0	0	1	0	1	0	0	0	0	0	0	1	0	0	0	0	0	0
OTU_1441	0	0	3	0	0	5	0	49	1	0	0	0	0	0	0	0	0	0	0	0	4	0	0	0	0	0	0	0	0	0	0	0	0	0	0	1	0	0	0	0	1	0	0	5	6	2	0	0	1	0	2	5	0	1	0	0	0	0	0	0	1	0	2	7	0	0	0	0	0	0	0	2	3	0	0	0	0	0	0	0	0	0	0	0	0	0	0	0	0	0	0	0	0	0	0	0	1	0	0	2	0	0	0	0	0	0	0	0	0	0	1	0	0	0	0	1	0	0	17	0	0	0	0	0	0	0	0	8	0	0	0	0	0	0	0	0	0	0	0	0	0	0	0	0	0	1	0	0	0	0	0	0	7	0	0	0	0	0	0	0	0	2	0	0	0	4	0	0	0	0	0	0	0	6	7	0	0	0	0	0	0	0	0	0	0	0	2	0	13
OTU_1442	0	1	0	0	0	0	0	0	0	0	0	0	0	0	0	0	0	0	0	0	0	0	0	0	0	0	0	0	0	0	0	0	0	0	0	0	0	0	0	0	0	0	0	0	0	0	0	0	0	1	0	0	0	0	0	0	0	0	0	0	0	0	0	0	0	0	0	0	0	0	0	0	0	0	0	0	0	0	0	0	0	0	0	0	0	0	0	0	0	0	0	0	0	0	0	0	0	0	0	0	0	0	0	0	0	0	0	0	0	0	0	0	0	0	0	9	0	0	0	0	0	0	0	0	0	0	0	0	0	0	0	0	0	0	0	0	0	0	0	0	0	0	0	0	0	0	0	0	0	0	0	0	0	0	0	0	0	0	0	0	0	0	0	0	0	0	0	0	0	0	0	0	0	0	0	0	0	0	0	0	0	0	2	0	0	0	0	0	0
OTU_1443	6	0	0	122	56	1	0	0	4	2	1	1125	0	0	0	1	12	6	0	1	0	5	3	0	1	2	1	0	0	232	5	4	0	0	53	79	4	2	0	0	3	1	5	1	1	14	0	0	2	2	7	8	4	0	16	2	0	1	0	0	0	5	0	7	554	1	13	12	0	1	3	0	0	1	0	0	1	0	0	6	0	0	76	0	0	6	2	6	23	0	0	0	0	1	0	0	0	9	7	0	3	0	9	0	0	0	0	0	0	0	0	0	0	0	0	1	0	0	0	0	8	0	0	0	0	0	0	0	0	0	1	0	0	0	0	0	0	0	1	0	0	3	0	1	0	0	0	0	0	0	0	0	0	1	0	7	1	0	2	0	0	0	0	0	0	0	0	2	2	0	0	0	1	0	0	0	0	0	0	0	1	0	0	0	0	0	1	0	8
OTU_1444	0	0	0	0	0	0	0	0	0	0	0	0	0	0	0	0	0	0	0	0	0	0	0	0	0	0	0	0	0	0	0	0	0	0	0	0	0	0	0	2	0	0	0	0	0	0	0	2	0	0	0	0	0	0	0	0	0	0	0	0	0	0	0	0	1	0	0	0	0	0	1	0	0	0	0	0	0	2	0	0	0	0	0	0	0	0	0	0	0	0	0	0	0	0	0	0	0	0	1	0	0	0	0	2	0	0	0	0	0	0	1	0	0	0	0	0	1	0	0	0	0	0	0	0	2	0	0	0	2	0	1	0	0	4	0	0	0	1	0	0	1	0	0	0	0	0	0	1	0	0	0	0	0	0	0	3	16	0	0	0	0	0	0	0	0	2	0	0	0	0	0	188	0	0	0	0	0	1	2	0	0	0	0	4	0	0	0	0	0
OTU_1445	0	0	0	0	0	0	0	0	0	0	0	0	0	0	0	0	0	0	0	0	0	0	0	1	0	0	0	0	0	0	0	0	0	0	0	0	0	5	0	0	0	0	0	0	0	0	0	0	0	0	0	0	0	0	0	0	0	0	0	0	0	0	0	0	0	0	0	0	0	0	0	0	0	0	0	0	0	0	0	0	0	0	0	0	0	0	0	0	0	0	0	0	0	0	0	0	0	0	0	0	0	0	0	0	0	0	0	0	0	0	0	0	12	0	0	0	19	0	0	0	0	9	0	0	0	0	1	0	1	0	0	0	0	0	0	0	0	0	0	0	0	0	5	1	0	4	1	0	8	0	0	0	0	0	0	0	0	0	0	0	0	0	0	0	0	0	0	0	0	0	2	0	24	0	0	0	1	0	0	0	0	30	6	0	0	0	0	0	0
OTU_1446	6	6	19	7	2	5	4	2	15	1	0	6	0	0	2	0	2	1	0	1	0	2	12	1	1	0	0	0	0	1	0	0	2	3	0	0	5	1	0	1	1	0	2	0	4	0	0	7	0	1	0	3	4	0	0	0	0	0	6	0	0	0	2	1	2	3	1	3	1	2	1	2	2	0	0	7	0	0	0	0	0	0	1	0	5	5	2	1	6	1	0	3	2	1	0	0	0	2	8	2	0	0	0	2	4	1	0	3	14	4	1	12	2	4	1	14	2	6	5	4	2	4	3	2	16	5	3	11	7	8	0	0	2	2	10	0	4	14	2	3	1	3	1	0	0	16	2	6	0	3	1	2	4	4	0	2	15	7	2	0	1	7	1	2	18	1	1	1	5	1	3	8	3	12	2	7	6	4	3	1	4	1	2	0	7	1	5	4	0
OTU_1447	0	0	0	0	0	0	0	0	0	0	0	0	0	0	0	0	0	0	0	2	0	0	0	0	0	0	0	0	0	0	1	0	0	2	18	21	0	0	0	0	0	1	0	0	0	0	0	0	0	0	0	0	1	0	0	0	0	0	0	0	0	0	0	0	1	0	0	0	0	0	0	0	0	0	0	0	0	0	0	0	0	0	0	0	0	0	1	0	0	0	0	0	0	0	0	0	0	0	0	0	0	0	0	1	0	0	0	0	1	0	1	0	0	0	0	0	0	0	0	0	0	0	0	0	0	0	0	0	0	0	0	0	0	1	0	0	0	0	0	0	0	0	0	0	0	0	0	0	0	0	0	0	0	0	0	0	1	0	0	0	0	0	0	0	0	0	0	0	0	0	0	0	0	1	0	0	0	0	0	0	0	0	0	0	0	0	0	0	0
OTU_1448	5	0	1	9	10	1	2	14	14	0	28	3	1	1	1	19	13	3	3	25	6	3	4	9	6	3	4	8	6	22	12	33	0	0	10	9	6	1	21	4	12	0	6	26	6	20	21	1	15	6	13	3	10	2	23	3	1	5	0	1	10	6	11	15	22	5	5	32	10	3	0	10	0	22	0	4	0	1	7	0	4	1	4	15	5	9	4	4	6	3	6	1	12	22	10	11	10	1	53	1	1	5	33	1	0	0	0	6	0	0	0	3	0	0	0	0	0	0	0	0	0	0	0	0	0	0	0	6	1	0	0	0	0	1	0	0	1	1	2	1	1	28	0	0	0	0	0	0	0	0	0	0	0	0	0	3	0	0	0	0	0	0	0	0	0	1	0	3	0	0	0	0	0	0	2	0	0	0	0	0	1	0	0	1	0	0	0	0	2
OTU_1449	0	6	0	6	0	0	0	0	0	0	0	0	0	0	0	0	0	0	0	0	8	0	0	25	28	0	0	0	0	0	0	0	0	0	0	0	0	0	0	0	0	0	0	0	0	0	0	0	0	30	0	0	0	0	0	1	0	0	0	0	0	2	0	1	0	0	0	0	0	0	0	0	0	0	0	0	0	0	0	0	0	0	0	0	0	0	0	0	2	15	0	0	132	0	0	2	0	0	0	0	0	0	0	0	0	0	0	0	0	0	0	0	0	0	0	0	0	0	0	0	1	0	0	0	0	0	0	0	0	0	0	0	0	0	0	0	0	0	1	0	0	0	0	0	0	0	0	0	0	0	0	0	0	1	0	0	1	0	0	0	4	0	0	0	0	0	0	1	0	0	0	0	0	0	0	0	0	0	37	0	0	0	0	0	0	0	0	0	0
OTU_1450	11	43	0	0	0	0	18	0	1	69	0	1	0	0	0	1	0	1	0	1	10	5	0	1	1	2	0	0	0	8	2	0	0	2	1	2	1	8	0	1	0	0	1	0	0	3	6	0	0	0	1	0	0	0	1	3	1	0	11	0	0	0	1	1	0	0	1	0	1	1	1	1	1	1	0	0	0	0	0	0	0	0	2	1	0	0	0	0	3	1	0	0	0	0	0	14	0	0	0	5	2	0	0	0	0	0	0	1	0	0	2	0	0	0	3	8	0	0	0	6	0	0	0	0	8	0	0	0	0	0	2	0	1	0	2	0	0	0	45	0	0	9	0	0	0	475	2	0	0	0	0	27	1	1	0	0	5	0	0	0	1	0	0	0	1	28	0	0	1	0	1	8	0	0	0	89	0	0	8	0	0	1	10	0	1	0	4	1	0
OTU_1451	5	1	0	16	3	0	2	3	6	4	1	11	0	1	2	2	4	8	2	3	3	0	2	1	0	8	0	0	2	9	9	0	0	6	1	0	3	2	6	3	3	0	3	12	9	11	3	7	1	5	0	1	4	0	0	5	0	5	1	3	3	8	4	2	31	20	0	17	10	5	1	4	0	1	0	0	3	0	1	0	4	1	29	1	1	2	0	6	8	3	4	2	1	4	1	2	0	1	7	0	13	0	1	2	0	1	0	1	0	0	0	1	0	0	0	7	0	1	0	1	8	0	0	0	0	3	1	5	0	0	3	0	0	4	0	0	1	0	1	1	16	6	0	2	1	1	0	0	0	2	0	2	0	0	0	25	72	0	1	0	0	0	0	2	0	0	0	60	0	0	0	0	1	0	17	0	2	0	0	0	1	0	0	1	3	1	1	0	2
OTU_1452	0	0	2	1	0	4	4	2	0	0	20	0	1	1	1	2	0	4	0	1	1	2	42	1	2	0	2	0	1	0	0	0	24	1	2	4	2	0	2	0	13	3	0	0	0	39	3	1	0	2	1	1	0	0	0	42	2	0	61	1	0	2	0	54	3	0	8	1	2	3	2	0	0	1	0	0	0	0	0	0	0	0	2	0	0	6	1	13	1	2	5	3	4	1	4	0	0	0	5	2	4	1	0	11	19	0	0	1	263	24	0	107	2	10	2	96	0	0	8	0	54	0	0	0	0	0	10	6	2	0	2	0	0	3	1	0	6	0	13	0	16	12	113	2	1	0	0	2	1	1	0	4	53	3	0	265	4	0	8	0	0	0	0	1	73	71	17	8	0	1	31	1	0	5	1	0	0	0	1	0	0	2	2	1	45	1	1	2	34
OTU_1453	3	1	5	0	4	4	0	6	4	0	0	2	0	1	1	7	2	10	0	11	7	0	0	1	1	0	0	0	1	1	0	6	1	0	3	0	2	0	3	0	2	9	0	0	0	0	0	1	0	1	2	0	1	2	1	0	0	1	0	0	1	3	4	4	6	0	0	1	2	0	0	1	3	0	3	0	2	0	0	5	7	0	14	0	0	1	0	3	1	1	0	1	3	5	5	1	0	2	2	0	0	2	0	0	0	0	0	0	0	1	0	2	0	0	0	2	0	0	0	0	38	1	0	0	0	2	0	9	0	0	0	0	0	0	0	0	0	0	3	4	1	6	0	0	1	1	0	0	1	0	0	2	0	0	0	2	2	0	1	0	0	0	0	0	0	2	0	2	14	1	0	0	0	3	0	0	0	0	0	0	0	0	0	0	11	0	0	0	5
OTU_1454	0	0	0	0	1	0	0	0	0	0	0	0	0	0	0	0	0	0	0	0	0	0	0	0	0	0	0	0	0	0	1	0	0	0	1	0	0	0	0	0	0	0	0	0	0	0	0	0	0	0	0	0	0	0	0	0	0	0	0	0	0	0	0	0	0	0	0	0	0	0	0	1	0	0	0	0	0	0	0	0	0	0	0	0	0	0	0	0	0	0	0	0	0	0	0	0	0	0	0	0	0	1	0	0	0	0	0	0	0	0	0	0	0	0	0	0	0	0	0	0	0	0	0	0	0	0	0	0	0	0	0	0	0	0	0	0	0	0	0	0	0	0	0	0	0	0	0	0	0	0	0	0	0	0	0	0	0	0	0	0	0	0	0	0	0	0	0	0	0	0	0	0	0	0	0	0	0	0	0	0	0	0	0	0	0	0	0	0	0
OTU_1456	0	1	2	3	0	1	0	2	1	0	0	0	0	4	0	0	1	0	0	0	2	0	1	0	0	0	3	0	1	0	0	0	0	0	0	0	0	0	0	0	0	0	5	0	0	0	1	0	0	0	1	0	0	0	0	1	0	0	0	0	1	0	0	0	0	0	3	1	0	0	5	0	0	0	0	0	0	1	1	0	0	1	0	0	0	1	0	2	2	0	1	1	0	0	1	0	0	0	0	0	0	1	1	0	3	2	0	0	0	0	5	0	3	1	1	1	0	4	0	1	0	0	0	0	0	0	5	0	0	0	0	0	0	0	0	1	2	1	3	1	0	0	0	0	0	0	0	0	2	0	2	0	0	0	0	1	0	0	2	2	1	0	0	0	0	0	0	0	0	0	1	0	0	0	0	0	0	0	2	1	1	1	0	0	0	0	0	0	1
OTU_1457	0	0	0	0	0	0	0	0	0	0	0	0	0	0	0	0	0	0	0	0	0	0	0	0	0	0	0	0	0	0	0	0	0	0	0	0	0	0	0	0	0	0	0	0	0	0	0	0	0	0	0	0	0	0	0	0	0	0	0	0	0	0	0	0	0	0	0	0	0	0	0	0	0	0	0	0	0	0	0	0	0	0	0	0	0	0	0	0	0	0	0	0	0	0	0	0	0	0	0	0	0	0	0	0	0	0	0	0	0	0	0	0	0	0	0	0	0	0	4	0	0	0	0	0	0	0	0	0	0	0	1	0	0	0	1	0	0	0	0	0	1	0	0	0	0	0	0	0	0	0	0	0	0	0	0	0	0	0	0	0	0	0	0	0	0	0	0	0	0	0	0	0	0	0	0	0	0	0	0	0	0	0	0	0	0	0	0	0	0
OTU_1458	0	0	0	0	0	0	0	0	0	0	0	0	0	0	0	0	0	0	0	0	0	0	0	0	0	0	0	0	0	0	0	0	0	0	0	0	0	0	0	0	0	0	1	0	0	0	0	0	0	0	0	0	0	0	0	0	0	3	0	0	0	0	0	0	0	0	0	0	0	0	0	0	0	0	0	0	0	0	0	0	0	0	0	0	0	0	0	0	0	0	0	0	0	0	0	0	0	0	0	0	0	0	0	0	0	0	0	0	0	19	0	0	0	0	0	0	0	0	1	0	0	0	0	0	1	0	0	0	0	2	0	0	0	0	0	0	0	5	0	0	2	0	0	0	0	0	0	0	0	0	0	0	0	0	0	0	0	0	0	0	0	1	0	0	0	0	0	0	0	0	0	0	0	98	0	0	0	0	0	0	0	0	0	0	0	0	0	2	0
OTU_1459	0	0	0	0	0	0	6	0	0	0	0	0	0	0	0	0	0	0	0	0	1	0	0	0	0	0	0	0	0	0	0	0	0	0	1	0	0	0	0	0	0	0	0	0	0	0	1	0	0	0	0	1	0	0	0	0	0	0	1	0	0	0	0	0	0	0	0	0	0	0	0	0	0	0	0	0	0	0	0	0	0	0	0	0	0	0	0	2	0	0	0	0	1	0	0	0	0	0	7	1	0	0	0	0	0	0	0	0	0	0	0	0	0	0	1	0	0	0	0	0	0	0	0	2	1	0	0	0	0	0	0	0	8	0	3	0	0	0	0	0	3	0	0	0	0	0	0	1	0	0	0	0	0	0	0	2	1	4	0	0	1	1	0	0	0	0	0	0	0	0	0	10	0	1	17	0	0	0	3	0	1	0	43	0	0	0	0	0	0
OTU_1460	10	4	0	3	0	0	40	0	10	11	0	1	0	0	7	1	6	4	0	0	65	48	7	7	0	0	2	0	2	4	306	1	0	0	0	2	0	3	0	0	0	0	1	30	35	2	43	0	0	1	0	17	0	336	1	0	0	2	11	0	7	0	0	12	3	0	2	0	0	2	0	0	44	0	0	0	0	0	1	0	0	0	0	0	195	1	0	1	1	0	8	9	2	2	0	8	1	0	46	0	75	0	14	3	0	1	0	27	0	0	2	0	0	0	0	3	5	25	6	0	3	0	0	1	28	0	3	0	2	0	0	0	32	1	21	0	0	4	4	1	22	84	0	329	0	13	0	4	0	1	13	0	6	0	0	6	7	8	0	0	2	0	12	0	5	56	0	1	0	51	0	2	1	27	0	1	2	2	3	0	3	0	21	0	11	12	0	1	4
OTU_1461	0	0	0	0	2	0	0	2	0	0	3	0	0	1	0	0	0	0	0	0	0	2	0	0	0	0	0	0	0	0	3	0	0	0	1	1	0	0	0	0	0	0	0	0	0	1	0	0	0	0	0	0	1	0	1	0	0	0	0	0	0	0	0	0	0	0	0	1	0	0	0	0	0	0	4	1	0	0	0	0	0	0	1	0	0	0	0	0	0	1	0	0	1	0	0	0	0	0	0	0	0	0	0	0	0	0	0	0	1	0	0	0	0	1	0	0	0	1	1	1	0	0	0	0	0	0	1	1	0	0	0	0	0	0	0	0	11	0	1	0	0	0	0	0	0	1	16	1	0	1	0	0	0	0	4	0	0	0	0	0	0	1	0	0	0	2	0	0	0	1	0	0	0	0	1	0	0	0	0	2	9	0	0	0	1	0	3	0	1
OTU_1462	0	0	0	0	1	1	0	0	0	0	0	0	0	0	0	0	0	0	0	0	0	0	0	0	0	0	0	0	0	0	0	0	0	1	0	0	0	0	0	0	1	1	0	0	0	0	0	1	0	0	0	0	1	0	0	0	1	0	0	0	0	0	1	0	0	0	0	0	0	0	0	0	0	0	0	0	0	0	0	0	0	0	0	0	0	0	0	0	0	0	0	0	0	0	2	0	0	0	0	0	0	0	0	0	13	20	8	0	0	0	1	0	24	6	21	0	0	4	3	1	0	0	4	0	0	1	0	0	9	0	1	0	0	0	0	1	3	3	0	0	0	0	1	0	216	0	0	0	0	0	28	12	0	0	0	0	0	0	1	0	0	0	20	4	8	1	0	1	0	0	0	0	6	8	0	1	0	1	0	2	6	4	0	214	0	4	0	0	0
OTU_1463	0	0	0	0	0	0	0	0	0	0	0	0	0	0	0	0	0	0	0	0	0	4	0	0	0	0	0	0	0	0	0	0	0	0	0	0	0	1	0	0	0	0	0	0	0	0	0	0	0	0	0	0	0	0	0	0	0	0	0	0	0	0	0	0	0	0	0	0	0	0	0	0	0	0	0	0	0	0	0	0	0	0	1	0	0	0	0	0	0	0	0	0	1	0	0	0	0	0	0	0	0	0	0	0	0	0	0	1	0	0	0	0	0	0	0	0	0	0	0	0	0	0	0	3	23	0	129	0	0	0	0	0	0	0	0	0	2	0	0	0	0	0	13	0	0	0	0	0	1	3	72	0	0	0	0	0	0	0	0	0	0	0	0	0	0	0	0	0	0	0	0	0	0	0	0	0	0	14	0	0	0	0	21	0	3	0	0	0	0
OTU_1464	13	0	20	10	47	0	7	9	20	1	9	4	3	6	12	14	2	21	6	32	14	8	9	8	13	0	2	2	4	2	27	8	5	4	6	16	3	4	5	5	2	4	18	15	10	26	4	8	3	2	3	18	5	4	2	8	2	12	13	2	9	7	5	38	114	23	12	16	10	5	7	9	14	4	4	6	1	3	1	4	0	0	23	0	2	21	1	31	11	12	12	2	18	7	0	2	1	4	14	3	34	17	1	4	0	1	0	11	4	0	1	6	1	0	0	7	0	0	2	0	22	0	0	0	2	6	0	30	0	2	9	0	0	9	6	0	0	1	9	4	10	35	1	14	2	4	0	2	0	0	0	0	2	5	0	18	46	2	6	0	0	0	0	0	1	1	0	31	9	4	1	8	4	2	10	0	0	0	0	1	16	1	0	0	25	5	7	0	41
OTU_1465	0	0	0	0	0	0	0	0	0	0	0	0	0	0	0	0	0	0	0	0	0	0	0	0	0	0	0	0	0	0	0	0	0	0	0	0	0	0	0	0	0	0	0	0	0	0	0	0	0	0	0	0	0	0	0	0	0	0	0	0	0	0	0	0	0	0	0	0	0	0	0	0	0	0	0	0	0	0	0	0	0	0	0	0	0	0	0	0	0	0	0	0	0	0	0	0	0	0	0	0	0	0	0	0	0	0	0	0	0	0	0	0	0	0	0	0	0	0	0	0	0	0	0	0	0	0	0	0	0	0	0	0	0	0	0	0	0	0	0	0	0	0	0	0	0	0	0	0	0	0	0	0	0	0	0	0	0	0	0	0	0	0	0	0	0	0	0	0	0	0	0	0	0	4	0	0	0	0	0	0	0	0	0	0	0	0	0	0	0
OTU_1466	0	0	0	0	0	0	0	0	0	0	0	0	0	0	0	0	0	0	0	0	0	0	0	0	0	0	0	0	0	0	0	8	0	0	0	0	0	0	0	0	11	0	0	20	0	0	0	0	0	0	0	3	0	1	0	0	0	0	0	0	0	0	0	0	0	0	0	0	0	0	0	0	0	0	0	0	1	0	0	0	0	0	0	0	0	0	0	0	0	0	0	0	0	0	0	0	0	0	0	0	0	0	0	0	0	0	0	0	0	0	0	0	0	0	0	0	0	0	0	0	0	0	0	0	0	0	0	0	0	0	0	0	0	0	0	0	0	0	0	0	0	0	0	0	0	0	0	0	0	0	0	0	0	0	0	0	0	0	0	0	0	0	0	0	0	0	0	0	0	0	0	0	0	0	0	0	0	0	0	0	0	0	0	0	0	0	0	0	0
OTU_1467	9	7	0	12	43	1	39	0	1	0	0	0	0	0	3	23	1	1	0	13	19	34	2	11	0	1	0	8	3	12	19	0	4	2	20	14	2	6	1	0	7	0	5	50	36	4	0	0	4	7	0	12	0	1	9	6	0	2	3	1	0	0	0	0	12	0	0	1	7	0	0	0	6	0	0	23	1	0	2	0	0	17	3	0	18	1	0	1	1	0	0	0	17	25	1	11	6	0	13	3	5	6	3	10	2	1	0	3	0	0	3	1	0	0	0	6	2	0	5	3	1	0	1	1	3	4	0	2	3	0	0	0	3	2	4	0	1	2	1	0	2	8	0	18	1	4	1	1	0	0	2	0	7	0	0	4	1	6	0	0	2	0	0	0	1	14	1	2	0	34	6	2	2	10	22	2	0	1	0	0	1	2	9	0	8	1	0	1	54
OTU_1468	0	1	0	0	0	1	5	7	3	0	0	0	1	0	0	1	0	2	0	0	0	0	0	0	0	0	0	0	0	1	1	1	0	1	0	0	0	0	0	32	0	2	0	0	0	0	0	1	0	0	0	0	1	0	0	0	2	0	0	0	0	1	0	0	3	0	1	0	0	2	0	4	0	2	0	0	0	0	0	0	1	2	0	0	0	0	0	2	1	0	0	0	6	1	25	0	0	1	0	0	3	1	0	3	0	0	0	0	0	0	0	7	0	0	0	0	0	0	0	0	1	2	0	0	0	1	0	2	0	0	0	0	0	0	0	0	0	0	1	0	0	0	0	3	0	0	0	0	0	0	0	0	0	0	0	0	0	0	3	1	0	0	0	0	0	0	0	1	1	0	1	0	0	0	1	0	0	0	0	0	0	0	1	0	0	0	0	0	57
OTU_1469	0	8	0	0	0	0	0	0	0	0	0	0	0	0	0	0	0	0	0	0	0	0	0	0	0	0	0	0	0	0	0	0	0	0	0	0	0	0	0	0	0	0	0	0	0	0	0	0	0	0	0	0	0	0	0	0	0	0	0	0	0	0	0	0	0	0	0	0	0	0	0	0	0	0	0	0	0	0	0	0	0	0	0	0	0	0	0	0	0	0	0	0	0	0	0	0	0	0	0	0	0	0	0	0	0	0	0	0	0	0	0	0	0	0	0	0	0	0	0	0	0	0	0	0	112	0	0	0	0	0	0	0	0	0	0	0	0	1	0	0	0	0	0	0	0	2	0	0	0	0	0	0	0	0	0	0	0	0	0	0	0	0	0	0	0	0	0	0	0	0	0	0	0	0	0	3	0	7	0	0	0	0	0	0	0	0	0	0	0
OTU_1471	856	554	2313	1555	956	69	979	69	2954	62	8	257	230	108	262	54	132	307	68	229	168	103	852	92	50	43	117	25	136	56	321	14	887	744	126	67	1343	182	12	12	12	83	496	64	456	129	91	2846	185	96	18	96	28	16	54	27	345	32	861	9	11	63	729	255	741	23	133	35	407	16	173	11	443	52	33	602	10	5	39	355	8	362	204	16	909	964	76	451	539	578	30	778	766	86	20	238	94	414	1439	208	35	36	95	473	462	430	14	453	2770	43	213	2716	333	1652	360	2371	555	988	1512	567	288	267	908	610	2511	899	446	5925	2167	901	67	39	611	463	2848	100	1514	2315	891	797	259	1269	205	226	54	1196	284	844	274	331	106	564	266	1650	165	812	1824	1562	49	3	309	1456	428	268	1933	238	174	314	257	177	1081	1003	438	3610	449	1313	395	582	179	292	509	120	442	56	1188	512	334	955	101
OTU_1472	0	0	0	0	0	0	0	0	0	0	0	0	0	0	21	0	0	0	0	3	0	0	0	0	0	0	0	2	1	3	0	0	0	0	0	0	0	0	0	0	0	0	2	0	0	0	0	0	0	0	0	0	0	0	0	0	0	0	37	0	1	0	1	0	0	0	4	1	0	0	0	0	0	0	0	0	0	0	0	1	0	0	0	0	0	0	0	0	1	0	0	0	5	0	0	20	0	0	0	1	1	0	0	3	0	0	0	0	0	0	0	0	0	0	0	2	19	8	0	0	0	0	0	17	25	0	1	0	0	0	0	0	5	0	0	0	0	1	0	0	0	0	0	4	0	6	1	26	0	6	1	3	0	0	0	0	0	0	0	0	0	0	0	0	1	0	0	1	0	1	0	0	0	0	0	12	0	0	34	1	0	0	1	1	2	0	0	0	0
OTU_1473	0	0	0	0	1	0	0	0	2	1	0	0	0	2	3	3	2	5	0	3	1	0	4	0	0	0	0	0	0	0	5	0	0	0	0	2	0	1	1	0	1	0	1	0	0	1	0	1	0	0	0	2	0	0	1	1	0	1	0	0	1	1	3	1	2	1	0	0	0	3	5	6	0	1	0	0	1	0	0	0	2	0	0	0	0	1	0	0	0	0	1	0	0	0	0	0	0	0	1	0	0	0	0	5	0	0	1	7	0	0	0	32	0	1	0	6	0	0	5	0	9	0	1	1	1	3	0	3	0	2	40	16	0	4	5	2	0	1	12	4	3	10	0	3	1	0	2	1	0	1	1	0	0	0	0	14	1	2	9	0	0	16	0	0	0	0	0	143	1	0	1	5	5	1	7	0	0	0	0	1	33	0	0	3	30	14	11	0	17
OTU_1474	0	0	0	0	0	0	0	0	0	0	0	0	0	0	0	0	0	0	2	0	0	0	0	0	1	0	0	1	0	0	0	1	0	0	7	6	0	0	0	0	0	0	0	3	0	1	0	0	0	0	0	1	0	0	0	0	0	0	0	0	0	0	0	0	2	0	0	0	0	0	0	0	0	0	0	0	0	0	0	0	0	0	0	0	0	0	1	0	0	3	2	0	0	0	0	0	0	0	0	0	0	0	0	0	0	0	0	0	0	0	0	0	0	0	0	0	0	0	0	0	0	0	1	0	0	0	0	0	0	0	0	0	0	0	0	0	0	0	0	0	0	0	0	0	0	4	1	0	0	0	0	0	0	0	0	0	0	0	0	0	0	0	0	0	0	0	0	0	0	0	0	0	0	0	0	0	0	0	0	0	0	0	0	0	0	0	0	0	0
OTU_1475	628	900	39	1536	298	326	337	2806	924	293	289	79	216	328	93	288	103	43	2719	78	529	16	243	722	1505	707	2309	32	191	917	227	604	3733	234	329	54	303	2008	81	1529	1259	737	1258	428	2016	861	51	273	111	1404	110	214	1170	502	99	3338	1654	4436	32	88	16	36	49	50	243	1245	109	500	1331	125	408	45	178	85	28	97	3112	328	50	38	17	175	948	22	637	69	43	1187	1201	525	1136	1535	779	286	1908	71	129	25	257	390	140	202	677	64	93	2155	147	23	379	6	666	173	637	1572	595	442	88	993	136	79	570	145	298	425	198	42	60	274	306	3526	592	107	30	1922	179	96	113	264	416	616	63	550	620	165	5199	116	1495	327	15	98	199	1788	100	1054	59	81	1134	157	1763	35	75	23	519	1381	334	29	614	3453	436	17	270	242	121	1227	58	103	60	230	626	512	469	30	40	3121	111	638	196	373	29
OTU_1476	1	0	0	0	0	0	0	0	1	0	0	0	0	0	0	0	0	0	0	0	0	0	0	0	0	0	0	0	0	0	0	0	0	0	0	0	0	0	0	0	0	0	0	0	0	0	0	0	0	0	1	0	0	0	0	0	0	0	0	0	0	0	0	0	0	0	0	0	0	0	0	0	0	0	0	0	0	0	0	0	0	0	0	0	0	0	0	0	0	0	0	0	0	0	0	0	0	0	1	0	0	0	0	0	0	0	0	0	0	0	0	0	0	0	0	0	0	0	0	0	0	0	0	0	0	0	0	0	0	0	0	0	0	0	0	0	0	0	0	0	0	0	0	0	0	0	0	0	0	0	0	0	0	0	0	0	0	0	0	0	0	0	0	0	0	1	0	0	0	0	0	0	0	0	0	0	0	0	0	0	0	0	0	0	0	0	0	0	0
OTU_1477	4	0	3	0	8	0	84	0	46	1	2	4	0	0	18	0	0	53	2	120	86	1	3	14	3	0	56	0	13	32	5	1	66	43	3	4	1	25	517	0	1	7	21	57	1	3	14	0	8	19	1	40	0	1	4	1	1	1	76	3	77	1	140	58	4	2	15	6	83	2	1	3	10	4	6	0	1	1	16	1	1	14	2	2	3	6	1	263	52	6	1	2	75	153	2	28	3	0	39	6	63	6	7	15	1	0	0	48	1	2	23	39	7	0	6	6	0	6	7	10	8	6	3	3	12	119	4	6	0	67	1	3	1	3	12	3	23	11	125	3	46	460	0	526	0	26	10	13	0	5	5	20	68	7	0	3	11	20	39	1	4	10	3	1	17	44	1	13	0	50	8	0	11	11	63	2	1	6	5	2	8	2	3	0	22	3	48	7	167
OTU_1478	0	0	1	0	0	0	0	0	3	0	0	0	0	0	11	2	0	0	0	0	0	0	0	0	1	0	0	0	0	0	0	2	0	0	78	37	0	9	0	0	0	0	3	0	0	1	0	1	0	0	0	13	0	0	0	0	0	0	0	0	0	0	2	1	0	0	1	6	0	0	0	0	1	1	0	0	0	0	0	1	0	0	0	0	197	0	0	0	0	0	0	0	5	0	0	0	0	0	0	0	0	0	0	68	13	0	0	0	0	0	0	0	0	1	0	34	0	0	5	0	0	0	0	0	140	0	1	2	0	0	2	0	0	5	0	2	0	0	20	3	9	2	0	1	1	5	0	0	1	2	1	0	0	0	0	0	1	2	0	0	7	3	0	0	0	0	0	0	0	9	0	0	19	10	0	0	0	18	2	0	0	0	2	0	51	0	0	0	0
OTU_1479	0	0	0	0	0	0	0	0	0	0	0	1	0	0	0	0	0	0	0	0	0	0	0	0	0	0	0	0	0	0	0	0	0	0	0	0	0	0	0	0	0	0	0	0	0	0	0	0	0	0	0	0	0	0	0	0	0	0	0	0	0	0	0	0	0	0	0	0	0	0	0	0	0	0	0	0	0	0	0	0	0	0	0	0	0	0	0	0	0	0	0	0	0	0	0	0	0	0	0	0	0	0	0	1	0	0	0	0	0	0	0	0	0	0	0	0	0	0	0	0	0	0	0	0	0	0	0	0	0	0	0	0	0	1	0	0	0	0	0	5	0	0	0	0	0	0	0	0	0	0	0	0	0	0	0	0	0	0	0	0	0	0	1	0	0	0	0	0	0	0	0	0	0	0	0	0	0	0	0	0	0	0	0	0	0	1	1	0	0
OTU_1480	0	0	0	1	0	0	0	1	0	0	0	0	0	0	0	0	0	0	0	0	0	0	0	0	0	0	0	0	0	0	0	0	0	0	0	1	0	0	0	1	0	0	1	0	0	0	0	41	0	0	0	0	0	0	0	0	0	0	0	0	0	0	0	0	0	0	0	0	0	0	0	0	0	0	0	0	0	0	0	0	0	0	0	0	0	0	0	0	0	0	0	0	0	0	0	0	0	0	0	0	0	0	0	0	0	0	0	0	0	0	0	0	0	0	0	0	0	0	95	0	0	0	0	0	0	0	0	0	0	0	0	0	0	0	0	0	0	0	0	0	0	0	0	0	0	0	0	0	0	0	0	0	0	0	0	0	0	648	0	0	0	0	0	74	0	0	0	0	0	0	0	0	0	0	0	0	0	0	0	0	0	0	0	0	0	0	0	10	0
OTU_1481	431	2	0	0	1	5	0	9	8	2	0	7	0	0	0	0	0	2	0	0	0	5	0	0	0	0	0	0	0	0	2	0	5	0	0	0	1	0	0	0	0	2	0	5	0	12	0	0	0	0	3	10	1	0	0	0	0	1	0	1	3	14	0	2	0	1	7	0	0	0	2	0	0	0	0	0	4	19	0	0	7	0	6	0	2	0	2	0	0	0	0	2	1	0	3	1	0	0	0	1	1	12	0	0	0	0	0	0	3	0	0	5	0	0	0	0	0	0	0	0	0	0	0	0	0	0	0	0	0	0	0	0	0	0	1	0	0	0	0	0	0	1	1	0	0	18	0	0	0	1	1	0	0	0	0	0	0	0	0	0	0	5	0	0	0	1	0	0	0	0	0	0	0	0	0	1	0	0	0	0	0	0	0	0	0	0	0	0	3
OTU_1482	6	6	10	7	0	2	0	11	2	1	0	1	1	3	1	3	0	0	3	1	4	0	8	3	14	1	1	0	0	1	2	5	6	1	1	1	0	14	3	1	5	1	2	6	1	3	1	1	0	7	0	3	3	3	0	3	2	4	6	0	0	2	0	0	1	13	0	0	2	0	0	1	11	3	1	0	0	2	1	0	0	0	1	2	2	0	6	4	1	7	6	1	6	3	1	0	0	0	2	0	0	0	5	0	0	6	1	0	2	0	5	1	16	5	14	3	4	21	0	2	10	3	3	4	1	0	1	1	2	7	7	1	0	11	2	1	1	1	0	2	0	6	3	2	10	0	5	0	0	0	0	14	3	15	1	0	2	8	2	9	1	0	1	19	1	0	15	1	58	1	0	1	3	3	0	0	0	1	19	6	3	2	1	4	3	2	1	2	1
OTU_1483	0	0	0	7	15	91	0	0	0	0	60	0	0	20	3	1	3	1	3	0	35	0	0	0	21	3	4	1	0	6	0	3	26	3	0	1	5	1	0	14	0	15	24	0	9	1	0	3	14	0	2	0	0	0	1	4	1	3	0	0	2	0	1	2	3	0	0	0	0	2	0	0	0	9	0	2	19	7	0	0	0	0	0	0	2	1	1	4	0	3	44	1	0	0	10	0	0	0	0	0	55	4	1	0	0	1	0	3	0	15	1	1	1	1	0	0	0	0	2	1	0	0	0	0	1	0	1	0	0	3	3	0	0	0	2	0	0	0	0	0	0	0	11	1	14	11	4	0	0	1	0	0	0	1	0	0	1	0	0	0	0	0	0	0	0	1	0	1	0	1	0	1	1	3	0	1	0	0	0	0	1	0	0	20	2	0	1	0	0
OTU_1484	0	184	0	21	7	3	1	3	4	4	0	0	0	9112	8	1	201	3	16	1	0	1	174	2	0	4	4	5	74	0	2	21	12	2	419	595	1	1	1	0	0	1	38	1	0	1	0	377	0	0	0	7	0	1	1005	1	1	3	0	1	1	63	32	0	0	3	1	0	0	196	34	29	0	0	1	0	2	0	0	0	16	1	93	1	0	1	16	244	111	5	2	2	4	0	0	0	0	3	1	0	1	1	511	0	0	3	0	1	0	0	0	4	0	0	0	1	0	0	0	0	0	0	0	0	846	0	0	0	0	0	12	0	0	86	0	0	0	5	0	4	4	6	0	2	0	0	0	0	1	0	0	0	0	0	0	1	1	0	3	0	0	0	0	0	1	0	0	4	0	0	1	3	0	3	0	0	0	114	0	0	0	7	0	0	0	3	0	0	0
OTU_1485	0	0	0	0	0	0	0	0	0	0	0	0	0	0	0	0	0	1	0	0	0	0	1	0	0	0	0	0	0	0	0	0	0	0	0	0	0	0	0	0	0	0	0	0	0	1	0	0	0	0	0	0	0	0	1	0	0	0	0	0	0	0	0	0	0	0	1	0	0	0	0	0	0	0	0	0	0	0	0	0	1	0	0	0	0	0	0	0	0	0	0	0	1	0	0	0	0	0	0	0	0	0	0	0	0	0	0	0	0	0	0	0	0	0	0	0	0	0	0	0	0	0	0	0	0	0	0	0	0	0	1	0	0	1	0	0	0	0	0	0	0	3	0	1	0	0	0	0	0	0	0	0	0	0	0	0	0	0	0	0	0	0	0	0	0	0	0	1	3	0	0	0	0	0	0	0	0	0	0	0	0	0	0	0	0	1	0	0	1
OTU_1486	0	0	0	0	0	0	0	0	1	0	0	0	0	0	0	0	0	0	0	3	1	0	1	0	0	0	0	0	0	0	0	0	0	0	0	0	0	0	0	0	0	0	0	0	0	2	0	0	0	0	0	1	0	0	1	1	0	0	0	0	0	1	1	0	0	0	0	0	0	0	0	0	0	0	0	0	0	1	0	0	0	0	0	0	1	1	0	0	1	0	0	0	0	0	0	0	1	0	2	0	0	0	0	0	0	0	0	1	0	0	0	0	0	0	0	0	0	0	0	0	0	0	0	0	0	0	0	0	0	0	0	0	0	0	0	0	0	0	0	0	1	0	0	0	0	0	0	0	0	0	0	0	0	0	0	3	1	0	0	0	0	0	0	0	0	0	0	1	0	0	0	0	0	0	0	0	0	0	0	0	0	0	0	0	1	0	0	0	1
OTU_1487	2	0	0	0	0	3	0	9	0	0	0	0	1	0	0	1	0	0	1	0	0	0	0	25	0	0	8	2	0	4	0	0	0	1	0	0	0	1	1	0	0	1	0	0	0	0	0	0	1	1	0	1	0	57	0	0	0	0	1	0	44	0	2	0	3	0	1	49	2	0	0	58	1	0	0	4	0	2	0	0	0	2	0	0	0	0	0	4	0	0	0	0	1	0	0	8	1	0	0	0	0	0	0	0	0	3	0	0	1	0	0	11	0	4	1	0	0	1	0	0	0	0	1	0	0	0	0	0	0	0	0	0	0	0	0	0	0	0	5	0	2	4	0	0	0	0	0	0	0	2	0	0	0	0	0	0	2	0	8	1	0	0	0	0	0	0	0	2	0	0	0	4	1	0	0	0	0	0	0	0	4	0	0	0	0	0	0	0	5
OTU_1488	0	0	0	0	0	0	0	0	0	0	0	0	0	0	0	0	0	0	0	0	0	3	0	1	0	0	0	0	5	0	0	0	0	0	0	0	0	0	0	0	0	0	0	0	0	0	0	1	0	0	0	0	0	0	0	0	0	0	0	0	0	0	0	0	0	0	0	0	0	0	0	2	0	0	0	0	0	0	0	0	0	0	0	1	0	1	0	0	8	0	0	0	4	0	0	0	0	0	0	1	0	0	0	0	0	0	0	0	0	0	0	0	0	0	0	0	0	0	0	0	0	0	0	0	6	0	0	0	0	0	0	0	0	0	0	0	0	0	0	0	0	0	0	0	0	3	1	1	0	0	1	0	0	0	0	0	0	0	0	0	0	0	0	0	0	0	0	0	0	0	6	0	0	0	0	2	1	0	0	0	0	0	0	0	0	0	0	0	0
OTU_1489	0	0	1	3	3	0	29	28	20	1	2	21	1	0	1	5	1	17	1	22	3	121	4	1	2	1	3	3	0	4	17	1	0	3	7	6	3	1	8	0	4	0	0	7	5	7	0	3	1	2	3	4	2	1	3	1	0	1	2	11	1	21	1	4	3	0	1	13	8	0	5	2	0	10	0	4	6	0	2	21	132	2	8	0	3	1	1	2	5	3	1	5	8	1	0	1	0	0	6	0	2	10	0	0	0	0	0	7	22	0	0	2	0	0	0	9	0	0	1	0	2	3	0	0	2	3	0	118	11	0	2	6	1	5	6	0	2	0	3	7	2	125	0	7	0	1	0	1	0	0	3	0	0	3	0	6	3	4	3	0	3	0	0	2	2	3	0	3	0	40	14	1	26	17	18	1	0	6	2	0	10	10	0	0	5	1	4	27	27
OTU_1490	0	0	0	0	0	0	0	0	0	0	0	0	0	0	0	0	0	0	0	0	0	0	0	0	0	0	0	0	0	0	0	0	0	0	0	0	1	0	0	0	0	0	0	0	0	0	0	0	0	0	0	0	0	0	0	0	0	0	0	0	0	0	0	0	0	0	0	0	0	0	0	1	0	0	0	0	0	0	0	0	0	0	0	13	0	0	0	0	0	0	0	0	0	0	0	0	0	0	1	0	0	0	0	0	0	0	0	0	0	0	0	0	0	0	0	0	0	0	0	0	0	0	0	0	0	0	0	0	0	0	0	0	0	0	0	0	0	0	0	0	0	0	0	0	0	0	0	0	0	0	0	0	0	0	0	0	0	0	0	0	0	0	0	0	0	0	0	0	0	0	0	0	0	0	0	0	0	0	0	0	0	0	0	0	0	0	0	0	2
OTU_1491	0	0	0	0	0	0	0	0	0	0	0	4	0	0	0	0	0	0	0	0	0	0	0	0	0	0	0	0	0	0	0	0	0	0	0	0	0	0	40	0	0	0	0	0	0	0	0	0	0	0	0	1	0	0	0	0	0	0	0	0	0	0	0	0	0	0	0	0	0	0	2	0	0	0	0	0	0	0	0	0	0	0	0	0	0	0	0	0	0	0	0	0	0	0	0	0	0	0	0	0	0	0	0	0	0	0	0	0	0	0	0	1	0	0	0	0	0	0	0	0	0	0	1	0	0	0	0	0	0	0	0	0	0	0	0	0	0	0	0	0	0	0	0	0	0	0	0	0	0	0	0	0	0	0	0	0	0	0	0	0	0	0	0	0	0	0	0	0	26	0	0	1	0	0	0	0	0	0	0	0	0	0	0	0	0	0	0	0	0
OTU_1492	5	0	0	0	0	2	0	1	0	0	2	0	45	1	0	0	1	0	0	0	0	2	1	0	0	0	1	0	0	2	1	8	0	0	0	0	0	0	3	20	3	5	0	0	0	0	0	0	6	0	0	3	0	1	0	2	0	0	1	0	0	0	1	0	0	5	1	1	0	0	0	0	0	1	0	0	0	1	0	0	0	0	0	0	1	0	0	1	0	0	6	0	0	0	2	0	0	0	1	1	1	1	0	0	0	0	0	0	1	0	0	1	0	0	0	0	0	0	0	0	1	0	0	0	0	0	0	0	0	0	0	0	0	0	0	0	0	0	0	0	0	0	1	0	1	0	0	0	0	0	0	0	0	0	0	0	0	0	9	10	0	0	0	0	0	0	0	1	0	0	0	0	0	0	0	0	0	0	0	1	0	0	0	0	0	0	0	0	1
OTU_1493	0	0	0	0	0	0	0	0	0	0	0	0	0	0	0	0	0	0	0	0	0	0	0	0	0	0	0	0	0	0	0	0	0	0	0	0	0	0	0	0	0	0	0	0	0	0	0	0	0	0	0	0	0	0	0	0	0	0	0	0	0	0	0	0	0	0	0	0	0	0	0	0	0	0	0	0	0	0	0	1	1	0	0	0	0	0	0	0	0	0	0	0	0	0	0	0	0	0	0	0	0	0	0	0	0	0	0	0	0	0	0	0	0	0	0	0	0	0	0	0	0	0	0	0	0	0	0	0	0	0	0	0	0	0	0	0	0	0	0	0	0	0	0	0	0	0	0	0	0	0	0	0	0	0	0	0	0	0	0	0	0	2	0	0	0	0	0	0	0	0	0	0	0	0	0	0	0	0	0	0	0	0	0	0	0	0	0	0	0
OTU_1494	2	0	0	0	0	0	0	0	0	0	0	2	0	0	0	0	0	0	0	0	0	0	0	0	0	0	0	0	0	0	4	2	0	3	22	5	184	0	0	1	1	0	2	0	0	0	0	1	24	0	0	0	0	0	0	0	0	0	0	1	0	0	0	0	0	0	0	0	0	0	0	1	0	0	0	0	0	0	0	0	0	0	0	0	1	0	0	0	0	0	0	0	0	0	0	0	0	0	0	0	0	0	0	0	0	0	0	1	0	0	0	0	0	0	0	16	0	0	0	0	0	0	0	0	0	1	0	2	0	0	0	0	0	0	0	3	0	0	0	0	0	0	0	0	1	0	0	0	0	0	1	0	0	0	0	0	0	4	0	0	0	229	0	0	0	0	1	0	0	7	0	0	0	2	0	0	0	0	0	0	0	0	264	0	14	0	0	0	1
OTU_1495	0	0	0	0	0	0	0	0	0	0	0	0	0	0	0	0	0	0	0	0	0	0	0	0	0	0	0	0	0	0	0	0	0	0	0	0	0	0	0	0	0	0	0	0	0	0	0	0	0	0	0	0	0	0	0	0	0	0	0	0	0	0	0	0	0	0	0	0	0	0	1	0	0	0	0	0	0	0	0	0	0	0	0	0	0	0	0	0	0	0	0	0	0	0	0	0	0	0	0	0	0	0	0	0	0	0	0	0	0	0	0	0	0	0	0	0	0	0	0	0	0	0	1	0	0	0	0	0	0	0	0	0	0	0	0	0	0	0	0	0	0	0	0	0	0	0	0	0	0	0	0	0	0	0	0	0	0	0	0	0	0	0	0	0	0	0	0	0	0	1	0	0	0	0	0	0	0	0	0	0	0	0	0	0	0	0	0	0	0
OTU_1496	2	0	0	0	0	0	0	0	0	0	0	0	0	0	0	0	0	0	0	0	0	0	0	0	1	0	0	2	1	0	0	0	0	0	0	0	0	0	0	0	1	0	0	0	0	0	0	0	0	0	0	0	0	0	0	0	0	0	0	0	0	0	0	0	0	0	0	0	0	0	0	0	0	0	0	0	0	0	0	0	0	0	0	0	0	0	0	0	0	0	0	1	0	0	0	0	0	1	0	0	0	0	0	0	0	0	0	0	0	0	0	0	0	0	0	0	0	0	0	0	0	0	0	0	0	1	0	0	0	0	0	0	0	0	0	0	0	0	0	0	0	0	0	0	0	0	0	0	0	0	0	0	0	0	0	0	0	0	0	0	0	0	0	0	0	0	0	0	0	0	0	0	0	0	0	0	0	0	0	0	0	0	0	0	0	0	0	0	0
OTU_1497	0	0	0	2	2	1	3	13	9	0	0	0	0	0	0	1	0	9	0	1	1	2	1	1	0	1	1	2	0	2	4	1	0	0	5	5	0	0	7	2	0	2	1	7	0	1	0	0	7	0	0	1	2	0	3	0	0	0	0	0	0	0	0	4	0	0	0	8	0	1	0	0	0	2	0	0	0	0	0	0	0	1	2	0	0	0	0	5	4	1	0	0	0	0	0	0	0	0	1	2	1	0	2	0	0	0	0	2	0	0	0	0	1	2	0	5	0	4	1	0	2	0	0	0	0	1	0	1	4	0	0	3	0	0	4	0	0	0	6	0	0	3	0	1	0	1	3	1	1	3	1	1	0	1	0	8	1	0	1	0	0	0	0	0	0	0	0	10	0	8	0	5	0	3	1	0	0	0	0	0	2	0	0	0	1	0	16	0	0
OTU_1498	0	0	0	2	1	0	0	0	1	11	1	3	1	21	17	0	7	1	2	1	1	2	0	1	2	0	2	0	4	0	1	1	0	0	0	1	0	0	1	3	6	1	1	1	0	3	0	1	0	0	0	3	0	1	0	6	1	0	0	1	1	4	1	0	0	0	1	0	0	3	1	32	0	1	0	0	7	2	3	1	12	1	10	2	0	7	3	1	15	0	1	5	3	2	3	0	0	9	3	0	4	1	3	8	0	1	13	8	2	0	2	1	0	2	0	1	0	3	11	0	0	6	1	0	7	6	0	0	0	0	0	174	0	1	3	1	8	0	4	75	12	53	1	0	4	10	1	0	1	12	0	0	2	0	0	1	3	1	1	6	0	1	24	1	2	4	0	0	5	4	1	0	3	1	9	0	0	0	1	1	5	0	4	0	3	17	31	2	1
OTU_1499	21	0	17	40	26	5	7	15	5	1	20	6	5	3	1	5	4	0	1	0	1	0	4	1	3	2	1	0	1	7	15	57	1	4	6	6	2	4	0	17	2	10	10	1	8	10	1	3	19	4	6	2	6	4	0	0	2	5	0	5	1	3	3	2	19	3	10	9	8	2	3	3	2	10	0	6	2	1	4	1	0	5	3	0	10	8	5	14	1	16	7	4	2	3	13	2	2	0	1	1	0	5	3	2	0	0	0	4	1	0	5	2	0	0	0	3	0	1	0	0	1	0	0	0	1	1	0	1	0	0	0	0	0	1	0	0	0	0	7	2	4	9	5	4	3	0	0	0	0	1	2	1	1	0	0	3	1	3	2	15	0	1	0	0	3	0	0	0	1	4	0	0	0	2	1	0	0	0	1	0	0	0	4	2	0	0	1	1	15
OTU_1500	1	0	0	0	0	20	0	1	9	0	1	0	0	0	1	1	1	2	1	0	2	0	8	5	0	1	0	0	0	0	0	0	2	1	7	0	1	19	1	0	0	13	3	1	3	4	2	22	0	1	18	1	4	21	0	5	0	0	9	0	0	4	0	4	3	36	0	3	13	0	0	1	0	0	0	2	0	14	0	3	1	3	2	4	1	1	0	1	1	2	2	1	18	2	2	0	3	0	6	4	1	1	0	0	2	2	0	0	1	0	1	4	2	0	0	9	0	4	1	0	62	0	1	0	0	0	2	4	0	36	17	1	0	6	0	0	14	1	1	0	3	4	0	0	0	0	0	0	0	0	0	40	0	2	0	3	0	0	3	0	0	0	0	1	1	0	1	1	179	0	0	2	1	1	0	0	0	0	0	3	1	0	0	0	7	4	1	1	0
OTU_1501	0	0	0	0	0	0	0	0	0	0	0	0	0	0	0	0	0	0	0	0	0	0	0	0	0	0	0	0	0	0	0	0	0	0	0	0	0	0	0	0	0	0	0	0	0	0	0	0	0	0	0	0	0	0	0	0	0	0	0	0	0	0	0	0	2	0	0	0	0	0	0	0	0	0	0	0	0	0	0	0	0	0	0	0	0	0	0	0	0	0	0	0	0	0	0	0	0	0	0	0	0	0	0	0	0	0	0	0	0	0	0	0	0	0	0	0	0	0	0	0	0	0	0	0	0	0	0	0	0	0	0	0	0	0	0	0	0	0	0	0	0	0	0	0	0	0	0	0	0	0	0	0	0	0	0	0	0	0	0	0	0	0	0	0	0	0	0	0	0	0	0	0	0	0	0	0	0	0	0	0	0	0	0	0	0	0	0	0	0
OTU_1502	0	0	0	0	0	0	0	0	0	0	0	0	0	0	0	0	0	0	0	1	0	0	0	0	0	0	0	0	0	0	0	0	0	0	0	0	0	0	0	0	0	0	0	0	0	0	0	0	0	1	0	0	0	0	0	0	0	0	0	0	0	0	0	1	0	0	0	0	0	0	0	0	0	0	0	0	1	0	0	0	1	0	0	0	0	0	0	0	0	0	0	1	0	0	0	0	0	0	0	0	0	0	0	2	0	1	4	0	0	0	0	3	0	3	0	0	0	0	1	0	0	0	0	0	0	0	0	0	0	0	1	3	0	0	3	0	0	0	7	0	0	0	0	0	0	0	0	0	0	0	0	0	0	0	0	0	1	0	0	0	0	4	0	0	0	0	0	0	0	0	0	0	0	0	1	0	0	0	0	0	17	0	0	0	0	0	0	0	0
OTU_1503	10	3	0	33	1	4	5	69	17	2	2	0	7	1	1	5	1	1	23	3	9	0	6	14	7	17	41	1	3	15	8	16	82	4	6	1	1	47	0	1	25	3	5	9	22	13	1	5	2	3	5	6	22	1	1	67	9	67	0	3	0	0	1	0	4	3	0	14	5	0	5	0	7	1	1	0	45	1	1	1	0	3	0	1	10	1	0	24	6	11	18	18	3	7	37	1	2	0	5	10	4	2	9	0	1	50	1	0	19	0	27	0	8	40	8	11	4	20	2	3	3	5	8	13	5	0	1	5	8	14	8	6	0	29	4	0	8	17	7	9	2	7	33	6	63	0	82	11	2	5	9	94	1	17	0	0	32	9	32	0	3	0	9	60	11	0	9	48	6	0	10	5	3	52	1	2	1	11	13	1	10	0	4	37	1	12	3	12	0
OTU_1504	12	1	15	22	18	9	1	6	3	4	14	5	4	5	2	4	0	1	2	4	0	0	1	2	4	8	2	2	2	10	27	37	2	5	2	8	5	1	4	12	0	20	11	1	3	12	3	4	9	3	6	3	8	3	3	5	2	4	0	6	4	8	5	1	50	3	13	13	0	0	4	3	1	6	0	4	2	0	2	0	0	6	3	0	9	5	0	13	4	6	8	3	2	6	11	2	1	0	3	2	6	4	5	3	0	0	0	4	9	2	4	2	1	0	4	3	0	0	1	0	2	0	0	0	0	2	0	2	0	1	0	0	0	0	0	0	2	0	7	6	16	10	3	4	1	3	1	0	0	0	1	1	1	0	0	8	1	3	3	13	0	2	0	0	0	2	1	7	1	2	0	0	1	3	5	0	0	0	0	0	2	0	5	0	1	1	2	0	11
OTU_1505	0	0	0	0	0	0	0	0	1	0	0	0	0	0	0	0	0	1	0	0	0	0	0	0	0	0	0	0	0	0	0	0	0	0	0	0	0	0	0	0	0	0	1	0	0	0	0	0	0	0	0	0	0	0	0	2	0	0	0	0	0	0	0	0	17	0	0	0	1	1	0	0	0	0	0	0	1	0	3	3	2	0	0	0	0	0	0	3	0	1	1	0	0	1	0	0	0	0	2	0	0	0	0	0	1	0	3	0	0	3	0	0	1	0	0	7	0	0	57	0	1	0	0	88	0	0	1	2	0	2	1	0	52	1	0	0	25	0	0	0	657	0	0	0	0	0	0	53	0	24	0	5	0	0	0	3	3	32	3	1	3	4	3	0	0	0	0	1	2	340	0	312	0	17	0	0	0	0	1	0	1	0	68	0	3	6	0	124	0
OTU_1506	4	2	0	35	0	30	6	10	12	0	0	9	1	2	0	0	6	0	4	1	5	3	3	1	1	0	2	0	0	1	0	0	21	3	1	0	37	29	1	0	1	0	32	0	9	2	13	11	0	6	1	1	0	3	6	0	3	0	22	0	4	13	5	2	1	153	3	0	2	2	0	0	1	0	0	7	1	2	0	3	0	9	3	1	2	6	0	1	9	1	7	4	1	4	0	1	3	0	7	14	2	1	1	1	13	1	1	7	57	25	0	2	11	2	3	20	12	4	19	8	18	4	8	9	45	37	7	3	18	10	5	0	7	14	9	9	7	17	2	5	2	3	2	1	2	15	0	30	3	15	8	9	11	0	0	8	29	8	5	0	12	4	4	0	13	0	7	0	0	5	18	18	5	52	3	20	7	16	4	6	27	5	13	0	2	3	0	3	2
OTU_1507	1	0	2	1	3	0	0	4	4	0	0	1	1	0	0	1	1	1	0	1	0	2	0	1	0	0	0	1	1	1	2	1	0	1	1	3	0	0	0	0	2	1	0	1	1	0	0	0	4	0	0	0	1	0	0	0	1	1	0	1	1	2	0	2	0	0	1	2	0	0	0	1	0	1	0	0	1	0	0	0	0	0	6	1	3	0	0	0	0	2	2	0	0	0	1	6	1	0	0	0	0	1	0	0	0	0	0	0	0	0	0	0	0	0	0	0	0	0	0	0	0	0	0	0	0	0	0	0	0	1	0	0	0	0	0	0	0	0	0	0	0	0	0	1	0	1	0	0	0	1	0	0	0	0	0	0	0	0	0	0	0	0	0	0	0	0	0	0	0	0	0	0	0	1	0	0	0	0	0	0	0	0	2	0	0	0	0	0	2
OTU_1509	3	0	2	2	1	0	0	0	4	0	4	2	0	1	1	10	2	0	0	4	0	1	1	3	1	0	0	2	0	0	3	6	1	2	3	3	0	0	2	1	2	0	3	12	5	16	4	0	1	1	1	2	0	0	5	7	0	1	0	0	2	3	2	2	23	6	2	12	2	4	1	5	0	6	1	1	2	0	0	1	1	1	5	2	3	5	0	6	2	1	5	2	5	4	3	0	2	0	3	1	1	0	2	0	0	0	0	1	0	0	0	2	0	0	0	0	0	0	0	0	7	0	0	0	0	2	0	3	0	0	4	0	0	1	0	0	0	0	0	1	2	21	0	1	0	0	0	0	0	0	0	0	0	0	0	2	1	0	2	0	0	0	0	0	0	0	0	3	0	0	0	1	0	0	0	0	0	0	0	0	0	0	0	1	3	1	1	0	1
OTU_1510	0	0	0	0	0	0	0	0	1	0	0	155	0	0	0	0	0	0	1	0	0	0	2	0	1	2	1	0	0	2	0	0	0	1	0	0	0	32	0	0	0	0	0	0	0	1	0	0	0	0	0	0	0	0	0	4	0	0	0	0	15	0	26	0	0	0	0	0	0	0	0	0	0	0	0	0	3	17	1	0	59	5	0	0	0	0	0	0	0	0	0	1	0	0	1	1	3	1	0	0	2	2	1	1	0	0	3	0	18	0	2	1	0	0	0	1	0	1	11	0	0	3	1	0	0	0	0	0	0	0	1	222	16	1	4	0	0	0	1	1	2	0	0	0	1	0	0	4	0	48	0	0	1	1	0	1	0	0	0	0	0	0	0	1	0	0	1	2	0	0	0	0	1	0	2	0	0	0	0	1	21	0	0	0	1	1	2	0	1
OTU_1511	1	0	1	3	3	1	7	6	5	0	1	0	1	3	2	2	2	66	0	3	1	1	3	0	1	1	0	0	0	0	78	2	1	0	6	14	1	0	16	1	0	1	1	8	0	7	2	1	1	1	0	2	2	0	1	0	0	5	0	2	1	3	5	17	4	0	0	10	2	1	0	0	0	9	1	3	0	1	0	0	0	0	15	0	0	3	0	8	7	0	0	2	3	3	0	0	1	0	4	2	1	0	0	0	0	0	0	4	0	0	0	2	0	0	0	13	0	9	2	0	7	0	1	0	0	3	5	1	0	0	1	8	0	3	19	0	0	1	0	3	2	17	1	3	0	0	0	2	1	1	0	0	0	2	0	27	5	0	2	1	0	0	0	0	0	0	0	7	0	8	0	1	2	1	4	0	0	1	0	0	2	0	0	1	21	0	11	0	16
OTU_1513	0	10	0	3	0	0	0	4	0	15	0	4	0	4	1	1	1	0	3	2	7	1	5	1	5	0	6	0	0	1	3	0	0	1	0	0	4	3	0	6	5	0	11	0	1	4	3	0	0	2	0	0	2	1	2	5	1	4	0	0	0	0	0	2	1	5	1	0	3	1	1	0	0	2	0	0	0	0	0	1	0	4	11	6	1	0	0	0	7	6	1	4	1	4	1	0	2	0	4	0	0	1	2	0	1	1	2	0	0	1	2	2	4	0	0	8	0	3	0	0	7	0	0	1	5	0	1	2	0	4	40	0	0	1	0	0	0	4	0	1	1	2	0	0	21	2	4	1	0	1	0	13	0	4	0	10	3	0	0	0	0	0	0	1	0	0	2	5	18	0	0	2	1	2	0	4	1	4	1	0	0	0	0	29	3	0	0	0	0
OTU_1514	0	0	0	0	1	0	1	8	1	0	0	0	0	0	1	0	0	0	0	1	3	0	0	1	0	0	0	0	0	0	0	0	0	2	0	0	1	2	0	0	0	0	1	0	0	0	0	4	0	0	0	0	0	0	0	0	0	0	0	0	0	0	0	0	0	0	0	0	0	0	0	0	0	0	0	0	0	0	0	0	0	0	0	0	1	0	0	0	1	0	4	1	0	0	0	0	0	0	2	1	0	0	0	6	1	1	0	0	0	0	1	0	3	0	0	0	2	2	0	1	3	0	0	2	0	0	0	0	1	0	0	0	1	3	7	0	2	2	2	1	1	0	0	0	0	1	0	0	0	0	0	1	0	3	0	0	2	0	5	0	0	0	0	0	0	1	1	1	0	2	0	7	2	1	0	0	0	0	0	1	3	0	0	0	0	0	0	0	0
OTU_1515	0	0	0	0	0	0	0	0	0	0	0	0	0	0	0	0	0	0	0	0	0	0	0	0	0	0	0	0	0	0	0	0	0	0	0	0	0	0	0	0	0	1	0	0	2	0	0	0	0	0	0	0	0	0	0	0	0	0	0	0	0	0	0	0	0	0	0	0	0	0	0	0	0	0	0	0	0	0	0	0	0	0	0	0	0	0	0	0	0	0	0	0	0	0	0	0	0	0	0	0	0	0	0	0	0	0	0	0	0	0	0	0	0	0	0	0	0	0	0	0	0	0	0	0	0	0	0	0	0	0	0	0	0	0	0	0	0	0	0	0	0	0	0	0	0	0	0	0	1	0	0	0	0	0	0	0	0	0	0	0	0	0	0	0	0	0	0	0	0	0	0	0	0	0	0	0	0	0	0	0	0	0	0	0	0	0	0	0	0
OTU_1517	8	3	2	27	30	6	11	34	41	5	66	14	2	3	4	47	28	8	3	42	4	12	6	11	13	8	7	16	8	24	18	72	0	3	26	26	17	6	40	2	19	5	25	41	11	73	24	1	56	21	39	16	13	7	47	14	0	15	3	1	31	19	13	13	85	15	10	76	13	17	6	80	4	35	12	13	9	7	30	9	27	12	15	27	27	21	6	5	5	15	24	8	20	32	27	13	29	8	30	3	10	9	22	1	0	0	1	4	5	0	0	23	0	0	0	3	0	0	0	0	3	0	0	0	2	1	0	9	0	0	0	1	0	1	1	0	2	0	1	2	0	32	0	2	0	0	0	0	0	0	0	0	0	1	0	7	2	0	3	1	0	0	0	0	0	1	0	2	1	0	0	1	2	0	4	0	0	0	0	0	1	0	0	0	4	2	0	0	10
OTU_1518	0	0	0	0	0	0	0	0	0	0	0	0	0	0	0	0	0	0	0	0	0	0	0	0	0	0	0	0	0	0	0	0	0	0	0	0	0	0	0	0	0	0	0	0	0	0	0	0	0	0	0	0	0	0	0	0	0	0	0	0	0	0	0	0	0	0	0	0	0	0	0	0	0	0	0	0	0	0	0	0	0	0	0	0	0	0	0	0	0	0	0	0	0	0	0	0	0	0	0	0	0	0	0	0	0	0	0	0	0	0	0	0	0	0	0	0	0	0	0	0	0	0	0	0	0	0	0	0	0	0	0	0	0	0	0	0	0	0	0	0	0	1	0	0	0	0	0	0	0	0	0	0	0	0	0	0	0	0	0	0	0	0	0	0	0	0	0	0	0	0	0	0	0	0	0	0	0	0	0	0	0	0	0	0	0	0	0	0	0
OTU_1519	745	6	6	9	3	31	945	2	44	470	0	2	0	1	2	6	2	2	284	15	0	2	0	1167	550	0	8	2	10	10	8	1	1	8	1	3	1	1019	1	308	3	0	182	3	3	807	0	1173	17	298	1	2	3	0	1	3	0	11	208	4	2	13	1	3	3	2	40	2	1	5	35	4	52	126	1	3	0	0	0	1	0	1	0	1	2	3	0	3	0	5	1	0	8	0	81	0	0	1	8	571	502	1	1	0	15	0	2	95	312	19	0	8	298	383	4	17	3	1355	43	74	85	2	191	133	958	21	21	43	431	0	1784	1	2	17	76	2	0	5	3	2	33	137	0	2	4	50	4	2	1	2	3	19	1	123	231	176	9	8	0	0	1	43	1	0	2	0	494	3	4	2	453	1	270	1838	1	36	0	201	12	360	35	3	2	8	399	6	518	18	3
OTU_1520	8	1	3	24	14	5	5	16	16	4	25	16	3	2	1	26	17	0	0	9	8	6	0	14	7	7	0	14	9	8	11	67	1	0	8	9	12	4	4	3	29	0	6	16	10	9	43	3	49	13	12	14	8	1	14	4	0	2	2	2	14	5	5	8	12	5	4	24	0	7	0	20	3	18	11	4	0	0	11	2	3	1	1	18	11	5	4	5	6	9	16	2	25	10	7	36	9	5	48	2	5	4	57	0	0	0	0	8	1	0	0	1	0	0	0	0	0	0	0	0	0	0	0	0	0	0	0	0	2	0	1	0	0	0	1	1	0	0	0	0	1	17	0	0	0	0	0	0	0	0	0	0	0	0	0	0	1	0	0	3	0	0	0	1	0	1	0	1	0	1	0	0	1	0	1	0	0	0	0	0	0	0	0	0	0	0	0	0	2
OTU_1521	1	0	0	0	0	1	0	0	0	0	0	0	0	0	0	0	0	0	0	0	0	0	0	0	0	0	0	0	0	0	0	0	0	0	0	0	0	0	0	0	0	0	0	1	0	0	0	0	0	0	1	1	0	0	0	0	0	0	0	0	0	0	0	0	0	0	0	0	0	0	0	0	0	0	0	0	0	0	0	0	0	0	0	0	0	0	0	0	0	1	3	0	2	0	0	0	0	0	0	0	0	1	1	0	0	0	0	0	0	0	0	0	0	0	0	0	0	0	0	0	0	0	0	0	0	0	0	0	0	0	1	0	0	7	0	0	0	0	0	0	0	0	0	0	0	0	0	0	0	0	0	0	0	0	0	0	0	0	0	0	0	0	0	0	0	0	0	0	0	0	0	0	0	3	0	1	0	0	0	0	0	0	0	0	0	0	0	0	0
OTU_1522	0	0	0	1	0	1	0	0	0	0	0	0	0	0	0	0	0	0	0	0	0	0	0	0	0	0	0	0	0	0	0	0	0	2	0	0	0	0	0	0	0	0	0	0	0	0	0	0	0	0	0	0	0	0	0	0	0	0	0	0	0	0	0	0	0	5	0	2	0	0	0	0	0	0	0	0	0	0	0	0	0	0	0	0	0	0	0	0	0	0	0	0	0	0	0	0	0	1	0	0	0	0	0	0	0	0	0	0	0	0	0	0	0	1	0	0	0	2	0	0	0	0	0	0	0	0	1	1	0	0	0	0	0	0	0	0	4	0	0	0	0	0	0	0	0	0	0	0	1	0	0	0	0	0	0	0	0	0	0	0	0	0	0	0	0	0	0	0	0	0	1	0	0	0	0	0	0	0	0	0	0	0	0	0	0	0	0	0	0
OTU_1523	2	253	0	940	0	42	5	2099	25	5	0	8	2	2	16	7	5	5	20	7	179	3	14	329	249	0	36	4	14	19	15	2	101	15	3	3	0	538	0	73	0	33	9	2	1	269	1	24	0	158	43	1	2	1	4	1	0	3	137	1	0	4	15	2	45	1	25	11	114	0	6	12	68	17	1	1	0	19	6	3	1	32	3	1	121	5	0	2	0	10	1	2	284	107	3	71	43	2	142	113	90	0	120	44	155	1	2	5	0	7	19	10	145	285	103	406	16	434	70	233	659	0	39	35	577	29	33	46	176	1	218	0	10	84	90	9	1	59	6	1	413	396	20	110	12	284	243	148	17	52	6	7	237	16	45	118	1541	463	10	0	71	5	467	5	161	34	141	7	44	7	199	81	61	1670	184	165	74	137	670	108	29	5	71	8	356	728	245	38	8
OTU_1524	74	15	1	106	12	52	28	370	44	26	1	1	890	24	0	53	39	3	3	2	2	19	8	2	148	27	80	434	22	3	257	9	1	60	157	158	102	66	59	1	0	175	208	6	95	1	76	0	60	187	8	14	0	0	107	5	0	2	3	0	28	4	237	37	104	37	20	2	31	66	1	15	15	5	1	135	0	1	0	1	4	174	2	0	1	23	1	9	1	126	70	12	23	0	91	1	9	1	332	16	7	1	3	2	0	20	0	0	0	18	0	5	0	11	3	70	6	7	16	0	15	0	12	1	2	152	2	158	13	145	3	0	10	19	18	0	35	1	0	10	1	32	1	1	5	3	0	9	0	4	0	27	99	1	1	37	21	18	66	0	1	1	4	32	2	2	1	21	5	50	2	1	108	21	1	2	1	1	55	12	1	0	0	1	0	3	7	6	37
OTU_1525	0	0	0	0	0	0	0	0	0	0	0	0	0	0	0	0	0	0	0	0	1	0	0	0	0	0	0	0	0	0	0	0	0	0	0	0	0	0	0	0	0	0	0	0	0	0	0	0	0	0	0	0	0	0	0	0	0	0	0	0	0	0	0	0	1	0	0	0	0	0	0	0	0	0	0	0	0	0	0	0	0	0	0	0	0	0	0	0	0	0	0	0	0	0	0	0	0	0	0	0	0	0	0	0	0	0	0	0	0	0	0	0	0	0	0	0	0	0	0	0	0	0	0	0	0	0	1	0	0	0	0	0	0	0	0	0	0	0	0	0	0	0	0	0	0	2	0	0	0	0	0	0	0	0	0	0	0	0	0	0	0	0	0	0	0	0	0	0	0	0	0	0	0	0	0	0	0	0	0	0	0	0	1	0	0	0	0	0	0
OTU_1526	34	3	52	1	49	463	0	15	9	77	43	27	70	0	1	0	25	5	17	60	0	12	0	2	2	58	7	29	2	3	111	25	1	16	22	19	23	0	11	172	75	27	9	15	9	17	2	5	45	2	9	5	1	0	14	27	1	1	0	0	1	5	54	2	10	2	79	6	0	14	2	14	1	71	25	11	21	10	4	8	2	3	19	0	2	2	43	4	2	24	47	1	2	20	38	0	0	0	4	13	3	16	1	2	0	2	0	0	21	0	1	1	0	1	6	1	0	0	2	0	2	0	0	0	0	19	0	51	0	0	1	31	0	1	3	0	0	3	34	1	5	9	71	1	1	0	5	0	0	3	0	1	9	0	0	2	0	0	139	3	5	0	0	2	0	0	0	21	3	0	3	1	0	1	1	1	0	0	0	0	13	0	0	0	1	0	7	4	8
OTU_1527	36	1	74	71	2	0	105	4	7	0	0	1	1	2	7	1	1	3	11	3	0	0	8	1	12	29	45	1	6	2	2	3	0	14	0	5	5	6	0	0	0	66	20	0	75	2	5	2	2	10	1	5	1	0	2	12	1	1	363	0	33	4	108	32	1	0	88	3	36	1	0	2	200	1	0	48	0	0	1	3	0	84	4	2	0	2	4	5	4	5	3	2	351	1	1	16	0	5	19	8	2	0	15	62	5	1	17	4	0	0	9	6	3	3	5	44	16	88	16	5	10	5	2	4	45	23	9	18	1	10	3	0	3	16	20	4	5	18	18	2	87	29	218	6	0	16	1	130	3	50	2	2	89	12	1	31	15	96	2	3	4	25	3	13	8	1	7	5	3	42	7	3	4	63	19	10	5	32	42	1	4	4	22	0	79	3	9	17	51
OTU_1529	0	0	0	0	0	1	0	13	0	0	0	0	0	1	0	0	0	0	0	0	0	0	0	0	0	0	0	0	0	0	0	0	3	0	1	0	0	0	0	0	0	0	0	0	0	0	0	0	0	0	0	0	0	0	0	0	0	0	0	0	0	0	0	0	0	0	0	0	0	0	0	0	0	0	0	0	2	0	0	0	0	0	0	0	0	0	0	0	0	0	0	0	0	0	0	0	0	0	0	0	0	0	1	0	0	0	0	0	0	0	0	0	0	0	0	5	0	0	0	1	2	0	0	0	0	0	0	1	0	0	3	0	0	1	0	0	0	0	0	0	0	0	0	0	0	0	0	0	0	0	1	0	0	0	0	0	4	0	7	0	0	88	0	0	0	0	0	0	0	0	0	0	0	0	0	0	0	0	0	0	0	0	0	2	2	0	0	0	0
OTU_1530	18	14	10	1	0	6	0	2	3	3	0	9	0	1	2	3	1	3	2	1	1	0	4	2	12	7	3	0	1	0	1	13	5	2	1	1	1	3	17	6	8	2	7	47	4	2	1	1	0	3	2	24	1	3	0	1	0	7	0	2	1	0	0	4	5	11	0	1	3	0	0	0	2	0	0	1	6	43	0	0	0	4	3	0	10	0	3	5	6	0	3	0	6	1	4	1	0	0	7	1	3	1	6	0	0	13	0	0	2	0	3	1	15	0	11	4	3	14	0	4	30	1	4	4	2	1	0	0	1	10	4	0	0	8	0	0	6	5	0	2	1	11	4	2	6	1	0	1	0	0	4	19	10	14	0	2	1	4	2	6	0	0	0	15	4	4	3	4	183	0	1	0	4	1	1	3	0	3	19	4	1	0	0	3	10	2	0	4	0
OTU_1531	0	0	0	0	0	0	0	0	0	0	0	0	0	0	0	0	0	0	0	0	0	0	0	0	0	0	0	0	0	0	0	0	0	0	0	0	0	0	0	0	0	0	0	0	0	0	0	0	0	0	0	0	0	0	0	0	0	0	0	0	0	0	0	0	0	0	0	0	0	0	0	0	0	0	0	0	0	0	0	0	0	0	0	0	0	0	0	0	0	0	0	0	0	0	0	0	0	0	0	0	0	0	0	0	0	0	0	0	0	0	0	0	0	0	0	0	0	0	0	0	0	0	0	0	0	0	0	0	0	0	0	0	0	0	0	0	0	0	0	0	0	3	0	0	0	0	0	0	0	0	0	0	0	0	0	1	1	0	0	0	0	0	0	0	0	0	0	0	0	0	1	0	0	0	0	0	0	0	0	0	0	0	0	0	0	0	0	0	0
OTU_1532	0	1	0	0	4	0	2	30	0	0	0	0	0	0	0	1	0	0	1	0	0	0	0	0	0	0	2	0	0	3	0	0	0	0	0	0	0	0	0	3	0	0	0	0	0	0	0	0	0	0	0	0	0	0	0	0	0	0	0	0	0	0	0	0	0	0	0	0	0	0	0	0	0	3	0	2	0	0	0	0	0	0	0	0	0	0	0	0	0	1	0	0	0	2	0	1	0	0	0	0	1	0	0	0	0	0	0	0	0	0	0	0	0	0	0	0	0	0	0	0	0	0	0	0	0	0	0	0	0	0	0	0	0	0	1	0	0	0	0	0	0	0	0	0	0	0	0	0	0	0	0	0	0	0	0	0	0	0	0	0	0	0	0	0	0	2	0	0	0	0	0	0	1	1	2	0	0	0	0	0	0	0	0	0	0	0	0	0	0
OTU_1533	0	0	0	0	0	0	0	0	0	0	0	0	0	0	0	0	0	0	0	0	0	0	0	0	0	0	0	0	0	0	0	0	0	0	0	0	0	0	0	0	0	0	0	0	0	0	0	0	0	0	0	0	0	0	0	0	0	0	0	0	0	0	0	0	3	0	0	0	0	0	0	0	0	0	0	0	0	0	0	0	0	0	0	0	0	0	0	0	0	0	0	0	0	0	0	0	0	0	0	0	0	0	0	0	0	0	0	0	0	0	0	0	0	0	0	0	0	0	0	0	0	0	0	0	0	0	0	0	0	0	0	0	0	0	0	0	0	0	0	0	0	0	0	0	0	0	0	0	0	0	0	0	0	0	0	0	0	0	0	0	0	0	0	0	0	0	0	0	0	0	0	0	0	0	0	0	0	0	0	0	0	0	0	0	0	0	0	0	0
OTU_1536	7	0	1	27	1	0	0	0	8	14	0	8	1	16	5	9	0	10	1	3	0	5	5	6818	1	2	0	7	2	29	2	19	691	0	27	7	26	17	1	7	9	46	34	8	19	3	2	9	10	0	188	13	0	0	0	7	1	76	0	7	2	93	4	7	0	14	0	16	3	48	13	8	0	5	0	6	0	0	0	3	0	0	2	0	7	6	54	2	7	8	19	0	3	2	22	111	0	1	7	1	14	0	1	875	1	77	4	23	1	0	0	2005	3	11	5	117	0	1299	0	4	0	0	1	0	938	17	0	8	0	0	2	0	1	4	1793	1098	0	2	38	34	36	37	0	4	23	1	1	2	151	3	6	0	0	6	2	71	0	0	1	0	1	1892	0	2	2	1	659	35	1	18	0	15	4	1	8	0	0	322	12	1	2	0	2956	35	0	2	9	17	6
OTU_1537	0	0	0	0	0	0	0	0	0	0	0	0	0	0	0	0	0	0	0	0	0	0	1	0	0	0	0	0	0	0	0	0	0	0	0	0	0	0	0	0	0	0	0	0	0	0	0	0	0	0	0	0	0	0	0	0	0	0	0	0	0	0	0	0	0	0	0	0	0	0	0	0	0	0	0	0	0	0	0	0	0	0	0	0	0	0	0	0	0	0	0	0	0	0	0	0	0	0	0	0	0	0	0	0	0	0	0	0	0	0	0	0	0	0	0	0	0	0	0	0	0	0	0	0	0	0	0	0	0	0	0	0	0	0	0	0	0	0	0	0	0	0	0	0	0	0	0	0	0	0	0	0	0	0	0	0	0	0	0	0	0	0	0	0	0	0	0	0	0	0	0	0	0	0	0	0	0	0	0	0	0	0	0	0	0	0	0	0	0
OTU_1538	0	0	0	0	0	0	1	0	0	0	0	0	0	0	0	0	0	0	0	0	0	0	0	0	0	0	0	0	0	0	0	0	0	0	0	0	0	0	0	0	0	0	0	0	0	1	0	0	0	0	3	0	0	0	0	0	0	0	0	0	0	0	0	0	0	0	0	0	0	0	0	0	0	0	0	0	0	0	0	0	0	0	0	0	0	0	0	0	0	0	0	0	0	0	0	0	0	0	0	0	0	0	0	0	0	0	0	0	0	0	0	0	0	0	0	0	0	0	0	0	0	0	0	0	0	0	0	0	1	0	0	0	0	0	0	0	0	0	1	0	0	2	0	0	0	0	0	0	0	0	0	0	0	0	0	0	0	1	0	0	0	0	0	0	0	0	0	0	0	0	1	0	0	0	0	0	0	0	0	0	0	0	0	0	0	0	0	0	0
OTU_1539	1525	145	2833	1276	2346	1011	1653	5096	968	34	1246	724	32	415	91	204	720	52	494	2180	40	136	148	39	463	1133	677	228	789	1621	383	609	305	185	1207	1380	578	124	1855	4062	1017	653	1049	2000	1309	478	405	502	428	500	885	1249	307	882	1108	1036	376	260	402	38	2434	154	1499	1415	634	121	662	472	829	35	140	635	1061	817	2413	484	27	19	3332	678	33	1290	86	26	1048	2983	368	823	199	1054	1710	314	2086	2364	1469	1480	2229	311	1339	105	1256	651	243	61	10	14	15	391	214	13	259	130	8	37	56	733	36	34	59	6	224	22	14	14	74	869	51	1573	30	234	14	17	38	89	379	3	185	24	774	245	466	1219	58	1413	14	127	6	58	3	40	67	70	86	35	6	231	104	149	148	469	25	142	109	13	80	57	11	146	44	1448	203	28	171	389	792	45	26	9	122	14	50	27	737	6	252	136	164	71	974
OTU_1540	12	12	18	24	25	9	15	9	40	4	0	18	9	2	2	0	1	1	1	4	2	0	10	2	1	1	2	0	1	3	2	1	14	23	1	0	19	2	2	0	0	0	14	1	6	3	3	44	4	2	1	1	7	1	0	3	4	6	18	0	0	4	11	10	14	10	0	0	5	2	2	2	3	2	2	11	2	0	0	3	0	4	6	0	9	12	1	5	13	13	1	8	6	2	10	3	0	10	18	5	0	1	2	7	5	2	0	6	53	6	5	42	5	29	6	251	6	18	18	9	3	2	17	5	34	10	8	67	40	13	3	4	10	3	46	2	26	36	14	12	6	13	3	1	2	13	2	12	3	4	2	10	3	24	1	8	19	18	3	0	4	20	6	15	15	0	0	4	20	2	15	13	5	48	6	14	8	10	6	8	8	2	7	2	11	9	1	14	0
OTU_1541	0	0	0	1	0	0	0	0	0	0	0	0	0	3	0	0	0	0	0	0	0	0	1	0	0	0	0	0	0	0	1	0	0	0	0	0	0	0	0	0	0	0	0	0	0	1	0	0	0	0	0	0	0	0	0	1	0	0	0	0	0	0	1	0	0	0	0	0	0	1	0	0	0	0	0	0	0	0	0	0	0	0	0	0	0	0	0	2	0	0	0	2	0	0	0	0	0	0	1	0	0	0	0	0	1	0	0	0	1	0	0	0	0	0	2	2	0	0	0	0	1	0	0	0	0	0	17	0	0	0	24	0	0	0	0	0	1	0	0	29	2	1	1	0	0	0	0	0	0	0	0	0	0	0	0	2	0	0	1	11	0	0	0	0	0	0	0	32	0	8	0	3	0	0	0	0	0	0	0	0	1	0	0	0	0	0	0	0	0
OTU_1542	0	0	0	0	0	0	0	0	0	0	0	0	0	0	0	2	0	0	0	0	0	0	0	0	0	0	0	0	0	0	0	0	0	0	0	0	0	0	0	0	0	0	0	0	0	0	0	0	0	0	0	0	0	0	0	0	0	0	0	0	0	0	0	0	2	0	0	0	0	0	0	0	0	0	0	0	0	0	0	0	0	0	0	0	0	0	0	0	0	0	0	0	0	0	0	0	0	0	0	0	0	0	0	2	0	1	0	0	0	0	0	0	0	0	0	0	0	0	0	0	0	0	0	1	0	0	0	0	0	0	1	0	0	0	3	0	0	0	0	0	0	0	1	0	0	20	1	0	0	0	0	0	0	0	0	0	4	0	0	0	0	0	2	0	0	0	0	0	0	0	0	0	0	0	5	6	0	2	0	0	0	0	9	0	1	3	0	1	0
OTU_1543	0	0	0	0	0	0	0	0	0	0	0	0	0	0	0	0	0	0	0	0	0	0	0	0	0	0	0	0	0	0	0	0	0	0	0	0	0	0	0	0	0	0	0	0	0	0	0	0	0	0	0	0	0	0	0	0	0	0	0	0	0	0	0	0	0	0	0	0	0	0	0	0	0	0	0	0	0	0	0	0	0	0	0	0	0	0	0	0	0	0	1	0	0	0	0	0	0	0	0	0	0	0	0	0	0	0	0	1	0	0	1	0	0	0	0	2	0	0	0	0	0	0	0	0	0	0	0	0	0	0	0	0	3	0	0	0	0	0	0	0	0	0	1	0	0	0	0	0	0	0	0	0	0	0	0	0	0	0	0	1	0	0	0	0	0	1	1	0	0	0	0	0	0	0	0	0	0	0	0	0	0	0	0	0	0	0	0	0	0
OTU_1544	11	8	28	26	17	3	9	1	37	0	0	3	2	1	8	0	1	4	2	4	3	2	20	1	0	0	0	0	1	0	3	0	12	15	1	1	18	2	0	0	0	1	4	2	9	1	4	41	2	17	0	1	0	0	0	0	4	1	7	0	1	0	7	4	9	0	0	0	5	1	1	0	6	1	1	6	0	0	1	3	0	12	4	0	9	12	3	5	9	7	0	10	14	3	0	4	1	3	37	4	0	0	1	6	6	3	0	6	64	1	1	42	4	31	3	32	5	20	22	10	0	2	15	8	47	17	5	75	40	13	0	0	6	4	49	1	22	40	14	11	2	12	2	2	2	19	2	19	4	8	1	5	6	17	4	8	17	26	1	0	6	19	5	5	23	3	3	0	4	2	19	12	7	52	3	22	2	9	0	4	5	6	2	0	11	12	4	14	1
OTU_1545	0	0	0	0	0	35	0	0	0	0	0	1	1	0	1	0	0	0	0	1	0	14	2	0	0	0	0	0	7	0	1	0	0	0	0	0	0	0	0	0	0	0	1	0	0	0	0	0	0	0	0	0	0	1	0	1	0	0	0	0	0	0	0	0	0	0	1	0	0	0	0	0	0	0	0	1	0	0	0	0	0	0	0	0	0	0	0	0	0	2	12	0	0	1	0	0	0	0	0	0	0	0	0	0	0	0	0	0	0	0	0	1	0	0	0	6	1	0	0	0	0	0	0	0	0	0	0	0	0	0	0	0	0	0	0	0	0	0	0	0	0	1	0	9	0	1	0	0	0	0	0	0	0	0	0	1	1	0	0	0	1	0	0	0	0	0	0	0	0	0	0	0	0	0	0	1	0	0	0	1	0	0	0	0	0	0	0	0	1
OTU_1546	2	0	0	1	2	1	0	0	5	0	0	0	0	2	1	1	0	3	0	0	1	2	1	0	0	0	0	0	0	0	18	0	0	1	0	0	2	0	0	0	0	1	2	0	1	5	1	1	0	1	0	3	0	0	1	1	0	1	0	0	0	2	0	0	3	0	0	3	0	2	1	0	2	2	0	0	0	0	1	0	0	0	1	0	0	0	0	1	0	1	2	0	0	1	0	0	1	1	0	0	1	1	0	0	0	1	0	0	0	0	0	0	0	0	0	0	0	0	0	0	1	0	0	0	0	0	0	1	0	1	0	0	0	0	1	0	0	0	0	0	2	0	0	0	0	0	0	0	0	0	0	0	1	0	0	6	3	0	1	1	0	0	0	0	0	0	0	4	1	0	0	0	0	1	0	0	0	0	0	0	0	0	0	0	2	0	0	0	5
OTU_1548	0	0	0	1	3	0	0	0	1	12	1	3	0	11	10	0	8	2	2	0	0	3	1	0	2	1	1	0	1	0	0	0	0	0	0	0	1	0	1	0	5	0	0	2	0	5	0	6	0	0	0	2	0	0	1	1	0	0	0	3	1	0	2	1	0	0	0	1	0	2	2	28	0	3	1	0	3	3	0	2	3	1	7	4	0	3	1	2	15	1	1	2	4	3	2	2	0	11	0	0	3	0	2	14	0	4	22	5	0	0	0	1	1	0	0	3	1	4	11	0	1	0	0	0	6	3	0	0	1	2	0	8	0	2	1	0	3	0	0	80	10	49	2	4	1	10	3	0	1	8	0	0	1	0	0	1	0	0	0	9	0	0	21	6	1	3	0	0	2	1	0	2	6	2	2	0	0	0	0	0	6	1	5	1	1	29	36	4	1
OTU_1549	37	4	0	0	0	0	14	0	0	20	0	0	5	0	0	0	1	0	2	2	6	2	0	0	9	0	0	0	2	0	6	3	3	0	0	0	0	4	0	0	0	0	0	0	0	0	0	1	10	3	0	1	0	0	0	12	0	207	1	0	0	0	0	2	6	18	0	0	0	0	2	0	3	0	0	5	0	13	0	6	0	0	8	0	1	2	1	0	0	0	0	0	9	38	0	0	14	0	0	1	0	0	0	0	0	0	0	12	3	0	2	0	0	0	0	0	0	0	9	1	2	0	1	1	0	1	0	84	0	0	0	0	0	1	0	0	0	0	5	0	3	0	0	0	0	2	0	0	0	0	0	0	0	0	0	1	5	0	0	0	0	0	1	0	0	0	0	1	0	0	1	0	0	11	0	2	0	0	0	0	1	0	2	0	0	2	6	0	0
OTU_1550	1	0	0	0	0	0	0	34	0	0	0	0	0	1	5	5	3	3	0	4	4	0	11	1	8	2	1	0	6	2	1	1	6	0	0	1	0	0	16	0	0	3	5	1	2	2	0	25	0	1	0	0	1	0	1	1	0	1	1	0	1	3	0	3	7	2	5	14	2	3	3	0	1	2	2	0	7	0	2	1	0	0	54	1	17	1	0	2	0	3	2	0	2	6	2	0	0	0	4	4	2	0	1	0	0	6	1	2	0	1	0	4	4	0	1	4	0	2	0	0	448	1	0	0	1	1	0	14	0	1	95	1	0	19	2	1	0	5	0	1	1	9	0	1	25	1	3	2	0	0	0	1	0	5	0	2	47	0	37	0	0	0	0	0	0	0	1	2	5	0	0	9	23	0	4	0	2	2	1	0	7	2	0	68	51	5	3	1	5
OTU_1551	0	0	0	0	0	0	0	0	0	0	0	0	0	1	0	0	0	0	0	0	0	0	0	0	0	0	0	0	0	0	0	0	0	0	0	0	0	0	0	0	0	0	0	0	0	0	0	0	0	0	0	0	0	0	0	0	0	0	0	0	0	0	0	0	0	0	0	0	0	0	0	0	0	0	0	0	0	0	0	0	0	0	0	0	0	0	0	1	0	0	0	0	0	0	0	0	0	0	0	0	0	0	0	0	0	1	0	0	0	0	0	0	0	0	0	0	1	0	0	0	1	0	0	0	0	0	0	0	0	0	0	0	0	0	0	0	0	0	0	0	0	0	0	0	0	0	0	0	0	0	0	0	0	0	0	0	0	2	0	0	0	0	0	0	0	0	0	0	0	0	0	0	0	1	0	1	0	0	0	0	0	0	10	0	0	0	0	0	0
OTU_1552	1300	77	309	3375	3229	420	802	2882	2152	338	6002	1860	68	605	63	4307	4050	147	218	1878	320	271	192	2234	884	764	868	2911	1168	1132	609	13901	201	298	2049	1598	1174	124	903	574	2327	56	656	2674	2063	2020	4575	232	9302	722	3586	1454	1710	358	2023	1739	66	853	43	59	2681	598	990	234	3090	544	991	8730	1050	680	864	4073	324	2750	759	554	233	70	571	346	2212	1327	467	4924	1729	1177	1253	164	347	1281	1881	595	2095	1768	890	2518	2171	340	2477	214	431	991	5620	19	0	16	5	895	26	0	3	186	7	18	3	13	0	1	20	0	61	0	0	0	24	10	7	343	75	0	49	49	0	79	72	19	194	2	57	14	74	2335	4	54	4	1	25	0	4	125	0	6	1	85	1	146	27	1	33	15	0	5	0	14	0	201	0	99	33	29	2	18	53	18	123	0	1	4	0	13	26	20	83	2	95	10	14	25	261
OTU_1553	0	0	0	0	0	0	0	0	0	0	0	0	0	0	0	0	0	0	0	0	0	0	0	0	0	0	0	0	0	2	0	0	0	0	0	0	1	0	1	0	0	0	0	0	0	0	0	0	0	0	0	0	0	0	1	0	0	1	0	0	0	0	0	0	0	0	1	0	8	0	0	1	0	0	0	0	0	0	0	0	0	0	0	0	0	0	0	0	0	0	0	0	0	0	0	0	0	0	0	0	0	0	0	2	0	0	0	0	0	0	0	0	0	0	0	0	0	0	0	0	0	0	0	0	0	0	0	0	0	0	0	0	0	0	0	0	0	0	0	0	1	0	0	0	0	0	0	0	0	0	0	0	0	0	0	0	0	0	0	0	0	0	0	0	0	0	0	0	0	0	0	0	0	0	0	0	0	0	0	0	0	0	0	0	0	0	0	0	0
OTU_1554	0	0	0	2	3	0	1	0	2	9	0	6	0	11	6	1	10	0	1	2	3	3	3	0	3	1	0	1	0	2	2	2	1	0	1	0	0	1	6	2	3	0	2	0	1	9	0	5	0	0	1	3	0	1	1	5	0	1	0	1	1	1	0	4	3	3	0	2	0	1	2	52	0	4	0	0	12	5	1	3	14	0	18	10	1	15	8	4	24	2	3	1	8	2	3	1	2	10	1	1	7	3	1	8	0	1	6	6	3	0	0	1	0	2	0	0	0	4	18	0	0	0	0	0	5	9	2	2	2	3	0	6	1	2	1	0	6	0	1	72	23	59	1	1	3	5	1	0	0	14	0	0	2	1	0	2	4	1	2	4	0	0	12	0	2	3	0	3	13	1	0	0	9	0	8	1	0	0	0	1	6	0	11	1	13	43	30	5	5
OTU_1555	37	0	0	0	2	0	638	2	0	0	0	0	0	14	8	1	0	0	1	1	0	0	0	0	0	0	1	1	0	1	0	0	0	0	0	5	1	0	0	1	0	6	70	0	0	1	0	1	1	0	0	0	0	0	0	0	0	1	1	0	0	0	0	0	4	9	1	0	1	6	24	0	36	0	0	0	0	0	4	0	0	2	0	0	0	0	1	2	2	1	5	0	0	0	0	0	0	1	11	0	1	0	0	0	0	1	2	0	1	2	17	7	13	5	0	167	863	0	0	2	3	4	1	940	605	2	3	12	5	4	7	0	6	6	5	0	2	1	0	0	0	1	2	685	13	0	7	2461	955	883	56	127	0	3	2	0	6	1	18	0	16	7	0	0	5	5	1	1	1	0	3	8735	1	114	17	1	2	5	0	0	10	0	3	28	9	6	0	0	12
OTU_1557	0	0	0	0	0	0	0	0	0	0	0	0	0	0	0	0	0	0	0	0	0	0	0	0	0	0	0	0	0	0	0	0	0	0	0	0	0	0	0	0	0	0	0	0	0	0	0	0	0	0	0	0	0	0	0	0	0	0	0	0	0	0	0	0	0	0	0	0	0	0	0	0	0	0	0	0	0	0	0	0	0	0	0	0	0	1	0	0	0	0	0	0	0	0	0	0	0	0	0	0	5	0	0	0	0	0	0	0	0	0	0	0	0	0	0	0	0	0	0	0	0	0	0	0	0	0	0	0	0	0	0	0	0	0	0	0	0	0	0	0	0	0	0	0	0	0	0	0	0	0	0	0	0	0	0	0	0	0	0	0	0	0	0	0	0	0	0	0	0	0	0	0	0	0	0	0	0	0	0	0	0	0	0	0	0	0	0	0	0
OTU_1558	0	0	1	0	0	2	3	2	0	0	13	0	0	0	0	0	0	0	0	0	0	0	35	0	0	0	1	0	0	0	0	0	10	1	1	5	0	0	0	0	3	1	0	0	0	11	0	1	0	0	0	0	0	0	0	18	0	1	16	0	0	0	0	21	0	0	2	1	0	0	0	0	0	0	0	0	0	0	0	0	0	0	0	0	0	0	0	4	0	0	0	0	0	0	0	0	0	0	2	0	0	0	0	1	5	0	0	0	64	7	0	53	0	0	0	40	0	0	0	0	7	0	0	0	0	0	0	4	0	0	0	0	0	0	1	0	1	0	3	0	2	0	29	0	0	0	0	0	0	1	0	0	4	0	0	69	0	0	0	0	0	0	0	0	22	19	2	1	0	0	5	0	0	0	0	0	0	0	0	0	0	0	0	0	12	0	0	1	6
OTU_1559	2	0	0	0	0	0	42	6	1	3	0	1	1	1	1	1	1	1	1	1	21	1	0	9	3	6	1	0	0	0	4	0	6	0	4	0	0	0	0	2	119	2	1	0	0	1	2	2	1	1	0	0	0	1	1	15	3	1	3	0	0	0	0	1	2	1	0	3	0	0	1	0	1	0	0	0	8	1	2	0	1	0	0	0	3	0	0	0	1	0	3	0	11	0	0	0	0	0	0	4	3	0	0	20	1	2	0	0	40	16	7	1	0	0	0	86	7	22	18	11	35	1	4	34	1	0	20	10	1	1	20	1	13	11	30	5	56	11	3	0	66	1	3	8	1	22	70	70	11	15	14	3	15	1	24	0	74	17	0	0	4	0	11	3	11	7	2	1	2	0	22	31	17	66	23	11	25	36	23	68	4	0	4	3	2	28	21	3	1
OTU_1560	14	0	1	0	0	0	2	0	4	0	0	1	0	2	5	3	2	1	0	2	2	0	0	57	1	0	0	0	0	0	3	0	0	0	0	3	1	131	0	0	0	1	32	0	0	0	7	111	0	0	0	0	0	0	0	4	1	2	1	1	0	1	0	0	2	2	1	0	0	1	10	1	19	0	0	0	0	0	0	0	0	0	1	0	3	0	2	1	1	0	1	0	1	0	0	0	1	3	8	4	13	0	0	32	341	1	3	0	0	6	21	6	37	0	22	265	274	125	11	37	3	141	173	270	58	102	55	16	108	2	141	4	12	4	20	0	3	68	16	0	8	3	12	9	21	4	8	158	121	64	27	35	1	1	50	6	107	65	10	0	106	47	44	8	29	5	190	1	4	6	32	1278	9	63	25	4	272	5377	4	2	154	0	36	61	19	53	0	113	2
OTU_1561	0	0	1	21	0	0	0	0	0	0	1	0	0	0	0	0	0	2	0	1	0	45	0	0	0	0	1	0	14	0	1	0	0	0	0	0	0	0	0	0	0	0	0	0	0	0	9	1	0	1	0	0	0	0	0	0	0	0	0	1	0	0	11	0	1	1	0	0	0	0	0	0	0	0	0	0	0	1	0	0	0	1	12	0	0	0	0	0	0	0	0	0	2	0	0	0	25	0	0	0	0	0	0	0	0	0	0	0	0	1	0	0	0	0	0	0	0	1	0	2	1	0	0	0	0	0	0	0	0	0	0	0	0	0	0	0	0	0	14	0	0	0	0	0	1	0	0	0	0	0	0	0	0	0	0	0	1	0	1	0	0	0	0	0	0	0	3	0	0	0	0	0	0	39	0	0	0	0	0	0	0	0	0	0	0	1	8	0	1
OTU_1562	5	1	0	14	0	10	0	36	15	2	2	1	4	1	1	5	0	0	16	0	6	0	2	6	3	11	25	2	0	10	3	13	41	1	2	0	0	15	1	5	12	4	3	8	21	6	0	2	2	6	0	3	7	1	2	35	9	30	0	1	0	0	0	0	5	1	1	3	3	1	1	1	0	3	0	1	35	2	2	1	0	1	4	0	8	0	1	15	4	7	27	8	7	2	24	2	1	0	5	4	0	2	2	3	0	19	0	0	5	0	9	0	7	19	8	3	0	10	3	1	4	2	3	5	3	0	0	5	3	11	5	0	1	12	1	2	1	3	5	5	3	3	5	0	32	0	22	2	0	0	4	17	1	10	2	1	16	6	20	0	1	0	9	6	4	0	4	31	3	2	2	2	0	26	2	0	2	3	10	2	1	0	0	19	3	5	2	5	0
OTU_1563	0	0	0	0	0	0	1	0	0	0	0	0	0	0	0	0	0	1	0	0	0	0	0	0	0	0	0	0	0	0	0	0	0	1	0	0	0	0	0	0	0	0	0	1	0	0	0	0	0	0	0	0	0	0	0	0	0	0	0	0	0	1	0	0	0	0	0	2	0	0	0	0	0	0	0	0	0	0	0	0	0	0	0	0	0	0	0	0	0	0	2	0	0	0	0	0	0	0	0	0	2	0	0	2	0	0	0	0	0	0	0	0	0	0	0	0	0	0	0	0	0	0	0	0	0	0	0	0	0	0	1	0	0	0	0	0	0	0	0	0	14	2	0	1	0	0	0	0	0	0	0	0	0	0	0	0	0	0	0	0	0	0	0	0	0	0	0	0	1	0	0	0	0	0	0	0	1	0	0	0	0	0	0	0	0	0	0	0	0
OTU_1564	0	0	0	0	0	0	0	0	0	0	0	0	0	0	0	0	0	0	0	0	0	0	0	0	0	0	0	0	0	0	0	0	0	0	0	0	0	0	0	0	0	0	0	0	0	0	0	0	0	0	0	0	0	0	0	0	0	0	0	0	0	0	0	0	0	0	0	0	0	0	0	0	0	0	0	0	0	0	0	0	0	0	0	0	0	0	0	0	0	0	0	0	0	0	0	0	0	0	0	0	0	0	0	0	0	0	0	0	0	0	0	0	0	0	0	0	0	0	0	0	0	0	0	0	0	0	0	0	0	0	0	0	0	0	0	0	0	0	0	0	0	0	0	0	0	0	0	0	0	1	0	0	0	0	0	0	0	0	0	0	0	0	0	0	0	0	0	0	0	0	0	0	0	0	0	0	0	0	0	0	0	0	0	0	0	0	0	0	0
OTU_1565	14	1	38	16	32	13	16	40	15	0	447	3	1	6	2	1	2	1	9	20	1	2	3	0	4	17	7	72	137	14	5	5	0	0	19	7	10	2	12	35	42	10	9	20	7	7	2	3	6	7	15	16	3	14	15	308	0	3	2	1	14	1	8	249	4	45	6	1	10	0	1	5	5	3	54	5	0	1	20	4	0	9	1	1	5	42	3	13	2	7	16	8	18	19	108	15	678	9	19	0	14	12	92	1	0	1	0	2	7	0	2	1	0	4	0	6	0	0	3	0	1	0	0	0	0	5	1	9	1	4	0	1	4	2	4	1	2	3	6	3	3	27	0	10	0	6	0	2	0	9	0	2	0	1	0	54	1	0	0	1	0	1	24	0	10	2	3	7	2	16	3	1	3	4	7	2	1	0	3	0	1	0	6	0	50	21	8	1	12
OTU_1566	0	0	0	0	0	1	0	0	1	0	0	0	0	0	0	0	0	1	0	0	0	0	0	0	0	0	0	0	0	0	0	0	0	0	0	0	0	0	0	0	0	0	0	0	0	0	0	0	0	0	0	0	0	0	0	0	0	0	0	0	0	0	0	0	0	0	0	0	0	0	0	0	0	0	0	1	0	0	0	0	0	0	4	0	0	0	0	0	0	0	0	0	0	19	0	0	0	0	0	0	0	0	0	1	0	0	0	0	0	0	0	0	0	0	0	0	0	0	0	0	0	0	1	0	1	1	0	0	0	0	0	0	0	2	14	0	0	0	0	0	0	0	0	0	0	0	0	0	0	1	0	0	1	0	0	0	0	0	0	0	0	0	0	0	0	0	0	0	0	21	0	0	0	1	59	0	0	0	0	0	0	1	0	0	1	0	0	0	0
OTU_1567	0	1	0	0	0	0	0	0	0	0	0	0	0	0	0	0	0	0	0	0	0	1	0	0	0	0	0	0	0	0	0	1	0	0	0	0	0	0	0	1	0	0	0	0	0	0	0	0	0	0	0	0	0	0	0	0	1	0	0	1	0	0	0	0	0	0	0	0	0	0	0	0	0	0	0	0	0	1	0	0	0	0	0	0	0	0	0	1	0	0	0	0	0	0	0	0	0	0	0	0	0	0	0	0	5	0	0	0	0	0	0	0	0	0	6	0	0	0	0	0	0	0	1	0	0	0	0	0	2	0	0	0	0	0	0	0	0	0	0	0	0	0	0	0	3	0	0	0	0	0	0	0	0	0	0	0	0	0	0	0	0	0	0	1	0	0	0	0	1	0	0	0	0	0	0	0	0	0	0	0	4	0	0	7	0	2	0	0	0
OTU_1568	0	0	0	0	0	0	0	0	0	0	0	0	0	1	0	0	0	0	0	0	0	0	0	0	0	0	0	0	0	0	0	0	0	1	0	0	0	0	0	0	0	1	1	0	0	0	0	0	0	0	0	0	0	0	0	0	0	4	1	0	0	0	0	0	0	0	0	0	0	1	0	0	0	0	0	0	2	0	0	10	2	0	0	1	1	1	0	0	0	0	0	0	0	0	0	0	0	0	0	0	0	0	0	0	0	0	0	0	0	0	0	0	0	0	0	0	0	0	0	0	0	0	0	0	0	0	1	0	0	0	0	0	0	0	0	0	0	0	0	0	0	0	0	0	0	0	0	0	1	0	0	0	0	0	0	0	0	1	0	0	0	0	0	1	0	0	0	0	0	0	0	0	0	0	0	0	0	0	0	0	0	0	0	0	0	1	0	0	0
OTU_1569	0	0	0	0	1	0	0	0	0	0	0	0	0	0	0	0	0	0	0	0	0	0	0	0	0	0	0	0	0	0	0	0	0	6	0	0	0	0	0	0	0	0	0	0	3	0	0	0	1	0	0	1	0	0	0	0	0	0	0	0	0	1	0	0	0	0	0	0	0	0	0	0	0	0	0	0	0	0	0	0	1	0	0	0	0	0	1	0	0	0	0	0	0	0	0	0	0	0	0	0	2	0	0	0	0	0	0	4	0	0	0	0	0	0	0	0	0	0	1	1	0	0	0	0	0	0	1	0	0	0	0	0	1	0	0	0	0	0	0	0	0	5	0	0	0	0	0	0	0	4	0	0	0	0	0	0	1	0	0	0	0	0	0	11	0	5	0	3	0	0	1	0	0	0	3	0	0	0	0	0	0	0	9	0	0	0	0	0	2
OTU_1570	2	1	9	17	10	2	2	6	6	2	6	2	11	4	8	3	3	2	0	5	1	0	2	2	1	3	0	0	0	5	11	22	0	2	5	4	5	2	3	4	1	6	11	3	5	13	0	1	9	2	2	3	3	2	0	2	2	3	1	4	1	3	5	7	28	3	4	5	2	2	2	2	1	9	1	1	0	0	4	0	0	3	6	1	3	4	1	17	2	3	9	0	7	9	9	0	0	1	9	2	4	11	1	1	0	0	1	1	5	0	0	2	0	0	0	4	0	0	0	0	1	0	0	0	1	0	1	5	0	1	1	0	0	1	3	0	0	0	0	5	7	7	1	4	0	0	0	0	0	1	0	0	0	0	0	4	5	1	3	7	0	1	0	1	0	0	0	10	2	1	1	1	1	0	1	0	0	1	0	0	0	0	0	1	6	2	0	0	20
OTU_1571	4	0	0	1	0	0	0	0	0	0	0	0	0	0	0	2	0	0	0	0	1	0	0	0	0	0	0	1	3	0	0	10	0	0	0	1	1	2	0	4	0	0	1	0	0	3	0	0	4	0	1	0	0	0	0	0	0	0	0	0	0	0	1	0	1	0	1	1	0	0	4	1	0	4	7	0	0	0	0	0	0	0	0	0	1	0	0	0	0	0	1	1	1	9	0	0	15	1	0	0	8	0	0	0	0	0	0	0	0	0	1	0	0	1	0	0	0	0	1	0	0	0	0	0	0	0	0	6	0	0	0	0	0	0	0	0	0	0	0	0	0	1	0	4	0	0	0	0	0	0	0	1	0	0	0	0	0	0	0	0	0	0	0	0	2	0	0	0	0	0	0	0	0	3	0	0	0	0	0	0	0	0	0	0	0	0	0	0	1
OTU_1572	0	0	0	0	0	0	0	0	0	0	0	0	0	0	0	0	0	0	0	0	0	0	0	0	0	0	0	0	0	0	0	0	0	0	0	0	0	0	0	0	0	0	0	0	0	0	0	0	0	0	0	0	0	0	0	0	0	0	0	0	0	0	0	0	0	0	0	0	0	0	0	0	0	0	0	0	0	0	0	0	0	0	0	0	0	0	0	0	0	0	0	0	0	0	0	0	0	0	0	0	0	0	0	0	0	0	0	0	0	0	0	0	0	0	0	0	0	0	0	0	1	0	0	0	1	0	0	0	0	0	0	0	0	0	0	0	0	0	0	0	0	0	0	0	0	0	0	0	0	1	0	0	0	0	0	0	0	0	0	0	0	0	0	0	0	0	0	0	0	0	0	0	0	0	0	0	0	0	0	0	0	0	0	0	0	0	0	0	0
OTU_1573	8	0	3	0	0	0	33	0	4	0	0	0	0	1	0	2	1	1	0	0	0	2	2	52	2	0	1	0	0	0	11	0	0	1	0	0	2	30	0	1	0	0	27	1	0	0	0	341	1	0	0	1	0	0	0	1	0	0	0	0	0	1	0	0	0	3	0	0	0	1	0	1	4	0	0	0	0	0	0	0	0	0	0	0	0	0	0	1	0	1	1	0	1	0	0	0	0	8	3	1	62	0	0	3	93	2	0	0	0	4	6	1	16	0	85	87	237	47	3	11	3	319	340	142	80	21	13	15	78	0	184	2	6	1	3	0	4	12	2	1	1	2	2	4	1	0	3	51	178	21	15	16	2	0	0	0	19	15	0	0	349	11	14	11	51	4	45	2	0	21	333	126	1	11	5	2	198	34	2	1	31	1	11	6	16	9	0	57	0
OTU_1574	0	0	0	0	0	0	0	0	0	0	0	0	0	0	0	1	0	0	0	0	2	0	1	1	0	0	0	0	0	0	0	0	0	0	0	2	1	0	0	1	1	0	1	0	0	0	0	8	0	0	0	0	0	0	0	2	0	0	0	0	0	0	0	0	3	0	0	1	0	1	0	0	0	0	0	0	0	0	0	0	0	0	1	0	0	0	1	0	0	0	0	0	2	0	0	0	0	0	8	0	0	0	0	0	5	0	1	0	0	0	2	3	0	1	1	3	0	0	0	3	2	1	1	1	0	0	0	1	1	0	329	2	0	2	0	0	2	4	0	0	1	1	0	2	11	1	0	1	0	0	1	0	2	4	0	3	15	0	3	0	1	0	0	0	0	2	3	0	2	0	0	3	2	1	1	0	5	12	0	0	8	0	0	36	5	0	0	0	0
OTU_1575	0	0	0	0	0	0	0	0	0	0	0	0	0	0	0	0	0	0	0	0	0	0	0	0	0	0	0	0	1	0	0	0	0	0	0	0	0	0	0	0	0	0	0	0	0	0	0	0	0	0	0	0	0	0	0	0	0	0	0	0	0	0	0	0	0	0	0	0	0	0	0	0	0	0	0	0	0	0	0	0	0	0	0	0	0	0	0	0	0	0	0	0	0	0	0	0	0	0	0	0	0	0	0	0	0	0	0	0	0	0	0	0	0	0	0	1	0	0	0	0	27	0	0	0	0	0	0	0	0	0	0	0	96	1	0	9	0	0	0	0	0	0	0	0	0	1	3	0	0	0	0	0	0	0	0	0	0	0	0	0	0	3	1	2	0	0	0	0	0	0	0	0	0	0	0	0	0	0	0	0	0	0	0	1	0	0	0	0	0
OTU_1577	3	20	2	8	18	32	1	51	16	16	5	78	1	2	0	2	7	4	4	0	5	2	8	1	14	0	2	1	3	0	9	4	17	35	6	1	9	9	10	16	1	17	6	6	33	2	3	7	3	13	3	5	41	1	7	7	1	31	5	0	0	6	12	1	2	47	4	8	2	5	4	6	0	9	1	11	26	3	2	11	2	0	7	0	1	2	0	1	32	0	3	0	3	10	50	1	0	0	1	5	0	6	0	3	3	1	0	14	17	40	6	5	11	7	2	7	1	2	1	4	3	1	5	8	8	12	5	10	13	11	3	8	0	2	1	2	26	20	6	8	0	2	3	1	3	20	3	9	0	6	1	1	2	15	1	8	15	1	23	0	2	9	0	43	1	0	2	0	71	0	1	0	1	20	1	7	0	7	0	1	30	0	1	7	0	0	3	9	0
OTU_1578	37	4	2214	17	13	14	74	42	436	33	4	6	7	3	19	4	6	5	1442	448	571	2	82	68	30	0	103	50	18	84	22	11	6	66	277	231	841	84	3	1	4	7	58	1076	795	4	3	22	4319	15	2	1013	1	1	12	3	0	7	110	2	8	62	8	1132	4	0	15	4	142	2	4	1	234	4	30	76	3	2	67	732	1	256	148	5	3	1070	1	19	10	9	7	202	195	0	3	397	0	156	207	1	150	18	814	51	0	15	0	22	2	1	11	49	4	1	6	58	16	20	70	27	66	4	5	21	27	119	18	4	51	0	7	1	8	5	240	4	9	7	19	39	43	409	6	434	2	120	1	28	1	16	32	3	100	1	1	247	37	315	2	1	13	10	24	26	45	29	0	14	1	356	6	12	6	291	103	47	1	4	25	8	25	4	97	0	96	32	319	41	1931
OTU_1579	0	0	0	1	0	0	0	7	0	0	0	0	0	0	0	0	0	0	0	0	0	1	0	0	0	0	0	0	0	0	0	0	0	0	0	0	0	0	0	0	0	0	0	0	0	0	0	0	0	3	0	0	0	0	0	0	0	0	0	0	0	0	0	0	0	0	0	0	0	0	0	0	0	0	0	1	0	0	0	0	0	0	0	0	0	0	0	0	0	0	0	0	1	0	0	0	0	0	0	0	0	0	0	0	0	0	0	0	0	0	0	0	0	0	0	0	0	0	0	0	0	0	0	0	0	0	0	0	0	0	0	0	0	7	0	0	0	0	0	0	1	0	0	0	3	0	0	0	0	0	0	1	0	0	0	0	2	0	0	0	1	0	0	0	0	1	0	0	0	0	0	4	0	1	0	0	0	0	0	0	0	0	0	12	1	1	0	0	0
