otu	TZ20	TZ7	TZ95	TZ55	TZ86	TZ114	TZ66	TZ15	TZ109	TZ85	TZ115	TZ71	TZ62	TZ64	TZ112	TZ63	TZ93	TZ74	TZ65	TZ45	TZ11	TZ53	TZ44	TZ34	TZ59	TZ73	TZ94	TZ16	TZ102	TZ38	TZ24	TZ58	TZ28	TZ83	TZ33	TZ29	TZ22	TZ107	TZ12	TZ32	TZ78	TZ6	TZ111	TZ47	TZ88	TZ30.1	TZ108	TZ19	TZ40	TZ91	TZ52	TZ37	TZ101	TZ57	TZ81	TZ13	TZ89	TZ4	TZ87	TZ3	TZ5	TZ8	TZ26	TZ75	TZ80	TZ60	TZ30	TZ56	TZ41	TZ76	TZ9	TZ50	TZ77	TZ68	TZ82	TZ104	TZ110	TZ96	TZ67	TZ92	TZ113	TZ105	TZ69	TZ48	TZ103	TZ61	TL100	TL30	TL107	TL106	TL80	TL76	TL65	TL7	TL96	TL86	TL103	TL95	TL111	TL61	TL94	TL62	TL63	TL37	TL116	TL31	TL118	TL13	TL121	TL57	TL87	TL64	TL2	TL108	TL73	TL55	TL109	TL77	TL38	TL12	TL67	TL10	TL3	TL14	TL97	TL123	TL6	100a	TL120	TL54	TL117	TL44	TL71	TL20	TL1	TL124	TL78	TL105	TL81	TL91	TL66	TL92	TL88	TL60	TL69	TL93	TL113	TL59	TL115	TL85	TL4	TL39	TL16	TL114	TL129	TL102	TL110	TL84	TL112	TL74	TL70	TL99	TL82	TL18	TL23	TL83	100b	TL90	TL27	TL5	TL58	TL119
OTU_1	OTU_1	15996	417	187	4179	2051	45	161	789	75	1205	259	719	1768	978	39461	1333	11605	88	324	1770	2565	183	74	610	41	254	215	8940	1119	2222	216	3757	137	2115	155	298	5409	417	158	5759	31622	171	910	164	1125	1183	13402	224	82	315	3132	307	101	141	209	623	2000	2828	1600	740	2521	4367	205	374	2282	2191	108	702	373	925	125	4332	2937	858	227	7860	2051	560	4528	6202	184	456	1884	7677	2682	1168	4529	29	392	8535	2044	930	11	72	307	81	739	133	522	44	1322	5484	25	140	80	119	179	2448	2350	255	315	1086	669	138	4252	158	948	545	479	1985	29	959	37780	4532	26990	311	375	401	3278	414	121	43	6784	61	406	457	123	327	232	441	640	426	3217	21	321	8719	1340	282	1891	36	524	3563	407	376	239	1967	623	3619	690	5	98	613	348	5467	402	3011	603	1490	13095	18984	2937	526
OTU_2	OTU_2	521	4376	1768	654	1027	1981	133	1872	7784	2139	45	2164	2375	2571	77	1479	1388	1053	3177	228	8708	3828	19460	761	6576	3728	3733	8541	927	9509	381	6979	2400	302	3921	3332	339	543	3064	2127	592	9141	752	4820	2064	2013	1584	1934	531	10876	2072	1499	1239	412	138	796	18964	5539	2248	10176	5060	99	8667	1031	3485	176	5969	3295	942	2611	2737	518	120	795	812	1060	927	748	2045	2393	603	17197	15990	4115	2643	8451	1875	1872	10915	891	116	2353	93	2041	558	14233	12726	12972	5411	571	5019	2421	776	12590	630	572	431	2902	860	681	1231	9848	6200	5580	4061	191	7110	670	2330	2548	9911	472	892	1082	1392	2022	1396	7704	5982	11914	1401	92	793	561	25127	2297	13607	391	6698	3370	1607	1761	4299	834	394	8566	15147	13370	932	1321	11505	19019	1074	2911	1716	1084	6578	137	4513	99	4281	6782	6490	5861	703	3540	12114	2150	11452	454	6886	381
OTU_3	OTU_3	106	2494	31	608	147	9	914	1202	983	6	2643	19290	223	12800	1449	561	819	6439	35	47	227	5354	61	22155	3002	30	8093	17448	39	44	322	83	3731	100	5736	8913	266	10088	79	65	74	17	2322	20560	67	28	50	391	215	138	571	17696	6521	1538	153	134	59	1290	66	300	5695	39	58	48	1239	416	36	1255	16901	12930	12140	35	120	27806	37	28	328	58	68	103	46	37	298	17301	1349	5187	6431	42720	57	110	793	38	183	8212	526	6202	77	9632	20504	31985	10776	1384	3791	174	14376	33491	27882	12317	10845	9782	1317	8100	141	26776	408	1585	520	2425	48	363	12055	2167	29	684	437	1640	4296	436	1025	3143	21538	14699	8532	3925	3791	58	118	34138	411	12398	6481	333	29	15468	4445	3217	418	4380	504	21624	118	247	1709	2908	27799	647	5865	1898	914	33515	29820	485	98	15213	50	4475	1675	1481	3880	46	9009	67
OTU_4	OTU_4	3768	2741	7169	2471	873	2097	2037	5500	3568	2454	1459	738	3323	1013	1877	2002	3118	2255	974	1955	3977	1356	1447	821	5637	4296	723	924	3491	3034	2338	3125	1624	7619	1054	892	12396	584	2560	3313	1574	3929	1483	879	1160	2434	2826	3324	2519	1313	5884	812	1015	1459	15632	741	3979	2288	849	5850	1134	3664	1677	6692	3905	2800	3623	1505	533	1415	1303	14130	15629	9510	7261	3988	3836	3325	3241	10332	10672	372	900	2386	1751	7169	756	14	118	128	2519	4753	223	483	1108	131	224	329	1354	174	380	181	178	744	119	72	63	692	1610	246	2100	104	544	172	236	38	431	908	58	737	233	2571	837	1169	3375	1154	2669	558	573	287	242	27	225	519	580	301	388	18	2030	840	869	1944	8899	228	502	79	287	310	75	54	1137	244	2517	691	338	257	1782	1704	166	109	92	355	88	547	54	1361	263	1077	222	439	319	7705
OTU_5	OTU_5	1460	784	49	8245	15732	2	45	66	193	130	4342	165	114	247	9372	36	1331	828	76	982	764	20	80	6200	54	925	15	7823	2059	1847	23	2571	2822	266	1053	24	776	54	303	2213	338	874	132	777	62	7874	219	219	26	389	805	383	38	28	17	16	192	161	241	134	183	1351	19	32	95	5222	1763	1461	34	37	18874	623	164	112	688	14653	254	497	632	5652	1331	6075	80	2058	2246	163	3712	349	780	21035	4759	76	4	305	18138	943	2072	12	3039	218	1709	7420	39	488	376	634	1140	767	1504	131	185	111	25	3367	19867	855	262	3948	430	504	4183	19321	3209	453	272	59	83	6	172	204	5387	38	7010	163	248	31	94	9	455	1203	819	591	138	42	38444	393	640	276	74	30	5151	95	138	443	185	544	69	10314	54	472	24	17	895	25628	44	2071	5	1295	714	1213	93	4630
OTU_6	OTU_6	541	1106	2144	429	6701	128	2476	1037	4558	1019	2172	2023	13271	1510	98	2950	75	4630	784	5969	2184	369	116	679	465	1721	466	978	1034	1305	1313	225	327	10006	983	2618	526	665	1449	1324	158	2865	59	412	349	1970	3462	859	6528	2374	1398	1839	139	1949	96	2897	416	16804	264	4513	1123	1161	1999	2101	724	6309	1609	449	3133	522	138	9627	1465	855	2468	195	4070	1121	1044	668	2428	46	67	773	2950	862	400	72	83	21	7248	2110	4	740	555	85	81	1060	1374	141	507	304	148	167	488	546	264	188	91	129	5461	4206	246	168	10494	37	4105	3778	148	145	686	3478	251	137	3954	63	1970	74	581	312	157	17	545	1655	250	744	1128	36	1582	673	607	762	26	656	47	5	73	796	1005	89	244	119	10650	557	190	2990	1284	2593	144	46	444	581	470	6652	1572	481	115	1403	35	3352	1045	10437
OTU_7	OTU_7	1316	3197	1107	579	347	26	85	4049	3218	156	186	25	1621	268	8	6176	6	4	1872	331	230	4614	29	712	1551	252	4520	103	3994	29	46	1811	1185	5	355	567	656	323	331	63	11730	574	1390	448	221	504	160	568	36	1125	24	603	27	66	6222	4517	2912	416	498	4497	525	162	52	3169	2898	116	619	5909	836	556	211	6494	1567	5152	3201	879	64	3751	26664	28	227	30	69	2443	10	3961	27	9	46	5	596	1023	0	15	1351	9	33	2	69	1	1	6	0	73	0	2	0	174	18	3	116	59	89	57	4	0	40	43	5	13	0	156	11	115	1190	0	86	25	12	2	0	1	25	0	69	0	35	3	509	73	1	289	1767	1	0	0	67	0	102	1	289	123	43	0	48	50	11	126	13	1	1	2	5	302	9	7	8	259	24	21	23	294
OTU_8	OTU_8	4531	1158	7458	1703	1334	1009	1856	985	2920	1285	2068	342	9503	573	1457	999	1532	925	799	638	623	3120	183	85	532	487	754	553	3663	10	1116	25	1634	139	694	299	204	248	270	380	916	876	921	318	292	494	1195	752	1773	1499	8584	1159	216	1023	2615	52	22	329	440	742	2021	28	1454	3940	246	1032	1896	152	1272	770	1066	23	47	1356	1133	21	2276	28	42	2812	2655	343	407	1076	3532	731	898	8	5	24	3735	332	1	473	75	58	100	1	289	95	70	360	22	257	5	32	18	111	1272	139	794	142	3	75	31	173	107	907	33	5	41	77	26	282	3818	44	3051	6	952	3	181	24	119	158	5	177	237	11	310	385	153	19	15	41	714	53	76	45	499	24	109	53	1665	700	31	174	241	1323	302	6	11	39	46	93	17	3527	6	1200	77	1114	202	8961
OTU_9	OTU_9	583	775	206	1159	1455	8	1434	2411	1477	563	902	233	889	317	1270	701	103	639	1807	1751	1661	2680	1675	1530	523	445	1548	831	483	719	2930	50	1281	506	2375	1578	835	2456	3973	3083	20	1757	841	1391	995	377	1148	818	1659	1759	72	268	1469	366	24	195	1099	1076	395	3190	1829	68	1375	41	149	2168	774	489	1555	850	1176	10	114	2614	1225	52	815	2096	5027	331	1840	4093	66	768	1435	2583	681	234	230	8	5727	3110	22	125	358	336	614	288	3042	298	351	751	149	1872	233	249	242	1015	497	263	1970	1075	150	144	18	216	411	1340	185	752	1153	953	502	84	813	129	186	544	560	443	383	298	171	232	71	73	166	86	1047	1220	529	1631	1	748	1117	433	70	1050	53	113	541	1850	317	191	204	702	1785	1134	480	183	577	108	427	186	143	725	225	884	449	632	581	151
OTU_10	OTU_10	31	5739	209	135	257	5	197	700	720	13	0	187	58	290	32	28	125	304	334	10	44	8114	8	451	41	10	1168	74	9	16	93	14	22	53	172	19	3	251	23	1656	58	2	30	9947	1268	304	129	170	579	19	3	33	560	138	309	16	586	182	2553	18	857	30	389	8	90	32	24	44	1889	439	2490	6	4	918	3887	79	290	8	50	47	295	2	59	17	1367	13	530	381	8450	15598	180	368	17	1176	82	6206	25	3176	659	12	1390	9	105	4549	3791	1560	7	278	312	77	811	1016	18	2036	276	8	407	43	1519	3	9269	597	1278	122	336	3180	14	244	19	3682	327	14	121	234	11	109	96	522	103	1312	21	15506	2	282	165	58	104	829	34	5264	165	117	13	729	694	4521	458	6	23	82	5276	7197	15	3677	2562	96	398	1059	94	15	4996	121
OTU_11	OTU_11	2324	363	613	8603	675	6	27	6362	239	40	632	301	72	297	290	212	5543	27	78	120	692	545	257	94	261	285	904	151	408	113	71	65	6059	1432	122	146	1307	85	131	29	7994	1325	30	157	88	1100	114	1000	345	289	572	620	105	52	131	188	148	469	89	435	86	109	320	198	166	1352	173	283	300	162	1726	479	1706	1290	643	5601	648	194	255	161	500	41	585	538	35	448	826	2	15	16	1059	158	9	179	192	16	46	73	1854	6	378	10	791	63	26	11	274	112	540	250	590	29	12	53	195	1	106	112	12	366	73	189	164	2152	184	60	617	104	325	20	2	1	985	7	93	13	57	6	833	3629	12	221	156	22	505	22	465	75	0	181	1079	50	97	180	80	32	83	10831	109	606	21	22	1	64	7	206	93	77	104	28	72	995
OTU_12	OTU_12	38	1227	401	138	20	52	19	42	1396	11	2	737	14	772	9	614	167	137	90	34	352	122	2125	21	68	1304	15	1278	16	6	9	89	503	7	504	33	52	15	87	144	51	2922	42	806	278	1203	200	703	226	1096	101	510	218	99	148	34	6	752	146	2119	1859	27	441	111	1031	35	2584	735	73	1624	481	15	13	285	623	32	97	36	8	36	1436	2859	6954	10	10	442	698	379	4148	1010	37	7031	17	924	67	9848	4626	861	510	98	794	240	1166	7371	666	395	20	1348	247	347	379	1598	12	491	131	10	255	25	999	3654	1705	444	28	151	406	391	125	384	581	889	1454	36	550	163	34	913	60	199	2056	132	1012	792	1244	941	96	1798	14953	1425	398	1303	187	4256	4	340	133	369	1574	17	208	49	85	1008	804	863	257	251	380	105	1835	4320	2484	40
OTU_13	OTU_13	177	1132	302	216	53	14	43	601	1060	1508	28	1552	99	1436	31	1455	116	3556	188	13	364	198	1147	254	136	240	4907	2274	80	166	773	50	280	228	290	3979	259	337	1699	196	25	621	654	785	967	221	462	204	100	349	111	164	66	49	25	135	269	353	486	1834	1079	20689	191	54	662	22	370	285	18	321	857	37	48	245	79	22	802	109	1977	499	196	947	2172	45	6869	1570	54	99	1124	37	251	260	8	457	1155	1232	362	654	1750	981	1624	724	523	1723	210	409	496	582	243	154	267	218	4303	545	72	397	2990	471	273	1260	373	175	773	116	1091	516	479	3270	691	1205	648	19	248	906	7349	4561	1147	96	506	369	1356	404	428	53	87	325	1389	1283	2686	866	1381	6005	81	98	153	416	779	114	324	27	188	2842	470	258	74	238	3656	4693	459	408	491	90
OTU_14	OTU_14	587	1048	2947	1810	806	6402	318	2309	842	3683	95	120	325	288	147	843	172	110	1985	429	2826	1081	1061	197	4313	2950	902	526	355	927	356	1247	907	759	670	485	3525	143	2056	141	124	558	1067	536	898	1301	1922	1014	999	420	1612	1095	242	81	4414	80	1080	530	197	4869	734	75	176	638	501	741	2559	550	225	567	948	8	356	5892	1586	98	1056	2618	2039	6325	2040	880	1190	2384	276	2072	109	13	57	5	2752	1209	490	51	1662	26	84	102	613	41	91	52	28	232	40	27	10	220	845	51	840	85	488	25	106	7	203	268	18	266	187	238	880	134	1519	275	673	20	42	33	23	2	692	56	73	104	482	8	316	182	33	1313	749	54	185	21	318	66	702	14	465	92	291	218	57	219	284	360	43	13	46	234	29	233	32	77	8	226	85	95	82	1249
OTU_15	OTU_15	1439	52	249	630	2349	105	9	182	247	738	8	47	125	140	38	8	6	35	63	45	1335	6	45	23	40	3204	3	89	23	16	17	230	59	62	39	68	466	46	1041	2138	2680	124	16	113	43	200	40	3325	637	66	3851	167	15	65	4300	5043	23	364	25	481	104	4023	103	284	1725	18	216	813	23	7	24	6911	8411	303	16	1641	252	77	469	417	431	282	56	415	17	1088	19	2	19	189	673	430	20	74	77	138	59	21	222	2	3	8	4	107	85	3	11	11	210	3	527	289	99	14	4792	0	125	49	3	6	42	173	59	69	100	1062	1662	69	56	3171	5	3	999	62	1684	91	23	3	127	42	5	721	4253	4	0	1	240	11	5	3	314	1897	12	112	38	13	34	40	36	1	3	2	0	142	3	4	161	37	16	5054	232	219
OTU_16	OTU_16	4693	1462	582	858	91	538	468	1300	1029	559	690	1178	7465	1008	455	4024	376	1018	1825	668	401	970	373	503	869	390	2634	433	1618	239	1251	1213	1041	5158	629	736	2660	200	714	153	190	406	1364	250	609	937	750	988	562	355	2806	845	251	325	2691	2346	394	546	624	2886	1470	24	603	2128	1025	1555	345	1442	181	970	623	11	209	3639	3609	48	595	2490	3360	1067	2400	215	709	400	525	850	456	6	41	11	492	1074	6	196	385	14	55	127	299	78	189	30	59	210	28	29	33	219	217	97	533	73	90	65	13	40	128	560	7	65	60	760	121	250	2468	148	3793	36	122	163	82	9	107	30	76	190	89	8	311	147	99	863	320	52	54	104	84	71	22	24	344	83	1164	125	74	459	832	1040	64	23	34	274	19	127	15	583	17	455	132	567	84	7089
OTU_17	OTU_17	91	20	224	17	2	0	0	2	2	0	0	10	1	141	222	1	0	0	5	55	15	1	1	82	0	11	0	1274	57	13	1	9	127	29	22	6	876	151	3	1	0	0	7	1	56	300	226	0	1	5	2	12	1	129	1	5	1	1	5	30	10	6	2	0	5	6	7	215	1	2	0	2	279	0	1	3	1	2	70	200	13	393	0	33	9	23	0	2	0	1	1	0	0	0	23	1	0	1	1	0	2	4	0	4	0	0	44	1	3	2	4	1	0	124	0	0	23	3	0	23	1	0	1	4	808	5	132	1	104	0	1	1	8	0	4	0	3	1	8	12	0	0	2	0	0	0	51	13	2	0	2	312	2	3	1	3	17	21	75	0	1	0	0	7	1	27	0	6	124	1	10	2467
OTU_18	OTU_18	66	1480	1294	252	19	1828	132	7269	1092	745	5	4315	943	4307	72	700	335	1567	1268	10	1005	346	986	338	70	406	1013	709	1052	2132	267	102	2091	140	2222	1035	170	801	1726	119	36	3919	3254	758	1796	970	472	935	365	3914	135	314	90	53	67	184	1167	242	3079	2025	187	33	1540	400	432	29	3485	832	26	364	351	27	54	1085	479	61	589	1716	57	91	260	3552	9050	43	481	906	232	57	5613	384	37	534	25307	892	439	1894	6419	856	1457	89	1294	2062	459	5002	192	161	139	2117	76	186	658	431	22	1273	121	66	3648	291	1262	1495	387	253	865	264	5528	2059	2641	4274	1463	2560	319	31	166	122	967	2593	663	552	2733	715	3661	498	246	155	91	1476	3521	868	637	272	2282	420	245	974	164	283	10701	71	720	38	74	1399	1250	496	179	572	4710	494	1832	1203	670	178
OTU_19	OTU_19	31	3977	1827	577	313	2241	395	1489	448	227	544	246	1333	264	92	135	305	269	1084	3	1152	4208	251	90	28	365	2019	912	1496	617	425	28	350	1959	275	687	73	863	5339	102	1	1089	1436	492	934	1981	448	486	1487	5333	41	249	289	74	2	113	1895	3701	590	1929	1955	33	3101	92	39	3411	923	430	104	711	131	9	40	2003	1351	43	1679	1532	62	173	524	119	240	457	1253	1872	1059	56	151	3	41	85	2	68	106	72	810	22	812	9	145	168	35	176	10	3	8	59	428	40	1746	79	767	186	8	34	273	542	31	145	99	95	11	169	1207	6	201	11	110	1	42	3	26	68	14	160	1185	18	631	84	40	60	0	4	331	97	0	96	54	27	95	59	861	40	126	118	239	159	245	4	82	209	87	84	54	418	11	924	168	1526	389	1765
OTU_20	OTU_20	104	2439	266	14373	1617	1404	4512	3785	2310	1326	3926	703	1284	683	2697	391	2051	2999	4560	6321	1559	4354	960	3281	683	2515	41	1335	1142	2567	2085	110	196	294	1735	1223	120	3933	3894	14309	87	1764	3080	366	1560	1160	3379	4182	2113	961	3069	1117	5913	1610	242	221	5984	2802	291	919	633	149	1939	4566	188	1155	1229	721	1138	2985	6365	31	53	10787	5222	2297	195	7433	248	1879	768	465	4159	8010	2951	1243	614	470	160	19	5303	4765	2138	131	577	2044	1933	856	3949	1448	677	746	624	6446	231	975	1885	2017	1228	716	2003	601	1215	915	20	127	691	4083	832	703	1331	354	1807	718	2369	116	345	150	1732	45	2011	286	635	451	250	180	515	358	943	4558	394	1487	31	1930	891	1159	93	882	38	795	7803	178	3114	421	2407	775	2080	490	1226	1649	289	2240	368	3733	281	905	112	1309	1305	409	1395	255
OTU_21	OTU_21	2710	1705	3015	667	419	316	260	991	546	631	22	998	1966	884	215	3708	893	192	463	281	1109	3775	199	175	1376	298	1592	271	1483	704	975	1466	875	3897	429	327	2606	175	579	352	230	508	1708	378	380	957	454	791	931	485	367	226	105	2694	3639	7078	772	607	616	1593	472	16	171	2600	1101	218	363	734	1014	333	833	11627	292	2352	769	91	41	3558	946	2579	2179	116	34	1116	111	983	80	15	54	16	408	843	44	24	1330	26	91	25	770	10	49	12	48	194	24	8	4	95	382	60	863	22	195	22	45	2	108	228	8	200	51	461	71	396	5460	840	324	203	49	269	3	1	90	20	67	15	164	19	358	134	36	1432	531	10	34	37	87	30	255	8	279	73	1066	111	72	40	317	110	19	6	16	36	27	130	5	136	121	152	72	182	39	924
OTU_22	OTU_22	123	244	72	75	6280	9	1401	63	593	14	955	452	74	394	73	460	10	2496	94	18619	626	39	50	26	86	1309	54	1494	326	1486	30	169	118	678	110	186	173	564	2972	62	166	6400	18	6	58	1007	1291	624	173	99	166	539	17	31	116	187	34	643	129	850	312	347	15	151	304	628	91	889	16140	104	101	534	37	4784	2635	39	244	80	63	7637	146	459	23	33	3183	209	38	10	102	12	647	133	7	175	84	383	665	151	6559	11	5763	652	97	496	208	50	316	28	3429	1972	471	2186	98	19	5425	28	170	6610	12	215	370	2013	101	28	1160	279	1783	5	654	512	1499	355	1338	54	38	292	50	69	3386	80	83	50	417	151	74	13	94	189	398	30	475	80	5305	116	172	805	214	1833	192	42	486	130	17	678	13	134	22	1613	36	7290	722	1742
OTU_23	OTU_23	263	950	87	1186	1066	12	655	998	4984	420	1202	567	610	461	1049	1406	524	292	570	558	1137	1557	211	190	803	1828	1055	722	538	1269	900	23	710	4260	265	260	250	416	1742	184	830	154	2613	128	465	940	1238	996	72	332	21	276	230	692	8170	58	3333	672	968	554	1570	41	92	1591	580	1571	641	307	500	871	881	10	23	685	1363	51	34	1152	1131	2081	2967	336	39	430	364	1541	388	7	13	8	1724	0	9	64	223	41	50	34	276	97	98	42	38	105	32	35	20	279	430	38	103	77	79	80	5	28	128	544	18	41	98	76	159	233	1976	27	2985	10	67	165	24	17	21	74	39	90	36	7	118	227	201	37	714	174	220	76	6	92	138	6	125	65	831	97	57	52	757	926	11	13	36	94	23	113	10	923	3	284	106	107	131	2059
OTU_24	OTU_24	103	7515	143	15	8566	8	562	5784	56	9	0	8	6	312	60	7	6	10	68	239	722	5	5872	24	30	3577	8	119	7	10	45	3	647	2	9355	49	53	27	212	20	64	2	13	292	988	43	23	5428	162	45	620	17304	1686	398	22	61	35	40	61	23	32	49	13741	753	7103	283	4903	3488	15	2041	17	18	42	56	2	28	287	68	3	10	2433	8	34	64	2	6814	29	9	442	5599	10	4713	1963	245	68	645	266	7	1527	4	10	3	104	133	720	10	44	0	444	71	226	427	0	17	34	2	26	300	2009	5	343	177	38	11	42	114	25	8	6	13	2	85	0	1175	6966	6	118	29	76	22	13	2699	14928	2	44	762	116	0	2	98	37	80	4	336	34	14244	8	5	8	14	1	2	5	21	11505	3	32	27	1185	16	202	46
OTU_25	OTU_25	48	1382	68	179	13	967	20	127	72	60	75	12	2445	92	87	4783	9	19	145	1261	128	1335	554	18	16	2861	8	62	974	506	1969	29	241	4031	3539	199	394	372	2204	21	149	253	450	138	52	1133	31	970	55	2868	32	98	91	20	5554	44	29	923	321	51	603	90	1410	2570	1236	21	48	2316	33	279	40	6	3	3020	3712	53	53	1021	16	37	183	5	20	25	427	433	9	1	151	5	26	11	4	130	52	4	13	16	949	1	2	211	92	250	2	25	11	5	303	19	146	1	2540	43	18	5	316	1550	79	39	201	35	3172	68	93	10	24	24	22	116	256	4	84	4	37	50	473	28	237	41	230	3418	9	56	10	1	1447	5	14	0	1198	38	2448	2	78	470	544	19	17	2	94	5	1	184	27	393	34	353	31	4018	177	1165
OTU_26	OTU_26	6519	298	1660	1033	755	12	457	2941	51	454	46	995	1777	531	976	1230	1	323	110	984	2068	366	373	468	19	892	574	42	1619	640	1767	1181	35	2956	362	196	112	152	34	21	144	2	155	597	142	125	910	378	1801	217	3919	168	155	59	4332	11	1421	854	360	1012	192	30	639	4130	464	423	192	1331	209	1202	503	4	14	3129	1243	1053	718	2563	1762	3326	1627	9	9	568	589	50	133	8	153	4	10	474	83	182	317	74	31	27	646	13	28	8	33	1214	52	11	30	114	1014	38	3616	72	1	13	180	1	88	444	5	42	81	1598	337	34	762	15	18	2	231	11	32	3	21	46	166	69	346	2	65	382	90	229	11	47	11	34	79	71	1554	5	55	362	197	37	37	50	769	12	69	10	19	69	12	67	11	20	2	616	31	42	52	2440
OTU_27	OTU_27	1	0	0	0	41	0	0	0	0	0	0	0	1	0	0	4	0	0	0	0	0	0	9	0	0	0	5	0	0	0	0	0	0	0	0	1	0	11	0	0	1	0	0	0	0	3	0	1	0	0	0	0	1	1	25	0	0	0	0	0	2	0	0	0	2	0	0	0	0	0	0	0	0	0	0	0	0	0	0	0	0	0	9	0	0	0	0	0	0	0	0	0	0	0	0	0	0	0	0	0	0	0	0	0	0	0	0	0	0	0	0	0	0	0	0	0	0	0	0	0	0	0	0	0	0	2	0	0	0	0	0	0	0	0	0	0	0	0	0	0	0	0	0	0	0	0	0	0	0	0	0	0	0	0	0	0	0	0	0	0	0	0	0	0	0	0	0	0	0	1	0	0
OTU_28	OTU_28	3102	3011	1663	4842	1472	10	1036	746	432	130	904	1850	11	1348	526	5906	309	379	2201	3	719	2852	943	721	2995	79	856	101	10	726	1198	49	2190	1040	949	447	383	547	49	68	11	334	272	1225	1120	1966	2002	292	5	436	40	338	868	720	24	66	3342	346	30	453	1944	46	1155	1346	1291	1695	866	113	4	2578	485	6	9	565	6538	52	450	2862	107	1609	547	425	30	2538	2043	2623	705	7	384	4	1292	1581	5	489	1654	82	158	39	326	39	199	76	86	89	100	42	44	357	682	60	48	648	4	40	40	63	131	516	18	133	59	2939	616	159	3177	23	1141	12	615	162	194	20	85	43	12	382	16	32	243	370	317	41	7	32	92	2148	4	158	507	33	111	244	484	525	166	288	304	307	333	25	93	120	112	149	18	508	7	1207	3336	1201	168	3484
OTU_29	OTU_29	26	4661	1030	36	9	3	11	688	23	9	1	4	30	5	166	3	0	15	2521	308	271	8	10	1006	15	50	146	43	7	1	8	15	22	16	20	22	5	447	8	1827	24	2190	81	4	25	1225	596	96	246	41	60	15	4	24	9	18	10	76	34	8	191	17	4263	20	27	62	10	5448	1986	2002	11	3	5	35	6	14	107	25	92	39	21	0	54	13	427	563	8	16	20	5794	131	4161	6	6	27	8564	22	24	1665	55	4358	1014	723	321	0	8	2	77	982	3	542	2496	3	37	1	2	9417	739	657	3	5587	108	6	47	75	93	7	139	1	442	4	19	19	35	6	5	5078	310	1693	1153	2	6574	1	233	432	2	18	273	4	4004	17	48	9	657	11	482	39	6	5	1	2638	98	5	27	17	61	194	416	29	327	3253	36
OTU_30	OTU_30	778	298	87	224	367	20	146	46	151	2854	297	498	541	482	71	1371	5	143	625	508	662	167	92	114	721	594	96	156	531	529	30	979	284	235	351	375	1018	314	100	270	1120	331	82	50	68	483	5606	213	2849	532	261	104	14	75	180	193	130	223	242	813	1062	566	51	854	1109	109	733	148	23	495	60	1441	818	234	1088	40	769	197	1459	877	424	1461	36	240	1263	1327	279	29	105	15	69	142	45	213	135	69	211	43	474	5	183	219	365	91	15	7	32	175	171	226	2547	33	418	34	390	24	75	623	8	42	92	3422	54	52	882	49	1785	14	264	253	121	16	877	6	19	215	218	24	250	135	272	95	1812	18	99	3	182	185	117	74	494	49	4576	131	55	273	574	452	114	5	200	132	8	94	8	262	15	673	19	2044	84	978
OTU_31	OTU_31	3247	813	2892	800	740	36	2196	1273	996	1264	593	457	560	372	793	831	514	664	758	537	1605	485	276	267	486	953	540	641	1414	579	992	27	657	3705	432	275	159	520	81	390	126	588	1205	31	117	276	1916	2493	1405	181	1273	404	226	1298	26	1925	1789	407	208	679	908	49	688	1689	225	1258	470	907	378	860	780	3448	63	1258	797	37	18	1390	464	659	1575	548	170	511	1202	139	341	12	33	80	795	641	86	173	278	281	34	54	525	155	205	283	155	227	136	30	162	213	815	90	1226	206	345	56	28	54	143	841	23	2	110	1409	200	225	780	162	932	84	148	23	247	14	97	125	38	583	210	8	279	673	246	499	18	232	301	151	115	138	68	39	222	62	708	450	35	247	479	862	94	138	61	367	59	279	19	1161	29	595	192	237	155	1447
OTU_32	OTU_32	9	12	1367	13	0	0	231	0	10	2	0	6	32	17	2	11	0	1	91	0	4	24	9	3	5	4	344	20	0	0	438	13	60	4392	756	330	21	155	28	13810	52	1	1690	13	2	1369	3	6	0	1459	29	32	165	1522	7	8521	2	3	12	3	12	2	1336	6405	25	28	60	1027	2	12	84	2	29	11	3	3	371	1	0	4	17	2	69	3	0	90	3	22	148	1	1364	1	14	14	78	13	22	7	662	2	1	283	162	6	0	0	0	80	12	10	29	65	0	4	0	0	11	334	0	12	7	594	1	11	7	11	4	0	1	2	79	1	21	0	2	10	5	5	12	4	77	1	16	9	0	9	0	3	1825	16	36	4	818	3	2	11	1396	4	12	0	8	102	0	5	1	9	0	15	34	5	21	168
OTU_33	OTU_33	1463	613	42	1474	279	92	523	556	532	471	197	221	1779	226	546	1841	1086	2005	500	567	859	252	333	403	357	1033	495	1086	1387	395	293	33	1032	6732	340	168	396	103	265	63	99	229	975	147	164	454	875	630	282	177	82	195	302	753	429	622	122	221	367	348	448	190	330	14700	430	846	195	364	93	383	287	17	52	2364	1667	74	1475	2049	460	1089	981	499	660	145	615	988	239	4	14	3	106	989	62	374	201	55	29	17	390	15	129	123	24	81	36	49	19	266	1298	183	251	54	208	17	103	53	68	279	13	29	113	1040	366	365	2361	27	1129	3	111	63	127	12	51	67	17	264	354	10	140	143	259	167	46	112	165	52	11	80	273	37	94	44	191	193	35	122	254	524	24	29	34	1374	14	60	19	561	3	357	81	219	50	750
OTU_34	OTU_34	21	131	35	635	143	4	9	28	482	4	0	365	21	414	2	5	541	103	99	8	46	225	3	177	48	81	202	10	5	1	4	836	486	22	113	7	49	255	22	88	18	3	2010	2024	22	8	2	88	419	17	68	73	171	62	43	16	3	109	300	19	6	11	16	13	54	9	7	1432	189	928	3003	3	32	266	102	1	303	6	8	24	8	3	30	710	710	37	778	82	1916	1120	9	1067	26	584	28	6302	18	1568	141	4	3291	208	591	9630	3	787	6	46	6	30	783	12	21	1358	84	9	1496	39	20	6	946	81	23	321	408	151	25	76	486	24	555	15	193	36	12	3753	69	13	73	82	967	516	1	236	258	1317	557	18	39	65	244	20785	1	2356	25	116	2460	10	358	6	2390	9689	4325	74	37	65	60	662	1546	8	1590	6
OTU_35	OTU_35	17	1099	517	53	20	3	7	1589	475	489	0	1780	126	1849	7	7	4	62	61	23	56	127	10	275	31	60	1210	106	221	3	8	12	45	114	413	35	9	966	496	61	5	748	696	1071	810	277	807	359	3	651	44	187	251	102	25	32	456	448	465	39	2211	12	348	79	29	21	365	199	1	745	720	7	8	301	186	9	395	10	5	48	113	73	795	17	3685	713	508	30	578	56	303	1831	2571	68	91	1779	2759	2334	3826	23	2609	1067	2239	840	12	615	33	636	143	599	187	2206	4	212	7	5	1932	384	10	95	2891	200	11	64	1026	505	39	117	950	38	120	8	73	1194	21	1391	269	517	622	2015	5685	112	1	231	610	2045	923	1460	53	490	19	181	1	2355	378	1508	2383	44	702	16	1316	3783	2666	265	14	64	183	2511	3529	1317	575	35
OTU_36	OTU_36	11	377	139	102	32	439	692	421	266	11	2	442	2186	472	41	229	750	43	196	29	10	582	624	20	1341	176	297	145	282	1021	256	105	71	100	604	303	32	404	26	285	14	264	135	1037	176	64	78	168	88	430	21	55	89	53	63	34	197	526	62	353	2304	50	527	254	267	9	159	48	36	1169	273	60	9	228	12	48	262	97	28	72	385	159	22	39	403	1795	302	13	381	88	56	65	6	110	30	892	1291	720	2383	13	1022	313	247	333	13	388	40	1958	43	10	246	1344	31	566	13	132	554	362	14	8	1077	442	7	351	300	51	37	71	633	1006	872	8	300	90	39	24	366	202	213	1375	412	337	235	131	26	247	1294	2222	265	326	43	105	1550	348	760	159	929	21	420	44	438	697	178	507	17	191	46	364	383	116	528	174
OTU_37	OTU_37	926	908	1721	247	111	1186	2969	368	902	758	370	246	1567	214	520	143	1186	470	611	572	1302	285	362	343	370	1125	399	1315	1011	573	238	1759	1196	1382	329	316	1161	516	393	35	230	391	2378	213	395	1185	377	573	3682	207	513	264	223	406	187	2009	612	181	226	465	660	442	836	1069	103	566	534	522	55	234	661	1511	700	1180	733	44	2261	988	67	812	667	230	399	94	899	2058	201	16	21	11	376	2622	191	203	96	18	69	22	1426	29	97	270	103	176	59	13	69	331	1408	108	2907	102	243	27	37	37	118	483	3	45	107	390	267	432	1926	32	1790	101	88	145	147	4	105	73	37	126	193	5	249	157	51	167	109	123	58	180	118	543	31	25	719	50	1804	789	56	66	553	435	72	87	73	36	12	56	16	283	60	494	227	341	77	2462
OTU_38	OTU_38	893	133	56	3318	25	27	733	1489	298	2162	2117	220	19	143	218	109	13	107	417	206	1010	450	85	174	262	595	1403	91	351	403	230	3160	44	5816	163	174	130	351	405	36	20	5	1674	15	98	21	1200	341	82	78	14177	472	107	34	37	74	724	4196	46	2024	1294	36	1016	2597	69	2426	40	193	600	562	681	4584	83	3636	586	60	26	916	355	2505	2597	204	247	59	1065	156	694	60	128	6	100	172	18	744	1226	134	43	57	1122	40	99	14	138	461	241	4	40	19	48	35	159	768	3	23	57	58	92	743	21	17	50	2811	249	59	219	161	81	14	124	332	281	39	110	34	60	267	18	1	83	1000	40	3796	20	119	310	34	45	128	419	18	77	35	401	168	39	206	124	1511	105	73	36	81	17	2326	15	460	9	528	101	56	139	1503
OTU_39	OTU_39	801	631	268	126	180	156	345	671	211	36	29	1834	128	1767	63	1707	548	136	1105	22	53	411	1195	257	134	256	834	56	185	1080	62	6	1350	76	1342	1898	189	1068	126	37	23	470	967	1381	903	376	21	245	240	1904	36	184	223	61	11	18	538	209	839	596	1103	10	516	149	499	23	517	183	34	451	622	10	12	275	95	36	491	5	28	237	10	590	1811	36	751	365	309	206	1362	65	89	146	6986	276	325	265	891	1259	449	255	1081	1424	337	1251	195	471	123	1273	394	76	369	715	8	904	18	158	1293	986	367	2	1063	65	2	274	2741	36	1164	46	961	902	392	165	117	691	170	2843	43	283	315	580	1293	60	28	104	34	314	298	569	391	562	35	43	181	493	42	295	2179	144	521	97	324	1197	383	424	53	1769	35	593	466	385	666	169
OTU_40	OTU_40	118	1729	12	7213	1974	3	117	97	88	16	2177	449	7	420	78	5	37	192	157	126	332	775	147	70	1649	21	2	115	31	2561	2	10	631	14	215	47	32	2	36	293	2143	668	32	349	25	1956	16	15	5068	751	363	59	12	22	21	3	527	82	47	194	66	369	3	22	332	703	2047	66	28	73	181	16	363	74	38	916	208	279	444	151	320	2046	418	85	442	179	90	11	37	878	658	884	1	3	750	218	11	219	1247	11	712	2	115	129	28	853	351	46	37	282	7011	150	2	1886	118	5	152	85	52	3695	177	75	149	32	49	69	99	32	15	140	45	19	807	2	278	0	1159	14	441	68	6	442	475	8	40	6	581	130	21	195	69	30	31	21	184	35	49	97	14	417	73	36	309	1275	10	2	22	286	13	7	41	62
OTU_41	OTU_41	10	762	48	302	166	1	8	136	84	1855	1	1026	14	1048	13	144	282	59	427	90	2337	1864	1178	10	776	2130	4	73	181	681	47	7	703	43	1115	114	40	3	1421	18	8	362	137	1959	63	173	253	912	1533	1354	41	201	37	20	17	26	94	220	14	18	1088	17	1364	10	33	26	482	536	337	99	103	84	28	152	5	1219	430	45	10	74	1033	4	1004	669	0	2376	80	1744	2017	1141	19	2	8	195	40	1699	379	1860	591	11	490	954	116	41	6	390	7	1	767	39	1703	1232	0	558	20	1	1487	18	52	627	373	21	344	122	125	1197	68	4404	3	174	12	23	27	3345	1634	7	2216	10	195	15	5	490	0	7	7	1836	480	956	776	32	681	265	31	14	75	1504	769	4	30	0	40	10	478	748	495	19	4159	7	4942	128	141	29
OTU_42	OTU_42	1	161	17	52	0	0	25	1	47	2	0	3	0	16	0	1197	74	0	7	0	9	14	2	18	2	0	0	37	513	1	2	8	6971	188	36	247	185	0	28	0	3	16	1	6	1	1	2	16	14	37	52	573	7	12	0	48	194	100	6	169	635	0	11	43	287	87	0	5	0	3	18	15	5349	1	24	1	0	12	257	11	111	4	2	16	2	176	221	3	11	32	39	5	0	36	12	8	1	0	8	0	215	0	81	2	0	0	4	0	0	1	15	7	0	7	4	0	4	11	0	0	19	19	0	37	13762	1	2	0	0	4	3	0	1443	9	28	0	2	5	6	0	1	65	1	3	0	7	465	0	148	0	42	9	16	0	2	4	36	83	0	10	4	0	0	0	7	180	0	1	12	7	58	55
OTU_43	OTU_43	845	247	9	38	33	4	860	98	34	1665	6	180	216	205	16	68	3	80	69	243	3355	132	1024	355	45	18	464	293	135	4984	6	72	350	2	570	269	14	16	1119	436	11	135	2401	25	41	44	558	135	7	2696	10	34	6	4	9	243	3105	2716	17	154	5703	9	14	2	54	41	11	87	2367	55	165	4	3	66	48	33	10	1331	3281	875	41	133	675	297	5	901	9	137	360	1	16	2532	1146	5	892	64	3	5	17	3	53	387	32	693	3	869	14	1	4688	112	13	28	441	676	2	17	4126	98	33	1358	15	40	3	24	166	32	13	89	31	69	61	6	28	5	46	0	2314	13	87	30	49	137	29	22	1	10	85	4	22	84	25	1449	12	2	526	142	1188	10	324	0	723	17	152	666	45	0	38	19	18	37	14	33
OTU_44	OTU_44	21	24	1865	60	16	2511	963	2408	679	7	7778	2771	7	2323	4	19	7	8	30	1107	44	7	16	23	44	32	3246	151	4	21	249	5780	21	0	224	31	123	4	2136	21	15	1465	10	1264	14	128	30	465	3	26	78	10	1606	396	5	9	82	465	681	1966	2954	7	115	1	34	15	8	17	43	849	3	5	58	1617	213	13	3383	7	5	14	42	10	14	37	3	67	231	230	395	4	14	0	36	960	26	330	17	0	8219	3	171	326	604	128	21	100	779	109	8	1311	369	24	85	36	63	139	37	15	48	919	46	61	29	20	1496	4358	243	3	798	36	1844	70	588	6	214	13190	34	4	830	1545	9	39	7	1717	134	188	14	67	553	34	40	19	211	3616	31	457	3468	1177	621	6	9	337	1	205	3	31	4	14	275	2806	321	30
OTU_45	OTU_45	129	320	127	395	218	4030	38	290	2635	425	231	376	71	316	36	129	66	122	127	719	627	327	961	850	149	418	918	49	172	1452	1286	17	278	80	208	170	227	873	2241	68	11	742	19	563	82	1270	671	631	1880	1002	34	294	334	132	5	51	268	429	362	229	209	8807	237	16	46	229	232	521	123	1143	790	3	48	253	97	141	694	595	44	1056	2220	3901	98	15	778	3016	893	98	402	4	3578	12	274	131	214	418	294	307	1106	60	387	53	1	2480	61	193	266	207	839	56	1605	3142	1305	27	83	71	562	437	119	146	494	5540	384	52	362	45	19	20	116	67	376	37	333	640	43	520	925	5	438	668	31	69	0	95	282	373	114	557	50	21	212	54	27	40	263	138	397	164	87	20	447	22	266	118	54	408	15	400	437	95	357	46
OTU_46	OTU_46	139	28	5	107	0	4	3	4	11	1	1	24	0	67	1	2654	6194	4	4	4	12	7	1	21	128	3	3	13	130	16	2	0	779	0	4	22	457	0	2	0	4	563	0	7	1	2	0	0	101	126	13	76	2	2	2	2	109	1	8	2	2	22	30	11	695	71	0	11	0	227	150	47	2167	43	1	12	0	2	2	5	131	3	1	0	0	155	2640	0	0	5	326	35	1	81	21	2	1	0	10	0	336	4	104	8	0	5	29	5	1	1	129	0	3	86	11	4	16	5	1	0	13	81	180	2379	1424	2	1	0	0	4	0	3	384	9	31	0	3	14	348	364	0	0	8	10	2	13	96	0	36	4	34	56	0	77	6	9	186	0	0	22	0	0	0	5	4	244	0	7	68	9	2	16
OTU_47	OTU_47	24	262	28	2244	9	3	957	574	489	16	257	1290	6	1176	389	583	4262	2825	516	7	35	328	16	840	55	16	2044	97	15	13	1392	11	22	139	871	462	208	556	46	61	3	677	514	60	749	439	225	109	239	1075	46	56	788	214	10	66	362	231	1029	13	1483	28	18	343	153	98	366	133	2	3165	1222	37	54	258	9	29	770	1453	23	14	53	10	48	28	3441	98	3698	66	28	2	898	2	7	82	17	953	419	374	54	328	509	192	202	980	172	159	183	931	570	54	280	585	225	103	10	396	290	1511	72	40	4	313	20	1653	210	57	358	15	922	1136	294	166	126	854	16	498	28	131	425	7311	821	31	6	517	88	2070	32	3461	248	117	76	151	350	3467	346	34	1476	1120	522	355	66	562	439	517	16	1966	12	2034	2706	42	49	548
OTU_48	OTU_48	46	391	23	20	8	3	17	21	69	35	1	1	797	31	0	35	84	0	103	124	34	6679	14	14	12	34	2	3039	4	2	6	20	193	0	23	25	342	2	15	15052	2	5	15	14	9	17	2	150	3	19	0	121	2	12	2	1571	2	2333	1	153	4340	25	23	0	8	29	13	23	7	19	8	0	208	15	4307	9	30	291	15	6	80	1	22	1	2	66	52	80	2	11	731	75	2	1	45	1	276	5	546	0	1412	24	2	28	0	546	0	5	20	12	53	35	1336	1580	11	0	54	16	2	179	12	9006	81	44	594	5	5	4	3	1	0	1	120	3	1	1	9	4	38	9	0	37	0	1	7	0	1	0	2	4	35	26	1751	0	14	17	12	15	3	1	0	2	6029	40	1	5	0	146	36	14	1	41
OTU_49	OTU_49	3	2	3	0	0	0	0	2	0	0	0	0	0	0	0	0	545	0	3	0	5	0	0	1	0	0	0	6	0	0	0	0	50	2	1	2	11	0	2	0	0	29	0	0	0	3	0	3	0	4	16	5	0	0	0	1	1	0	0	0	0	0	5	4	1	36	0	1	0	24	0	23	5	0	0	1	4	0	0	0	0	0	0	2	0	5	12	0	0	0	53	0	0	1	2	0	0	0	28	0	21	2	1	3	0	0	21	1	1	2	2	0	39	0	1	1	2	2	0	0	0	2	4	237	34	1	2	0	0	4	0	0	24	0	87	0	0	7	19	30	0	0	5	0	0	2	95	0	1	0	0	0	1	36	0	0	27	0	1	1	0	0	0	0	0	27	0	1	3	0	1	0
OTU_50	OTU_50	7	69	48	75	117	4	20	30	75	30	2387	32	92	47	11	211	6	68	690	171	30	47	15	8	945	207	82	644	52	743	19	167	74	65	126	113	24	81	13	410	111	89	20	40	45	883	1085	63	1290	64	5	32	5	17	179	16	39	256	41	440	35	1939	19	405	59	20	387	24	11	325	7	38	13	104	154	17	271	29	44	2235	223	154	12	29	1105	425	22	26	205	3	30	10	1	32	47	6	159	6	475	0	238	149	47	48	0	5	21	63	15	123	1113	17	343	11	113	19	29	765	2	39	10	401	27	19	312	20	1046	4	93	2	52	7	435	3	4	292	85	7	95	89	205	359	3	28	5	5	21	104	92	43	154	99	2008	6	25	192	660	21	60	10	112	273	13	145	7	205	3	580	4	162	73	404
OTU_51	OTU_51	1127	263	26	360	13	2	500	647	438	638	465	147	14	159	246	613	969	595	319	115	411	280	112	144	144	244	239	129	300	511	511	324	233	2264	277	136	131	201	256	20	149	246	204	192	83	206	503	1194	782	111	38	132	118	304	1953	131	521	431	131	330	592	16	294	666	154	608	169	205	170	438	261	12	7	433	380	17	10	620	36	732	928	100	94	131	388	38	249	6	13	3	730	183	13	195	40	12	8	28	372	42	47	51	79	51	37	11	7	110	794	32	587	181	63	25	13	21	41	250	11	38	95	918	84	314	440	258	643	12	49	6	68	3	41	78	36	156	8	4	145	165	187	187	7	26	191	20	74	83	47	2	78	19	551	193	13	18	250	696	43	20	7	29	10	53	6	352	7	207	49	294	64	2287
OTU_52	OTU_52	9	265	337	22	4	373	4	104	151	53	1	108	109	119	5	93	148	68	115	9	11	40	0	87	5	37	38	27	754	2	24	0	30	24	21	367	29	24	145	17	4	1	13	164	181	112	4	78	66	380	2	27	18	53	11	13	139	104	368	22	397	3	297	0	36	3	9	74	8	286	64	2	6	250	11	6	61	114	3	6	1	6	9	2	850	137	2	69	1071	19	4	699	8262	24	46	467	57	374	3144	2	177	688	310	73	205	58	32	178	4	22	256	14	40	1288	3	1	1192	49	2	2	455	175	1	133	110	184	10	185	685	413	14	6	24	7	3	142	7	4	86	62	4335	67	0	33	11	96	1120	14	25	1431	11	9	10	182	306	160	2967	5	396	2	58	258	320	92	13	73	320	546	165	340	186	47
OTU_53	OTU_53	3270	347	29	368	904	9	409	1127	209	7	90	112	10	119	48	485	272	397	454	379	998	310	190	124	733	531	265	125	610	290	176	486	852	300	97	107	70	138	42	51	16	266	225	8	132	114	1387	3247	346	61	9	334	132	32	491	2362	727	42	27	600	17	13	266	229	611	400	171	166	14	488	170	7	13	1284	1643	5	984	14	512	705	26	356	190	593	215	613	81	26	16	121	205	286	4	95	440	29	16	20	42	198	153	110	42	49	109	37	37	77	12	42	325	372	679	11	11	9	172	248	63	7	157	452	55	100	736	11	989	8	207	141	107	3	46	42	3	87	130	14	137	191	200	14	1059	234	154	44	148	240	83	11	303	68	127	162	25	154	218	443	63	174	31	130	28	372	33	155	5	115	81	146	76	1348
OTU_54	OTU_54	342	7	14	14	1	0	3	2	10	3	30	4	0	21	1	20	161	0	5	3	4	2	3	8	8	2	0	152	504	2	4	88	6	9	18	30	121	9	138	2	1	1	3	1	7	56	772	4	15	5	38	10	0	24	0	17	387	1232	20	69	15	7	1	0	4	23	1	22	3	4	1	6	148	259	1828	1	1	0	19	19	41	3	1	0	92	58	394	4	8	197	627	206	2	5	34	12	8	1	10	0	194	5	1	157	3	1	18	2	4	4	16	3	0	7	226	76	3	9	0	1	5	523	1	70	36	1	36	0	1	0	6	0	581	1	2	36	12	64	9	8	0	12	5	0	4	61	66	12	33	13	1205	4	1	22	2	26	94	1080	3	5	2	3	3	14	2	4	0	50	64	48	35	990
OTU_55	OTU_55	3	92	201	34	0	0	118	3	9	12	0	12	30	17	6	67	1660	5	210	305	162	43	795	50	2	1	4	711	162	864	2	4	221	158	6	3	19	159	30	1	2	2526	5	21	54	307	16	1	88	708	59	45	49	9	5	38	134	15	210	236	50	643	24	11	22	9	41	11	7	122	7	9	4	71	106	4	46	348	35	92	1	5	5	3	64	43	122	339	291	3	3	0	6	0	5	523	1202	24	1850	15	302	32	5	407	1	460	11	70	4	55	198	0	1448	33	0	1	39	23	95	815	1050	14	893	599	25	20	10	4	8	52	11	58	29	3	19	2	8	3	1268	12	45	15	0	2	0	163	2	788	39	112	10	21	280	2	123	24	1025	44	2	20	384	73	18	20	9	254	11	58	172	211	4	112
OTU_56	OTU_56	61	100	94	399	24	114	509	720	79	1011	24	93	23	56	655	10	794	350	351	224	1438	21	182	37	4	911	575	48	152	511	203	86	33	1050	142	35	159	153	22	14	385	3	21	10	10	250	2185	1887	467	96	914	88	3	15	3	775	536	149	72	653	464	26	1009	30	21	18	145	45	81	213	31	5644	3203	44	334	77	27	287	17	780	12255	3	654	351	39	43	14	0	0	36	12	189	11	8	159	4	2	12	184	5	3	5	2	15	18	0	5	50	681	4	328	0	84	9	117	0	32	21	3	0	153	20	410	251	45	229	6	2	2	42	7	1	15	18	3	4	176	2	13	76	30	53	0	1	2	3	3	31	0	1	44	23	8	4	5	33	52	17	3	0	2	26	1	37	2	30	1	33	12	16	42	108
OTU_57	OTU_57	11	92	16	236	965	0	185	793	134	29	151	37	120	83	90	25	7	6	103	153	183	197	639	87	816	181	744	37	10	246	17	165	88	3	402	419	18	574	6	2699	11	153	736	23	115	46	80	309	4	152	39	849	371	96	4	328	83	384	20	142	552	8	328	143	1177	166	772	154	828	106	257	3	2	1142	141	198	231	58	47	10	117	54	18	3921	17	765	31	148	30	517	215	257	1269	17	277	42	41	121	171	192	50	62	10	110	29	42	31	139	223	67	20	43	3	72	5	27	365	233	44	106	75	10	56	12	23	43	14	14	36	6	21	6	11	39	57	2	114	5	90	158	7	968	3107	30	3	2	88	6	42	97	21	101	1	23	65	563	85	29	32	14	65	99	93	137	431	172	5	19	18	11	29	15
OTU_58	OTU_58	8	70	4	16	0	1	193	9	41	5	0	3	5	9	0	19	136	167	13	0	2	2	3	82	3	0	463	4	1	0	21	7	4	13	543	196	399	92	10	8	2	0	26	29	5	32	0	2	1	25	4	15	57	23	0	12	5	2	260	57	5	8	20	301	3	7	19	14	1	3	26	0	32	44	2	1	159	1	8	2	2	4	12	9	47	13	465	0	87	0	7	0	6	159	7	3	22	1	13	77	38	147	34	12	23	2	75	2	173	13	5	1	3	10	11	658	35	65	31	0	2	16	7	55	154	5	366	10	1365	13	7	11	16	156	9	75	6	1	26	1377	86	20	0	8	19	234	1	1	2737	60	9	14	97	99	33	3	241	858	321	13	21	2	146	71	1	799	3	40	236	7	9	8
OTU_59	OTU_59	15	100	18	297	348	3	14	21	26	30	569	177	357	123	8	269	0	61	92	4	58	263	21	10	35	21	50	62	128	324	3	117	68	509	116	244	135	50	11	61	27	104	13	6	16	733	105	20	1419	57	14	38	4	43	60	31	24	541	68	280	184	127	5	17	103	7	149	8	1	59	3	83	19	113	13	4	266	70	1350	172	76	98	7	38	2501	116	15	1	76	1	4	154	0	54	743	35	54	5	267	4	63	147	136	16	0	16	11	31	10	102	1451	1	56	14	6	6	56	376	5	92	10	129	10	8	88	64	310	2	81	1061	79	12	153	4	2	43	50	56	56	50	111	11	4	30	3	2	33	16	120	8	16	41	1141	97	149	28	370	14	168	1	39	162	147	667	12	177	3	1211	11	290	56	288
OTU_60	OTU_60	5	83	123	39	38	1184	126	69	93	7	0	532	23	513	7	131	21	65	32	14	62	42	1186	75	6	98	184	15	13	385	8	58	333	17	50	1064	36	234	16	15	1	65	13	69	451	16	9	127	10	67	4	206	36	12	21	60	100	12	10	83	60	278	249	2	66	6	219	14	2	136	196	6	6	66	33	7	57	33	2	18	6	292	674	0	153	218	200	24	327	90	4	24	1493	24	12	16	75	300	48	86	708	206	28	610	34	41	139	99	87	5	34	247	2	907	1	141	1147	163	13	93	153	10	6	48	15	129	11	202	188	71	78	6	49	6	92	404	62	159	82	232	96	59	36	121	28	15	255	20	225	72	35	71	0	23	33	53	405	38	113	34	47	978	1139	711	27	126	123	95	32	12	167	5
OTU_61	OTU_61	12	1053	15	65	1	1	269	107	62	9	3	112	0	152	10	275	1475	285	5038	3	17	615	3	190	3	5	1289	1	2	604	2641	2	10	18	609	43	50	442	12	7	0	2	1059	23	911	80	684	19	0	22	0	8	89	21	1	81	5	7	345	4	12	4	1	0	61	8	930	20	0	323	121	7	15	18	2	16	96	301	205	6	0	0	8	3	640	106	75	9	6	2	240	0	10	5	3	2	2	0	7	4	184	25	41	261	0	2	5	30	2	121	11	72	2	37	1	15	3	36	41	9	1	19	1	626	140	15	11	7	14	0	64	1	40	12	2	18	3	0	19	12	36	7	1	41	10	9	1	49	26	8	13	6	180	4	3	7	1874	5	13	2	3	867	110	7	5	83	1	345	2	2	9	23
OTU_62	OTU_62	916	254	453	225	53	43	24	147	442	138	5	268	84	233	257	21	102	89	255	285	203	92	307	63	1845	256	49	347	223	286	42	568	411	360	43	79	1201	195	199	18	19	283	602	97	95	382	177	407	297	220	12	196	225	102	698	399	347	382	24	191	26	25	140	9	15	297	66	196	15	232	266	1	561	468	252	8	454	343	207	574	198	551	1112	283	23	362	80	0	98	2	11	289	79	11	337	23	119	33	766	18	46	4	44	68	16	56	7	9	280	80	385	400	68	85	1	7	51	35	6	262	138	302	522	54	148	18	21	13	10	28	3	0	60	0	9	595	267	0	158	101	8	175	1	16	37	32	1	106	221	35	330	55	94	19	16	19	82	9	26	2	70	49	64	54	0	21	3	33	67	182	47	27
OTU_63	OTU_63	58	118	147	123	26	7	692	107	105	23	78	3887	117	2619	285	174	2000	319	847	19	277	58	628	1778	41	63	254	40	37	652	944	65	85	259	1978	939	134	205	55	38	13	4085	522	612	204	351	40	49	242	771	165	32	827	212	26	129	180	52	426	29	48	12471	170	122	46	35	55	288	17	441	566	14	71	124	10	8	198	22	45	321	51	1125	432	17	2607	598	703	302	720	6	157	2902	1954	31	27	1908	79	205	567	187	2989	301	36	278	39	497	3190	1428	1251	1057	243	218	245	71	3	101	700	551	177	724	771	91	123	614	251	153	846	16	112	94	1746	40	460	1848	405	99	673	37	1847	131	1234	158	5	106	20	78	3	56	130	427	125	39	749	48	218	268	370	434	117	79	962	173	259	37	75	140	23	1098	112	119	31	78
OTU_64	OTU_64	5	16	94	40	0	205	1	27	23	6	3	8	150	24	1	774	184	3	25	10	274	1	29	27	2	48	69	206	69	81	12	2	593	741	33	15	84	28	5	2	2	74	15	23	19	40	20	18	18	51	2	45	8	261	1	22	18	23	42	22	64	2	18	45	214	1	22	53	2	30	34	2	2	55	7	1	44	25	1	2	48	10	1	2	14	23	6	4	27	2	40	99	52	12	24	25	28	10	1540	1	13	131	216	76	4	0	1	78	5	3	84	17	1290	70	0	14	10	1	0	12	20	4	14	78	115	2	489	0	684	4	19	2	14	1	10	36	3	2	38	49	115	31	0	14	0	9	2	250	137	6	4	3	72	156	7	1	310	40	465	2	0	13	1	9	5	27	2	12	22	84	11	1874
OTU_65	OTU_65	0	1	1	3	1	0	8	0	2	1	0	0	0	0	0	2	106	0	1	0	0	7	0	7	0	2	0	39	0	0	0	1	0	8	1	0	25	0	2	0	0	117	1	3	2	0	2	0	0	0	3	0	0	0	0	0	3	1	0	27	0	0	4	0	0	2	6	2	0	61	0	0	6	0	0	2	0	2	1284	0	0	0	0	1	0	3	3	0	0	0	138	0	0	5	1	1	9	0	1	0	0	2	0	6	0	0	1	0	0	0	1	0	0	1	0	6	13	2	0	0	0	7	7	47	2048	0	2	0	0	0	0	0	20	1	0	0	0	4	86	28	0	1	2	0	1	1	1	0	0	0	3	1	0	258	2	0	0	0	0	0	0	0	0	1	0	2	0	1	1	5	0	7
OTU_66	OTU_66	9	294	20	1331	39	40	158	39	23	31	277	193	11	157	144	45	90	94	42	561	80	9	1053	2	888	43	33	804	11	187	61	75	95	5	34	538	68	576	4	6	5	106	521	27	193	131	22	464	169	9	217	148	430	113	49	6	62	2116	34	610	72	4	212	30	31	9	56	58	265	68	64	5	2	264	55	2994	141	130	1	67	129	917	411	225	105	2	4	534	14	23	3	976	1267	16	17	304	118	62	104	473	14	266	56	499	112	185	743	66	989	27	179	378	75	4	383	208	80	170	480	155	1445	33	15	30	19	150	9	6	115	52	567	6	294	59	87	4	192	11	60	160	23	80	0	62	45	33	407	72	311	53	74	52	20	9	442	26	119	422	64	85	155	71	41	187	7	22	14	45	35	131	259	25
OTU_67	OTU_67	48	10	26	67	13	2	9	122	321	133	5	32	308	36	7	547	6	9	32	70	1139	15	21	67	81	390	3	281	108	178	3	33	22	87	37	104	77	3	291	383	0	198	43	711	18	73	22	567	192	9	191	5	61	26	1	222	167	39	20	234	193	8	88	6	119	12	146	97	8	89	48	12	408	161	91	2	3	81	150	99	343	16	162	19	474	150	18	3	16	3	274	417	217	20	12	103	8	12	902	7	24	234	25	75	1	113	70	105	198	2	227	516	280	13	4	4	18	125	2	59	141	45	50	7	33	253	9	8	398	18	258	0	96	151	471	690	27	4	94	74	254	24	0	7	99	15	571	963	177	5	12	10	63	851	9	13	1085	11	198	1	13	1	16	237	4	2	46	211	31	147	98	79
OTU_68	OTU_68	15	1	0	0	23	8	222	1003	32	0	263	4	4	2	356	1	189	132	1	2	2	4	9328	1	0	8	8	51	3	0	91	4	7	4	634	4	17	4434	2	13	17	2	0	28	3	1	4	99	348	11	228	2	14	6	14	3	2	2	599	5	6	8	5631	5	4	11	0	5	4	0	5	0	7	3428	222	1	61	1	12	7	0	1286	10	11	0	13	1	9	3	4	16	3	15	119	181	237	28	8	527	5866	7	39	7	34	2695	9	2756	6901	14	12	602	76	10	244	25	71	124	36	12490	11	10	1	6	102	50	118	69	113	572	109	105	940	155	5427	377	320	90	8051	7	4622	26	22	2	1793	6	4	10	8167	316	7	1	17	12	45	1	10141	30	152	309	2570	6	2	2	6403	6281	148	214	3	65	11	566	13
OTU_69	OTU_69	2	62	4	130	16	0	128	198	23	4	213	35	3	50	72	175	179	42	199	104	72	106	265	93	3	3	73	128	27	0	99	4	222	147	238	82	66	142	12	4	2	725	2	80	224	54	56	33	36	115	16	27	204	48	2	17	12	13	44	69	67	5	22	79	36	18	14	24	3	25	21	5	5	85	38	4	3	125	8	3	10	1	125	4	201	275	128	38	4	4	6	0	5	108	7	5	38	26	1042	348	23	256	107	35	51	3	26	56	678	155	84	189	1267	9	3	88	74	166	2	94	3	69	52	48	122	19	141	2	674	3	88	8	35	67	3	285	3	13	337	131	32	8	1	39	93	37	2	26	242	92	75	9	195	96	23	56	685	1160	263	51	61	16	21	21	2	1093	8	78	49	217	13	32
OTU_70	OTU_70	11	433	9	1346	1393	8	2	27	7	10	50	134	4	105	13	6	167	8	11	20	341	23	24	39	28	11	7	11	38	11	2	10	402	1	16	30	54	6	7	4	170	869	19	49	11	69	19	12	224	303	15	51	6	7	4	37	48	170	2	10	3	321	28	6	37	28	21	390	6	14	83	83	99	16	4	1561	25	53	39	35	132	1	905	22	0	104	11	3	12	127	384	11	0	18	96	8	21	163	333	2	75	28	157	43	18	12	95	1	3	79	259	58	10	8	1091	28	654	14	7	896	9	65	38	68	16	21	4	18	1	30	0	1	215	1	406	1	77	18	394	338	1	768	86	3	433	1	859	1	0	19	10	13	24	42	43	300	3	222	6	110	2	0	41	107	28	13	8	1	17	13	81	12
OTU_71	OTU_71	162	4	11	37	31	516	2	0	31	224	1	0	5	6	3	9	1	1	7	1	3	1	1	2	0	0	0	3	0	0	0	15	3	4	15	8	527	6	909	4	530	0	0	45	9	37	4	2	14	12	228	20	0	1	639	11	1	86	10	18	0	5	7	5	3	4	7	26	0	1	3	0	62	78	2	85	482	8	144	568	2	39	45	1	2	333	4	1	0	7	85	0	741	7	2	0	7	12	224	1	0	3	2	8	3	7	16	2	39	0	25	1	11	4	116	0	17	1	64	3	3	414	1	4	10	292	13	2	33	412	5	0	99	0	1812	2	2	0	9	21	0	33	1	1	2	0	30	0	0	1	816	18	0	1	4	0	4	8	6	0	2	0	0	21	1	250	0	9	3	3	55	21
OTU_72	OTU_72	0	1	12	1	0	1	0	0	0	0	1	0	0	1	0	0	0	0	5	0	0	0	0	0	0	0	52	0	0	0	1	0	0	0	1	0	0	1	1	0	155	0	0	0	0	0	33	0	0	0	0	0	0	1	91	0	0	0	0	0	0	0	0	4	24	1	0	0	0	0	0	0	0	0	0	0	5	0	27	0	0	0	0	0	0	8	0	0	0	0	0	0	0	0	0	0	0	0	2	0	0	0	0	0	0	0	0	0	0	0	4	0	0	1	0	0	0	1	0	0	0	1	0	0	2	0	0	0	0	0	0	0	0	0	0	0	0	1	2	0	0	0	62	0	0	0	0	0	0	0	0	0	0	0	0	0	0	0	0	0	0	0	0	0	0	0	1	0	0	0	0	2
OTU_73	OTU_73	7	102	40	16	0	33	27	78	58	18	0	144	6	161	5	62	131	86	111	6	42	17	171	90	1	4	105	6	27	0	15	3	46	3	112	132	10	136	68	18	3	1	73	177	65	152	106	31	68	342	3	22	36	21	11	7	71	27	301	4	113	0	18	38	52	2	40	11	1	66	122	0	1	147	10	0	30	7	4	3	10	31	9	1	117	135	14	125	97	1	10	0	8	18	20	155	78	81	970	96	477	376	121	2496	53	76	178	1764	35	22	173	185	118	165	0	120	128	107	37	4	250	21	2	54	191	54	7	25	680	468	110	63	39	81	251	107	24	387	19	3596	1632	51	0	43	14	227	11	150	24	244	4	258	10	123	470	55	1197	9	337	0	403	318	253	25	4	133	27	99	355	93	63	1
OTU_74	OTU_74	1200	349	8	55	0	0	7	32	7	5	0	2	911	34	38	335	8	42	302	0	1142	415	39	961	2	2	2	2	6	1	12	6	25	935	15	340	39	239	106	10	0	0	1	0	476	5	854	738	791	15	0	43	3	130	0	9	338	7	14	8	2	6	8	18	94	379	161	116	1	17	417	3	9	17	251	28	3	985	20	311	14	546	2	5	2389	41	2	152	5	0	606	0	0	12	9	0	773	378	30	186	2	718	24	12	8	0	103	1	4	3	919	2	2	133	0	10	82	30	1	1	172	8	5	11	273	13	18	0	55	125	2	5	22	1	12	0	3	1	4	14	67	6	0	92	2	0	11	169	8	3	10	12	9	53	259	1	603	7	205	0	203	0	0	8	1	109	0	1335	5	8	12	1556
OTU_75	OTU_75	144	3	8	5	2	176	1	7	57	2	1	0	11	11	0	100	41	7	6	1	26	0	2	1	170	13	3	70	9	4	0	24	7	26	3	15	308	1	28	113	1330	15	18	1	4	6	0	64	10	4	4	4	2	97	38	1507	4	0	3	1	0	587	2	29	499	0	1	56	0	4	4	698	627	6	4	17	6	14	148	0	0	313	22	0	6	206	0	0	0	6	2	30	3	2	4	3	1	0	0	0	1	1	0	1	0	0	0	92	0	0	37	0	24	3	0	0	3	0	0	2	2	2	12	28	22	138	911	2	71	21	1	0	5	0	1	57	5	1	19	11	0	7	466	0	0	1	3	1	0	1	341	2	2	0	0	2	15	3	14	1	0	1	0	9	0	1	6	6	0	1	0	12
OTU_76	OTU_76	1	34	268	7	1	2	17	138	30	8	0	140	450	263	0	13	11	12	174	4	5	1	18	4	1	9	791	19	310	1	7	13	6	324	27	196	4	251	4	5	6	12	6	6	2406	182	3	27	2	25	5	3	0	9	16	16	148	20	421	13	67	5	45	14	22	2	32	49	1	219	63	23	2	7	9	4	1	212	6	64	10	7704	33	2	70	11	37	14	23	120	0	27	52	44	8	73	55	4	52	526	402	144	9	519	29	35	3	4	44	4	13	21	4	10	3	15	5586	23	9	17	108	13	0	12	41	6	11	55	138	274	43	6	18	0	54	6779	8	9	28	11	51	225	3	13	51	11	41	13	409	71	20	37	1	47	77	54	906	6	99	1	9	315	8	8	1	51	40	70	16	34	9	48
OTU_77	OTU_77	2	584	7	0	1	2	1	3	30	0	0	0	0	0	2	2	0	0	293	1	52	0	0	1	2	53	0	2	484	0	13	5	8	0	17	18	0	0	3	0	0	0	13	0	11	2	250	132	0	10	1	137	0	2	6	10	3	20	0	0	46	4	2	0	14	7	1	0	1	274	0	0	3	0	2	0	2	0	6	0	0	0	0	1	0	868	0	2	1	2	496	0	0	1	9	2	0	0	4	4	1312	2	3	4	1	0	0	306	585	0	1	1	0	3	0	0	10	2	244	0	0	13	1	0	5	0	9	11	1	3	0	5	1	0	0	0	0	690	4	97	4	6	0	0	0	0	0	1	24	0	109	3	0	0	9	5	1	4	5	1	0	1	0	1931	0	0	72	2	4	2	1	12
OTU_78	OTU_78	14	50	106	30	4	524	4	43	25	114	0	63	256	46	5	107	28	34	113	17	114	7	2	7	3	448	326	54	131	42	21	5	18	151	50	11	35	14	94	12	2	48	30	43	21	89	5	143	76	18	295	4	17	57	68	238	70	27	30	8	21	3	20	74	31	16	29	291	2	28	9	84	11	11	19	2	51	55	43	1	22	16	127	8	35	120	9	2	11	2	58	50	109	17	4	4	3	14	31	4	6	33	14	43	2	1	0	18	26	2	75	4	180	5	2	9	9	64	0	5	0	126	7	16	155	110	59	126	59	65	3	1	3	33	90	122	14	4	39	3	39	647	0	5	0	10	103	10	59	0	129	2	45	12	4	27	76	40	18	1	7	3	2	16	0	19	181	22	23	54	7	28
OTU_79	OTU_79	34	1	11	14	0	0	5	0	1	0	0	1	2	2	7	0	0	5	1	1	0	0	0	5	4	3	0	5	3	0	0	1219	0	14	298	1	2	0	107	3	7	0	3	21	0	28	0	1	154	7	0	0	0	1	0	7	1	0	1	0	0	8	0	1	3	11	4950	1	0	1	1	0	1	36	0	3	18	3	0	4	0	0	7	0	0	382	128	1	42	643	117	100	0	4	8	2	1	0	155	114	6	14	13	6	0	0	0	1	50	3	136	2	0	8	2	1	36	0	0	3	0	10	2	4	1075	1	61	126	8	0	0	30	5	1	0	0	4	16	12	2624	0	2	0	0	2072	0	28	4	3	1	23	5	0	0	2	0	0	1	1	0	0	2	0	15	4	140	201	3	55	2	327	5
OTU_80	OTU_80	19	63	12	28	4	3	515	753	54	2	132	18	4	41	13	1	173	309	101	16	95	95	7	2156	1	1	0	908	1	3	42	5	488	4	1122	6	61	1067	3	5	8	0	180	366	400	2	16	128	16	278	0	54	1486	352	6	5	3	21	120	16	139	4	2	167	25	20	55	154	3	2	75	1	5	208	2	3	0	5	9	6	11	2	7	4	152	7	395	16	64	2	3	1	1	6	26	668	62	1	787	552	216	581	292	97	637	836	178	1317	426	49	61	36	25	45	8	11	144	394	30	13	16	15	12	56	29	10	5	6	125	21	347	34	109	374	27	14	10	420	3	31	142	20	1	475	1	405	1	408	0	30	8	20	93	75	440	1026	1795	793	98	25	712	1941	199	17	10	54	4	84	481	13	13	15
OTU_81	OTU_81	114	27	41	98	140	859	5	25	96	165	0	8	100	24	2	19	12	11	20	4	113	4	14	8	4	147	30	32	35	202	5	413	33	6	16	11	121	7	119	29	54	22	11	10	22	64	1	102	46	56	102	53	6	30	4	72	36	21	13	8	16	9	2	30	187	1	16	248	3	83	21	52	10	20	11	134	17	21	369	28	81	79	330	4	38	377	3	2	81	6	26	151	157	9	31	10	8	15	10	3	5	12	6	23	1	2	0	24	5	2	36	23	39	51	2	1	9	8	3	3	7	76	15	11	60	16	9	69	22	126	1	1	1	4	47	37	48	1	10	18	5	302	461	1	2	3	72	26	7	0	891	166	4	3	1	145	26	4	11	0	3	6	7	49	1	8	130	24	11	60	27	7
OTU_82	OTU_82	12	128	13	86	149	2	51	444	58	224	145	14	28	28	35	28	10	20	127	238	441	65	359	103	141	564	171	26	15	180	106	55	136	3	53	209	21	174	241	222	25	153	39	9	71	50	92	444	67	49	57	151	328	55	1095	20	134	55	6	339	218	13	354	8	10	81	280	85	146	57	170	279	28	387	20	3	170	28	26	69	115	137	779	601	3	155	148	35	115	2	333	367	614	35	89	103	35	109	262	190	81	61	30	270	249	32	52	91	168	161	62	245	80	89	8	53	123	40	61	10	225	14	67	12	19	20	20	15	130	15	86	41	38	117	392	6	71	8	78	377	19	24	1	145	3	42	9	133	141	42	25	34	3	85	86	142	163	39	77	143	103	44	66	68	102	35	13	8	51	32	182	15
OTU_83	OTU_83	40	1	1	0	14	0	0	0	0	0	0	0	34	0	0	0	0	0	1	0	8	0	0	0	0	0	0	0	0	0	0	0	0	0	0	11	0	31	0	0	0	0	0	0	1	1	0	0	0	0	0	0	0	0	1	0	0	0	0	0	0	0	0	0	1	0	0	1	0	0	0	0	0	0	0	0	0	2	1	0	0	0	0	0	0	0	0	0	0	0	0	0	0	0	0	0	0	0	0	0	0	0	0	0	0	0	0	0	0	0	0	1	0	0	0	0	0	0	0	0	0	0	0	0	0	0	0	0	0	0	0	0	0	0	0	0	0	0	0	0	0	0	0	0	0	0	0	0	0	0	0	0	0	0	0	0	0	0	0	0	0	0	0	0	0	0	0	0	0	0	0	0
OTU_84	OTU_84	1	0	1628	10	1	0	1329	0	110	0	22	244	0	210	32	3	0	392	3445	0	0	2	0	225	1	0	0	2	0	0	639	1	0	22	2277	230	31	0	28	7	0	0	0	45	249	53	1	2	0	137	2	0	440	108	0	241	0	5	0	21	30	0	0	0	1	6	0	9	0	0	15	0	3	55	0	3	1	1	53	0	1	1	5	1	0	0	639	0	138	0	5	0	4	10	3	2	3	0	36	20	2	13	0	1	0	1	186	0	1	396	2	1	1	117	1	156	12	331	17	6	0	14	0	0	9	42	0	0	5508	34	2	7	0	53	18	1	0	5	1	783	86	6	0	2	15	347	1	1	233	0	7	33	0	1	7	1	3	637	821	0	86	17	0	3	1	2315	0	26	845	0	63	3
OTU_85	OTU_85	7	0	6	48	1	3	550	2	131	5	1	158	1	143	60	50	596	822	425	0	2	3	3	329	14	1	1403	5	2	0	659	4	20	31	521	575	23	226	9	11	7	2	19	57	128	93	3	0	3	102	7	3	988	237	2	25	0	2	1154	1	6	6	9	601	12	19	15	26	0	907	198	3	7	44	0	2	3	2	32	3	4	3	14	5	160	5	1698	70	14	0	7	1	15	8	7	3	7	4	22	212	105	668	2386	14	5	1	51	4	3	12	7	0	8	137	0	755	22	242	25	1	4	106	3	284	463	1	23	1	530	6	537	31	233	1081	16	162	9	81	58	3328	1014	11	3	253	20	1	1	3	451	199	27	12	108	118	212	2	1856	1	369	205	2	222	94	22	5	3538	2	159	105	7	10	9
OTU_86	OTU_86	5	76	2	18	1	129	229	0	36	1	0	83	0	65	221	24	114	201	238	0	2	2	5	144	2	0	187	0	5	4	873	1	1	24	15	144	5	203	1	3	1	0	18	2	127	10	84	1	1	48	5	18	148	37	1	8	0	2	121	5	0	3	0	241	8	78	29	7	1	98	97	1	1	57	2	1	0	0	12	1	1	3	10	2	620	3	65	13	1	1	3	1	4	59	5	3	5	0	36	83	116	539	455	120	2	0	273	20	192	129	6	3	3	57	7	387	23	340	2	4	5	6	6	51	72	26	65	3	30	6	403	26	112	218	46	855	2	8	7	30	239	8	0	62	26	116	1	3	610	1	6	15	48	70	36	8	430	4	51	35	17	12	15	28	4	39	6	320	176	161	6	3
OTU_87	OTU_87	8	9	11	6	12	3	563	522	30	27	1	230	3	207	1254	12	881	114	11	1	9	5	697	1	4	21	198	3	849	790	742	9	645	41	317	5	95	5	20	22	3	533	122	19	13	539	257	70	2	37	26	57	184	53	4	7	297	378	364	43	10	17	204	524	4	16	90	20	8	225	19	10	7	701	1	5	10	13	1	4	404	5	10	6	1163	2715	306	2	878	1	16	1	9	357	10	120	0	2	77	2	1035	2060	851	320	155	1101	113	3878	1354	64	10	132	559	11	24	2	16	799	39	284	18	22	634	293	121	18	658	2	493	98	2302	10	665	1095	21	82	8	20	312	304	659	6	1	138	6	135	7	61	5417	20	1701	18	617	11	3	274	781	1287	326	811	1	94	73	22	23	367	2	721	182	692	236	8
OTU_88	OTU_88	12	66	6	4	4	0	4	160	117	0	1599	0	0	13	647	1	0	1458	579	0	1	2	0	3	2	4	0	11	1	0	3	3	2990	4	14	1	84	0	6	1	0	0	0	1	5	0	2	3486	0	33	0	262	1	0	0	6	0	2	3	1	3	1	3	0	6	2237	0	1	0	0	4	1	2	10	0	1	0	2	43	3	1	0	1	3	0	0	10	0	0	2	7	0	0	0	14	1	0	0	10	191	0	0	0	8	0	1	0	648	3	5	7	2	0	32	0	28	39	468	0	0	0	4	5	7	5	0	3007	0	0	0	93	6	22	0	1	0	4	0	8	20	0	0	0	0	106	0	0	0	0	0	160	6	0	0	0	0	2	1843	0	6	0	0	0	8	4	1022	3	4	0	2	0	10
OTU_89	OTU_89	2	325	8	1635	4	5	17	15	95	1	647	618	1	336	293	44	2	933	1065	0	5	2	5	12	1	0	1	12	1	0	61	8	16	1	35	1087	33	429	7	3	7	0	1	0	4	2	2673	205	0	5	11	64	1	18	1	1	0	3	0	33	2	3	763	629	1183	17	0	5	1	233	3	4	9	52	1	1	136	1	67	1	3	1	3	7	2	267	2	0	6	3	8	0	0	182	4	4	3	1	14	26	231	25	67	4	26	3	60	291	4	60	10	48	0	6	17	77	3	68	0	2	291	13	8	3	4	8	1409	0	0	1	419	9	105	79	15	124	9	4	17	1483	155	1	1185	392	98	87	3	127	263	29	7	11	18	2	34	98	476	472	2	7	23	129	1	6	66	232	0	9	109	8	0	9
OTU_90	OTU_90	8	1	2	8	277	1	3	63	359	0	0	0	3	0	0	0	0	2	1	0	0	0	2	0	9	4661	0	3	0	0	34	0	3	0	0	0	0	0	3368	5	0	4	2	0	0	0	1	1450	54	0	4	1	7	0	2	2	1	24	20	2	3	0	1089	0	3	4	0	2	2	66	0	0	0	0	0	14	2	1	0	0	817	0	4	0	46	0	4	0	1	0	40	9	0	253	0	1088	42	0	71	12	0	2	1	20	2500	6	3	0	591	0	99	2651	0	5	54	1	11	0	0	1	5	3	1	1	2	87	17	0	7	15	2	0	1	14	351	2	74	1	4	9	4	237	0	16	1	0	2	90	0	4	2	5	0	78	0	0	3	0	0	55	0	1	0	1569	0	11	0	30	2	3	94	7
OTU_91	OTU_91	143	8	368	9	4	73	1	31	73	112	0	0	165	5	0	36	100	1	17	0	18	9	5	2	594	18	18	28	77	46	0	204	71	444	18	8	157	1	208	55	17	11	9	11	6	22	0	35	17	39	11	14	0	169	269	639	9	20	63	1	3	0	21	18	10	2	12	40	0	17	4	39	150	93	11	1	23	37	276	3	105	4	14	0	9	45	3	2	14	0	19	30	5	8	18	0	0	2	5	0	0	5	0	5	0	0	0	4	3	0	17	0	26	0	2	0	3	3	0	11	1	264	16	35	62	3	15	2	5	20	0	1	0	5	11	5	2	0	10	7	0	89	0	0	0	0	17	4	1	0	11	1	26	0	0	6	38	2	0	0	0	0	1	6	0	3	1	19	2	25	7	739
OTU_92	OTU_92	74	16	20	121	107	6	12	46	31	18	38	7	13	7	8	8	196	22	7	8	7	10	9	7	56	28	3	5	23	12	20	5	143	17	11	16	6	13	9	15	623	319	23	9	8	10	11	18	41	9	58	15	22	6	46	13	40	12	3	8	13	3	8	6	8	133	117	19	9	11	19	22	55	14	29	219	22	9	17	32	22	4	25	13	20	11	62	0	5	7	118	19	0	2	55	5	0	12	47	23	38	3	55	5	2	3	57	40	5	19	56	21	2	4	26	5	0	8	9	25	24	26	4	77	7	32	62	3	68	1	6	0	93	3	18	2	7	0	173	213	22	26	7	2	9	14	56	3	11	21	16	14	32	20	10	5	2	57	4	48	1	6	2	12	3	56	0	11	24	0	4	169
OTU_93	OTU_93	8	954	2	0	2	1	413	2	235	1	172	1	4	0	155	0	5045	968	0	2	17	193	13	3	1	0	5	11	6	1	50	6	18	41	4	4	27	4307	10	48	8	0	164	0	0	1	3	1	3	84	1	204	2	5	2	26	412	7	2498	559	3	2	1403	0	15	4	3	7	2	0	1186	30	3	5	0	0	2	6	1	5	0	387	7	2	947	3	3	11	1	4	10	1	1	3	2	5	5	27	24	1759	5	6	1	35	6	1	4	4	4	813	23	14	6	1986	0	29	32	1147	672	17	10	0	2	2786	12	124	29	32	607	7	2132	519	651	5580	5	66	14	0	16	9706	0	3	3	10	3	0	2	2903	27	964	9	19	22	7	0	5	19	453	281	639	832	22	2	469	5	1626	20	880	100	11	552	9
OTU_94	OTU_94	1703	160	210	609	1756	5	158	356	591	435	586	59	373	40	282	20	305	106	131	809	146	180	404	178	800	246	125	90	385	232	233	347	129	48	249	88	356	277	590	23	25	435	183	132	56	110	258	778	636	270	111	180	303	167	344	582	499	399	103	255	442	12	275	385	23	604	70	222	162	218	238	166	223	240	402	12	8	102	10	195	187	146	330	166	146	390	276	50	73	16	480	474	23	48	108	277	160	72	986	48	139	110	47	92	28	118	85	82	329	59	660	322	104	29	52	13	102	351	11	37	137	211	143	108	223	25	11	13	42	20	75	14	473	34	63	3	283	16	237	177	30	625	1	27	134	18	184	98	58	65	80	26	114	64	121	64	115	360	30	13	42	161	110	283	21	153	18	82	38	244	49	35
OTU_95	OTU_95	4	133	3	3	3	0	10	1	2	6	60	5	11	12	3	6	2	6	9	150	1	2	612	6	356	3	1	2	1	2	18	10	1	2	40	52	6	102	14	1	2	12	11	7	119	8	13	19	4	1	0	9	48	23	1	46	15	529	3	144	0	4	34	0	13	16	420	5	30	25	0	4	12	46	7	0	42	1	37	6	0	8	116	0	14	0	12	68	5	105	1	5	0	2	19	0	66	5	410	262	2	34	5	565	0	35	266	115	9	207	31	9	8	0	43	81	31	21	336	486	18	8	38	3	34	45	7	4	27	0	149	34	115	2	59	0	180	4	8	34	6	74	0	5	9	13	9	165	4	62	7	0	12	7	112	22	3	32	13	100	2	19	0	17	1	6	5	15	6	6	10	13
OTU_96	OTU_96	3	54	6	209	3	1	92	363	24	432	93	66	231	64	94	462	355	136	245	47	233	29	67	64	4	134	103	57	0	146	101	5	161	9	22	37	54	46	76	5	6	93	209	50	29	76	263	83	0	71	245	42	23	11	0	13	227	13	88	98	87	0	2	535	95	17	17	29	4	127	167	2	3	106	2	12	3	385	13	1	12	16	42	34	163	7	76	8	14	2	6	166	2	38	7	9	19	9	125	22	34	50	18	14	10	3	13	80	117	38	13	22	0	9	4	29	11	37	3	22	35	9	5	113	147	28	461	1	173	2	65	1	21	17	4	66	19	5	43	22	138	7	4	9	8	9	0	25	59	5	13	9	272	29	10	38	191	284	50	6	11	25	2	13	18	223	2	92	14	75	26	721
OTU_97	OTU_97	9	3	17	791	6	2	22	24	60	17	4	77	1	66	216	29	453	34	73	101	28	30	135	141	9	119	11	11	734	75	11	334	3	2372	114	38	9	214	39	10	3	292	136	4	70	3	20	38	8	13	52	43	135	28	3	51	159	134	13	460	226	7	217	183	23	9	26	70	11	306	10	397	13	1559	136	14	7	597	38	9	731	25	4	106	190	100	250	4	32	2	4	16	1	236	88	40	9	27	303	0	41	186	0	86	1	1	238	168	122	3	24	161	0	13	9	5	23	46	1	113	6	1179	53	141	14	5	2	31	65	26	215	0	73	6	23	35	1	0	187	148	806	437	1	30	37	9	1	19	153	26	16	8	497	2	49	26	282	11	49	15	26	55	27	332	2	17	27	103	21	7	106	378
OTU_98	OTU_98	31	190	146	75	17	514	17	439	601	1339	3	440	78	360	12	240	15	821	79	7	52	258	111	48	71	43	171	37	645	282	11	1525	905	54	327	166	1536	218	3833	43	8	1088	192	674	644	30	114	116	95	188	45	78	5	12	162	246	200	107	171	250	404	42	308	18	133	5	60	641	7	129	590	5	221	153	98	40	179	163	8	98	288	1784	10	197	192	1402	49	13	223	135	22	3	4	37	663	703	51	264	1415	83	158	65	24	1014	1	15	57	336	59	28	243	18	2652	1096	8	22	140	15	91	99	220	23	313	47	436	82	31	5355	238	572	173	17	56	20	2798	15	43	40	799	304	19	208	51	32	20	29	213	470	43	201	827	3070	16	111	87	273	449	16	170	25	318	76	455	318	49	53	3335	208	78	43	133	19
OTU_99	OTU_99	8	377	24	21	5	456	49	2	54	0	137	165	1	126	72	59	358	360	140	738	51	29	435	363	229	20	714	26	28	287	105	60	143	3	69	611	16	150	22	5	5	418	165	387	147	27	41	11	170	17	9	21	338	78	6	13	4	156	73	11	4	1	4	62	16	59	289	79	142	9	274	3	71	27	30	18	5	36	21	1	27	245	5	4	106	739	145	31	31	4	3	1008	24	13	7	45	7	26	131	178	12	207	50	320	9	18	678	1744	193	269	161	103	30	8	2	85	13	265	232	570	74	18	40	119	400	37	222	2	247	18	1009	7	301	35	73	12	10	63	221	152	26	3	0	171	17	27	667	315	243	17	5	65	101	17	157	83	3014	79	195	112	880	35	15	45	4	95	3	61	34	19	118	26
OTU_100	OTU_100	9	142	9	69	48	0	32	31	73	59	71	10	11	34	27	13	5	4	35	385	139	14	172	136	1977	117	67	354	4	93	46	21	78	0	58	80	15	42	129	2	15	435	198	49	202	13	289	107	48	49	28	44	314	79	425	10	172	110	9	74	20	8	35	5	8	71	130	42	20	46	120	1	1	99	44	4	147	47	176	191	238	71	4	129	16	62	63	1	15	0	9	142	7	9	128	9	18	6	90	55	28	318	14	31	6	20	11	50	89	50	62	10	134	8	3	25	46	38	7	43	113	11	226	7	16	7	5	2	98	8	87	0	1294	10	50	50	1	1	193	42	20	2	0	64	1	24	93	52	1	14	13	8	16	17	19	22	125	44	71	3	22	71	15	48	1	36	1	6	28	21	38	4
OTU_101	OTU_101	10	36	63	31	7	128	39	655	11	3	1	100	12	63	131	15	31	31	60	9	314	14	48	23	2	172	93	6	29	975	195	2	1066	2	161	208	169	146	17	20	3	6	13	8	100	55	33	502	156	36	1	93	29	12	14	8	131	699	17	40	38	5	11	0	4	40	12	60	15	94	19	3	44	51	287	5	460	146	18	7	146	1	32	72	27	819	50	77	49	0	1378	0	1	5	922	43	135	304	5	23	31	161	17	13	3	1	2	2	12	25	132	68	9	4	1	8	129	136	10	58	33	318	9	15	237	3	61	10	27	9	52	1	17	20	0	9	673	76	13	23	128	6	0	25	18	8	3	72	521	0	192	8	45	270	2	45	51	10	32	0	1	121	4	35	3	16	7	20	21	52	7	41
OTU_102	OTU_102	57	0	1	71	3	0	27	1	35	0	218	0	5	0	239	1	0	163	0	1	1	0	5	0	0	0	0	0	1	1	0	105	0	5	3	1	12	2524	3	1	0	0	0	0	0	0	2	0	0	0	0	1	1542	336	4	3	0	1	98	285	0	5	2	1	23	0	0	4	0	0	1	1	1	553	0	1	1	0	0	4	0	158	5	4	219	2	106	0	4	2	4	0	5	13	8	538	1	1	34	333	3	8	1	560	562	0	203	1	1	153	1	11	2	1	4	160	2	7	0	3	11	4	1	1	2	31	39	4	243	79	210	6	67	1	17	45	5	3	2	1191	80	9	0	258	96	5	5	4	30	6	0	0	0	115	638	8	221	250	129	187	4	270	0	500	3	0	4	154	18	1	305	1
OTU_103	OTU_103	2	2	1	1	23	0	0	11	2	1	1	0	0	4	0	0	1	0	0	55	0	0	0	15	0	775	1	2	3	4	0	3	1	0	0	2	0	0	0	1	3	2	3	2	0	0	1	179	15	5	44	2	0	1	4	4	0	1	0	0	0	2	0	0	0	3	0	2	4	18	0	11521	0	1	0	0	0	0	466	0	1	1	1	0	1	3	5	0	15	0	0	348	0	0	2	0	0	17	0	0	2	38	1	0	0	0	0	0	1	0	3	1	0	0	0	0	1	1	0	0	1	327	1	15	2	1	2	0	24	0	0	0	0	4	0	0	0	0	0	2	1	3	0	0	0	0	52	1	0	0	1	1	0	38	0	1	4	0	37	0	0	2	0	29	2	0	0	7	0	0	73	2
OTU_104	OTU_104	1	192	6	21	17	0	0	7	126	2	0	106	1	136	120	316	5	1011	18	229	79	1	870	58	10	3	320	442	1	4	8	9	10	4	10	1	105	2136	43	3	1	2	96	3	630	115	425	23	6248	6	3	34	1	7	4	15	2	115	0	158	739	12	41	0	77	15	2	15	3	826	980	2	1	552	4	1	4278	4	0	0	1	2	31	5	76	7	734	2	14	0	4	0	12	3	5	1	1	230	645	25	4	588	11	19	2	0	1134	1330	1448	621	5492	1	5	16	3	179	33	604	0	488	3	70	8	17	131	108	2	7	70	4	896	11	261	0	127	18	10	2	15	703	1	6	3	734	9	0	1	161	3606	1	14	9	46	102	2	29	281	1210	44	259	504	80	21	18	14	9	6	51	13	10	28	4
OTU_105	OTU_105	4	49	9	23	2	1	0	6	169	127	0	0	1	6	48	364	219	361	139	0	3	12	3	32	2	210	34	54	113	1	148	0	3	5	15	5	31	27	8	5	1	1	70	41	5	81	145	68	99	45	4	16	31	11	67	259	179	18	91	25	67	0	33	490	85	74	36	10	0	1	60	0	3	93	56	7	1	214	4	7	88	2	7	4	63	14	34	4	7	1	10	75	0	43	3	3	4	0	73	7	0	14	9	12	2	0	1	0	79	0	137	4	0	7	1	11	11	6	0	0	9	3	4	86	86	31	1	1	96	0	17	4	7	12	14	0	6	2	7	59	78	3	2	7	6	24	12	24	111	9	4	2	95	0	1	2	3	0	35	1	6	23	1	13	5	10	0	36	54	2	8	5
OTU_106	OTU_106	44	1103	22	419	351	4	192	400	163	201	1920	280	93	261	290	189	133	98	326	1780	1155	1631	2857	838	147	293	192	151	123	2692	278	903	74	64	554	377	37	420	1186	996	162	950	138	267	212	284	330	207	502	495	120	704	210	49	604	2503	977	2699	354	515	183	32	113	44	68	109	114	1327	134	210	614	5	26	325	320	111	488	136	318	674	77	1258	13	175	194	944	191	94	108	2	1580	1263	1820	91	118	461	485	148	684	87	142	205	220	763	81	355	406	465	519	228	674	1153	830	226	414	91	154	214	309	1520	1230	317	323	73	319	137	68	192	777	101	937	56	273	73	56	44	779	67	560	836	61	1501	14	124	510	77	2408	424	7	69	87	5118	45	153	158	129	1189	54	529	131	414	61	87	1692	29	81	319	109	111	157	583	40
OTU_107	OTU_107	148	10	6	9	1	8	13	19	56	692	2	5	1	10	6	35	3	2	53	0	989	14	319	54	6	621	90	7	13	2	13	54	181	190	53	471	8	145	19	10	0	41	116	88	125	6	46	156	24	117	0	21	327	99	27	368	5	12	47	30	14	0	526	6	5	8	22	25	0	79	21	3	1	24	17	3	17	5	10	1	1	46	6	0	23	64	95	35	1	34	12	160	3	0	358	109	29	84	28	10	43	34	9	126	10	9	6	23	146	6	37	3	0	44	0	1	50	99	60	0	20	33	12	4	32	0	0	211	107	1	14	20	3	40	111	3	72	6	22	403	17	342	1	1	22	8	55	19	17	20	28	113	4	5	24	67	165	83	50	4	28	6	114	134	14	13	171	21	21	7	12	1
OTU_108	OTU_108	3	125	6	49	24	1	60	131	84	29	232	18	3	17	11	24	10	40	60	156	386	58	22	49	78	14	221	716	106	102	89	13	20	6	48	24	4	78	699	11	1	330	41	38	83	48	120	34	98	273	8	18	137	28	2	25	21	6	9	31	32	7	61	9	11	55	75	8	4	47	28	1	2	18	21	9	46	124	3	216	3	82	2	27	160	237	17	8	111	3	113	340	7	5	120	200	153	19	76	25	247	9	21	124	0	218	3	11	31	10	90	7	30	53	0	0	136	73	2	1	13	38	438	12	35	199	4	6	19	34	15	1	18	23	2	27	1091	1	159	36	26	10	0	2	0	156	0	32	1	14	27	13	14	18	6	14	137	33	14	3	7	236	7	75	0	75	2	77	193	26	5	10
OTU_109	OTU_109	3	0	7	1	0	0	1	37	180	0	0	0	5	1	3	0	1	1078	335	0	0	1	0	56	1	0	2	1	0	0	0	0	0	6	3	1	0	0	10	12	0	2	0	0	3	0	0	11	0	16	0	0	0	0	0	2	1	0	5	0	1	0	3	0	1	0	0	7	0	1	0	1	1	1	0	1	2	0	19	5	0	0	1	1	0	0	3	3	0	2	2	0	0	0	4	13	1	0	47	1	4	540	0	0	1	0	621	0	0	0	6	6	0	0	0	72	0	0	0	0	0	1	1	3	18	0	1	0	0	7	0	0	9	125	67	1099	1	0	44	0	3765	0	0	10	5	0	0	0	5	0	0	12	0	9	1	10	8	0	0	0	2	0	0	0	0	661	0	0	1	7	0	0
OTU_110	OTU_110	0	0	0	0	1	2	194	0	151	1	408	1	6	0	0	0	0	1069	0	2	0	0	1	1	1	0	0	1	3	2	159	9	0	28	3	0	27	0	4	1	5	0	0	0	0	1	3	0	0	66	4	0	7	10	6	6	0	0	5	0	0	0	0	0	0	421	1	1	1	0	0	0	6	0	2	0	0	4	1	0	1	5	31	0	0	1	0	0	7	0	1	2	1	157	6	1328	2	1	14	3620	0	0	0	8	1501	0	1	1	1	1101	3	43	0	4	13	60	0	16	0	19	0	1	0	0	38	327	22	42	203	76	0	2856	0	0	3	0	24	3	0	6	7	7	1	0	4	1	1	0	3	1	1	0	0	29	0	3542	4	771	38	23	3	12	1	9	2955	2729	23	0	0	0	45	1
OTU_111	OTU_111	7	297	42	30	2	9	5	45	91	197	0	1147	23	1238	6	40	29	117	40	10	331	11	369	26	0	3	6336	12	148	19	269	4	33	2	423	22	4	134	6	9	4	24	1313	20	843	108	134	13	16	310	26	49	7	7	5	4	17	19	187	45	47	5	649	12	16	2	17	23	5	3	71	4	9	53	6	2	44	10	18	5	12	304	78	1	37	1567	66	1	50	1	0	0	8	7	22	99	14	25	154	42	55	94	146	33	49	8	91	11	25	25	37	10	6	66	1	60	119	9	48	19	2	4	74	32	18	12	22	1498	91	60	115	5	43	1	133	23	100	8	37	81	141	23	0	55	4	162	8	113	2430	5	15	20	3	17	69	6	766	7	27	56	41	401	76	13	0	76	2858	47	227	55	29	6
OTU_112	OTU_112	6	60	4	15	2	1	181	2	101	2	1	183	1	181	15	11	242	504	29	0	0	0	0	0	4	1	56	0	0	0	21	1	3	3	156	55	4	37	9	14	0	1	40	13	239	144	30	4	0	7	4	6	50	58	2	9	50	2	348	1	1	1	6	10	4	5	21	5	1	251	12	1	3	37	1	0	2	3	6	1	1	18	11	3	114	2	211	1	3	0	3	1	8	1	6	31	76	0	202	18	33	501	103	1	2	1	111	36	3	75	8	2	2	66	0	267	2	173	1	2	7	21	2	111	11	14	9	5	177	191	243	78	63	233	19	342	5	51	5	1	497	6	1	12	9	73	3	0	70	79	13	7	123	19	67	2	2204	4	82	87	95	101	0	7	1	196	3	71	105	2	5	3
OTU_113	OTU_113	6	38	29	51	0	0	26	76	173	3	13	77	2	85	7	51	147	754	182	5	69	10	130	185	1	1	65	86	18	44	50	2	26	45	73	113	7	166	5	11	2	69	12	148	331	218	7	10	4	53	2	17	224	41	2	6	58	3	122	20	8	1	12	30	37	0	58	26	0	284	195	4	5	90	1	0	1	23	6	5	3	199	5	49	127	19	200	41	72	0	13	4	2	13	5	323	30	47	209	53	65	303	125	1345	73	47	137	187	131	32	22	193	1	881	0	76	25	95	58	22	57	31	5	83	110	13	24	4	280	103	99	115	49	70	28	90	0	154	55	705	40	6	0	53	80	252	5	380	38	20	8	18	6	149	414	197	287	46	201	61	84	35	234	84	6	217	7	71	448	110	32	14
OTU_114	OTU_114	1	116	4	12	2	1	222	0	25	5	2	346	2	336	55	1	60	146	0	0	3	1	2	675	2	1	1	1	1	0	211	2	1	10	17	0	0	34	3	5	0	0	582	0	75	2	4	0	0	13	2	37	152	38	1	34	0	3	0	2	13	2	0	54	2	5	2	59	0	21	35	2	1	65	1	3	1	0	1	1	1	4	10	2	224	1	23	0	7	0	3	0	2	3	4	1	2	0	28	47	11	261	0	15	1	0	55	117	228	60	1	0	1	83	0	86	8	16	0	274	1	5	53	20	87	20	7	7	30	1	88	27	20	0	3	9	2	0	4	1	2033	12	0	0	4	27	1	263	49	81	6	1	17	3	31	4	35	1	21	0	140	34	2	7	1	556	1	150	31	1	2	1
OTU_115	OTU_115	176	4	93	13	0	1	10	2	54	4	1	13	203	13	52	139	131	18	23	20	25	11	69	8	2	41	12	21	65	31	19	2	2	134	26	27	9	12	8	28	0	110	37	37	22	15	19	7	3	67	3	5	2	33	0	197	237	6	9	11	26	1	37	52	42	1	11	53	0	11	22	0	0	3	125	1	241	289	1	139	35	27	0	0	187	8	3	0	3	0	61	0	0	2	46	0	7	39	32	10	13	33	12	4	0	5	9	1	73	3	4	4	1	5	0	0	10	10	1	0	0	0	26	27	201	0	0	1	16	0	3	4	3	23	1	0	7	1	23	83	19	2	0	2	0	11	0	14	7	4	0	7	204	2	7	70	75	4	7	0	0	46	3	1	1	3	2	39	13	139	4	13
OTU_116	OTU_116	3	2	0	4	0	0	83	3	69	1	0	0	0	4	0	2	1	315	123	0	1	2	0	35	0	0	3	2	6	0	1170	2	6	3	2	6	1	41	5	11	1	0	2	1	48	136	0	1	0	4	0	2	6	3	0	17	1	0	2	2	0	0	1	0	0	17	1	4	0	0	0	3	0	2	0	3	1	0	5	1	2	3	20	1	78	0	240	0	10	0	4	0	11	1	7	3	2	2	7	7	0	333	51	10	0	1	73	2	3	20	2	0	1	4	0	337	1	111	1	0	0	8	3	17	61	7	0	0	1184	1	18	10	24	0	6	29	1	1	22	12	202	3	0	13	13	15	1	2	733	3	4	3	34	6	6	1	1390	0	230	0	9	2	2	5	5	137	0	48	29	6	9	0
OTU_117	OTU_117	1	360	155	8	0	2	34	40	7	0	0	329	4	335	1	3	0	12	241	5	7	3	1	363	3	1	0	11	0	1	7	2	8	1	63	2	1	3	7	5	4	160	151	725	62	102	188	6	93	6	5	68	120	24	3	5	0	24	5	0	139	0	1	170	5	7	0	35	0	141	142	0	1	140	0	3	2	0	6	1	3	14	8	2	19	1	108	187	4	6	0	193	2	75	277	1	3	0	61	3	219	89	77	3250	46	100	287	37	8	117	198	432	0	116	3	54	956	29	0	4	263	17	1	34	261	23	0	7	25	1	279	2	97	12	37	0	5	58	121	359	637	38	2	44	4	244	180	0	2	17	4	30	0	15	1	149	2892	22	7	2	0	601	558	14	3	94	16	48	382	3	46	48
OTU_118	OTU_118	0	2	39	0	0	0	0	0	0	0	0	0	0	0	0	0	0	0	0	0	3	2	0	0	0	0	0	0	98	0	0	0	0	0	1	0	0	0	0	0	0	0	0	0	1	1	0	0	0	0	0	0	0	0	0	0	1	0	0	1	0	0	0	0	0	0	0	0	0	0	0	0	0	1	0	0	27	0	2	0	0	0	0	0	0	0	0	0	4	0	0	0	0	0	0	0	0	0	1	0	0	0	6	0	0	0	0	9	0	0	4	0	1	0	0	0	3	0	0	0	1	0	0	0	2	0	0	0	1	0	0	0	0	0	1	0	0	0	1	1	0	2	0	0	0	0	2	25	0	0	1	0	0	2	0	1	1	0	1	0	15	1	0	0	3	0	0	0	0	0	1	0
OTU_119	OTU_119	35	5	14	24	27	0	1	5	24	3	63	2	52	6	2	6	1634	81	4	2	5	1	2	4	1	6	2	7	4	4	10	3	156	30	3	19	10	1	3	2	28	80	4	9	6	10	5	4	10	6	20	11	0	21	5	25	13	1	1	0	0	5	4	6	6	21	0	8	2	4	25	46	33	29	3	76	20	6	0	5	11	9	3	1	5	9	426	0	1	1	127	7	0	3	4	0	3	3	9	0	24	1	51	3	0	0	45	9	20	4	8	1	0	2	18	0	3	1	2	5	1	25	1	583	7	0	64	0	4	3	0	1	335	1	4	3	2	0	37	60	2	20	11	3	4	2	14	2	13	9	5	4	2	6	0	2	8	140	0	7	2	1	1	4	3	95	0	4	6	1	3	792
OTU_120	OTU_120	3	117	3	45	33	8	67	43	44	5	34	6	2	8	53	9	1	4	4	245	22	39	236	103	940	17	86	2	5	15	10	8	18	1	74	43	2	151	6	430	6	168	69	45	14	6	22	22	4	41	6	36	81	15	149	2	10	84	6	80	7	1	66	5	10	50	81	39	82	47	60	1	0	67	23	0	0	3	4	4	43	39	68	169	1	135	23	66	11	24	17	54	211	1	14	180	9	41	66	16	20	116	11	65	9	50	46	41	47	22	11	43	7	190	1	30	27	139	32	32	33	0	84	2	1	6	11	2	23	0	74	18	27	2	4	1	38	1	84	68	3	95	16	28	2	15	2	5	2	20	5	4	3	4	107	98	48	9	15	16	71	21	34	56	81	6	6	1	21	13	18	16
OTU_121	OTU_121	133	36	47	82	93	2	18	110	35	28	18	7	45	9	13	14	108	8	44	53	41	67	13	11	58	31	6	22	21	27	31	3	43	53	14	17	15	21	31	14	1248	20	4	9	6	67	114	33	76	22	71	14	6	13	37	36	20	11	20	21	19	26	10	43	19	145	42	5	59	15	11	54	224	17	33	185	47	25	8	18	23	3	10	20	49	16	21	0	0	1	147	40	2	3	8	1	0	5	19	2	3	1	5	3	5	1	1	4	11	3	102	2	3	2	28	10	5	7	1	11	3	32	20	44	21	5	72	1	51	16	1	0	24	4	2	3	7	0	14	42	10	5	12	12	52	4	6	5	13	1	6	2	24	7	2	2	7	154	18	2	0	2	3	5	1	115	0	43	4	13	2	203
OTU_122	OTU_122	18	0	0	0	0	0	0	0	0	0	0	0	0	0	0	0	0	0	0	0	1	0	0	0	0	0	0	0	0	0	0	0	0	0	0	0	0	7	0	0	0	0	0	0	0	3	0	0	0	0	0	0	0	0	0	0	0	0	0	0	0	0	0	0	0	0	0	0	0	0	0	0	0	0	0	0	0	0	3	0	0	0	0	0	0	0	0	0	0	0	0	0	0	0	0	0	0	0	0	0	0	0	0	0	0	0	0	0	0	0	0	0	0	0	0	0	0	0	0	0	0	0	0	0	0	0	0	0	0	0	0	0	0	0	0	0	0	0	0	0	0	0	0	0	0	0	0	1	0	0	0	0	0	0	0	0	0	0	0	0	0	0	0	0	0	0	0	0	0	0	0	0
OTU_123	OTU_123	4	143	1	10	5	20	44	26	3	2	0	271	0	220	785	57	3551	26	350	0	103	11	7	64	0	0	6	20	134	171	549	0	1234	21	12	636	25	11	7	6	5	475	426	178	12	211	6	9	11	9	25	131	413	84	2	3	3	1	166	6	4	11	1	1106	22	21	3	12	2	0	25	25	3	9	1	3	12	156	14	0	4	0	3	1	466	6	1	43	13	1	2	4	0	2	0	2	11	27	9	316	46	103	4	265	0	133	2	56	5	7	7	5	2	2	0	3	69	101	10	52	4	0	246	1251	22	13	188	6	14	130	22	13	8	66	2	16	5	6	241	18	139	14	6	1	0	162	0	78	45	223	2	12	400	1	289	0	211	5	19	0	475	22	0	1	0	450	2	201	225	610	0	2
OTU_124	OTU_124	5	7	100	10	3	8	4	1436	5	42	0	528	0	374	1	7	7	6	23	2	3	6	0	2	0	141	799	1	6	1	10	4	55	1	44	3	0	3	632	8	0	0	10	0	12	62	5	359	1	95	7	13	0	7	0	5	248	7	69	1	10	2	3	18	1	7	18	31	0	9	58	0	1	71	3	0	10	10	1	0	8	3	3	10	12	18	5	0	1	0	5	1	2	12	0	1	0	0	3	1	11	1	0	27	0	2	0	3	1	19	4	2	4	0	0	4	3	2	1	205	1	6	2	14	64	273	10	0	26	1	0	2	2	0	0	1	0	0	7	1	3	415	0	0	1	1	0	4	24	1	12	0	4	0	0	170	11	11	4	0	0	0	28	10	1	2	0	8	2	7	0	8
OTU_125	OTU_125	251	24	6	19	69	4	31	61	16	2	1	8	38	13	127	121	30	25	34	12	17	18	21	19	1	56	12	107	141	70	24	1	74	284	80	19	426	17	6	0	0	0	119	35	23	26	28	296	116	39	1	13	4	4	0	5	35	14	2	9	134	1	18	35	29	19	29	16	29	32	16	1	30	259	0	5	1	274	134	65	2	36	3	115	37	13	17	88	1	1	69	41	0	13	2	3	2	7	109	12	20	1	2	10	0	0	0	15	43	3	90	11	0	4	1	2	10	26	2	2	15	2	1	14	26	0	17	0	37	9	27	1	14	2	0	33	2	2	7	24	37	71	0	6	5	6	36	2	99	0	2	3	28	0	9	13	30	46	26	0	4	18	1	6	5	127	0	32	12	28	9	159
OTU_126	OTU_126	1	1	1	0	0	2	1	0	1	5	0	2	1	0	1	1	0	1	0	0	0	0	3	0	0	0	2	0	3	2	9	2	2	0	0	0	1	1	4	2	1	1	0	0	0	1	0	2	0	0	0	2	15	2	0	6	0	0	14	1	1	3	1	0	0	2	4	0	2	4	0	2	0	2	2	14	0	1	0	0	5	0	0	1	0	3	0	2	2	1	1	1	0	37	0	4	2	2	4	0	1	0	5	0	7	2	0	1	1	24	0	0	3	0	11	1	0	1	8	16	0	0	0	0	0	0	1	0	1	1	2	3	0	1	0	2	3	0	0	0	0	2	13	3	1	4	0	0	1	2	1	0	0	4	0	5	0	0	2	8	0	6	10	1	1	2	0	0	0	1	3	0
OTU_127	OTU_127	41	1	8	8	8	20	0	1	0	2	1	1	108	1	0	55	0	2	0	1	8	1	4	0	1	4	1	6	2	4	4	26	6	100	1	6	71	0	9	1	29	3	0	1	3	1	0	6	7	5	3	4	1	6	33	19	3	0	0	45	1	50	0	1	45	1	0	16	0	1	1	21	11	0	4	6	3	2	49	1	0	13	5	0	0	8	0	0	2	2	1	6	2	1	10	4	0	13	7	0	3	0	0	6	0	0	0	0	5	0	18	1	4	0	2	0	1	4	0	1	0	8	0	1	6	6	87	0	45	9	0	0	8	0	5	5	5	1	4	4	3	30	11	1	0	0	3	0	0	4	22	17	2	0	1	6	13	3	8	0	1	0	0	1	0	17	0	2	0	18	2	12
OTU_128	OTU_128	3	1	9	0	0	0	0	23	1	1	0	0	0	0	0	1	0	0	8	0	0	1	0	0	21	0	0	82	1	0	0	0	0	0	0	1	0	1	5	0	0	0	0	2	0	8	0	0	0	0	0	0	0	0	0	0	0	3	1	10	0	0	0	0	1	0	8	0	0	1	0	9	126	0	1	0	22	2	124	0	2	9	3	0	59	0	0	0	0	0	1	2	0	2	1	0	1	1	0	0	0	1	12	1	0	0	0	0	0	0	0	0	0	0	0	0	1	0	0	1	0	0	4	1	1	13	0	0	0	3	0	0	0	0	0	0	5	0	1	1	0	0	0	0	0	0	1	0	0	0	1	0	0	0	0	0	0	0	0	0	0	0	0	0	0	17	0	37	0	0	0	15
OTU_129	OTU_129	0	106	18	3	3	0	8	21	29	4	0	182	4	194	4	84	410	103	42	1	23	0	5	54	2	1	12	2	62	3	0	1	20	13	92	20	14	425	16	5	0	0	20	49	34	79	5	7	12	1	2	20	48	22	4	10	17	3	762	57	11	2	11	155	45	4	40	12	0	115	3	1	2	68	7	1	25	94	2	2	0	4	3	4	423	2	41	4	90	0	3	0	7	9	5	52	172	2	6	27	160	30	24	898	10	23	15	0	8	12	30	8	0	432	2	18	25	9	92	1	11	10	0	177	188	16	21	8	128	97	97	16	37	2	1	107	5	66	10	472	190	5	0	31	3	193	1	0	7	57	2	21	0	152	43	47	898	110	102	0	39	215	94	12	2	26	9	261	272	98	15	10
OTU_130	OTU_130	0	0	4	0	0	2	0	0	0	1	1	0	0	0	0	0	1	0	0	1	0	0	0	0	1	1	1	0	0	4	57	0	0	0	0	0	1	0	0	0	1	0	0	0	2	1	1	0	0	0	0	0	0	0	0	0	45	0	0	1	1	0	0	1	1	6	2	0	1	1	0	2	0	3	0	0	0	0	2	0	2	3	2	0	0	1	1	0	6	0	0	0	1	1	0	0	0	0	8	2	1	96	0	0	0	0	96	0	1	5	0	0	1	0	3	1	10	0	18	1	1	0	0	2	1	4	0	0	1	1	1	0	2	0	13	0	0	0	3	0	0	1	2	1	1	0	0	0	4	2	0	0	0	3	0	2	379	0	2	0	20	16	0	2	2	4	0	1	1	0	0	0
OTU_131	OTU_131	5	0	2	9	0	0	3	0	7	2	0	562	2	257	7	0	393	21	700	0	1	1	1	83	0	0	6	0	0	1	151	5	1	13	13	1	0	334	26	3	2	1	3	0	13	1	6	0	0	21	10	1	37	9	1	11	2	2	2	1	0	4	2	0	10	3	3	12	1	2	2	4	3	27	0	8	0	1315	61	2	0	5	0	2	300	0	126	22	8	2	1	1	3	0	15	0	1	0	616	2	106	554	188	2	0	0	270	10	191	6	38	3	4	5	2	2	5	106	27	0	9	4	3	265	65	2	7	0	38	1	43	0	9	239	73	3097	2	1	5	4	220	5	0	1	17	0	0	0	1937	1	13	4	2	78	47	1	5191	5	38	0	0	13	15	2	2	1560	0	284	5	1314	1	2
OTU_132	OTU_132	3	3	7	1	0	0	6	8	191	2	0	0	0	0	5	0	2	1210	31	0	0	0	0	0	0	1	44	0	0	0	22	0	1	1	49	0	1	0	2	1	1	0	844	6	4	0	49	2	2	3	1	1	8	5	0	6	40	2	304	0	1	0	1	118	1	0	3	3	0	0	79	0	9	2	0	3	2	4	0	1	0	162	4	2	45	8	0	0	1	0	2	0	21	7	7	0	0	0	227	14	0	64	0	0	0	1	0	1	2	292	20	0	1	9	1	0	0	0	0	58	5	0	0	20	0	53	2359	1	102	0	62	1	15	0	0	0	1	0	34	0	0	1	0	15	2	48	0	8	1	11	2	4	14	0	17	1	2844	7	89	1	96	790	0	6	0	0	0	28	48	43	1	5
OTU_133	OTU_133	0	52	2	1	1	1	34	358	6	2	0	4095	0	2621	0	0	0	3	1432	2	15	59	1	54	2	0	371	3	0	0	4	0	2	0	487	0	0	0	11	252	0	0	3	10	7	8	0	64	0	2	45	9	440	107	2	2	0	10	1	0	18	2	278	1	0	0	0	72	0	341	109	0	7	1	0	1	220	1	17	2	0	2	1	2	44	0	2	0	1775	2	0	2	0	31	0	0	6	1	263	143	36	121	19	9	43	168	1	193	0	60	20	2	3	0	7	2	859	0	1	1	89	11	1	6	11	29	3	0	76	509	172	13	68	31	0	0	2	2	5	195	1	39	0	286	2	181	17	14	2	205	1173	14	0	1	1	1	415	0	49	5	0	51	1	3	3	0	1	35	190	0	0	3
OTU_134	OTU_134	0	0	0	0	0	0	0	0	0	0	0	0	0	0	0	0	0	0	0	0	0	0	0	0	0	0	0	0	0	0	0	0	0	0	0	0	0	0	0	0	0	0	0	0	0	0	0	0	0	0	0	0	0	0	0	0	0	0	0	0	0	0	0	0	0	0	0	0	0	0	0	0	0	0	0	0	0	0	0	0	0	0	0	0	0	0	0	0	0	0	0	0	0	1	0	0	0	0	0	0	0	7	0	14	0	0	0	0	0	0	0	0	0	0	2	0	0	0	0	0	0	0	0	0	0	0	0	0	0	1	0	0	16	0	0	0	0	0	0	0	0	0	0	0	0	0	2	0	0	0	0	0	0	0	0	0	0	0	1	0	0	0	0	1	0	0	0	0	0	0	0	0
OTU_135	OTU_135	0	0	0	0	0	0	0	0	3	0	0	0	0	23	0	0	4	0	0	0	0	0	0	0	0	0	2	1	1	0	0	0	1	0	2	0	1	0	1	0	0	0	0	0	0	0	0	0	0	2	0	0	0	0	0	0	0	0	2	0	0	0	0	0	1	0	0	23	0	0	1	0	0	2	133	0	0	0	0	0	2	0	1	0	0	0	0	0	2	0	1	0	0	3	1	3	1	0	31	0	0	2	1	1	0	0	0	0	0	0	4	0	0	2	0	0	10	0	5	0	0	0	0	2	32	1	1	1	83	0	0	0	0	0	0	0	0	0	0	1	1	3	0	0	3	0	1	1	1	0	168	0	0	0	2	0	0	0	76	0	0	1	0	2	5	0	0	1	1	3	0	1
OTU_136	OTU_136	4	76	0	20	2	0	287	2	51	6	1	92	1	93	11	260	70	250	174	1	1	1	0	61	2	0	1052	2	1	1	34	2	5	23	78	90	33	18	5	5	4	25	6	8	120	22	8	1	1	26	3	18	22	14	1	30	2	0	1149	0	1	1	0	28	77	2	7	9	0	11	19	0	7	15	1	0	37	2	5	2	1	8	4	3	132	3	105	14	1	0	0	0	6	6	2	2	4	1	180	42	54	153	129	47	0	2	11	166	9	20	14	0	3	3	0	315	7	67	8	8	2	6	2	33	4	3	3	1	233	2	206	10	83	339	6	23	3	29	15	12	271	7	0	14	20	36	2	1	181	49	4	4	22	0	51	3	470	14	87	0	8	24	64	135	2	570	3	59	34	4	6	2
OTU_137	OTU_137	0	0	0	0	9	0	10	3	5	6	0	0	0	0	0	0	0	0	0	0	15	6	0	0	0	0	0	4	0	0	3	0	0	0	0	0	0	0	14	5	0	0	0	0	4	5620	0	0	0	1	0	0	0	0	0	6	0	0	1	0	0	0	0	0	0	0	44	1	0	0	2	0	0	11	0	0	25	0	4	0	0	0	0	0	0	0	0	0	0	0	10	0	0	0	0	0	0	0	1	0	0	0	0	0	0	0	0	0	0	0	0	0	0	0	0	0	1	0	1	0	0	0	0	1	16	0	0	1	0	0	0	0	0	0	2	576	0	0	0	0	0	0	0	0	1	0	0	0	5	0	0	2	0	4	0	0	0	0	0	0	0	0	0	0	0	0	0	0	0	14	1	0
OTU_138	OTU_138	1	35	368	32	2	2	25	79	38	12	8	16	36	10	14	379	85	82	52	2	5	10	1	7	1	42	16	1	66	0	47	1	115	351	27	10	50	15	22	2	2	0	1	13	13	32	31	23	98	25	4	10	10	253	1	3	32	9	41	15	29	3	18	179	91	12	18	7	3	38	18	0	5	2	2	1	225	79	2	6	46	17	2	3	117	38	14	0	1	0	29	0	0	70	11	1	4	0	180	2	1	21	3	3	3	0	3	0	1	5	101	6	0	1	6	2	3	17	0	7	0	5	10	27	70	21	497	1	122	33	3	1	5	0	1	133	2	0	7	9	49	1	0	1	1	6	1	45	74	0	5	1	121	21	1	6	93	187	26	1	7	1	0	2	0	76	0	80	10	121	8	801
OTU_139	OTU_139	2	87	8	12	2	0	38	5	9	11	0	0	0	14	0	67	153	1	389	0	3	2	961	3	0	0	1	479	2	175	2	5	835	6	10	579	25	4	9	1	2	0	0	0	390	3	27	2	0	7	3	90	217	49	0	2	2	3	1	3	8	7	1	537	6	3	389	15	2	1	1	1	3	212	475	5	0	19	12	103	6	1	2	1	122	5	162	85	4	0	29	818	0	92	1	1	1	127	3	47	5	1	46	2	0	0	22	70	294	2	1	0	37	3	3	0	2	107	0	0	0	9	221	45	831	1	2571	0	45	0	76	1	16	233	0	9	2	24	4	3	15	3	2	24	0	0	0	2	12	59	24	0	1	71	1	0	79	317	40	21	2	119	22	1	0	33	0	73	2	5	5	9
OTU_140	OTU_140	0	0	0	0	0	0	2	2	129	5	0	875	0	764	0	0	0	876	10	0	0	0	0	0	3	0	2	0	0	0	153	1	0	1	37	0	0	0	0	7	4	0	0	2	6	1	0	0	0	2	19	0	0	1	0	0	0	0	2	0	0	1	0	2	1	5	5	1	0	0	1	0	4	0	0	0	0	0	0	0	0	0	5	1	0	1	9	0	0	0	1	0	1	0	3	0	0	0	14	301	0	1	0	0	0	0	0	0	1	48	8	1	1	9	0	0	0	0	0	0	3	0	10	37	6	8	0	0	0	0	0	1	13	0	1	0	1	0	52	0	1	8	0	266	0	0	0	2	0	0	1	1	0	0	4	5	537	2	0	0	0	0	0	5	0	49	0	29	3	0	22	1
OTU_141	OTU_141	3	5	333	2	1	170	1	12	5	11	0	3	414	9	2	11	3	0	6	6	97	0	6	3	0	347	1	4	32	22	0	363	5	266	7	12	267	3	0	49	2	2	2	6	1	20	15	76	32	6	1	1	2	52	25	110	6	14	9	2	2	3	5	0	7	7	2	86	1	3	3	208	29	26	0	2	59	15	0	1	23	12	0	1	3	16	10	0	4	0	8	3	8	0	2	0	1	2	8	2	0	1	10	4	0	1	0	0	2	0	38	2	0	2	1	0	1	0	0	1	0	11	1	7	2	2	2	28	19	6	0	1	1	0	30	1	19	0	5	4	1	12	0	0	6	0	10	5	4	0	4	3	9	0	0	3	26	25	6	0	0	0	0	5	1	7	21	2	2	15	0	201
OTU_142	OTU_142	2	131	6	8	0	0	1	2	5	23	0	15	3	88	6	13	14	31	4	0	33	9	2	191	12	0	0	5	292	0	3	1	1494	2	893	293	5	718	4	2	4	0	933	924	2120	185	1	3	0	269	0	105	4	2	2	5	0	23	175	1	77	4	392	7	12	15	275	17	1	1373	213	0	0	14	136	0	3	3	2	12	1	0	4783	0	64	0	71	0	7	236	2	233	0	85	16	1	960	1	18	2	145	0	31	300	106	0	28	258	55	15	2	731	0	23	11	6	16	12	298	444	246	54	3	8	4	3	26	13	1	2	78	0	36	0	1	8	8	0	3	34	1	8	0	2	66	36	334	175	72	1	9	4	1	17	515	323	13	8	3	73	359	262	0	712	243	31	2	52	37	2	189	3
OTU_143	OTU_143	0	1	1	0	1	0	1	0	37	0	0	0	2	3	37	0	0	288	1	0	0	0	3	0	0	3	1	0	0	0	2	0	0	8	0	0	0	288	10	4	1	1	2	1	3	0	2	3	0	37	1	2	98	20	1	58	0	0	2	0	0	1	1	1	0	3	0	2	0	0	0	0	0	34	0	0	0	0	1	0	1	0	6	0	1	0	0	0	31	0	2	0	0	0	0	3	2	0	7	1	0	339	0	2	1	0	114	0	1	110	2	0	8	0	0	436	0	452	0	3	0	0	0	0	0	19	190	0	0	1	1	19	0	296	12	9	0	6	4	0	90	0	0	1	16	0	0	1	0	2	3	3	0	1	0	2	1	1	0	0	0	0	0	0	3	1312	0	1	0	1	1	1
OTU_144	OTU_144	4	0	7	27	7	0	4	0	2	0	0	1	1	8	340	827	1	0	0	0	6	2	379	1	3	0	1	2	2	2	0	1	0	1	12	1	3326	4	2	0	5	1	0	2	1	159	1345	3	0	1	0	1	0	5	66	3	1	81	15	8	4	16	0	0	194	0	2	0	0	2	136	2	2144	66	0	17	0	2	1	0	35	2118	0	0	1	76	0	77	1	0	8	0	1	1	0	73	880	0	0	0	1	9	0	22	0	0	0	3	3	0	11	0	0	29	0	2	12	7	0	0	0	0	581	18	4	0	4	16	446	2	0	0	3	2	1	0	5	0	13	17	33	1	0	0	0	0	1	3	1	2	0	15	0	0	0	2	4	3	359	0	0	799	0	2	0	0	9	18	1	6	9	1
OTU_145	OTU_145	6	1	8	78	34	0	2	16	517	69	0	19	82	17	1	16	0	0	0	0	17	0	180	22	18	31	60	3	151	35	0	71	7	8	4	39	44	94	49	916	2	0	5	0	17	5	9	256	0	1	0	6	0	0	176	381	1	28	1	4	20	0	40	0	2	3	111	29	3	21	108	0	194	508	361	1	31	101	0	60	172	1	1	321	0	1	4	0	0	0	1	0	25	2	0	0	5	0	8	0	0	0	0	12	0	0	0	0	2	0	2	0	11	0	0	0	9	3	16	0	0	2	2	1	16	0	3	17	0	0	0	0	0	0	0	0	3	0	2	4	0	266	0	0	0	0	0	0	0	4	75	4	1	0	6	9	6	1	0	0	0	1	0	5	5	0	11	0	2	0	0	8
OTU_146	OTU_146	0	0	0	0	0	0	1	1	3	0	0	0	0	0	0	0	10	0	0	0	0	0	0	0	0	0	0	0	0	0	0	2	0	0	1	0	1	0	1	0	0	0	0	0	0	0	0	0	0	0	1	0	1	0	0	1	1	60	3	1	0	15	0	0	2	0	0	0	0	0	0	1	18	1	0	0	0	0	2	1	0	0	0	0	0	2	3	0	1	0	0	1	0	4	5	4	1	0	1	0	3	11	0	8	1	0	0	0	0	0	0	0	0	0	137	0	0	7	0	2	0	2	0	6	24	2	13	0	27	86	0	0	134	0	0	0	0	0	1	10	0	0	3	0	0	1	4	0	3	1	0	1	3	0	0	2	0	3	10	0	0	0	0	5	1	0	0	0	0	165	15	9
OTU_147	OTU_147	1	5	41	13	13	136	7	12	28	10	0	13	90	15	1	4	3	13	26	3	34	10	48	19	1	179	247	2	27	123	1	37	40	1	31	86	4	46	5	0	1	51	106	118	34	38	2	67	6	109	3	5	16	14	0	158	125	23	75	34	27	2	31	5	3	0	56	142	0	19	11	0	0	22	1	1	29	36	3	6	22	29	82	2	20	176	10	20	20	0	1	0	111	2	16	114	28	0	7	10	8	25	17	39	4	13	1	13	7	0	18	17	82	37	0	7	4	22	79	7	2	20	6	3	15	120	59	166	28	3	0	0	2	134	28	19	19	0	24	34	4	1	4	1	0	2	1	40	17	14	2	3	1	4	5	4	56	1	35	0	6	27	2	14	2	24	182	12	6	10	12	7
OTU_148	OTU_148	1	1	0	9	3	0	125	3	38	1	0	0	0	8	4	6	1	175	0	0	0	1	1	41	0	0	1	0	1	0	1	2	2	15	40	110	37	0	14	3	0	0	2	3	199	2	1	1	2	10	1	1	1	0	0	62	0	1	198	0	2	1	1	0	1	4	3	8	0	0	0	0	1	3	0	0	0	0	1	0	8	0	7	1	534	0	121	0	6	3	3	0	5	1	5	0	0	1	1	5	9	62	0	3	0	2	1	1	9	9	0	0	3	0	0	267	0	245	1	0	1	3	0	9	3	0	6	0	0	1	34	27	14	9	0	103	4	1	8	5	61	3	0	2	8	96	0	0	1	1	4	9	182	1	44	5	249	426	0	0	6	23	0	1	0	209	1	264	138	2	0	1
OTU_149	OTU_149	5	12	29	3	0	0	45	2	11	0	3	44	1	35	115	1	26	50	142	4	57	2	8	50	1	0	6	2	7	0	23	2	114	1	3	1	18	6	7	1	0	1	2	13	89	24	18	2	1	27	3	11	40	34	0	1	3	0	35	0	1	1	2	32	2	7	0	6	0	2	14	0	4	22	0	1	0	0	7	2	4	0	5	1	37	9	10	0	3	0	4	0	10	5	3	6	1	0	40	137	19	4	29	2	5	1	0	0	354	11	3	1	0	4	1	16	16	3	0	50	1	0	1	8	27	3	2	0	172	1	4	0	2	8	2	158	2	4	7	12	17	3	1	0	2	57	0	39	42	1	1	3	275	2	7	3	302	189	103	1	0	118	6	3	1	74	0	19	66	40	0	4
OTU_150	OTU_150	0	0	0	0	0	0	0	0	0	0	0	0	1	0	0	0	0	0	0	1	0	0	0	0	0	0	1	0	10	0	0	1	2	1	0	0	0	0	9	0	1	0	0	0	0	1	0	0	0	9	0	0	1	4	4	44	0	0	54	1	0	0	0	0	0	1	3	0	0	0	0	0	0	1	0	0	0	0	0	1	0	7746	0	0	0	0	0	2	2	2	0	0	0	1	0	1	7	5	111	2	4	0	0	2	19	0	6	1	0	1	9	2	0	1	1	0	0	0	4956	2	1	0	0	0	122	11	1	2	0	2	0	2	2	2934	28	358	0	0	0	2	0	1	1	0	4	0	1	0	6	1	13	2	0	16	1	0	1	0	0	2422	1	0	1	0	10	269	15	0	0	2	0	0
OTU_151	OTU_151	3	0	2	2	0	0	18	2	40	0	0	24	0	11	7	10	38	232	4	0	0	4	1	4	0	0	1	0	3	0	23	1	0	4	75	77	10	123	0	2	0	0	0	10	18	2	0	1	1	79	0	1	3	2	0	0	0	0	50	0	1	3	3	22	2	3	0	2	0	43	0	1	0	4	0	0	1	2	0	1	1	5	2	1	76	0	46	1	24	0	0	0	9	29	1	1	4	0	7	4	67	464	8	27	0	1	14	65	0	14	0	0	4	2	1	98	2	44	1	1	3	4	2	22	70	5	2	0	642	3	17	4	14	1	2	304	0	1	5	71	57	11	0	25	5	1	0	2	48	0	2	1	83	4	3	7	658	26	173	0	27	0	12	6	0	80	0	30	3	2	3	0
OTU_152	OTU_152	3	122	6	78	7	0	166	18	109	5	334	61	0	75	590	0	0	487	1	0	1	142	3	103	1	1	0	2	0	0	114	1	16	2	18	1	6	0	7	3	9	0	0	1	2	190	61	4	0	9	7	75	0	0	3	2	0	1	304	57	0	1	1	2867	4	908	2	6	1	273	0	0	4	0	1	0	4	2	2	0	0	0	2	0	0	11	4	3	1	0	2	0	0	34	3	5	7	0	6	12	9	57	0	5	9	0	0	61	2	2	1	1	0	2	0	66	0	1531	0	0	0	17	3	0	4	2	955	0	124	0	23	2	7	0	1	134	2	3	3	3	387	1	14	5	50	0	9	10	331	2	4	1	1	77	0	1	74	197	52	4	0	0	4	1	0	155	0	1	0	4	12	2
OTU_153	OTU_153	0	49	6	31	1	5	3	42	3	28	18	6	10	3	1	12	1	4	5	93	50	85	137	41	24	6	34	23	0	4	4	13	30	2	12	38	1	52	6	175	1	9	9	22	21	11	5	9	0	11	2	11	50	15	1	43	60	108	3	65	253	5	106	0	3	4	25	6	140	19	23	0	29	82	4	0	0	1	1	12	13	67	3	243	2	13	38	63	18	159	10	92	108	3	17	204	4	33	24	36	28	58	2	299	15	42	42	37	80	25	2	21	18	75	27	54	54	13	89	15	37	11	18	1	3	3	1	74	19	4	42	18	17	4	14	0	31	27	5	167	2	55	0	13	3	6	164	4	6	39	3	140	1	2	69	45	16	1	24	16	37	16	84	79	29	7	44	0	10	2	53	3
OTU_154	OTU_154	8	4	1	3	4	79	0	2	11	0	0	1	541	5	0	1	0	0	2	12	1	0	4	4	0	10	0	10	14	0	0	0	1	0	2	13	0	2	77	3	13	0	4	0	18	31	0	2	1	9	0	5	0	4	0	0	1	2	0	6	14	0	3	1	3	0	2	18	2	0	1	309	0	1	0	3	2	155	77	0	0	13	0	2	1	13	1	0	1	0	2	13	5	0	1	0	0	0	3	0	0	0	0	0	0	3	0	0	5	0	5	0	2	1	0	0	1	1	0	5	0	2	0	4	4	39	5	2	0	0	0	1	2	0	0	0	2	0	4	0	0	1	0	0	0	6	2	0	0	0	3	3	18	0	0	0	1	0	0	0	1	0	0	2	1	0	2	11	4	5	19	3
OTU_155	OTU_155	0	0	0	1	0	0	138	0	161	2	0	1	0	0	1	0	1	1004	1	0	0	1	5	0	1	2	3	5	3	0	1084	2	4	85	3	0	2	0	3	5	0	1	2	1	4	29	1	0	2	4	0	0	1	3	0	2	0	0	1	0	4	2	6	0	8	2	0	0	0	0	1	1	5	2	0	3	1	0	0	2	3	0	21	0	1420	0	0	0	6	2	2	0	15	0	7	1	1	0	8	0	1	3608	3461	4	3	0	2	0	2	355	1	0	9	102	0	607	0	877	1	10	1	0	1	0	1138	40	3	0	0	6	266	2	89	1	2	81	3	0	2	4	6	6	0	2	23	0	0	6	0	0	5	1	970	1	113	2	1956	0	7	0	4	0	0	5	4	0	1	881	3	1	36	0
OTU_156	OTU_156	0	0	0	0	0	0	0	0	0	0	0	0	0	0	0	2	0	0	0	0	0	0	0	0	0	0	0	0	0	0	0	0	0	0	0	4	0	12	0	0	0	0	0	0	0	0	0	0	0	0	0	0	0	0	0	0	0	0	0	0	0	0	0	0	0	0	0	0	0	0	0	0	0	0	0	0	0	0	0	0	0	0	0	0	0	0	0	0	0	0	0	0	0	0	0	0	0	0	0	0	0	0	0	0	0	0	0	0	0	0	0	0	0	0	0	0	0	0	0	0	0	0	0	0	0	0	0	0	0	0	0	0	0	0	0	0	0	0	0	0	0	0	0	0	0	0	0	0	13	0	0	0	0	0	0	0	0	0	0	0	0	0	0	0	0	0	0	0	0	0	0	0
OTU_157	OTU_157	1038	1	1	0	0	1502	0	7	1	0	0	5	6	0	0	0	1	4	0	1	0	0	0	0	0	807	1	0	0	2	0	102	5	5	0	7	0	0	0	0	18	2	2	0	0	0	0	153	87	3	926	19	0	0	683	4	0	1	6	37	1	0	0	24	0	1	0	7	0	0	0	789	0	0	0	0	0	0	0	7	0	1	0	0	0	0	0	0	0	0	0	61	0	0	3	0	3	0	0	0	0	0	0	3	0	0	0	0	4	0	62	0	17	0	0	0	0	0	0	0	0	0	0	4	0	7	3	0	0	1	0	0	0	0	0	0	0	2	2	1	0	2	0	0	0	0	0	0	0	0	0	0	1	0	0	1	0	0	0	0	0	0	0	5	0	0	0	0	1	0	0	4
OTU_158	OTU_158	0	0	2	12	0	1	0	0	0	0	0	645	1	310	0	0	0	1	1	1	0	1	0	0	4	0	0	0	0	0	0	0	0	0	116	0	0	0	0	180	2	0	0	0	1	2	84	0	0	0	7	0	840	192	4	2	0	0	1	0	0	0	0	0	1	0	0	0	0	194	0	0	2	0	1	0	0	1	0	1	2	1	0	0	0	1	0	2	0	0	0	2	0	0	0	0	0	0	2021	127	0	1	0	2	2	1	0	0	0	1	88	0	0	0	0	0	0	1	0	0	0	9	1	13	0	0	1	1	0	1	0	0	0	0	0	0	1	0	10	0	1	5	0	0	18	0	4	0	1	0	12	0	0	0	1	0	0	0	1	0	0	0	0	8	0	0	2	0	1	0	0	3
OTU_159	OTU_159	1	18	0	10	0	0	0	1	0	1	0	0	0	0	0	5	0	1	0	0	0	1	1	37	4	0	8	420	0	516	0	0	312	1	0	0	0	1	0	1	4	0	0	0	2	21	0	4	0	3	5	31	0	0	0	0	4	0	3	1	10	3	2	1	1	12	0	7	1	161	1	14	3	1	3	0	2	4	0	6	0	5	1	1	5	4	10	1	0	0	0	103	0	0	0	3	0	0	0	0	14	1	0	0	0	0	4	3	0	0	2	0	0	0	0	3	0	0	0	0	0	4	0	0	1	0	0	0	0	0	108	0	39	0	0	0	1	0	0	1	1	0	0	0	29	8	0	0	0	19	0	0	1	0	0	5	0	5	0	0	0	0	0	1	0	41	0	2	16	0	0	3
OTU_160	OTU_160	8	0	0	0	0	0	0	0	0	0	0	0	0	0	0	0	0	0	0	0	0	0	0	0	0	0	0	0	0	0	0	0	0	0	0	0	0	2	0	0	0	0	0	0	0	0	0	0	0	0	0	0	0	0	0	0	0	0	0	0	0	0	0	0	0	0	0	0	0	0	0	0	0	0	0	0	0	0	0	0	0	0	0	0	0	0	0	0	0	0	1	0	0	0	0	0	0	0	0	0	0	0	0	0	0	0	0	0	0	0	0	0	0	0	0	0	0	0	0	0	0	0	0	0	0	0	0	0	0	0	0	0	0	0	0	0	0	0	0	0	0	0	0	0	0	0	0	0	0	0	0	0	0	0	0	0	0	0	0	0	0	0	0	0	0	0	0	0	0	0	0	0
OTU_161	OTU_161	0	6	0	7	1	0	63	6	9	0	1	4	0	3	2	100	70	29	7	1	42	4	2	48	0	0	7	33	47	36	1	2	55	6	37	39	10	3	4	2	1	93	5	24	14	2	3	0	1	0	3	1	15	15	1	0	2	0	10	3	6	0	0	18	19	2	16	6	0	12	20	0	0	4	0	0	11	19	0	0	2	5	1	0	5	53	25	2	4	0	1	0	19	4	0	23	26	86	192	1	14	22	11	16	0	1	1	61	1	2	15	125	40	1	0	0	0	11	1	5	1	25	2	10	6	0	12	0	49	0	44	1	18	0	0	16	0	0	31	21	94	0	0	3	0	39	0	8	154	4	2	7	10	25	3	0	1373	87	48	2	6	8	5	4	0	11	0	5	52	118	7	1
OTU_162	OTU_162	0	6	0	0	0	0	1	0	0	0	0	0	0	1	0	0	0	0	0	0	0	0	0	0	0	0	0	0	0	0	0	0	6	0	0	0	0	0	51	0	0	0	0	4	0	0	0	0	0	0	0	4	0	3	1	514	0	0	0	0	0	0	2	0	0	13	0	0	0	0	0	0	0	1	0	0	2	0	2	0	0	0	5	2	0	0	0	1	1	0	1	0	3	0	0	0	7	0	0	0	0	0	0	1	0	0	0	0	1	0	0	0	0	0	0	0	0	0	0	0	0	0	0	0	0	0	0	0	0	0	0	0	2	2	0	0	0	0	0	0	0	0	0	246	1	0	0	7	0	1	0	0	0	0	0	0	18	0	4	0	0	0	0	0	0	0	0	0	0	0	0	0
OTU_164	OTU_164	5	7	22	272	2	13	27	19	22	224	64	32	1	21	56	5	321	183	1	34	1	22	31	24	175	2	28	0	40	17	29	3	0	4	3	2	1	6	38	0	12	1	28	0	1	0	93	12	3	13	5	7	1	2	8	14	1	2	0	1	0	2	2	882	4	37	1	4	1	24	25	1551	1	55	17	0	0	1	0	2	2	1	2	259	35	4	11	2	0	1	1	49	0	9	3	3	7	0	3	22	49	10	45	7	21	24	6	21	93	13	4	15	0	0	0	1	2	48	2	66	2	28	1	124	4	2	61	0	4	13	7	0	2	2	0	6	17	0	2	10	59	5	5	8	0	5	10	11	0	2	8	0	52	27	0	6	11	19	10	0	3	23	52	5	2	416	0	30	3	1	8	7
OTU_165	OTU_165	0	71	2	0	1	0	0	0	0	0	0	0	0	1	1	0	0	0	1	516	0	0	623	1	0	0	1	0	11	0	0	1	3	0	0	0	17	4	0	0	0	1	0	0	25	0	7	1	1	2	0	0	0	0	2	1	77	0	0	1	0	7	1	0	2	0	0	7	9	0	0	1	3	274	0	1	0	2	0	351	0	33	0	0	2	2	0	4	1	0	0	155	0	2	0	0	2	0	38	0	4	0	25	182	1	0	0	1	2	22	1	0	0	1	17	2	17	2	0	252	51	0	325	0	0	2	0	1	0	0	1	0	2	0	0	2	2	0	0	2	1	2	0	4	0	5	0	0	0	4	33	1	3	1	25	0	338	2	0	0	6	90	0	0	0	0	0	3	1	3	0	2
OTU_166	OTU_166	4	26	99	110	4	0	289	5	210	4	70	29	7	35	144	49	32	724	195	0	7	37	61	72	42	4	130	10	26	74	813	4	142	44	128	42	15	164	13	6	1	105	78	7	71	71	142	5	1	81	3	17	193	48	1	12	0	6	7	26	27	3	14	120	21	190	50	9	0	17	77	2	5	11	12	4	227	134	3	9	18	7	15	0	334	3	91	3	5	0	3	139	1	35	1	11	31	12	334	25	81	129	19	28	4	0	6	64	140	24	20	39	0	18	4	60	19	686	1	5	1	40	26	18	103	14	857	1	131	90	51	0	34	91	0	130	1	2	51	44	150	1	0	53	36	89	1	43	131	3	9	5	171	68	18	2	468	182	77	6	27	35	0	4	1	356	0	184	121	5	2	11
OTU_167	OTU_167	0	0	4	0	0	0	0	0	0	0	0	0	0	1	0	0	0	0	0	0	0	0	0	0	0	0	0	0	0	0	0	0	31	0	0	0	0	0	0	0	1	0	0	0	0	0	0	0	0	0	0	2	0	0	0	0	0	0	0	0	0	0	0	0	1	5	0	0	0	0	0	0	0	0	0	0	0	0	0	0	0	0	0	0	0	0	0	0	0	0	0	0	0	0	0	0	0	0	1	0	119	0	0	0	0	0	0	0	0	1	0	0	0	0	0	0	0	0	0	17	0	0	0	0	2	0	0	0	0	0	0	0	0	0	0	0	0	0	0	0	0	0	0	0	0	0	0	0	0	0	1	0	0	0	2	0	0	0	0	0	0	0	0	1	0	0	0	0	1	0	0	0
OTU_168	OTU_168	1	2	0	0	0	0	0	8	0	0	15	0	4	0	1	0	0	0	1	1	4	0	1	0	0	34	1	0	1	1	32	0	2	2	0	0	0	1017	1	0	0	0	0	0	0	0	2	7	9	0	0	82	268	70	13	0	0	1	2	426	0	64	0	0	0	46	11	4	1	0	348	0	0	150	0	1	0	0	1	1	0	0	1	0	0	1	0	1	1	4	26	0	3	23	3	278	61	552	477	245	811	0	1	0	36	2	198	380	0	5	26	242	3	0	4	12	3	0	0	1	147	0	1	0	1	19	1	5	33	0	3	54	6	396	27	1	0	205	0	0	1	0	1	1	2	0	2	612	0	0	10	0	0	178	0	1	27	8	5	133	1	214	1	2	2	2	0	0	1	0	791	0
OTU_169	OTU_169	1	65	4	3	0	0	1420	20	89	1	42	1029	3	995	0	1	173	603	0	0	4	0	4	0	12	1733	1	1	32	1	1254	2	3	69	810	1	6	1292	24	2	0	0	0	30	289	1	0	491	108	0	5	16	380	95	1	11	0	5	0	3	0	4	2	1	4	39	1	3	0	750	0	2	7	1	0	2	1	1	3	71	0	0	13	1	0	8	167	2	224	0	7	0	1	29	3	0	85	3	2	84	39	428	0	2	0	0	0	1	6	16	174	1	2	4	1	163	5	198	174	0	108	43	0	76	3	6	0	5	58	0	208	42	72	857	0	0	1	13	2	215	151	1	0	63	72	181	1	4	3	0	12	17	1	0	60	0	3	33	16	0	0	203	0	186	2	9	0	6	307	23	65	4
OTU_170	OTU_170	12	55	56	4	2	44	1	44	37	74	30	0	32	4	0	0	26	5	2	42	81	7	27	0	29	415	0	41	9	76	1	1	32	10	51	4	10	1	55	6	83	64	10	33	32	16	0	210	70	107	4	38	0	15	104	96	96	66	21	14	22	3	52	0	1	75	111	84	49	52	2	20	57	6	105	12	1	57	99	1	1	1	41	142	0	239	2	0	10	8	0	175	31	0	47	7	0	4	105	0	0	18	1	10	11	11	0	0	63	4	103	0	59	27	3	0	3	2	5	76	72	186	31	6	31	21	4	1	71	42	0	0	0	0	1	0	54	2	35	2	0	106	1	0	20	0	15	0	0	3	234	24	38	0	1	33	347	2	23	0	0	0	0	44	8	1	3	0	0	28	2	9
OTU_171	OTU_171	0	10	2	3	5	0	0	0	0	0	0	0	0	5	1	0	1	0	0	0	0	0	0	0	4	0	0	0	0	0	0	0	0	0	0	0	0	0	0	0	0	0	0	0	98	0	0	0	0	0	0	0	0	4	0	1	0	1	0	0	1	0	0	0	2	0	0	1	0	4	0	0	0	0	0	0	0	1	0	2	0	1	0	0	0	0	7	0	19	191	0	0	2	0	0	1	3	0	4	0	2	354	0	137	0	0	0	1	0	0	5	0	1	5	0	0	96	0	2	0	1	0	0	5	112	0	0	0	0	0	0	0	1	0	1	1	2	0	12	3445	1	7	0	53	15	1	57	0	5	0	1	6	0	0	0	0	292	0	1	0	0	0	0	14	0	0	15	3	40	0	8	5
OTU_172	OTU_172	1	34	2	5	1	0	0	0	8	1	2	0	1	9	147	26	44	109	111	1	1	0	0	0	1	1	307	1	2	0	133	0	0	50	2	0	2	76	1	4	1	0	1	0	1	255	159	0	0	4	3	7	14	7	0	0	0	0	1	2	0	1	2	252	18	137	0	2	2	0	21	2	2	1	0	0	1	2	9	0	0	1	0	1	1084	2	2	5	0	0	1	0	3	0	3	0	1	0	24	5	0	90	39	5	0	0	184	236	0	78	3	0	1	2	1	12	2	401	0	43	0	0	0	38	1315	9	3	0	81	1	1	2	2	0	18	17	4	0	11	3	93	1	1	0	1	0	0	16	5	1	6	1	171	0	21	3	242	1	17	0	0	58	0	3	0	3	1	1080	0	2	0	2
OTU_173	OTU_173	2	38	55	13	0	0	9	1	9	0	2	18	0	28	0	199	44	0	32	0	64	1	0	2	1	2	11	5	63	0	1	0	1	0	71	72	27	55	3	4	1	0	16	5	11	52	4	14	17	61	1	10	4	14	1	2	5	16	427	0	55	1	20	65	78	1	34	5	0	12	40	2	1	6	0	0	71	73	0	0	0	2	2	1	0	1	2	7	3	0	6	0	2	43	2	14	102	0	29	2	33	17	25	5	9	21	0	1	3	0	40	21	1	75	4	0	19	10	5	0	0	1	0	22	216	64	53	1	205	62	2	1	3	10	1	0	0	2	4	710	23	2	2	2	0	72	3	108	13	1	0	10	0	102	0	2	499	103	47	1	11	16	0	4	1	0	0	5	104	338	4	3
OTU_174	OTU_174	4	12	130	6	0	0	15	1	1	0	0	1	0	0	10	122	23	0	2	4	2	32	2	14	0	3	0	11	12	2	0	2	238	142	1	5	5	2	2	8	15	0	0	2	0	86	3	2	2	2	3	22	0	12	2	8	0	0	6	2	1	1	1	11	46	14	146	4	0	8	0	11	0	9	3	2	0	3	1	5	0	0	0	1	337	10	1428	1	5	0	0	15	0	0	1	1	0	0	5	4	21	12	0	2	0	0	34	8	0	0	0	6	0	3	0	4	5	39	0	0	0	23	1	10	14	0	5	0	1	0	94	0	27	0	1	0	5	1	3	0	2	2	0	0	0	56	0	0	6	0	15	13	5	0	0	10	1	13	0	1	0	0	0	8	4	61	3	215	56	0	0	80
OTU_175	OTU_175	1	43	39	25	0	0	10	3	24	0	1	49	1	45	2	4	84	113	41	0	3	1	0	18	0	1	10	2	6	0	28	0	3	1	67	78	1	41	5	1	1	6	12	64	24	6	11	0	4	31	1	10	9	3	1	2	9	0	28	3	2	2	0	2	37	1	14	5	0	34	92	1	0	44	0	0	3	0	0	3	1	28	5	0	56	34	61	47	1	3	2	0	7	8	3	93	0	64	11	112	91	360	67	205	1	0	62	277	4	15	10	7	1	439	3	21	9	128	7	2	5	1	0	48	3	25	1	4	221	266	13	15	9	9	13	78	6	82	14	298	513	7	0	21	5	61	9	4	3	47	1	4	0	29	1243	3	909	19	127	45	47	254	11	11	4	113	4	44	100	0	24	7
OTU_176	OTU_176	2	2	5	0	4	0	0	0	95	3	0	0	0	29	88	0	0	652	1	0	237	1	85	1	0	6	1	8	0	0	750	0	4	14	4	1	3	269	2	1	0	0	36	0	521	14	28	3	0	10	0	1	757	166	0	2	0	59	441	4	177	1	1	5	3	0	2206	1	0	6	9	2	2	359	0	1	3	4	0	0	1	2	3	0	331	0	2	0	1	0	0	1	1	3	1	1	0	0	14	0	9	25	0	2	0	67	0	1	2	131	0	0	1	25	0	12	114	2	1	60	0	3	0	3	2	11	0	1	81	0	1	2	14	2	0	1	2	1	7	0	70	7	0	11	1	0	1	1	0	0	2	0	2	0	1	0	109	0	43	0	1	22	0	0	0	0	8	202	0	0	32	1
OTU_177	OTU_177	0	0	1	2	0	14	0	34	90	0	0	0	454	1	0	14	0	2	0	0	0	1	0	0	2	0	0	0	31	0	0	5	0	0	1	19	1	2	0	0	0	0	0	1	0	3	1	36	0	5	0	0	0	0	1	0	0	0	0	0	0	0	0	0	0	0	0	0	0	11	0	0	0	0	0	4	0	0	11	0	0	0	10	0	0	0	0	0	0	0	2	0	0	0	0	0	0	0	1	0	0	1	0	0	0	0	0	0	0	0	1	0	0	0	0	0	0	1	0	0	0	0	0	0	0	1	1	0	0	0	0	0	0	0	2	0	0	0	1	0	0	2	0	0	0	0	0	2	0	0	0	0	28	0	1	0	0	0	0	0	0	0	0	0	0	0	0	0	0	0	0	0
OTU_178	OTU_178	1	31	13	72	8	0	35	43	7	268	1	2	1	7	14	20	22	15	6	68	461	0	23	52	1	20	266	23	88	0	34	2	185	2	42	53	9	50	108	51	0	62	21	29	15	12	97	338	20	4	1	20	214	62	1	384	74	83	1	20	126	2	27	1	3	11	9	42	8	43	64	2	1	58	3	4	1	17	0	14	42	2	0	68	4	6	52	4	19	0	36	123	1	30	0	41	5	127	31	35	92	6	6	94	10	63	11	20	238	11	15	47	1	36	0	10	230	29	9	5	128	19	6	19	33	13	0	2	40	6	30	10	10	21	98	2	114	74	34	771	58	13	0	43	11	79	0	91	5	13	6	11	1	199	17	17	33	62	28	13	42	40	71	45	27	4	1	0	91	2	39	6
OTU_179	OTU_179	0	0	0	0	0	0	1	0	0	2	0	0	0	0	0	0	2	0	0	0	0	0	0	0	0	0	1	1	0	0	503	0	0	9	0	0	0	0	0	0	0	0	0	0	0	0	0	0	0	0	0	0	0	0	0	0	0	0	0	1	0	0	0	0	0	0	0	0	0	0	2	2	0	0	0	0	0	0	0	0	0	0	6	0	194	0	0	0	0	0	0	0	8	0	0	0	0	0	22	0	0	1806	26	0	0	0	0	0	0	52	0	1	3	0	0	3	0	0	0	2	0	0	0	0	27	8	7	0	22	1	49	4	34	0	0	0	0	0	0	0	3	0	0	8	6	0	0	0	0	0	0	1	16	1	0	0	1017	0	8	0	0	0	0	1	0	0	0	110	0	0	0	0
OTU_180	OTU_180	0	0	1	0	0	0	1	6	0	0	0	0	0	0	0	0	0	0	0	0	0	0	0	0	0	0	1	0	0	0	0	0	4	0	0	1	1	1	0	0	3	0	0	0	0	2	0	2	1	0	0	0	0	1	0	1	0	0	0	15	0	0	0	0	0	0	0	0	1	0	0	0	0	0	1	1	0	0	0	0	0	0	0	0	0	0	0	0	0	1	1	0	0	1	1	0	0	0	0	0	0	0	0	0	0	0	0	0	3	0	0	0	0	0	0	0	0	1	0	2	0	1	0	0	0	0	0	0	0	1	0	0	0	0	0	0	1	0	0	0	1	0	0	0	0	0	0	0	0	0	0	0	0	0	0	2	0	0	0	0	0	0	0	0	1	0	0	0	0	0	0	0
OTU_181	OTU_181	1	0	0	0	0	0	0	0	0	0	0	0	0	0	0	0	0	0	0	0	0	0	0	0	0	0	0	0	0	0	0	0	0	0	0	0	0	0	0	0	0	0	0	0	0	0	0	0	0	0	0	0	0	0	0	0	0	0	0	0	0	0	0	0	0	0	0	0	0	0	0	0	0	0	0	0	0	0	0	0	0	0	0	0	0	0	0	0	0	0	0	0	0	0	0	0	0	0	0	0	0	0	0	0	0	0	0	0	0	0	0	0	0	0	0	0	0	0	0	0	0	0	0	0	0	0	0	0	0	0	0	0	0	0	0	0	0	0	0	0	0	0	0	0	0	0	0	0	0	0	0	0	0	0	0	0	0	0	0	0	0	0	0	0	0	0	0	0	0	0	0	0
OTU_182	OTU_182	2	7	1	4	2	0	2	1	4	0	0	119	0	91	19	5	5	44	0	110	2	2	160	23	0	0	1	1	0	218	2	1	0	0	4	2	0	1	4	1	1	0	24	0	201	62	52	0	1	26	0	1	82	21	1	4	19	2	23	0	1	10	1	12	3	0	13	1	0	0	0	0	0	21	0	1	2	159	1	1	1	0	1	0	0	0	4	54	0	0	5	0	813	6	0	53	433	8	18	3	65	1	7	1	0	0	12	0	3	107	2	0	101	13	1	13	166	27	73	1255	0	2	248	8	1	25	0	4	17	0	73	1	18	1	4	2	263	29	3	3	5	4	1	0	2	67	0	0	1	11	5	7	21	1	34	4	171	0	10	0	34	238	6	1	2	0	0	0	74	177	2	5
OTU_183	OTU_183	0	1	0	0	0	0	0	1	0	0	0	0	0	2	8	0	207	0	0	0	0	33	0	0	1	0	2	0	0	0	0	0	0	0	0	0	1	0	0	0	0	0	0	0	0	0	0	0	0	2	0	0	0	0	0	0	1	0	0	0	0	0	0	6	1	0	0	0	0	0	0	1	7	0	0	0	11	0	0	0	0	0	0	0	0	0	0	0	1	0	16	0	0	11	0	1	0	0	1	0	4	0	0	0	0	0	0	0	0	0	0	0	1	1	14	0	3	0	0	0	0	0	0	77	0	0	0	0	0	0	0	0	4	0	0	0	0	0	0	0	0	0	3	0	0	0	4	0	10	0	0	0	0	0	0	0	0	0	0	0	0	0	0	0	0	6	0	0	0	0	0	6
OTU_184	OTU_184	3	15	3	13	0	6234	1	106	1	3	1	184	9	142	2	4	48	0	4	59	0	3	1	122	36	7	0	1	0	56	5	19	267	6	41	15	2	1	114	0	0	68	41	161	51	5	37	30	16	66	3	30	28	5	1	1	1	5	39	2	11	2	18	3	1	7	2	148	0	1	2	1	0	20	0	0	0	0	0	0	3	0	1	2	48	2	85	7	0	0	0	155	1	1	2	0	6	20	565	0	31	3	18	20	7	0	5	39	1	5	36	24	0	2	0	2	50	58	1	0	1	3	16	24	4	2	0	9	19	40	9	1	14	5	3	142	1	0	21	100	38	2	0	23	1	145	6	36	62	11	4	13	24	0	19	3	43	4	23	2	20	118	0	58	4	4	46	23	197	373	3	7
OTU_185	OTU_185	4	0	1	3	0	0	0	0	1	0	0	0	0	9	43	3	0	1	0	0	0	0	0	0	0	0	2	0	0	0	1	0	0	0	1	0	0	1	1	0	0	0	0	0	208	0	0	0	0	1	0	0	1	1	0	0	0	0	6	0	1	0	0	0	0	0	9	2	0	0	0	0	0	1	0	0	0	0	0	0	0	0	0	0	1	0	0	0	0	0	0	0	0	0	0	0	0	0	0	0	0	460	0	1	0	0	0	0	0	0	0	0	0	0	0	1	8	1	0	0	0	0	0	0	0	0	0	0	1	0	0	0	1	0	0	0	0	0	2	0	0	1	0	0	1	0	0	0	0	0	1	0	1	0	0	1	0	0	13	7	0	11	0	0	1	0	1	2	0	0	0	0
OTU_186	OTU_186	0	0	2	0	0	0	72	1	2	1	0	102	0	91	0	0	123	1	0	0	26	15	0	0	2	32	60	1	2	0	7	1	0	5	7	14	3	29	1	2	1	0	99	110	9	55	3	17	0	3	4	0	67	10	0	2	19	1	85	2	7	0	0	75	1	6	7	4	0	36	4	0	0	3	0	0	41	1	0	1	0	1	1	0	116	2	5	5	0	0	0	0	1	0	0	59	2	3	8	2	27	31	36	27	7	1	23	1	0	6	1	6	0	18	0	0	21	37	2	0	0	4	0	74	6	5	0	2	131	103	1	17	4	73	4	0	0	25	1	8	22	1	1	12	1	29	2	0	52	26	0	6	1	0	0	3	216	82	42	44	15	80	12	18	0	99	0	82	51	0	28	1
OTU_187	OTU_187	27	37	108	93	1	125	27	66	19	10	16	40	45	37	27	23	43	49	54	38	74	27	16	25	38	11	44	4	0	17	73	0	138	5	22	57	5	41	4	1	4	17	76	8	34	21	99	25	33	13	0	21	29	10	1	2	10	5	15	37	8	4	2	218	5	65	32	31	2	35	63	2	2	155	26	3	1	41	7	19	67	23	0	8	12	74	10	0	3	0	14	4	0	16	21	2	5	5	53	3	30	18	10	5	8	0	1	25	63	17	43	6	11	3	0	0	11	44	0	15	10	14	36	15	79	8	20	1	6	3	9	3	10	4	2	27	17	0	9	28	18	2	0	6	18	2	0	20	48	1	7	2	74	10	4	3	22	21	10	1	13	9	0	10	1	16	1	14	8	3	19	115
OTU_188	OTU_188	1	32	1	28	0	0	66	0	12	5	0	59	1	54	8	7	357	78	55	0	0	20	1	12	2	0	176	0	0	1	20	0	1	1	140	26	7	52	2	1	0	20	16	9	37	15	35	0	0	3	2	6	16	9	0	10	1	1	41	0	0	1	1	39	2	7	31	0	1	35	55	2	2	2	0	0	19	0	2	0	0	1	3	1	120	2	13	12	1	0	1	0	0	13	2	0	15	1	65	11	142	32	119	80	2	12	25	65	1	12	4	0	1	10	0	59	5	61	2	4	2	8	3	98	47	3	85	3	8	2	149	16	26	120	5	18	1	6	4	66	35	2	0	7	1	10	0	32	4	4	1	3	104	10	15	2	282	112	4	124	4	26	26	13	1	28	4	65	9	25	2	1
OTU_189	OTU_189	0	0	0	0	0	0	0	0	0	0	0	0	0	0	0	0	0	0	2	1	0	0	0	0	1	0	0	0	0	0	0	0	0	44	0	0	0	0	0	0	0	56	0	0	0	1	1	0	1	0	3	0	0	0	2	0	0	0	0	0	0	2	0	1	1	0	0	0	0	115	19	1	0	0	0	0	0	0	0	0	0	0	0	0	0	0	0	0	0	0	0	0	0	0	2	0	0	0	7	0	0	0	0	0	1	0	2	0	0	0	3	0	0	2	0	0	3	0	0	0	0	4	0	0	0	0	27	0	0	0	2	0	828	0	0	0	4	0	41	80	0	2	0	1	2	0	0	1	0	0	2	0	0	2	0	0	0	0	0	156	0	0	0	4	0	0	0	1	6	0	0	3
OTU_191	OTU_191	2	3	3	8	1	1	1	1	7	0	3	1	2	8	2	12	15	31	1	14	34	3	1	70	1	16	0	2	57	0	6	954	29	0	27	71	2	0	5	0	2	57	3	9	52	6	1	2	105	70	0	1	15	66	0	3	64	0	3	3	0	0	1	32	12	4	4	88	0	36	8	1	0	22	18	0	0	10	0	13	0	0	1	2	0	5	4	5	0	0	3	0	1	0	13	47	612	0	103	12	49	9	8	301	0	17	11	7	411	3	88	0	112	5	0	2	31	20	11	0	48	6	3	10	17	4	1	1	7	0	10	1	7	1	0	0	1	22	26	19	12	5	1	0	1	20	1	23	10	0	2	4	20	0	87	7	256	2	13	5	0	47	0	5	3	1	0	4	26	22	0	0
OTU_192	OTU_192	6	56	101	1	1	6	3	63	19	5	0	37	1	43	38	0	0	82	38	0	439	0	2	0	1	0	0	6	0	0	0	1	2232	544	36	1	0	214	0	8	0	0	0	2	14	412	1	12	0	3	0	172	0	1	0	0	16	0	0	0	5	2	26	0	0	1	3	0	2	14	4	0	1	0	1	0	5	0	0	0	0	0	26	5	0	0	3	0	1	0	4	0	0	0	3	2	2	0	0	1	153	20	0	1	0	9	0	0	2	0	3	0	0	1117	0	0	0	413	0	0	0	1	1	2	1	0	2	0	0	0	0	1	0	0	0	2	0	0	3	7	0	0	0	0	0	121	0	0	107	1	0	12	0	18	0	1	31	0	1	0	0	0	0	22	0	0	0	1	177	0	0	2
OTU_193	OTU_193	1	1	13	3	0	0	1	0	1	1	0	21	150	15	2	0	0	4	4	1	8	1	0	6	0	0	0	26	0	10	0	1	0	2	2	4	0	0	2	3	0	0	0	0	0	2	0	0	0	17	0	0	0	0	0	0	0	3	22	0	15	0	0	0	1	5	0	0	0	2	0	0	0	0	0	4	0	0	0	0	12	0	0	0	0	0	139	0	81	2	0	0	1	1	5	0	19	709	78	0	2	0	0	0	0	1	0	1	0	0	7	0	0	33	0	0	36	2	2	1	7	20	1	0	67	0	1	0	0	2	0	0	1	2	0	0	0	13	0	61	0	6	0	0	33	102	3	10	68	3	3	14	6	3	0	2	32	0	1	0	0	1	1	2	1	0	0	1	203	225	0	27
OTU_194	OTU_194	0	0	1	2	0	0	1	2	0	2	0	0	0	1	0	1	0	0	0	80	0	8	0	0	0	0	1	298	0	0	0	0	1	1	2	0	0	0	0	0	1	0	0	0	0	0	0	0	0	218	0	0	161	42	0	0	0	0	0	7	4	3	0	3	0	0	0	0	1	0	7	0	0	47	0	0	0	0	1	0	0	1	0	0	0	0	107	0	122	100	0	2	2	3	2	0	2	0	6	0	285	0	82	4	0	241	0	2	199	128	4	0	0	2	0	0	2000	0	1	2	0	4	0	2	157	6	2	0	0	0	1	0	8	0	4	604	1	0	4	5	0	35	0	3	73	0	0	2	4	0	3	1	0	4	0	3	7	1	0	0	0	1	0	0	1	288	0	3	0	0	1	15
OTU_195	OTU_195	0	7	1	18	0	0	14	1	0	0	0	253	0	108	1	567	0	5	0	0	0	3	0	2	0	0	0	0	0	0	0	1	0	0	6	0	40	0	6	3	0	0	0	1	2	1	29	0	0	1	3	4	0	0	0	0	0	0	0	2	0	0	0	15	204	0	40	0	0	1	0	0	3	0	1	0	1	0	0	0	0	0	0	4	0	0	0	0	0	0	0	0	0	0	1	0	0	0	5	65	5	0	12	0	0	0	27	446	0	0	0	0	0	0	0	0	2	165	0	3	0	0	0	0	4	0	0	0	1	0	1	0	2	0	4	4	1	0	2	1	0	0	0	0	0	0	0	0	149	0	0	0	0	0	0	17	0	1	0	5	0	0	20	0	0	0	1	0	0	6	0	0
OTU_196	OTU_196	1	0	4	1	0	53	0	85	0	0	0	34	0	37	0	0	0	0	4	0	3	3	0	2	0	15	136	0	1	0	0	0	0	1	6	4	0	1	1	3	0	0	0	0	139	64	0	30	0	20	1	0	5	1	0	0	4	2	0	0	8	0	4	0	1	0	4	4	0	6	6	0	0	0	2	0	0	0	1	1	1	0	29	0	14	0	0	0	1	0	1	0	0	1	0	1	0	0	114	0	52	0	34	2	0	2	0	0	5	0	3	0	0	9	0	0	80	1	0	0	0	1	0	2	0	0	0	4	0	0	0	0	2	0	0	0	3	0	2	0	0	4	0	0	7	0	0	0	0	0	0	0	0	0	0	16	64	0	0	0	2	9	81	0	0	1	2	15	0	14	0	3
OTU_197	OTU_197	0	0	1	0	0	0	0	0	4	0	0	0	0	0	0	0	2	0	4	0	0	0	0	0	0	1	0	0	0	0	0	0	0	0	0	0	0	0	0	0	0	0	0	0	25	2	0	4	0	0	0	0	0	1	0	1	0	2	1	0	0	0	0	0	1	0	0	0	0	2	1	3	1	1	5	0	0	0	0	1	0	0	0	21	0	0	3	28	0	1	0	0	0	0	0	50	0	0	22	18	0	0	1	4255	0	0	1	0	0	0	9	0	0	1	0	0	4	1	0	0	4	0	1	6	3	0	0	5	61	0	1	0	0	0	78	3	2	0	3	65	0	6	0	1	1	26	63	1	0	0	0	4	0	0	2	0	7	0	56	0	0	0	0	1	0	0	0	4	1	0	11	0
OTU_198	OTU_198	0	0	2	0	0	0	0	2	170	1	0	3	14	2	0	0	1	2519	1	0	1	0	0	0	0	0	4	1	2	0	1123	1	0	88	2	0	0	1	0	6	0	0	0	0	5	0	2	0	1	0	1	0	0	0	0	0	0	0	1	0	0	0	0	0	4	0	0	0	5	0	0	1	7	0	0	5	0	0	0	2	0	0	0	0	2239	0	0	0	0	1	3	0	3	0	0	0	0	0	0	0	0	1094	0	5	0	0	0	4	0	0	7	0	1	3	0	1	3	1768	0	0	5	0	0	7	2	0	0	0	0	0	1	13	1	0	0	0	2	0	6	6	2	0	0	0	3	0	0	2	0	0	3	8	0	0	0	3	73	0	2	0	0	0	0	0	0	0	0	2064	0	0	0	1
OTU_199	OTU_199	0	0	0	0	0	0	0	0	0	0	0	0	0	0	0	0	0	0	0	0	0	0	0	0	0	0	0	0	4	0	0	0	0	0	0	0	0	0	0	0	0	0	0	0	0	0	0	0	1	0	0	0	0	0	0	0	0	0	0	0	0	0	0	0	0	0	0	0	0	0	0	0	0	0	0	0	0	0	0	0	0	0	0	0	0	0	0	0	1	0	0	0	0	0	0	0	0	0	1	0	0	0	0	0	0	0	0	0	0	0	0	0	0	0	0	2	0	0	0	0	0	0	0	0	0	0	0	0	0	0	0	0	0	0	0	0	0	0	0	0	0	0	0	0	0	0	0	0	0	0	0	0	0	0	0	0	5	0	0	0	0	0	0	0	0	0	0	0	0	0	1	0
OTU_200	OTU_200	4	0	2	1	1	17	0	2	0	2	0	0	3	0	0	0	0	0	1	0	4	0	6	0	0	1	0	5	2	6	2	2	0	0	1	4	5	1	2	0	0	0	0	0	0	0	0	6	0	3	5	7	0	1	2	16	0	0	0	0	0	268	2	12	90	1	0	4	0	2	0	1	0	3	1	0	1	0	2	0	0	3	18	0	0	55	0	0	6	1	3	2	14	0	0	0	4	0	0	0	0	0	6	2	0	0	0	3	1	0	1	1	1	2	1	0	16	2	0	2	3	3	4	1	1	0	0	4	2	1	0	0	0	0	2	1	2	1	0	6	0	21	233	0	0	3	14	0	2	0	43	8	0	2	4	1	6	0	0	1	0	0	0	2	0	2	6	1	3	2	3	0
OTU_201	OTU_201	0	0	0	0	0	0	0	0	0	0	0	0	0	0	0	0	0	0	0	0	0	0	0	0	0	0	0	0	0	0	0	0	0	0	0	0	0	5	0	0	0	0	0	0	0	0	0	0	0	0	0	0	0	0	0	0	0	0	0	0	0	0	0	0	0	0	0	0	0	0	0	0	0	0	0	0	0	0	0	0	0	0	0	0	0	0	0	0	0	0	0	0	0	0	0	0	0	0	0	0	0	0	0	0	0	0	0	0	0	0	0	0	0	0	0	0	0	0	0	0	0	0	0	0	0	0	0	0	0	0	0	0	0	0	0	0	0	0	0	0	0	0	0	0	0	0	0	0	0	0	0	0	0	0	0	0	0	0	0	0	0	0	0	0	0	0	0	0	0	0	0	0
OTU_204	OTU_204	0	0	0	0	0	0	0	0	0	0	0	0	1	0	0	0	0	0	0	0	0	0	0	0	0	0	0	0	0	0	0	0	0	0	0	0	0	0	0	0	0	0	0	0	0	0	0	0	0	0	0	0	0	0	0	0	0	0	0	0	0	0	0	0	0	0	0	0	0	0	0	0	0	0	0	0	0	0	0	0	0	0	0	0	0	0	0	0	0	0	0	0	0	0	0	0	0	0	0	0	0	0	0	0	0	0	0	0	0	0	0	0	0	0	0	0	0	0	0	0	0	0	0	0	0	0	0	0	0	0	0	0	0	0	0	0	0	0	0	0	0	0	0	0	0	0	0	0	0	0	0	0	0	0	0	0	0	0	0	0	0	0	0	0	0	0	0	0	0	0	0	0
OTU_205	OTU_205	4	10	4	2	0	0	0	243	5	0	0	21	0	25	0	6	0	5	0	0	1	10	0	0	0	0	16	3	2	0	9	2	1	1	11	91	2	14	0	1	1	0	6	0	30	1	1	36	0	0	0	5	11	20	0	0	0	13	3	1	65	0	2	2	0	0	0	2	0	1	15	0	0	6	0	0	1	5	0	1	2	2	0	1	2	0	1	18	1	0	1	0	2	159	8	0	0	46	0	1	15	4	6	0	25	9	0	5	1	0	1	9	0	121	4	3	7	5	15	1	12	0	0	1	784	1	4	0	7	0	0	0	2	21	0	0	7	0	2	2	5	2	0	0	0	3	0	0	1	26	2	0	0	0	2	11	244	0	2	0	3	7	49	0	0	7	0	8	3	10	16	1
OTU_206	OTU_206	0	36	0	0	0	0	5	2	0	0	0	0	0	0	0	1	0	0	0	674	0	0	21	0	0	0	0	1	0	0	2	0	0	9	0	0	0	0	0	0	3	1	0	0	0	0	0	0	0	0	0	10	0	0	10	1	0	0	0	0	0	8	0	0	1	0	0	0	2	0	0	1	0	24	1	0	0	0	1	0	0	0	0	0	196	0	1	0	0	0	0	0	1	0	0	0	0	0	194	0	0	4	0	1	0	0	165	1	0	13	8	0	0	4	0	1	14	0	0	0	27	0	262	2	1	1	0	0	24	0	0	0	0	0	9	0	0	1	0	1	19	0	0	0	0	0	0	5	0	1	0	0	0	0	0	15	1	1	14	0	0	3	0	2	0	0	0	109	0	2	1	0
OTU_207	OTU_207	0	0	0	0	0	0	0	2	0	0	0	0	0	0	0	0	81	0	0	0	0	1	1	1	1	362	1	0	0	0	7	0	0	1	0	0	2	0	7	2	0	0	0	0	0	0	0	98	0	10	0	0	0	1	0	14	1	4	0	0	2	2	0	0	0	0	0	0	0	109	0	0	0	0	0	0	0	0	0	0	0	0	3	0	0	0	0	0	0	0	0	0	0	0	1	0	0	0	16	0	1	0	0	1	0	2	0	0	0	4	2	0	0	1	0	0	7	0	145	1	2	6	0	38	1	5	0	0	30	0	913	140	278	95	1	0	0	0	0	0	0	0	0	2	0	0	0	200	9	0	0	0	0	0	0	67	1	25	7	0	1	0	1	0	66	148	0	1	0	1	0	0
OTU_208	OTU_208	0	1	0	0	0	0	0	0	0	1	0	2	5	0	0	0	0	0	0	4	0	0	0	0	0	0	0	0	0	0	0	0	0	0	0	0	0	0	0	0	0	0	0	0	0	0	0	0	0	0	2	0	0	0	9	0	0	0	0	0	0	0	0	0	0	0	0	0	1	0	0	0	0	0	0	0	0	0	0	0	0	0	0	0	0	0	0	0	0	0	0	0	0	0	0	2	0	0	4	0	0	30	0	3	0	0	2	0	0	0	0	0	0	0	0	0	0	0	0	0	0	0	0	0	0	0	0	0	0	0	5	0	9	0	2	0	0	0	0	0	242	4	0	1	0	0	0	1	0	0	0	0	0	0	1	0	0	0	0	0	0	0	0	0	0	0	0	0	0	0	0	1
OTU_209	OTU_209	0	0	0	80	0	0	2	0	0	0	0	0	0	0	0	0	0	0	0	0	0	0	0	926	0	0	0	0	0	0	0	0	0	0	0	0	0	0	0	0	0	0	0	0	0	0	1	0	0	0	0	0	0	0	6	0	1	0	0	0	0	0	0	0	0	1	0	107	0	0	0	0	0	0	0	4	0	0	0	0	0	0	0	0	0	0	218	0	0	0	0	0	0	0	0	0	0	0	0	2	0	1	0	0	1	0	0	0	0	0	0	1	0	0	0	2	0	0	0	0	0	6	0	0	5	0	0	0	0	3	0	6	2	0	0	0	5	0	0	0	8	0	0	0	0	0	0	0	0	0	5	0	0	0	0	0	0	0	1	0	0	0	0	0	0	0	0	0	0	0	0	1
OTU_210	OTU_210	1	2	0	2	0	0	0	1	1	0	0	0	0	0	0	0	0	0	0	0	0	0	0	0	0	76	0	0	0	4	0	0	0	0	6	32	0	5	3	0	0	0	0	0	0	0	1	13	0	0	0	0	0	0	0	24	1	1	0	0	0	0	1	0	0	1	0	0	1	0	0	1	0	4	0	0	0	0	0	1	0	0	0	0	0	5	0	1	0	0	0	0	1	0	0	1	0	0	0	0	0	0	0	0	0	0	0	0	0	0	0	0	0	0	0	0	0	2	0	0	0	0	0	0	1	0	0	0	0	0	0	4	1	8	0	0	0	0	0	0	0	0	0	11	0	0	0	0	0	2	0	0	0	0	0	0	30	0	0	0	0	0	0	1	0	0	0	0	0	0	0	2
OTU_211	OTU_211	0	2	0	3	0	0	56	1	10	0	0	3	0	3	8	49	0	10	42	0	1	39	0	25	0	0	172	0	1	10	3	0	0	0	22	26	10	17	1	2	0	28	1	0	2	3	4	0	0	0	2	0	20	5	0	1	0	0	1	0	0	0	1	7	6	11	2	0	0	2	5	0	0	0	2	0	1	1	1	1	1	0	2	1	29	2	27	1	0	0	0	0	4	15	8	0	73	0	56	5	34	209	18	7	7	21	69	14	44	39	2	0	13	7	1	91	1	9	0	0	1	1	0	0	6	5	2	0	24	0	103	27	45	12	4	22	0	0	7	39	34	3	0	5	2	0	1	16	27	73	2	0	31	6	36	3	269	63	93	1	11	2	7	2	0	9	1	17	3	0	1	0
OTU_212	OTU_212	2	0	3	10	0	0	3	48	4	0	1	0	0	3	0	0	0	0	2	13	190	1	0	5	0	0	0	0	1	0	2	100	0	2	95	4	1	3	1	1	0	28	1	0	5	4	1	11	0	14	0	0	0	290	0	2	0	2	0	1	0	1	0	0	2	0	0	10	0	1	0	0	1	1	0	0	208	1	1	0	2	11	0	0	0	12	105	0	0	1	0	0	0	0	2	0	0	0	0	0	24	0	0	2	0	0	0	1	0	1	0	0	31	3	0	0	2	0	0	3	0	285	0	3	2	0	2	0	0	26	1	0	0	0	0	0	3	1	19	4	0	5	0	0	0	0	1	0	4	0	5	0	2	1	1	2	79	8	0	0	0	0	8	4	0	260	0	1	0	121	4	1325
OTU_213	OTU_213	0	1	0	1	0	0	0	1	1	0	1	0	0	0	0	0	0	0	2	0	51	0	0	9	0	21	0	1	0	0	1	1	0	0	0	0	0	0	0	0	3	0	0	0	1	0	0	0	0	2	0	0	0	0	0	2	0	0	2	33	0	0	0	0	0	0	0	5	0	0	8	1	0	0	0	1	0	0	0	0	0	0	11	0	0	0	0	0	104	0	0	5	7	0	1	1	0	0	24	0	150	0	0	0	0	0	0	0	0	0	0	0	0	0	0	43	4	0	0	0	0	0	36	0	0	0	0	0	0	0	1	0	3	0	0	0	0	0	0	1	1	1	0	3	4	633	1	0	0	0	0	41	0	0	3	0	658	1	55	0	1	16	0	2	1	0	0	2	892	48	0	0
OTU_214	OTU_214	3	11	1	38	0	0	16	26	1	0	6	6	0	7	13	8	3	2	1	93	15	59	1	57	293	0	80	36	3	48	3	0	12	1	23	44	0	43	10	128	4	38	4	42	9	1	278	9	0	0	1	2	64	12	0	12	15	30	2	43	203	2	0	0	4	1	13	5	1	6	14	0	2	33	2	0	0	6	1	7	0	298	2	71	3	12	11	37	4	1	14	40	1	2	1	50	1	30	15	13	27	32	3	85	0	8	14	22	10	7	2	5	3	312	0	13	28	6	13	5	35	1	29	4	5	1	2	3	29	1	54	6	17	7	1	0	3	28	18	151	9	2	0	21	0	37	49	17	2	84	1	179	0	1	57	42	57	1	23	5	30	11	43	16	31	12	3	4	45	3	14	2
OTU_215	OTU_215	0	0	0	0	0	0	0	0	0	0	0	0	0	0	0	0	0	0	0	0	0	0	0	0	0	0	1	0	0	0	0	0	0	0	0	0	0	0	0	0	0	0	0	0	0	0	0	0	0	0	0	0	0	0	0	0	0	0	0	0	0	0	0	0	0	0	0	0	0	0	0	0	0	246	0	0	0	0	0	0	0	0	0	0	0	0	0	0	0	0	0	0	1	0	0	1	0	0	0	0	0	0	0	0	0	0	0	0	0	0	0	0	1	0	0	0	0	4	0	0	0	0	0	0	0	0	0	0	0	0	0	0	0	0	0	0	0	0	0	0	0	0	0	0	0	0	0	0	0	0	0	0	0	0	0	0	0	0	0	0	1	0	0	0	0	0	0	0	0	0	13	0
OTU_216	OTU_216	0	0	0	1	0	0	0	0	13	0	0	0	0	4	0	2	35	43	0	34	0	1	0	38	0	0	0	0	0	57	0	0	0	1	2	2	56	0	0	0	0	283	0	0	4	0	0	0	1	30	6	0	0	0	1	0	0	0	0	0	0	0	0	5	13	0	0	2	3	0	0	0	6	0	0	0	0	0	1	0	0	0	0	0	9	0	0	0	0	0	0	0	0	0	1	0	24	0	4	0	9	0	0	823	1	0	19	0	0	48	1	0	0	4	0	1	11	1	0	573	0	0	23	14	1	8	0	1	20	0	2	1	12	0	0	19	3	0	125	5	1	5	0	1	0	16	26	46	0	2	1	1	0	0	219	0	0	0	8	0	0	97	0	0	0	0	2	5	0	6	5	0
OTU_217	OTU_217	0	0	1	0	0	0	0	0	0	0	0	0	3	0	0	2	0	0	1	0	0	0	0	0	0	0	0	0	0	0	0	1	0	0	0	1	55	0	0	63	7	0	0	2	0	0	0	0	0	1	0	1	0	2	0	0	0	0	0	0	0	1	0	0	0	0	0	0	0	0	0	6	8	2	1	0	0	0	0	2	3	7	0	0	2	3	0	0	0	0	6	0	4	0	0	0	0	0	0	0	0	0	0	4	0	0	0	0	0	0	0	0	8	1	0	0	2	0	0	0	0	28	0	0	0	0	0	1	3	0	0	0	0	0	0	0	0	0	1	0	0	1	0	0	0	0	1	0	0	0	0	1	1	0	0	0	2	0	1	0	0	0	0	0	0	0	0	5	0	3	0	0
OTU_218	OTU_218	1	5	49	10	1	0	1	4	16	2	2	1	59	1	0	102	49	12	29	5	5	10	0	1	2	7	2	0	88	0	1	16	12	93	8	5	9	5	5	11	0	0	1	3	2	10	3	10	6	3	0	2	0	9	0	0	6	0	0	2	2	0	1	31	37	0	1	4	1	1	0	1	0	37	0	1	29	36	5	4	0	0	0	0	54	10	1	0	1	0	3	4	2	3	1	0	0	1	0	0	0	1	0	1	0	0	0	0	13	0	11	2	1	0	0	0	0	0	0	0	0	42	3	9	33	0	11	0	5	0	0	0	1	3	0	2	1	0	4	3	0	0	0	0	1	0	9	4	2	0	0	0	0	2	0	9	19	2	3	0	1	0	0	0	0	2	0	13	0	13	2	252
OTU_219	OTU_219	0	33	4	9	1	0	38	1	4	22	37	8	0	10	47	28	95	23	9	0	44	47	13	35	219	0	4	1	9	52	10	1	30	51	4	1	6	6	4	0	3	38	20	1	12	1	22	3	28	1	5	2	5	1	84	1	2	4	2	46	11	2	1	163	7	26	7	7	0	7	18	3	0	48	0	0	1	40	3	3	2	3	1	2	28	71	3	3	0	0	3	0	0	7	0	0	1	2	20	7	4	53	8	1	0	2	3	9	40	2	21	0	0	3	0	3	3	14	0	3	0	75	1	29	28	0	31	0	1	1	24	0	10	1	0	1	12	0	20	5	14	1	2	8	2	1	0	19	21	4	6	1	73	5	0	1	59	15	3	1	1	16	3	5	0	21	0	11	7	24	1	98
OTU_220	OTU_220	0	12	0	96	0	0	1	0	80	0	0	0	0	0	93	0	63	571	1	0	6	0	51	497	0	0	1	0	1	0	10	0	1	0	1	0	0	0	0	0	0	0	8	0	1	0	5	0	0	1	2	3	0	0	0	0	0	0	1	0	0	0	0	40	0	0	0	32	0	0	0	0	3	1	0	0	0	0	0	127	0	0	0	2	0	0	0	0	1	1	0	7	0	2	1	204	1	0	25	0	1	6	22	0	0	1	4	30	0	258	1	0	0	0	0	24	4	0	0	2	0	1	3	19	1	33	1	0	19	0	72	2	16	0	1	10	0	52	0	0	8	1	0	0	0	26	0	0	0	1	0	2	5	0	0	41	41	1	13	1	1	419	0	0	0	4	0	0	21	0	0	1
OTU_221	OTU_221	0	0	0	0	0	0	0	0	1	0	0	0	0	0	0	0	0	0	0	0	0	0	0	0	0	0	0	0	0	0	0	0	0	0	0	1	0	0	0	0	0	0	0	0	0	0	0	0	0	0	0	0	0	0	0	0	0	0	0	0	0	0	0	0	0	0	0	1	0	0	0	0	0	0	0	0	0	0	0	0	1	0	0	0	0	0	0	0	8	0	0	0	0	2	4	3	1	0	1	0	1	33	2	0	0	1	1	0	0	0	0	0	0	0	0	0	0	0	0	0	0	0	0	0	0	0	0	0	5	0	0	1	67	0	0	1	0	0	0	1	3	0	0	0	0	0	0	0	0	0	0	2	0	0	0	0	1	1	0	0	0	0	0	0	2	0	0	0	1	5	2	55
OTU_222	OTU_222	0	1	1	0	1	0	0	0	0	0	0	0	0	1	0	0	0	0	0	0	0	0	0	0	0	0	0	0	0	0	0	2	0	0	0	0	68	0	0	0	0	0	0	0	0	0	2	0	1	0	0	0	0	2	0	1	0	0	0	0	0	0	0	0	0	0	0	0	0	0	0	0	0	0	1	0	0	0	0	1	0	0	0	0	0	0	0	0	0	0	0	0	0	0	0	0	0	0	1	0	0	0	0	0	0	4	0	0	1	0	2	1	0	0	0	0	0	1	0	0	0	0	3	0	0	1	0	0	0	1	0	0	0	0	0	0	0	0	0	0	0	1	0	0	0	85	0	0	0	1	0	9	0	457	0	0	0	1223	0	6	0	0	0	3	0	0	0	0	154	0	0	0
OTU_223	OTU_223	0	5	11	38	29	3	2	2	4	14	24	2	11	0	5	1	27	6	4	9	9	8	5	1	9	6	5	3	4	5	9	0	20	4	3	3	1	5	3	0	62	27	4	3	0	2	4	2	12	0	17	2	4	5	23	3	7	0	0	3	5	0	0	7	1	19	9	4	2	1	0	12	16	3	12	56	9	2	1	10	10	0	2	1	10	7	7	1	0	0	4	11	0	2	27	0	2	2	6	0	12	1	0	0	1	0	4	11	11	1	8	7	0	1	2	0	2	1	0	0	3	10	1	10	3	0	16	0	2	0	2	0	2	2	2	0	4	0	19	4	6	2	1	0	0	0	2	2	2	0	0	4	2	1	1	0	3	8	1	3	3	3	0	1	0	2	0	10	0	1	0	15
OTU_224	OTU_224	0	0	239	1	0	0	1	5	2	0	0	0	6	0	13	0	0	0	0	0	0	1	0	0	66	202	1	0	2	0	0	0	0	1	2	0	3	0	0	0	0	0	0	0	0	0	166	66	0	2	0	0	1	0	1	0	42	1	4	0	0	1	0	0	0	0	0	0	0	0	0	2	13	0	0	0	0	0	0	0	0	340	0	0	0	6	2	196	0	0	0	0	1	51	11	301	0	0	0	0	0	16	0	0	0	0	0	0	0	0	0	1	1	0	0	0	7	11	0	0	0	0	1	0	2	0	156	2	0	2	0	0	0	0	0	0	0	529	0	0	127	0	0	0	1	0	0	0	0	0	1	0	0	402	0	0	363	1	0	0	1	0	0	0	0	73	0	0	0	0	9	1
OTU_225	OTU_225	0	6	0	3	4	77	0	4	0	1	0	0	2	0	0	0	0	0	2	16	125	0	33	0	0	113	0	48	4	59	1	11	22	4	2	0	0	0	19	0	1	5	0	0	2	1	0	57	0	6	1	8	0	0	1	100	1	0	0	11	0	1	16	0	0	0	0	0	0	0	1	1	0	5	0	0	0	1	0	4	4	20	0	4	0	0	1	0	37	0	0	72	180	0	41	4	0	3	21	0	0	17	0	1	0	1	1	0	3	0	2	0	80	0	0	0	1	1	0	0	7	9	10	1	3	71	0	126	4	2	0	0	0	0	38	1	30	0	0	0	0	1	0	1	0	0	0	0	1	0	19	8	0	0	4	16	1	1	0	0	0	0	0	20	0	0	160	0	1	5	7	2
OTU_226	OTU_226	0	0	0	1	0	0	0	0	112	0	0	716	1	488	0	0	833	1	1	0	0	0	0	0	4	0	0	0	0	0	0	3	0	0	21	0	42	1	0	0	0	1	0	0	0	0	1	0	1	1	3	0	0	1	0	0	2	0	0	0	0	1	0	0	0	0	0	0	0	0	0	3	13	3	0	0	0	0	0	1	0	0	2	0	0	18	572	0	5	0	1	0	0	0	3	1	0	0	0	55	0	0	269	4	0	1	0	0	1	1	0	0	0	1	0	0	0	0	0	0	0	15	0	421	4	0	0	0	0	0	4	5	10	0	0	0	0	0	0	0	0	1	1	2	0	0	1	3	0	1	11	0	0	0	35	0	0	823	5	0	0	0	0	0	1	28	0	2	0	0	0	2
OTU_227	OTU_227	1	0	0	0	0	0	0	1	0	0	0	0	0	0	0	0	0	0	0	0	0	0	0	0	0	0	0	0	0	0	0	0	0	0	0	0	0	1	0	0	0	0	0	0	0	0	0	0	0	0	0	0	0	0	0	0	0	0	0	0	0	0	0	0	1	0	0	0	0	0	0	0	0	0	0	0	0	0	0	0	0	0	0	0	0	0	0	0	0	0	0	0	0	0	0	0	0	0	0	0	0	0	0	0	0	0	0	0	0	0	0	0	0	0	0	0	0	0	0	0	0	0	0	0	0	0	0	0	0	0	0	0	0	0	0	0	0	0	0	0	0	0	0	0	0	0	0	0	0	0	0	0	0	0	0	0	0	0	0	0	0	0	0	0	0	0	0	0	0	0	0	0
OTU_228	OTU_228	60	25	0	12	324	0	1	119	0	2	2	2	1	7	12	0	0	16	1	25	1	0	30	0	1	2	0	14	0	0	65	1	72	1	35	18	3	111	2	0	2	0	0	16	25	5	199	18	270	0	0	10	3	3	53	2	0	1	11	81	0	0	273	13	2	8	20	89	1	23	21	0	1	5	0	0	67	0	1	0	2	5	1	1	0	1	15	9	45	118	181	52	0	6	1	1	34	1	6	9	13	48	0	14	5	1	2	19	144	20	304	340	36	60	1	1	65	13	14	4	7	1	1	1	8	2	2	1	14	8	29	7	496	28	2	0	214	1	5	224	0	1	0	2	42	2	44	1	0	8	3	1	76	21	2	874	10	33	8	1	0	7	0	181	233	44	3	2	7	65	65	0
OTU_229	OTU_229	0	2	1	7	0	977	2	2	3	0	0	0	0	0	1	0	0	2	0	1	0	0	10	9	0	18	0	0	0	0	2	15	3	0	2	1	0	2	3	3	1	0	0	0	0	2	3	8	2	1	1	2	12	8	1	1	0	3	0	0	2	0	0	0	0	1	0	1	7	1	0	0	0	1	0	0	1	0	0	1	1	2	221	22	1	0	0	0	3	1	0	0	0	17	0	1	0	11	0	2	0	0	0	3	0	0	1	4	2	0	0	0	1	2	1	0	1	3	0	2	0	2	2	0	2	0	2	3	2	0	0	0	0	1	6	0	0	0	0	4	2	17	0	0	0	0	19	0	0	0	2	27	0	0	1	2	1	2	0	0	1	0	0	8	0	0	4	2	0	1	1	5
OTU_230	OTU_230	0	0	5	1	0	0	0	0	4	0	0	0	0	0	13	0	0	0	1	0	0	0	0	0	0	0	0	0	0	0	0	0	0	0	1	0	0	0	0	0	0	0	0	0	0	3	0	0	0	0	0	0	0	0	0	0	0	0	0	1	0	0	0	0	0	0	242	0	0	0	0	0	0	0	0	8	0	1	0	0	0	0	0	0	0	0	0	0	2	0	0	0	0	0	2	0	0	0	0	0	0	0	0	4	0	0	0	0	0	0	0	0	0	0	0	0	7	0	0	0	0	0	0	0	0	0	0	0	0	0	0	0	0	0	0	0	0	0	0	0	0	0	0	0	0	0	0	0	0	0	0	0	0	0	0	0	0	0	0	0	0	0	0	0	0	0	0	0	0	0	0	0
OTU_231	OTU_231	1	0	1	0	0	0	0	0	0	0	0	0	0	0	1	0	0	0	0	0	3	1	0	0	0	0	0	0	3	0	0	0	0	0	1	0	0	0	0	0	0	0	0	0	0	0	0	0	2	0	0	0	0	0	0	0	0	0	0	0	0	0	0	0	1	0	0	1	0	0	0	0	0	0	0	0	0	0	0	0	0	6	0	0	2	0	0	0	1	0	2	0	1	0	4	0	2	0	0	0	0	3	0	0	0	0	0	0	0	0	2	0	0	0	7	0	0	0	0	2	1	1	1	0	2	6	0	0	33	94	0	0	6	0	0	0	0	0	0	0	0	0	0	0	0	0	1	0	2	0	0	8	0	0	0	1	2	2	3	0	0	0	1	0	0	0	0	5	1	470	0	0
OTU_232	OTU_232	18	2	0	1	0	0	0	0	4	0	0	0	2	0	0	20	0	43	0	0	1	0	0	0	0	0	0	1	0	1	17	5	1	0	0	4	7	0	0	0	0	0	0	0	0	0	0	3	1	0	12	0	0	21	0	7	7	1	8	1	2	0	0	19	17	0	0	0	0	1	0	0	0	0	0	1	1	0	2	0	0	0	4	0	0	1	1	0	0	0	15	9	0	3	0	0	0	1	0	0	0	1	1	0	1	0	0	1	1	0	2	0	0	0	0	0	2	0	0	0	0	5	0	0	1	0	0	1	22	0	1	2	0	0	0	11	0	0	0	0	7	0	0	0	0	0	3	0	0	0	1	4	0	0	1	2	2	0	4	0	0	0	0	0	0	1	0	0	0	3	1	0
OTU_233	OTU_233	1	0	3	1	0	1	0	1	0	0	0	9	0	9	0	5	0	0	0	0	1	1	4	0	0	0	0	1	0	0	2	0	2	3	2	6	1	2	2	27	0	0	1	1	28	18	0	0	0	7	14	1	0	0	0	0	0	1	1	0	1	0	0	2	2	0	1	1	0	92	0	0	0	0	0	0	0	0	0	2	0	2	1	0	0	0	1	1	1	0	0	0	6	0	0	0	1	3	1	0	6	1	4	0	0	6	0	0	2	0	0	0	0	6	0	2	85	1	2	0	1	8	0	1	1	0	0	0	19	2	0	0	0	0	6	1	0	0	1	2	1	2	0	0	0	3	0	0	2	1	1	2	0	1	0	0	6	0	4	0	0	3	0	1	0	131	0	1	6	0	2	0
OTU_234	OTU_234	29	0	8	18	0	1	0	5	1	2	2	5	1	7	5	2	374	0	0	0	13	1	0	1	11	1	1	3	9	2	0	0	15	5	2	1	9	0	1	0	0	1	2	0	1	3	1	5	10	4	7	3	0	6	0	0	1	0	0	2	1	1	13	0	4	15	0	0	0	19	4	6	43	1	0	53	10	1	10	0	0	2	2	1	0	3	2	0	0	0	29	2	2	8	0	0	0	0	0	0	2	3	46	0	2	0	0	0	0	4	9	0	7	0	70	0	3	6	0	1	0	1	4	184	3	3	2	1	0	0	0	0	5	0	0	0	1	0	2	22	0	2	6	0	0	3	0	0	0	0	0	0	1	0	0	0	3	22	0	1	0	0	0	0	0	8	0	1	4	0	0	1
OTU_235	OTU_235	1	0	31	0	0	0	0	0	0	0	0	0	0	1	0	0	0	21	1	0	0	0	0	0	0	0	0	0	0	0	0	0	0	0	2	0	1	0	4	12	0	0	4	0	0	9	0	0	0	0	0	0	2	0	0	0	3	0	7	0	2	0	0	0	0	1	0	0	0	0	0	0	1	0	0	0	0	0	0	0	0	0	0	0	0	0	7	0	0	0	0	0	0	0	0	0	0	0	0	0	0	0	0	0	0	0	0	0	0	0	0	0	0	2	0	0	0	0	0	0	0	0	0	0	0	0	0	0	7	1	0	0	0	0	0	1	0	0	0	2	0	0	0	0	0	0	0	0	6	0	0	1	0	0	0	0	0	5	2	0	0	0	0	0	0	0	0	0	0	3	0	0
OTU_236	OTU_236	3	75	34	109	26	0	42	9	4	3	0	21	0	17	4	2	11	18	1	54	1634	2	1	39	3	600	0	182	1	0	23	1	2	1	6	0	15	7	2	0	0	0	7	10	21	9	3	183	0	14	0	15	92	27	1	3	0	1	19	3	2	1	1	0	1	4	16	4	2	184	11	2	0	36	0	0	94	0	0	0	0	1	3	24	81	1	87	0	0	0	28	0	1	16	1	0	3	0	102	38	12	91	29	7	1	2	4	0	87	1	9	0	33	0	0	2	16	79	0	1	0	11	0	3	40	2	1	0	233	0	9	0	1	33	0	1	1	1	4	48	193	1	0	31	0	6	0	0	41	1	3	0	0	26	1	5	24	306	55	5	1	5	2	2	0	167	0	34	8	0	11	3
OTU_237	OTU_237	0	0	0	0	0	0	0	0	0	0	0	0	0	0	0	0	0	0	0	0	0	0	0	0	0	0	0	0	0	0	0	0	0	0	0	0	0	7	0	0	0	0	0	0	0	0	0	0	0	0	0	0	0	0	0	0	0	0	0	0	0	0	0	0	0	0	0	0	0	0	0	0	1	0	0	0	0	2	0	0	0	0	0	0	0	2	0	0	0	0	0	0	1	0	0	0	0	0	1	0	0	0	0	0	0	0	0	0	0	0	0	0	1	0	0	0	0	0	0	0	0	0	0	0	0	0	0	0	0	0	0	0	0	0	0	0	0	0	0	0	0	0	0	0	0	0	0	0	0	0	0	1	0	0	0	0	0	0	0	5	0	0	0	0	0	0	0	0	0	0	0	0
OTU_239	OTU_239	1	0	0	22	0	0	39	0	15	0	0	2	0	5	12	347	8	18	0	0	0	1	0	7	1	1	0	0	9	0	7	0	0	0	25	47	11	0	0	3	0	0	1	2	2	0	0	0	0	1	0	0	0	23	0	0	12	0	54	0	0	1	1	0	87	0	0	0	0	0	0	0	0	0	0	0	1	0	0	0	3	0	0	0	0	1	6	0	1	1	0	0	0	0	0	0	0	0	0	5	3	12	10	0	0	0	4	0	0	8	1	0	0	2	0	0	0	0	3	0	0	0	0	1	1	0	0	0	0	8	1	0	3	3	0	0	0	0	0	11	0	2	0	0	0	0	1	9	22	0	0	0	1	3	2	0	41	0	1	0	1	1	0	0	0	0	0	14	1	0	0	104
OTU_240	OTU_240	0	0	0	0	0	0	0	0	0	0	0	0	0	0	0	0	0	0	0	0	0	0	0	0	0	0	0	0	0	0	0	0	0	0	1	0	0	0	0	0	0	0	0	0	1	0	0	0	1	0	0	0	0	0	0	0	0	0	0	0	0	0	0	0	0	0	0	0	0	0	0	0	0	0	0	0	0	0	0	0	0	0	0	1	0	0	0	0	0	0	0	0	0	0	0	0	0	0	0	0	0	0	0	0	0	0	0	0	0	0	0	0	0	0	0	0	0	0	0	0	0	0	0	0	0	0	0	0	0	0	0	0	0	0	0	0	0	2	0	0	0	0	0	0	0	0	0	0	0	0	0	0	0	0	0	0	0	0	0	0	0	0	0	0	0	0	0	0	0	0	0	0
OTU_241	OTU_241	0	0	0	0	0	49	0	0	20	1	0	280	0	161	5	1	0	153	0	0	0	0	0	0	0	0	1	0	0	0	4	0	0	0	8	0	8	0	0	0	0	676	0	0	1	0	0	0	1	2	15	0	239	55	2	0	0	0	10	0	0	1	0	3	0	0	0	0	2	88	0	0	3	0	0	0	0	0	0	0	0	1	0	0	5	6	0	0	2	0	0	0	0	2	4	0	0	0	34	0	22	10	0	0	0	0	0	1	0	0	3	0	0	0	0	49	4	0	1	0	0	5	0	1	3	1	312	0	17	0	68	0	17	1	0	0	0	24	320	1	44	0	2	1	3	0	0	0	0	0	0	0	0	0	0	0	0	1	13	0	0	58	56	0	1	0	0	6	0	0	0	1
OTU_242	OTU_242	0	6	0	16	1	0	46	1	5	0	0	27	0	26	0	123	175	46	27	0	0	0	0	0	0	0	0	1	0	1	127	0	17	2	33	50	11	20	2	2	0	0	0	0	1	25	13	0	0	0	0	3	34	5	0	10	0	1	5	5	0	1	1	56	26	41	0	1	0	10	37	0	2	6	1	1	0	33	0	0	1	0	3	2	42	1	53	0	0	0	0	1	0	5	0	0	2	0	29	1	4	69	11	14	0	0	11	22	0	7	3	1	0	0	1	12	0	55	0	1	0	6	0	59	127	0	116	0	5	0	14	2	7	1	3	13	0	0	3	14	70	1	0	5	2	17	0	0	14	0	1	2	41	7	0	0	59	138	1	4	0	7	0	0	0	33	0	26	20	0	2	1
OTU_243	OTU_243	0	0	0	1	0	0	0	0	1	0	0	0	0	2	1	0	0	0	0	0	0	5	0	0	0	0	0	191	0	2	1	0	0	0	2	2	0	0	0	0	0	0	0	0	0	0	0	0	1	71	0	1	0	0	0	0	0	1	0	0	3	1	1	0	0	0	1	1	0	0	0	0	0	2	0	0	0	0	0	0	0	0	0	0	0	0	0	1	0	0	0	0	139	1	0	1	0	0	0	0	0	0	0	1	0	0	0	6	0	0	0	0	0	0	0	0	0	0	0	0	0	0	0	0	0	0	0	0	0	0	0	0	0	0	0	0	0	0	0	2	0	0	0	0	0	0	0	0	0	0	0	1	0	0	0	0	1	0	0	0	1	0	0	0	0	0	0	2	0	0	0	0
OTU_245	OTU_245	0	31	0	4	0	0	100	0	13	1	0	50	0	50	1	0	0	116	0	0	0	1	4	76	0	0	1	2	0	0	519	0	1	11	3	0	0	23	1	1	0	0	0	0	39	1	0	0	0	3	0	6	1	0	0	1	1	0	0	1	1	0	2	0	0	1	0	6	0	0	1	0	1	4	0	1	0	0	1	1	0	0	0	0	144	0	2	0	0	0	1	0	0	0	1	0	0	0	0	7	0	18	0	3	0	0	1	0	0	9	0	1	1	0	0	48	0	5	0	1	0	0	0	1	5	1	2	1	302	1	0	3	4	0	0	61	0	1	6	0	34	1	0	7	0	0	0	0	838	1	1	1	27	9	0	1	0	0	57	0	0	2	0	0	0	208	0	79	0	0	0	0
OTU_246	OTU_246	2	0	0	2	0	2	7	0	0	0	0	6	0	7	0	1	0	0	1	0	2	0	0	5	0	0	4	0	0	0	0	0	0	0	0	21	0	0	0	1	0	0	7	0	1	4	0	0	0	1	0	0	0	0	0	0	6	0	0	0	1	0	1	2	0	6	0	0	0	2	10	0	0	0	0	0	0	1	0	0	0	0	0	1	0	0	9	0	0	0	0	0	0	0	9	0	0	0	0	0	3	0	0	0	0	0	0	5	0	0	0	0	0	0	0	0	0	9	3	0	0	0	0	0	1	0	0	0	0	0	0	0	0	0	0	0	0	1	0	0	0	0	0	0	17	0	0	0	0	2	0	0	0	0	0	0	0	0	0	0	1	0	0	0	0	24	1	0	0	0	2	0
OTU_247	OTU_247	0	17	109	12	0	0	32	4	4	0	0	2	1	9	9	3	5	8	32	2	3	0	0	7	0	0	45	0	20	0	3	0	2	1	27	3	1	22	0	0	0	0	16	0	5	32	3	3	14	1	0	2	3	5	1	1	0	5	1	11	4	0	6	27	2	50	64	2	1	8	0	0	0	13	0	0	56	0	0	0	0	0	0	1	35	0	1	1	0	0	2	0	0	0	0	0	12	0	0	1	0	2	0	0	0	0	0	0	2	2	19	0	0	0	0	0	0	6	0	1	0	5	0	7	73	0	47	0	5	0	2	0	1	0	1	29	0	1	1	2	11	0	0	0	0	0	0	1	3	1	1	0	200	0	0	1	19	3	0	0	0	1	0	2	0	8	0	17	0	1	1	24
OTU_248	OTU_248	0	0	0	0	0	0	0	0	0	1	0	0	0	39	0	0	0	0	0	0	0	0	0	0	0	0	0	0	0	0	0	0	0	0	0	4	0	0	0	0	3	2	0	0	0	0	1	0	0	0	2	0	5	0	0	1	2	0	0	0	0	0	0	136	1578	1	0	0	0	0	0	1	0	0	0	0	0	0	0	0	0	0	0	0	0	549	0	0	0	0	0	0	0	0	0	0	0	0	0	0	0	0	0	3	0	0	0	0	1	0	2	0	0	1	0	0	1	0	2	0	0	0	0	1	0	0	0	0	0	0	0	0	0	0	0	0	1	0	23	0	0	0	2378	0	0	0	0	0	0	0	0	2	0	0	5	0	0	1	0	0	0	0	0	0	0	0	0	2	0	0	0	0
OTU_249	OTU_249	0	2	0	1	0	29	0	24	3	0	0	10	50	8	0	0	0	0	0	0	0	2	1	0	0	0	0	0	0	1	0	0	0	0	3	17	0	27	0	0	0	0	0	0	1	4	0	6	0	0	0	0	0	6	2	0	0	0	0	0	0	0	0	3	0	0	3	0	0	1	0	0	2	1	0	0	0	0	1	4	1	0	5	0	0	3	0	0	0	0	0	10	0	0	6	0	0	0	0	0	0	0	0	3	0	0	0	0	0	0	9	0	0	0	0	0	0	1	3	1	0	0	0	0	0	10	0	0	0	0	0	0	0	0	0	0	0	1	0	0	0	1	0	0	0	0	0	0	0	0	1	0	5	0	0	0	0	0	0	0	0	0	0	0	0	0	0	1	0	0	0	0
OTU_250	OTU_250	2	0	0	2	0	0	26	2	6	1	0	0	0	4	0	0	0	19	9	0	0	0	0	1	1	0	0	0	0	0	39	0	0	0	18	7	0	2	0	2	1	0	9	0	31	1	0	0	0	0	0	0	1	1	0	1	0	0	44	0	0	0	0	0	0	0	1	0	0	0	0	1	1	0	1	0	0	0	1	0	2	0	1	0	2	0	6	0	1	0	0	0	1	0	0	0	0	0	1	0	1	3	0	0	0	0	3	1	0	0	2	0	0	0	0	0	0	14	0	0	0	2	2	4	2	1	0	0	77	0	0	0	1	0	0	0	0	1	6	0	1	0	0	0	0	0	0	0	40	0	0	0	0	0	0	0	121	5	14	0	1	0	0	1	0	3	0	0	0	1	0	25
OTU_251	OTU_251	0	48	0	1	0	0	0	34	13	0	2	9	0	10	1	0	0	5	0	0	0	0	0	0	2	1	0	0	0	0	0	0	1	3	3	0	0	0	1	0	2	0	118	0	1	0	0	8	1	3	0	12	3	0	1	0	1	0	27	0	1	0	56	8	0	1	6	12	0	4	81	0	0	0	0	0	0	0	0	1	0	0	0	0	0	232	2	3	67	0	0	0	0	0	0	121	0	0	20	1	19	24	45	2	5	1	19	1	12	3	0	0	0	0	0	0	30	0	2	0	33	44	0	1	1	0	0	1	3	2	16	3	6	0	111	0	1	4	4	0	157	0	0	0	0	24	0	0	0	1	0	170	0	114	0	1	105	5	5	0	2	51	0	3	0	36	0	5	44	5	0	0
OTU_252	OTU_252	0	0	0	0	0	0	0	0	0	0	0	0	0	0	0	0	0	0	0	0	84	0	0	0	0	3	0	4	0	0	0	0	0	0	0	0	0	0	0	0	0	0	16	0	1	1	0	1	0	0	0	0	0	0	0	0	0	42	0	0	66	0	0	0	0	0	0	0	0	0	2	0	0	0	0	0	0	0	0	0	0	0	0	0	0	0	0	0	0	0	0	0	0	0	0	0	0	0	0	0	0	0	0	0	0	0	0	0	0	0	0	0	0	0	0	0	0	0	0	0	0	0	0	0	0	0	0	2	0	0	0	0	0	0	0	0	0	0	0	0	0	0	0	0	0	0	0	0	0	0	0	0	0	0	0	0	0	0	0	0	0	166	0	0	2	3	4	0	0	0	0	0
OTU_253	OTU_253	0	27	0	141	0	0	0	0	24	55	3	5	0	7	35	10	0	195	0	0	4	0	0	29	0	0	0	0	0	0	19	1	0	1	1	6	5	0	0	1	1	0	1	0	0	0	21	0	0	1	1	5	0	1	0	0	0	0	0	2	0	0	0	351	5	1	0	9	0	0	83	0	0	1	0	2	0	82	0	0	0	0	0	1	60	0	20	0	0	0	0	0	0	0	1	5	0	0	2	10	14	5	11	13	0	0	11	29	0	7	0	0	0	0	0	27	0	0	0	2	0	1	0	0	0	0	0	0	16	4	41	4	16	4	4	1	0	0	0	30	59	1	1	1	1	0	0	1	102	0	1	1	25	0	7	1	12	49	6	31	0	0	1	0	0	18	0	16	1	1	0	0
OTU_254	OTU_254	0	0	0	0	0	0	0	0	0	0	0	0	10	0	0	1	0	0	0	0	0	0	0	0	0	0	0	0	0	0	0	0	0	0	0	0	1	1	0	0	0	0	0	0	0	0	0	0	0	0	0	0	0	0	1	0	0	0	0	0	0	0	0	0	0	0	0	0	0	0	0	0	0	0	0	0	0	0	0	0	0	0	0	0	0	0	0	0	0	0	0	0	0	0	0	0	0	0	0	0	0	0	0	0	0	0	0	0	0	0	0	0	0	0	0	0	0	0	0	0	0	0	0	0	0	0	0	0	0	0	0	0	0	0	0	0	0	0	0	0	0	0	0	0	0	0	0	0	0	0	0	0	0	0	0	0	0	0	0	0	0	0	0	0	0	0	0	0	0	0	0	0
OTU_255	OTU_255	2	1	0	15	131	0	1	1	4	0	0	1	0	1	0	0	0	0	1	0	9	1	0	8	41	0	0	0	0	7	0	0	68	0	2	0	1	0	0	8	5	2	48	3	0	0	0	1	16	14	0	6	0	0	0	0	3	2	0	45	0	1	1	0	0	3	0	0	98	1	2	0	1	0	0	4	5	0	1	1	0	2	3	3	0	2	0	1	102	0	18	27	0	1	0	1	0	6	5	0	10	0	1	14	10	65	15	1	8	7	14	7	0	41	485	0	186	0	1	124	17	0	0	0	0	2	1	1	0	0	2	0	0	1	9	1	0	1	3	42	0	19	0	0	0	0	15	0	1	2	1	1	0	0	3	1	0	2	0	1	1	0	0	851	0	0	2	0	0	1	11	3
OTU_256	OTU_256	0	0	1	0	103	0	0	2	4	0	0	2	3	3	0	0	40	0	70	0	0	0	0	1	0	0	0	0	99	0	0	0	0	693	35	0	3	63	0	0	101	0	0	2	0	1	0	100	0	0	0	0	17	10	0	0	1	0	0	0	0	1	0	2	30	0	0	1	49	28	0	0	2	1	0	0	0	0	0	0	0	0	1	77	0	23	48	0	0	1	0	0	0	0	0	0	0	0	0	0	0	88	0	0	1	0	2	7	0	0	0	10	0	0	0	0	0	0	0	0	2	4	0	6	1	32	3	0	5	0	0	0	0	0	1	0	0	0	3	0	0	0	135	0	3	11	0	0	0	0	2	3	53	0	1	0	0	23	3	0	3	7	0	1	0	2	0	0	11	0	0	0
OTU_257	OTU_257	2	0	0	0	0	0	0	0	0	0	0	0	0	0	0	0	0	0	0	0	2	0	0	0	0	0	0	0	0	0	0	0	0	0	0	1	0	1	0	0	0	1	0	0	0	0	0	0	0	0	0	0	0	0	1	0	0	0	0	0	0	0	0	0	0	0	0	0	0	0	0	0	0	0	0	0	0	0	0	0	0	0	0	0	0	0	0	0	0	0	0	0	0	0	0	0	0	0	0	0	0	0	0	0	0	0	0	0	0	0	0	0	0	0	0	0	0	0	0	0	0	0	0	0	0	0	0	0	0	0	0	0	0	0	0	0	0	0	0	0	0	0	0	0	0	0	0	0	0	0	0	0	0	0	0	0	0	0	0	0	0	0	0	0	0	0	0	0	0	0	0	0
OTU_258	OTU_258	2	10	4	8	0	0	25	0	10	0	0	4	13	5	2	1	3	5	10	14	1	1	2	19	1	0	0	2	17	0	1	2	153	0	25	18	7	8	267	3	0	0	0	0	1	9	2	2	0	14	1	12	1	1	1	5	31	10	3	1	43	5	0	0	0	51	7	3	5	5	0	0	0	6	0	1	41	11	0	9	39	146	209	1	13	2	28	4	43	0	18	0	146	49	1	15	1	7	32	13	25	6	15	18	0	0	3	12	136	3	5	0	92	11	6	2	14	14	0	0	10	28	13	1	14	8	3	1	66	3	0	1	1	0	0	75	0	0	3	192	4	2	0	0	0	232	2	13	18	0	2	20	0	14	5	31	41	157	28	10	4	31	21	16	2	53	0	10	303	26	7	6
OTU_259	OTU_259	0	0	0	4	2	0	3	1	0	4	0	0	0	0	9	0	0	0	0	0	0	0	3	269	0	0	0	87	1	2	0	0	2	0	0	0	0	2	1	0	0	0	0	0	0	0	5	0	0	4	0	1	0	0	0	0	0	0	2	2	2	0	0	0	0	1	0	24	0	0	0	0	0	0	0	0	0	0	0	1	0	0	0	0	0	0	0	0	0	0	2029	0	0	0	0	1	9	0	0	0	2	0	0	12	0	0	0	0	1	0	0	0	0	1	0	0	0	1	0	0	0	0	0	0	0	0	0	0	2	0	0	0	24	0	0	0	1	1	0	0	0	0	0	0	1	0	0	0	0	0	0	1	0	0	2	4	0	0	1	0	0	0	0	0	0	1	0	0	0	4	0	0
OTU_260	OTU_260	3	0	19	1	0	277	0	0	5	15	0	0	148	1	0	0	0	22	0	9	0	0	5	0	0	45	0	0	15	0	1	0	2	0	1	8	0	1	0	3	0	0	0	14	2	5	0	14	15	0	0	3	0	0	0	1	0	5	0	29	1	0	40	0	0	0	2	3	4	0	1	9	0	13	0	0	14	1	0	14	49	39	0	0	0	31	1	0	23	9	10	0	10	1	1	20	0	0	10	0	0	0	3	7	2	0	1	0	14	1	36	3	10	9	0	0	0	0	0	3	0	11	0	1	1	354	0	0	1	29	0	0	1	1	39	0	0	0	0	2	0	82	0	0	0	20	0	0	0	3	0	1	0	20	5	0	0	1	0	2	0	0	0	44	0	0	0	1	24	0	0	4
OTU_261	OTU_261	0	0	0	0	0	0	0	0	0	0	0	0	0	0	0	0	0	0	0	0	0	0	0	0	0	0	0	0	0	0	0	0	0	0	0	0	11	0	0	0	0	0	0	0	0	0	0	0	0	0	0	0	0	0	0	0	0	0	0	0	0	1	0	0	0	0	0	0	0	0	0	0	0	0	0	0	0	0	0	0	0	0	0	0	0	0	0	0	0	0	0	0	0	0	0	0	0	0	0	0	0	0	0	0	0	0	0	0	0	0	0	0	0	0	0	0	0	0	0	0	0	0	0	0	0	0	0	0	0	0	0	0	0	0	0	0	0	1	0	0	0	0	0	0	0	0	0	0	0	0	0	0	0	0	0	0	0	154	0	0	0	0	0	0	0	0	0	0	0	0	0	0
OTU_262	OTU_262	0	13	31	8	2	24	1	2	2	10	0	1	8	1	1	40	1	0	8	2	27	0	0	1	0	36	4	293	45	31	2	54	1	0	10	1	13	6	5	0	0	4	7	3	1	2	0	22	2	2	1	3	3	2	0	91	13	17	1	4	9	0	1	2	5	0	5	1	0	8	2	1	2	2	0	0	7	1	0	2	5	0	0	1	7	42	0	2	3	0	0	0	1	0	0	0	3	11	5	0	1	5	3	1	0	0	0	24	1	0	1	0	43	0	0	0	2	3	0	0	3	16	3	2	30	0	0	59	4	4	0	0	0	0	1	2	1	0	3	5	1	4	0	0	0	3	0	2	0	2	2	1	0	0	0	0	12	70	0	0	0	0	0	2	0	0	28	1	5	1	1	10
OTU_263	OTU_263	1	0	62	0	0	0	0	0	0	0	0	0	9	2	0	0	0	0	1	0	1	0	0	0	6	1	0	0	0	5	0	4	1	2	1	1	4	0	0	0	0	0	0	0	0	1	0	7	0	1	0	0	0	0	1	12	0	0	0	0	0	94	1	0	0	0	0	1	0	1	0	0	9	0	1	0	43	2	0	0	1	0	10	0	0	3	0	0	0	0	0	0	1	0	0	0	1	0	0	0	0	0	0	1	0	0	0	0	0	0	0	0	2	0	0	0	0	0	0	0	0	0	0	0	0	0	0	1	0	2	0	0	77	0	0	0	0	0	0	0	0	9	0	0	0	21	0	0	0	0	5	0	0	0	0	0	1	18	0	0	0	0	0	3	0	0	0	0	28	0	0	1
OTU_265	OTU_265	0	0	0	0	0	0	0	0	0	0	0	0	0	0	0	0	0	0	0	0	0	0	0	0	0	0	0	0	0	0	0	0	0	0	0	0	0	0	0	0	0	0	0	0	0	0	0	0	0	0	0	0	0	0	0	0	0	0	0	0	0	0	0	0	0	0	0	0	0	0	0	0	0	0	0	0	0	0	0	0	0	0	0	0	0	0	0	0	0	0	0	0	0	0	1	0	0	0	0	0	0	0	0	0	0	0	0	0	0	0	0	0	0	0	0	0	0	0	0	0	0	0	0	0	0	0	0	0	1	0	0	0	0	0	0	0	0	1	0	0	0	0	0	0	0	0	0	0	0	0	0	0	3	0	0	0	0	0	0	0	0	0	0	0	1	0	0	0	0	0	0	0
OTU_266	OTU_266	0	0	127	1	0	1	0	1	1	0	0	3	155	6	0	0	37	0	1	3	7	0	0	0	0	1	6	6	5	23	0	1	3	0	2	6	0	0	0	1	0	0	0	2	1	12	0	24	9	3	1	1	0	7	0	0	8	3	1	8	12	0	1	0	1	0	4	2	1	0	0	0	0	0	0	0	0	0	0	1	0	2	1	0	0	10	23	0	0	0	0	0	0	16	1	0	0	0	32	0	5	17	4	0	0	0	1	0	24	0	10	0	8	1	2	0	2	1	0	0	0	1	1	17	1	0	146	0	14	0	1	0	3	0	0	0	0	1	0	1	0	2	0	0	0	3	0	7	21	0	6	0	1	0	1	0	4	0	5	0	0	0	1	0	0	4	0	1	6	0	2	79
OTU_267	OTU_267	0	0	0	0	0	0	0	0	0	0	0	0	2	0	0	0	0	0	0	0	0	0	0	0	0	0	0	0	0	0	0	0	0	0	0	0	0	0	0	0	0	0	0	0	0	0	0	0	0	0	0	0	0	0	0	0	0	0	0	0	0	0	0	0	0	0	0	0	0	0	0	0	0	0	0	0	0	0	0	0	0	0	0	0	0	0	0	0	0	0	0	0	0	0	0	0	0	0	0	0	0	0	0	0	0	0	0	0	0	0	0	0	0	0	0	0	0	0	0	0	0	0	0	0	0	0	0	0	0	0	0	0	0	0	0	0	0	0	0	0	0	0	0	0	0	0	0	0	0	0	0	0	0	0	0	0	0	0	0	0	0	0	0	0	0	0	0	0	0	0	0	0
OTU_268	OTU_268	25	6	1	16	10	3	1	8	5	1	6	2	1	4	6	0	14	8	0	0	1	1	1	0	15	4	0	3	1	8	3	1	24	0	1	0	2	0	43	2	73	24	4	0	0	9	0	2	5	4	1	1	2	2	11	0	3	2	1	0	2	4	2	1	0	72	5	0	1	0	0	0	36	2	3	49	7	1	6	2	10	0	0	1	1	3	7	0	0	0	8	3	1	7	13	3	0	1	6	2	2	0	2	0	0	0	1	1	4	1	6	3	0	2	2	0	0	2	0	0	1	7	6	6	5	0	4	0	3	0	1	0	0	0	0	1	0	0	15	14	2	1	3	1	7	0	0	2	1	4	1	2	1	2	3	0	0	5	1	2	1	0	0	0	0	55	0	7	1	2	0	12
OTU_269	OTU_269	3	0	1	0	0	0	289	0	0	0	4	0	1	0	0	1	118	0	1	0	3	0	0	17	0	0	0	0	0	1	1	1	0	0	206	0	10	0	0	1	1	1	1	3	1	1	0	1	0	1	0	0	0	0	0	0	0	0	194	0	1	2	3	0	5	1	3	2	0	101	1	0	1	2	0	0	147	0	0	0	0	0	0	1	0	2	0	0	0	0	0	0	0	0	2	0	0	0	1	0	29	11	164	7	0	0	1	1	0	0	3	0	1	2	0	0	6	11	0	0	4	6	1	76	1	11	0	7	345	272	1	1	9	0	1	0	3	19	2	1238	50	3	0	0	4	169	5	0	2	0	3	17	0	293	105	0	2006	107	101	0	0	0	0	63	0	21	6	9	321	1	11	4
OTU_270	OTU_270	1	4	1	6	2	0	6	8	5	13	1	4	0	8	1	1	84	16	26	3	7	8	26	32	3	0	46	41	0	14	4	0	13	0	31	25	2	60	0	9	1	7	3	13	31	6	4	6	0	139	0	28	32	9	0	0	20	12	10	14	84	2	5	3	14	1	24	4	4	35	54	0	3	17	0	3	0	3	0	5	6	18	0	17	11	31	4	74	2	0	7	77	0	0	14	77	86	7	16	17	17	27	7	365	5	2	34	193	6	12	3	40	0	111	0	1	4	16	21	10	7	3	5	30	9	1	12	2	24	1	56	18	24	11	11	1	0	94	2	80	5	2	0	11	3	7	2	42	0	2	2	2	2	6	183	20	41	12	12	18	26	4	43	2	9	4	2	7	9	5	2	0
OTU_271	OTU_271	3	5	0	1	1	0	0	0	1	1	0	1	0	0	0	0	0	0	0	0	6	0	0	0	0	0	0	0	0	0	0	1	0	0	1	0	0	0	4	0	0	0	0	0	4	25	0	0	0	1	0	0	0	0	0	0	0	0	2	2	0	0	2	0	0	0	1	0	0	0	0	0	0	9	0	0	225	0	0	0	0	0	0	0	0	0	0	0	0	0	0	0	0	0	0	0	0	0	0	0	0	0	0	0	0	0	0	0	0	0	0	0	0	0	0	1	0	0	0	0	0	0	0	0	2	0	0	0	70	0	0	0	0	0	0	0	1	0	0	0	0	0	0	0	0	0	0	1	0	0	0	0	0	0	0	0	0	0	12	0	0	0	0	0	1	0	0	0	0	0	0	1
OTU_272	OTU_272	7	0	4	1	0	0	0	0	0	0	0	0	0	0	0	0	0	0	0	0	0	0	0	0	0	0	0	0	0	0	0	0	0	0	0	0	0	0	1	0	0	0	1	0	0	1	0	0	2	1	0	0	0	0	0	0	0	0	0	0	2	0	0	0	0	0	0	9	0	0	0	0	0	0	0	0	0	2	56	0	0	0	0	0	0	0	0	0	0	0	0	0	0	0	0	0	0	0	0	0	0	0	0	0	0	0	0	0	0	0	4	0	1	0	0	0	0	0	0	0	0	0	0	0	0	0	0	0	1	0	0	0	0	0	0	0	0	0	0	0	0	0	0	0	0	1	0	0	0	0	0	0	0	0	0	0	0	0	1	0	0	0	0	0	0	0	0	0	0	4	0	0
OTU_273	OTU_273	0	0	0	3	0	0	61	0	21	0	0	0	0	3	22	0	158	98	0	0	0	0	0	12	0	0	0	0	0	0	93	0	0	0	49	0	0	0	1	2	1	0	0	2	48	0	16	0	0	2	0	0	1	1	0	1	0	0	0	0	0	0	0	11	2	0	1	2	0	0	1	0	1	5	0	0	0	0	0	0	0	0	3	0	18	0	3	1	0	0	0	0	2	1	0	0	0	1	8	12	0	274	0	0	0	0	79	1	1	9	0	0	1	0	2	64	0	58	0	0	0	1	1	51	1	0	0	0	56	0	0	1	5	1	8	52	0	16	0	0	197	2	0	7	2	20	0	0	0	0	0	2	52	0	36	0	609	1	11	5	0	11	0	1	2	76	1	14	19	0	0	5
OTU_274	OTU_274	0	15	1	2	0	0	0	31	4	2	0	21	0	18	1	40	7	5	4	4	85	10	0	51	1	64	8	9	21	0	19	0	1	0	4	1	8	8	7	1	0	7	4	33	5	6	7	24	0	6	0	6	64	15	0	1	17	1	7	6	20	1	0	2	18	1	15	3	0	10	14	0	0	26	1	0	2	0	0	0	2	30	1	0	8	2	17	1	1	0	0	0	1	10	1	1	4	0	13	0	10	14	2	7	0	2	14	20	29	7	0	6	6	5	0	0	6	6	1	0	0	5	1	2	4	23	0	0	22	3	32	2	15	0	1	0	2	0	9	20	9	2	0	3	2	5	5	74	25	3	3	10	5	4	4	3	70	15	7	2	14	14	1	2	0	25	1	5	7	0	7	1
OTU_275	OTU_275	1	0	0	0	0	0	0	0	2	3	0	0	0	1	0	1	0	0	0	0	0	0	0	0	0	0	0	0	0	7	0	0	0	0	0	0	0	0	0	0	0	0	0	0	5	7	0	1	0	0	0	0	0	0	0	0	22	7	0	1	0	0	0	0	0	0	0	0	0	0	0	0	0	0	2	0	0	0	0	0	0	0	0	0	0	1	0	0	0	0	0	0	0	0	1	0	0	0	1	0	0	0	0	0	0	0	0	0	0	0	0	0	0	1	0	0	0	1	0	0	0	0	0	1	0	0	3	0	10	0	0	0	0	0	4	0	0	0	1	0	0	1	0	0	0	0	0	0	0	0	1	0	0	0	0	0	17	0	2	0	0	0	0	0	0	0	0	0	0	0	0	3
OTU_276	OTU_276	0	0	0	0	0	0	0	0	0	0	0	0	0	0	0	0	0	0	0	0	0	0	0	0	0	0	0	0	0	0	0	0	0	0	0	0	0	0	0	0	0	0	0	0	0	0	0	0	0	0	0	0	0	0	0	0	0	0	0	0	0	0	0	0	0	0	0	0	0	0	0	0	0	0	0	0	0	0	0	0	0	0	0	0	0	0	0	0	0	0	0	0	0	0	0	0	0	0	0	0	0	0	0	0	0	0	0	0	0	11	0	0	0	2	0	0	0	0	0	1	0	0	0	0	0	1	0	0	0	0	0	0	0	0	0	0	0	0	0	0	0	0	0	1	0	0	0	0	0	0	0	0	0	0	0	0	0	0	0	0	0	0	0	0	0	0	0	0	0	0	0	0
OTU_277	OTU_277	2	2	1	15	31	0	0	0	0	0	0	0	0	0	0	0	0	0	0	0	0	2	0	0	0	2	0	0	0	2	0	0	13	1	0	0	2	0	0	1	34	1	0	3	0	0	0	1	1	1	0	2	0	1	1	3	0	1	1	0	0	0	0	0	1	0	0	0	1	0	0	9	1107	0	0	18	6	0	0	0	1	0	21	0	0	1	0	0	0	1	9	1	0	0	2	0	0	2	4	0	3	0	0	1	2	0	2	0	0	1	0	0	0	0	61	0	4	0	0	1	0	0	11	0	1	0	0	0	0	1	1	0	342	0	4	0	0	0	1	1	0	3	3	0	31	3	77	0	1	0	2	0	0	1	0	0	0	0	0	0	0	0	0	9	0	2	0	0	1	0	10	1
OTU_278	OTU_278	1	0	0	0	0	1	1	0	8	0	0	0	0	4	0	1	0	49	0	0	0	1	0	0	3	0	0	1	0	0	3	0	0	0	1	2	0	0	0	1	0	0	0	0	225	0	0	0	0	0	0	0	0	0	1	0	0	0	57	0	0	0	0	0	0	0	0	3	0	316	0	0	0	1	0	0	0	0	0	0	0	0	0	0	0	0	11	0	1	0	0	0	0	0	2	0	0	0	0	69	0	0	199	0	0	37	0	0	0	0	0	0	0	0	0	8	0	0	0	0	0	12	0	0	0	0	0	0	2	0	0	0	5	0	0	0	0	0	1	0	1	0	0	3	0	0	1	0	0	0	0	0	1	0	10	1	1	0	0	0	0	0	0	0	0	0	0	0	0	0	0	0
OTU_279	OTU_279	1	0	0	0	0	1	0	0	11	0	0	0	0	6	0	0	1	62	0	0	2	0	0	0	0	0	3	0	0	0	24	0	0	0	4	0	0	27	0	0	0	0	0	0	92	0	0	0	0	1	0	0	0	0	0	0	0	0	0	0	0	0	0	74	0	1	0	0	0	85	15	0	0	11	0	0	0	0	0	0	0	8	0	0	0	2	0	0	0	0	0	0	4	2	0	0	0	1	0	0	4	29	36	0	0	0	5	0	0	17	1	0	0	0	0	80	0	31	0	1	3	3	0	1	0	0	0	0	0	4	2	0	5	100	0	1	1	0	0	2	186	0	0	1	1	87	0	271	196	0	0	10	64	0	5	0	87	0	0	0	10	3	0	0	0	60	0	0	142	0	7	0
OTU_280	OTU_280	0	0	0	0	0	0	0	0	0	0	0	0	0	1	0	0	0	0	0	0	0	0	0	0	0	0	0	0	0	0	0	0	0	0	0	0	0	0	0	0	0	0	0	0	0	0	0	0	0	0	0	0	4	0	0	0	0	0	0	0	0	0	0	0	0	0	0	0	0	0	0	0	0	0	0	0	0	0	0	0	0	0	0	0	0	0	0	0	0	0	0	0	0	0	0	0	0	0	1	0	0	0	0	0	0	0	0	0	0	0	0	0	0	0	0	0	0	0	0	0	0	0	0	0	0	0	0	0	0	0	0	14	46	0	0	0	0	0	0	0	0	0	0	30	0	0	0	0	0	0	0	0	588	0	0	0	0	0	0	0	0	0	0	0	0	0	0	0	0	0	0	0
OTU_281	OTU_281	0	0	0	3	0	0	0	0	2	0	0	0	0	0	10	0	0	0	2	0	0	0	0	285	0	0	0	0	0	0	179	0	0	3	1329	1	0	0	0	2	0	1	0	42	1	0	110	0	0	5	0	1	0	0	0	0	0	0	1	0	1	0	0	0	0	5	0	24	0	0	0	1	0	80	0	0	0	1	0	0	0	0	1	0	141	0	0	0	1	0	0	0	0	4	0	0	0	0	0	0	0	1	0	1	0	0	0	0	3	0	0	0	0	1	0	0	1	1	0	0	0	0	0	1	1	0	2	0	0	0	0	0	1	0	0	2	0	0	3	1	0	0	0	0	1	0	0	0	0	4	9	0	83	0	0	0	0	0	0	0	0	643	0	2	0	0	0	85	0	0	5	1
OTU_282	OTU_282	0	0	0	0	0	0	0	0	0	0	0	0	0	1	0	0	0	0	0	0	0	0	0	0	0	0	0	0	0	0	0	0	0	0	0	0	0	0	2	0	0	0	0	0	0	0	0	0	0	0	0	0	0	1	0	6	0	0	1	0	0	0	0	0	0	0	0	0	0	0	0	0	0	1	0	0	6	0	0	0	0	0	0	0	0	0	0	0	0	1	0	0	0	0	0	0	0	0	0	0	0	0	0	0	0	0	0	0	0	27	0	0	0	0	0	0	0	0	0	0	0	0	0	0	0	3	0	0	65	0	1	0	0	0	0	0	0	0	0	0	0	0	0	0	0	0	0	2	0	1	0	0	0	0	0	0	0	0	32	0	0	0	0	0	0	0	0	0	0	0	0	0
OTU_283	OTU_283	2	2	0	10	0	0	0	1	2	2	3	0	5	0	1	0	0	1	0	6	3	2	2	0	0	0	0	0	0	2	0	0	1	1	3	1	0	2	0	0	23	0	0	0	0	1	0	1	2	0	0	0	2	1	10	0	0	0	0	0	0	0	0	0	0	0	5	3	0	0	0	6	2	0	2	15	1	0	0	0	0	0	1	0	0	0	0	0	0	0	0	1	0	0	0	0	0	0	0	0	0	0	0	0	0	0	0	0	3	0	4	3	0	0	3	0	0	1	0	0	0	1	2	0	0	0	15	0	0	0	0	0	0	0	0	0	0	0	0	0	0	0	0	0	4	0	1	0	0	0	4	0	0	0	0	0	0	0	0	0	0	0	0	2	0	0	0	0	0	0	0	3
OTU_284	OTU_284	3	13	7	3	2	0	2	2	0	0	0	0	0	1	1	13	1	8	0	0	0	0	0	4	0	0	0	92	0	107	0	6	96	15	0	0	1	3	0	0	0	0	0	0	5	6	1	1	0	0	0	8	0	0	1	0	1	0	0	3	0	0	0	0	4	333	23	0	0	5	0	1	1	4	2	3	0	0	0	17	0	0	0	2	0	1	2	0	0	0	0	0	0	0	0	0	0	0	2	0	0	2	0	3	0	0	2	0	1	0	0	0	0	0	0	0	1	1	0	0	2	3	0	0	3	0	0	0	0	0	4	0	0	0	0	0	0	0	0	0	0	2	0	0	0	3	0	0	0	0	0	0	2	0	0	1	0	0	0	0	0	0	0	0	0	2	0	0	1	0	0	25
OTU_285	OTU_285	0	8	1	1	0	0	13	0	0	0	0	25	1	21	12	0	45	0	48	4	4	19	0	0	1	0	0	110	0	1	12	0	2	1	0	0	1	23	24	1	0	0	3	0	1	0	16	0	0	0	0	2	83	23	0	4	0	2	10	63	6	1	0	0	1	0	1	1	1	0	19	1	0	37	0	0	0	12	8	0	0	0	0	0	41	1	0	54	0	0	0	0	2	1	0	0	0	3	24	89	82	2	9	72	7	0	425	22	0	179	0	1	0	0	0	11	1	83	522	175	0	0	38	15	1	22	0	4	83	1	604	1	174	376	47	0	1	0	0	0	6	0	0	0	1	3	1	37	0	189	0	0	13	0	0	0	345	0	46	1	176	2	43	2	0	3	0	18	0	1	0	6
OTU_286	OTU_286	1	39	2	23	0	0	126	2	15	0	12	10	0	13	55	28	109	91	0	1	24	8	0	21	19	2	7	1	1	0	14	1	2	6	3	0	2	5	0	0	1	1	31	5	2	1	33	2	0	3	2	3	38	10	0	2	11	0	12	4	2	1	0	173	6	26	24	3	0	20	57	0	0	3	0	0	3	55	2	0	4	0	0	1	22	6	17	0	0	0	3	0	0	0	0	0	0	0	0	19	6	22	2	5	0	0	14	15	41	6	1	0	1	1	0	10	4	52	0	4	1	0	11	33	22	1	19	0	4	1	12	0	7	5	2	25	1	1	1	1	9	0	0	3	0	1	0	1	0	0	2	0	225	13	2	0	16	7	3	3	2	9	0	0	0	30	0	10	0	2	1	5
OTU_287	OTU_287	9	17	4	29	17	966	1	15	5	36	1	2	100	10	0	3	3	2	7	2	27	1	41	0	2	58	4	11	1	25	0	33	7	9	13	11	6	18	80	356	16	24	7	22	1	8	6	66	4	8	17	5	14	3	29	391	19	14	8	12	21	2	28	30	213	14	4	74	3	3	2	2	17	18	1	79	59	6	3	0	3	24	91	2	1	421	3	2	10	18	17	45	206	5	4	5	2	9	18	0	3	9	5	10	1	0	3	53	4	2	6	6	53	13	1	0	87	6	2	7	10	14	2	2	14	5	3	60	89	8	0	0	1	2	42	22	24	8	18	135	5	78	495	1	1	12	59	7	52	3	39	107	0	4	5	4	24	4	28	1	3	3	2	20	2	3	116	3	22	9	9	4
OTU_288	OTU_288	0	0	0	0	0	0	0	0	0	0	0	0	0	0	0	0	0	0	0	0	0	0	0	0	0	0	8	0	1	0	0	0	0	0	0	0	0	0	0	0	0	0	0	0	0	0	0	0	0	0	0	0	0	0	0	0	0	0	0	0	2	0	0	0	0	0	0	0	0	0	0	0	0	2	0	0	0	0	0	0	0	0	0	0	1	0	0	0	0	0	0	0	22	0	0	0	0	0	1	0	0	2	0	0	0	0	0	0	0	0	0	0	2	0	0	0	0	0	0	0	3	0	0	0	0	0	0	0	0	0	0	0	0	0	0	0	0	0	0	0	0	0	0	3	2	0	0	0	0	0	0	0	0	0	0	0	101	0	0	0	0	0	0	0	0	0	0	0	0	0	2	0
OTU_289	OTU_289	0	3	0	2	0	40	0	0	2	0	0	4	0	1	26	15	1	0	2	22	1	35	171	50	0	16	1	0	1	163	0	1	0	19	1	2	1	15	7	1	0	7	1	0	28	12	1	7	0	18	1	2	104	19	1	10	46	38	8	9	2	0	6	5	3	1	3	3	1	3	0	0	7	5	5	0	18	0	0	2	70	88	12	0	8	1	2	47	7	0	0	2	2	3	56	15	68	27	132	14	2	2	0	1038	0	0	181	7	0	26	6	0	42	3	0	17	44	1	104	100	0	0	15	3	2	5	1	2	0	0	1	0	2	0	16	0	143	5	4	10	1	4	1	3	1	21	76	2	0	14	1	2	9	0	0	96	4	0	0	13	3	32	7	2	0	5	0	4	10	14	4	2
OTU_290	OTU_290	0	0	0	0	0	0	0	0	35	0	0	0	0	0	0	0	6	0	0	0	0	0	0	0	1	0	0	3	0	0	0	0	0	0	0	0	0	0	0	0	0	0	0	0	8	0	0	0	0	0	7	0	0	2	1	0	0	0	0	0	0	0	0	0	0	0	0	0	0	0	0	0	0	0	0	0	0	0	0	0	0	0	1	0	10	0	0	0	0	0	0	0	0	0	1	0	0	0	1	0	1	0	0	0	0	0	0	0	0	0	0	8	0	11	0	0	0	0	0	0	2	0	0	0	2	0	1	0	113	0	0	0	0	1	0	15	0	0	0	0	0	0	0	0	0	0	0	1	0	178	0	0	0	0	1	4	0	0	61	0	0	2	0	14	0	0	0	7	0	0	0	0
OTU_291	OTU_291	14	2	4	7	4	0	0	3	1	2	3	0	0	1	1	1	10	0	2	5	6	6	0	0	3	0	0	1	0	1	0	0	4	2	0	0	0	0	1	1	286	4	0	0	0	5	3	5	0	0	1	0	1	0	6	6	0	1	2	0	0	2	1	0	1	12	2	0	1	2	0	7	24	0	0	32	1	0	0	1	0	0	1	0	0	0	0	0	0	0	3	0	0	2	4	0	1	2	1	0	1	0	0	0	0	0	1	0	0	0	1	0	0	0	20	0	1	0	1	0	0	0	0	3	0	3	1	0	3	0	0	0	3	0	0	0	2	0	2	19	1	1	0	0	15	1	6	0	1	0	0	1	3	0	0	0	1	10	0	0	0	0	1	3	0	19	0	1	0	0	2	16
OTU_292	OTU_292	0	22	0	0	0	0	26	0	77	0	0	1	0	0	0	0	0	596	0	0	0	0	0	0	1	0	0	6	0	0	49	0	2	0	1	0	0	0	0	0	0	0	0	0	0	0	0	0	0	1	0	1	0	0	0	8	1	0	0	0	0	0	0	0	0	1	0	0	0	0	0	0	3	0	0	0	0	0	0	0	0	0	0	1	1	0	1	0	0	1	0	0	0	0	0	0	0	0	0	7	1	2	0	0	0	0	29	0	1	19	0	0	0	1	0	69	2	1	0	1	0	0	0	0	0	2	246	3	13	0	0	0	2	0	2	0	0	0	1	0	0	2	0	0	3	0	0	0	0	0	0	0	12	0	0	0	1	0	4	0	0	0	1	0	0	7	4	0	0	0	6	2
OTU_293	OTU_293	16	404	161	15	48	0	102	4	175	1	9	178	5	137	351	33	1	187	15	15	14	23	46	12	3479	203	0	17	69	224	2	1	29	20	12	63	8	3	7	4	2	891	5	11	9	235	1266	99	454	32	23	121	0	4	1	12	9	212	8	627	93	18	3	447	20	23	28	6	7	182	0	257	5	20	22	2	49	1	5	326	16	86	4	64	156	5	9	5	4	2	7	142	1	22	13	10	6	17	24	0	4	2	40	12	56	15	113	70	4	75	356	3	40	0	3	5	20	178	6	19	81	216	154	5	498	15	53	0	29	56	2	3	6	0	18	30	6	5	417	119	7	22	2	2	385	1	16	38	39	1	7	4	78	75	10	69	52	7	23	3	4	9	0	37	2	0	3	84	3	85	3	17
OTU_294	OTU_294	0	0	0	0	0	0	0	0	0	0	0	0	0	0	0	0	0	0	0	0	0	0	0	0	0	0	0	2	0	0	0	0	0	0	0	0	0	0	0	0	0	0	0	0	0	0	0	0	0	0	0	0	13	5	0	0	0	0	0	0	0	0	259	0	0	0	0	1	0	0	0	0	0	0	0	0	1	0	0	0	0	0	0	0	0	0	0	0	0	0	0	0	0	0	0	5	0	0	0	0	0	0	0	0	0	0	0	0	0	0	0	0	0	0	0	1	0	0	0	0	0	0	0	1	0	0	0	0	1	0	0	0	0	0	0	0	0	0	0	0	0	0	0	0	0	0	0	0	0	0	0	0	0	0	0	0	1	0	0	0	0	5	0	0	0	0	0	0	0	0	0	0
OTU_295	OTU_295	0	0	0	0	0	0	0	2	0	0	0	0	0	0	2	1	0	0	0	0	0	16	0	4	0	41	0	0	0	2	0	0	0	1	1	0	2	0	0	0	0	0	3	0	0	0	0	32	1	0	0	0	0	0	0	0	0	57	0	3	2	0	0	0	0	0	1	0	0	0	35	0	0	113	0	0	0	0	0	2	0	2	0	1	0	0	0	0	0	0	0	0	1	0	0	0	0	25	0	0	0	7	0	0	0	0	0	4	0	94	0	59	1	0	0	9	0	0	1	0	1	0	12	0	0	8	0	0	0	1	28	0	13	0	0	0	0	0	0	0	0	0	0	41	0	0	0	0	0	1	0	1	0	0	0	27	83	0	0	0	0	13	0	0	22	0	0	0	0	0	6	0
OTU_296	OTU_296	1	2	0	1	0	0	53	1	17	0	11	6	0	13	17	0	15	82	1	5	2	5	0	21	0	0	0	0	0	0	93	1	0	1	36	4	4	7	2	0	0	0	0	1	25	5	0	0	0	2	0	0	6	1	0	0	0	0	7	0	0	1	0	138	3	0	0	1	2	0	9	0	0	2	1	0	65	0	0	0	1	5	0	0	57	0	25	0	0	0	10	0	0	1	0	0	0	0	1	1	0	17	3	2	0	1	3	0	1	0	2	0	3	0	0	4	0	4	0	0	0	2	0	5	2	0	0	0	41	0	12	0	2	3	0	25	1	0	2	0	13	0	0	2	0	0	0	0	0	0	0	0	12	0	0	2	36	51	4	0	0	2	0	0	0	61	0	34	0	0	1	2
OTU_297	OTU_297	0	0	0	0	0	0	0	0	0	0	0	0	7	0	0	0	1	0	0	0	0	0	0	0	0	0	0	0	0	0	0	0	0	0	0	2	0	0	0	0	0	0	0	0	0	0	0	0	0	0	0	0	0	0	0	0	0	0	0	0	0	0	0	0	0	0	0	0	0	0	0	1	0	0	0	0	0	0	0	0	0	0	0	0	0	0	0	0	0	0	0	0	0	0	0	0	0	0	0	0	0	0	0	0	0	0	0	0	0	0	0	1	0	0	0	0	0	0	1	0	0	0	0	0	0	0	0	0	0	0	0	0	0	0	0	0	0	0	0	0	0	0	0	0	0	0	0	0	0	0	0	0	0	0	0	0	0	0	0	0	0	0	0	0	0	0	0	0	0	0	0	0
OTU_298	OTU_298	6	4	1	0	0	8	1	2	1	0	0	2	46	2	0	2	0	0	0	1	0	0	0	0	2	0	0	0	1	0	4	8	0	0	1	13	4	0	0	0	0	1	0	0	0	0	0	0	0	0	0	0	0	1	3	1	0	0	0	0	0	0	0	1	1	3	0	0	0	3	0	0	6	0	0	0	0	0	9	0	1	1	0	0	4	0	0	0	2	1	1	4	0	0	1	0	1	0	0	0	0	0	0	0	0	0	0	0	0	0	1	0	0	1	2	0	0	3	0	0	0	0	0	0	0	0	0	0	1	0	0	0	0	25	0	0	0	0	0	0	0	0	2	0	0	0	0	0	0	0	0	0	0	0	0	0	0	4	0	0	0	0	0	0	0	0	0	1	0	0	1	8
OTU_299	OTU_299	0	2	3	0	0	0	0	1	236	0	0	0	0	36	0	1	42	0	5	0	0	0	0	0	14	94	0	0	3	0	0	0	0	0	3	2	0	0	0	0	0	0	0	2	1392	2	0	19	0	1	0	0	0	0	0	0	0	0	0	0	0	1	1	0	0	0	0	0	0	737	0	0	0	0	0	0	89	0	1	0	1	0	0	0	0	0	0	0	0	0	0	0	0	0	0	0	2	0	0	0	0	0	34	1	0	0	0	0	0	0	0	0	0	0	0	0	0	0	0	0	1	36	0	11	0	0	1	1	0	0	0	0	0	0	0	0	0	0	0	1	0	0	0	0	0	0	0	0	0	0	13	0	0	0	0	0	0	0	0	0	199	0	0	0	0	3	0	1	0	0	0	1
OTU_300	OTU_300	0	0	0	0	0	0	194	1	0	0	0	0	0	2	0	0	0	0	3	0	0	0	0	0	0	0	1	0	1	0	208	0	0	58	1	0	0	0	0	0	0	0	0	0	2	71	0	0	0	0	0	0	0	1	0	0	0	0	0	0	0	0	0	0	3	0	2	0	1	0	0	0	0	0	0	0	1	0	0	1	0	0	0	0	1579	2	0	0	0	0	0	0	1	0	2	0	0	0	17	0	0	298	145	2	1	0	300	0	0	34	6	0	0	2	0	13	0	0	0	1	1	0	0	4	1089	2	0	0	0	0	0	7	0	0	31	0	0	1	8	1	34	0	0	1	0	0	0	0	0	0	4	3	288	1	0	0	1	0	1	20	0	0	0	1	0	0	0	1599	0	1	0	0
OTU_301	OTU_301	0	1	0	0	0	0	2	3	4	0	4	1	0	2	1	0	1	0	0	0	3	5	22	4	2	3	0	1	0	0	1	0	9	1	9	1	0	1	1	7	0	6	0	0	2	5	0	0	0	0	0	1	35	6	0	0	0	0	0	3	1	0	1	0	4	1	5	0	4	1	9	0	0	2	0	0	0	0	1	0	0	15	0	4	0	3	2	20	3	0	0	9	0	1	0	86	3	10	2	6	3	11	1	164	7	6	11	5	1	5	0	8	0	10	0	5	4	1	17	0	5	1	0	1	5	0	1	0	13	1	6	5	0	12	1	0	0	96	1	13	1	0	0	4	8	1	13	3	1	2	0	17	2	0	38	2	11	1	7	5	7	4	19	6	6	6	1	0	3	0	5	0
OTU_302	OTU_302	0	0	0	0	0	0	0	0	0	0	0	0	0	0	0	0	0	0	0	0	0	0	0	0	0	0	0	0	0	0	0	0	0	0	0	0	0	0	0	0	0	0	0	0	0	0	0	0	0	0	0	0	0	0	0	0	0	0	0	0	0	0	0	0	0	0	0	0	0	0	0	0	0	0	0	0	0	0	0	0	0	0	0	0	0	0	0	0	0	0	0	0	0	0	0	0	0	2	0	0	0	0	0	0	0	0	0	0	0	0	0	0	0	0	0	0	0	0	0	0	0	0	0	0	0	0	0	0	0	0	0	0	0	0	0	0	0	0	0	0	0	0	0	0	0	0	0	0	0	0	0	0	0	0	0	0	0	0	0	0	0	0	0	0	0	0	0	0	0	0	1	0
OTU_303	OTU_303	1	21	1	31	0	0	18	79	30	6	12	5	0	7	29	105	34	21	19	0	2	4	2	9	0	0	5	1	1	1	24	0	129	243	19	7	26	5	6	4	0	10	7	10	10	6	61	14	0	3	4	14	5	48	0	1	0	0	28	0	1	1	1	213	21	28	1	3	0	27	33	0	1	27	0	1	103	42	0	2	3	0	0	0	50	7	20	1	0	0	21	0	0	34	2	1	0	0	0	4	0	8	9	0	0	0	2	7	0	0	1	4	0	5	3	6	2	8	0	0	0	34	0	12	58	2	2	0	27	0	6	0	0	1	2	51	0	1	7	12	10	1	4	4	0	1	0	1	34	1	2	1	36	11	0	0	20	207	8	0	0	0	0	0	0	43	0	21	4	0	1	1
OTU_304	OTU_304	0	0	0	0	0	0	0	0	0	0	0	0	0	0	0	0	0	0	0	0	0	0	0	0	0	0	0	0	0	0	0	0	0	0	0	0	3	0	0	0	0	0	0	0	0	0	0	0	0	0	0	0	0	0	0	0	0	0	0	0	0	0	0	0	0	0	0	0	0	0	0	0	0	17	0	0	0	0	0	0	0	0	0	0	0	0	0	0	0	0	0	0	0	0	0	0	2	0	0	0	0	0	1	0	0	0	0	0	0	0	0	0	0	0	0	0	0	0	0	0	0	0	0	0	0	0	0	0	0	0	0	0	3	0	0	0	0	0	0	0	0	0	0	0	0	0	76	0	1	0	0	0	0	0	0	0	0	0	0	0	0	0	0	0	0	0	0	0	0	0	11	0
OTU_305	OTU_305	1	15	4	21	21	27	1	8	2	33	0	16	3	12	1	0	5	2	6	3	80	5	12	4	0	41	16	17	0	26	1	0	3	0	19	4	1	5	13	4	0	9	2	3	1	1	4	14	9	21	1	1	11	2	0	4	11	9	4	0	13	0	5	0	0	1	7	25	1	8	4	9	0	1	5	0	3	2	0	2	0	18	1	0	9	18	1	10	14	0	3	0	25	0	18	6	11	5	14	2	4	5	0	5	0	7	2	12	9	4	15	8	16	8	0	2	8	1	5	6	0	12	5	2	0	73	0	11	4	8	0	0	1	2	4	1	2	0	3	71	6	1	0	1	7	2	0	15	1	1	1	0	2	0	2	17	7	2	3	1	3	14	5	13	7	0	7	7	8	2	5	1
OTU_306	OTU_306	0	0	0	0	0	0	0	0	0	0	0	0	0	0	0	0	0	0	0	0	0	0	0	0	0	0	0	0	0	0	0	0	0	0	0	0	0	0	0	0	0	0	0	0	0	0	0	0	0	0	0	0	0	0	0	0	0	0	0	0	0	0	0	0	0	0	0	0	0	0	0	0	0	0	0	0	0	0	0	0	0	0	0	0	0	0	0	0	0	0	0	0	0	0	0	0	0	0	0	0	0	0	0	0	0	0	0	0	0	0	0	0	0	0	0	0	0	0	0	0	0	0	0	0	0	0	0	5	0	0	0	0	0	0	0	0	0	0	0	0	0	0	0	0	0	0	0	0	0	0	0	0	0	0	0	0	0	0	0	0	0	0	0	0	0	0	1	0	0	0	0	0
OTU_308	OTU_308	0	1	0	3	0	27	3	0	12	1	0	4	0	3	0	7	6	1	3	0	5	0	0	0	0	0	5	1	1	0	1	0	3	1	0	4	1	15	2	0	0	9	20	5	6	7	0	0	0	2	0	1	7	6	0	1	0	0	132	0	0	0	0	2	4	0	5	2	0	10	3	0	0	4	0	0	19	44	0	3	1	1	1	0	41	8	3	1	6	0	0	0	3	1	0	0	1	0	35	1	0	69	44	1	0	0	0	2	2	1	5	3	30	6	0	6	0	3	0	3	0	2	0	0	7	10	0	0	30	0	4	1	2	37	0	13	0	1	2	7	8	1	0	5	0	9	0	32	11	0	0	2	2	17	4	0	51	12	25	0	0	0	0	2	0	4	0	17	20	25	1	1
OTU_309	OTU_309	1	228	0	3	1	1	0	2	2	0	0	0	0	1	344	0	0	0	0	0	0	0	2	305	0	4	0	0	0	0	1	2	10	0	1	0	0	0	1	1	0	0	0	1	0	0	2	0	1	1	0	52	0	0	0	0	24	0	0	0	0	2	1	5	0	0	1	9	0	0	1	0	0	1	0	0	0	0	0	0	0	0	1	0	0	1	25	0	0	0	3	1	2	1	0	0	0	1	12	0	0	10	305	3	0	0	148	0	0	273	1	2	1	97	0	8	2	0	0	8	1	1	0	1	40	32	0	0	5	1	0	3	2	0	21	0	0	0	2	0	0	0	0	0	0	0	0	5	0	0	0	1	1	0	0	0	0	1	3	0	18	0	0	3	1	0	1	0	0	0	0	2
OTU_310	OTU_310	0	0	0	0	0	0	36	0	5	0	0	0	0	1	1	0	0	30	0	0	0	0	0	10	0	0	0	0	0	0	17	0	0	1	16	4	0	7	0	0	1	0	0	0	1	0	0	0	0	0	0	0	2	1	1	0	0	0	0	0	0	0	0	2	0	2	0	0	0	9	3	1	1	0	1	0	0	0	0	1	0	0	0	0	67	0	4	0	0	0	1	0	2	2	0	0	0	0	6	0	5	83	63	1	0	0	79	0	0	3	1	0	3	0	0	9	0	5	0	0	0	0	0	0	1	2	0	0	35	0	14	1	2	3	12	78	1	1	0	0	137	1	0	0	0	3	0	0	14	1	0	2	0	0	1	0	90	0	7	0	0	0	0	1	0	4	0	33	8	0	0	0
OTU_311	OTU_311	0	0	14	18	1	0	12	1	0	1	0	0	0	0	1	0	61	0	35	0	1	0	1	1	0	0	30	34	0	0	0	1	0	0	117	2	0	0	0	1	1	0	0	6	1	12	123	0	8	1	0	0	58	27	0	0	23	0	0	1	0	0	1	95	0	2	32	2	0	0	0	1	0	6	0	1	65	22	6	1	0	4	0	0	0	0	0	10	0	0	0	0	77	0	0	0	4	0	3	0	0	6	0	0	0	1	6	0	7	1	11	35	0	13	0	0	0	0	0	12	0	1	0	22	15	1	3	0	22	0	0	1	2	13	1	10	147	0	0	0	50	0	0	0	0	19	0	0	48	8	1	7	2	0	0	0	34	0	10	6	0	31	0	5	1	2	0	2	20	11	0	4
OTU_312	OTU_312	1	12	4	5	0	1	40	4	7	2	1	5	0	3	9	2	11	110	10	5	1	4	3	3	0	1	1	1	2	4	35	1	3	33	3	3	0	9	3	1	0	0	15	1	6	14	24	4	1	6	4	3	0	0	0	2	5	0	5	1	7	0	4	6	1	12	2	0	0	3	4	1	5	1	0	0	0	22	1	12	25	3	2	1	22	2	13	0	0	0	2	0	0	2	3	0	0	0	2	4	5	9	6	6	1	0	1	8	1	6	1	0	0	1	0	6	1	14	0	2	0	12	3	6	14	0	16	0	4	0	3	0	2	8	0	9	1	1	3	4	7	0	1	0	0	9	0	3	2	1	0	1	35	3	0	0	25	4	5	0	0	1	0	0	0	7	0	13	6	0	0	3
OTU_313	OTU_313	0	0	0	0	0	0	0	0	0	0	0	17	1	15	0	0	0	0	0	0	0	0	0	0	0	0	0	0	0	0	0	0	0	0	0	0	0	0	0	0	0	0	0	0	0	0	1	0	0	0	0	0	0	0	0	0	0	0	73	0	0	0	0	0	0	0	0	0	0	0	0	0	0	0	0	0	0	0	0	0	0	0	0	0	0	0	0	0	0	0	0	0	0	0	0	0	0	0	32	0	0	52	0	0	0	0	0	0	0	0	1	0	0	0	0	0	0	0	0	0	0	0	0	0	0	0	0	0	0	1	0	0	0	0	0	25	0	0	0	0	405	0	0	0	1	0	0	0	0	0	0	0	0	0	0	0	0	0	0	1	0	2	0	0	0	0	0	1	0	0	0	0
OTU_314	OTU_314	0	0	0	0	0	0	0	0	0	0	0	0	0	0	0	0	1	0	0	0	0	0	0	0	0	0	4	0	3	2	0	0	0	0	0	0	1	0	0	0	0	0	0	0	0	0	0	0	0	0	0	0	0	0	0	0	0	0	1	0	0	0	0	0	0	0	0	0	0	0	0	0	0	1	0	0	0	0	0	0	0	0	0	0	3	0	0	0	1	0	0	0	3	0	1	0	0	0	20	3	0	1	0	0	1	1	231	1	0	76	1	0	15	0	0	1729	1	0	0	1	1	0	0	1	0	10	0	0	155	1	119	0	48	0	16	2	0	41	1	0	1	0	0	12	63	0	0	0	0	0	0	0	0	0	0	0	12	0	115	0	0	0	0	0	1	0	0	0	0	0	2	0
OTU_315	OTU_315	40	2	12	5	9	0	1	18	4	4	0	1	1	1	3	3	0	0	5	24	3	9	3	1	7	9	1	12	4	0	12	0	3	18	1	0	0	1	3	0	111	0	1	2	1	3	25	10	11	0	2	2	4	0	3	8	2	5	0	2	2	0	2	1	6	20	2	1	2	2	2	0	26	1	6	2	3	3	0	7	1	1	1	5	2	1	3	0	0	0	0	0	0	0	1	0	0	0	2	0	0	0	0	0	0	0	0	0	1	2	13	0	2	0	1	0	2	2	0	0	0	2	3	0	4	1	1	0	0	0	0	0	0	0	0	3	0	0	1	2	0	1	4	2	0	3	0	0	1	0	0	0	0	0	1	0	0	8	0	0	0	0	0	1	0	1	0	3	1	0	1	1
OTU_316	OTU_316	0	0	0	0	0	0	0	0	0	0	0	0	0	0	0	0	0	0	0	0	0	0	0	0	0	0	0	0	0	0	0	0	0	0	3	0	0	0	0	0	0	0	0	0	0	0	0	0	0	0	0	0	0	0	0	0	0	0	0	0	0	0	0	0	0	0	0	0	0	0	0	0	0	0	0	0	0	0	0	0	0	0	0	0	0	0	0	0	0	0	0	0	0	0	0	0	0	0	0	0	0	0	0	0	0	0	0	0	0	0	0	0	0	0	0	0	0	0	0	0	0	0	0	0	0	0	0	0	0	0	0	0	0	0	0	0	0	0	0	0	0	0	0	0	0	0	0	0	0	0	0	0	0	0	0	0	0	0	0	0	0	0	0	0	0	0	0	0	0	0	0	0
OTU_317	OTU_317	0	0	0	0	0	1	0	0	39	0	0	45	0	21	0	0	0	212	0	0	0	0	0	0	0	0	0	0	0	0	175	0	0	0	3	0	0	0	0	0	0	0	0	0	0	0	0	0	0	7	1	0	0	0	0	2	0	0	1	0	0	0	0	0	0	0	0	0	0	0	13	0	0	1	0	0	0	0	0	0	0	0	0	0	0	0	0	0	0	0	0	0	0	0	3	0	0	0	0	0	49	18	0	0	0	0	0	1	0	0	0	0	0	0	0	10	0	80	0	0	0	0	0	0	0	0	0	0	108	0	0	0	3	0	0	0	2	0	0	0	0	1	0	12	0	0	0	1	0	0	0	0	199	0	8	2	0	0	13	0	0	63	0	0	0	210	0	0	0	0	0	0
OTU_318	OTU_318	0	1	0	2	0	0	5	0	1	0	0	8	0	7	0	4	76	5	2	0	0	0	0	7	0	0	2	0	0	0	0	0	0	0	0	7	2	1	0	0	0	0	0	0	0	0	0	0	5	1	0	0	7	3	0	0	0	0	1	0	0	0	0	1	1	0	6	0	0	7	7	0	0	6	0	0	0	0	0	0	0	0	0	0	3	0	6	0	0	0	0	0	2	0	0	0	0	0	45	3	0	3	3	5	0	0	3	0	0	1	7	0	0	0	0	10	0	7	1	0	0	0	0	21	1	0	0	0	8	0	12	0	0	9	1	2	1	0	0	1	25	0	0	2	0	0	0	0	0	0	0	0	0	0	4	0	15	0	11	0	9	0	0	0	0	3	0	0	0	0	0	0
OTU_319	OTU_319	0	0	0	0	2	0	287	0	0	0	0	0	0	0	41	0	0	0	0	0	0	0	0	0	0	0	0	3	0	0	0	0	0	1	0	0	7	0	1	0	0	0	0	0	0	0	0	2	0	11	0	0	0	0	0	0	29	16	0	2	88	0	0	0	0	0	0	0	0	0	0	0	0	0	0	0	0	0	0	0	0	0	0	0	0	0	101	0	0	0	0	0	0	0	0	0	0	0	0	8	0	0	0	0	0	0	0	0	0	0	0	0	0	0	0	5	0	55	0	0	0	5	0	0	2	0	0	0	0	0	0	0	0	0	0	0	0	0	0	0	0	0	0	1	1	0	0	0	104	0	0	0	0	0	0	0	0	177	0	0	0	1	0	0	0	382	0	0	0	0	0	0
OTU_320	OTU_320	0	8	14	0	1	0	1	3	3	0	0	2	8	0	1	1	0	5	31	0	0	3	2	0	0	1	1	0	1	0	24	0	0	5	177	30	5	55	0	0	0	0	0	4	22	21	31	0	0	4	0	0	29	14	0	1	1	0	0	0	0	0	0	0	0	0	2	0	0	0	26	0	3	4	0	0	0	0	3	0	0	2	2	0	0	0	14	0	3	0	0	0	0	0	0	0	0	0	3	1	1	3	2	21	0	0	14	0	1	8	0	0	0	18	0	2	0	12	0	1	0	1	0	1	0	1	24	1	47	0	8	0	1	3	2	0	2	2	2	49	25	1	0	1	2	24	0	1	8	12	0	2	0	6	0	0	14	109	21	0	0	11	14	0	0	65	0	0	37	8	0	0
OTU_321	OTU_321	0	0	0	0	0	0	0	0	0	1	16	0	0	0	0	0	0	0	0	1	0	0	0	0	0	0	0	0	0	0	0	0	0	2	0	0	0	0	0	0	0	0	0	0	0	1	0	0	0	20	0	0	0	0	0	1	0	0	0	0	0	2	0	0	0	0	2	0	23	0	0	0	0	1	0	0	0	0	0	0	0	0	0	0	0	0	0	0	0	0	0	0	0	0	0	0	0	0	0	0	0	0	0	4	0	0	0	0	0	0	0	0	0	0	0	0	0	0	0	0	0	5	0	0	0	0	0	0	0	0	0	0	0	0	0	0	0	0	0	0	0	0	0	0	0	0	6	0	0	0	0	0	0	0	0	0	2	0	0	0	0	0	0	0	0	364	0	0	0	1	0	0
OTU_322	OTU_322	1	0	0	0	0	0	0	0	1	0	0	0	0	0	0	0	0	0	0	0	4	0	0	0	0	9	0	0	0	0	0	0	0	0	0	0	0	0	9	0	0	0	0	0	0	0	0	1	0	0	0	0	0	0	0	0	0	0	0	0	0	0	2	0	0	0	0	0	0	0	0	0	0	0	0	1	0	0	1	0	0	0	0	0	1	0	0	0	0	0	0	0	0	0	0	3	0	0	0	0	0	0	0	0	2	0	0	0	2	0	0	4	0	0	0	0	0	0	0	0	0	0	0	0	0	0	0	0	0	0	0	0	0	0	0	0	0	0	0	0	1	2	0	0	0	0	0	1	8	0	0	0	0	0	0	0	5	0	0	0	0	0	0	2	0	0	0	0	0	0	1	1
OTU_323	OTU_323	9	0	0	0	0	3	0	6	1	0	0	0	0	1	0	0	0	0	0	0	2	0	0	0	0	0	0	4	1	0	0	0	0	0	0	2	0	1	0	0	1	0	0	0	0	0	0	2	0	0	0	0	0	0	0	0	0	0	0	0	0	0	0	0	0	0	0	0	3	0	0	0	0	0	0	0	2	1	0	0	0	0	0	0	0	0	0	0	0	0	0	0	0	0	0	0	0	0	0	0	0	0	0	0	0	0	0	0	0	0	0	0	0	0	0	0	0	0	0	0	0	0	0	0	0	0	0	0	0	0	0	0	0	0	0	0	0	0	0	0	0	0	0	0	0	0	0	0	1	0	0	0	2	0	0	0	0	1	0	0	0	0	0	1	0	0	0	0	0	0	0	2
OTU_324	OTU_324	0	0	1	0	0	0	0	5	17	0	0	0	0	0	11	0	1	123	0	0	0	0	0	0	0	0	0	0	0	0	168	0	0	0	0	0	0	0	0	0	0	0	0	0	0	162	0	0	0	2	0	0	0	0	0	0	0	0	0	0	0	0	1	0	0	0	0	0	0	0	0	0	0	0	0	0	2	0	0	0	0	0	0	1	0	0	0	0	0	0	0	0	0	0	0	0	1	0	0	0	0	0	0	0	0	0	0	0	0	7	0	0	0	0	0	29	0	0	0	0	0	0	0	0	0	1	2	0	0	0	0	7	2	0	0	0	0	3	0	0	0	0	0	0	0	0	0	0	0	0	0	0	932	0	0	0	3	0	0	0	0	0	0	0	0	142	0	0	0	0	0	0
OTU_325	OTU_325	11	2	5	5	3	1	0	8	2	2	1	1	0	3	1	1	29	3	2	1	1	1	1	1	0	0	0	3	3	3	0	0	8	8	1	0	2	1	1	1	19	7	0	1	0	5	1	2	5	2	2	2	0	0	0	1	2	0	0	0	1	0	0	3	1	8	1	0	1	0	3	14	12	1	1	2	6	1	0	6	2	1	3	0	9	0	8	0	0	0	6	1	0	1	0	0	0	0	3	0	0	0	1	1	1	0	0	0	4	0	8	0	1	1	11	2	0	0	0	2	0	4	0	15	1	0	5	0	0	1	0	0	12	1	0	0	0	0	1	1	5	0	0	0	0	1	3	0	1	0	4	0	1	0	0	0	1	31	0	0	0	0	0	0	0	30	0	8	0	2	0	61
OTU_326	OTU_326	7	0	0	0	0	0	0	0	0	0	0	0	0	0	0	0	0	0	0	0	0	0	0	0	0	0	0	0	0	0	0	0	0	0	0	0	8	0	0	0	0	0	0	0	0	0	0	0	0	0	9	0	0	0	0	0	0	0	0	0	0	7	0	0	0	1	0	0	0	0	0	0	0	0	0	0	0	0	0	0	0	0	1	0	0	0	0	0	0	0	0	0	0	0	0	0	0	0	0	0	0	0	0	0	0	0	0	0	0	0	0	1	0	0	0	0	1	0	0	0	0	0	0	0	0	0	0	0	0	0	0	0	106	0	0	0	0	0	0	0	0	0	0	1	0	0	0	0	0	0	0	0	0	0	0	0	0	0	0	0	0	0	1	0	0	0	0	0	0	0	0	0
OTU_327	OTU_327	0	0	0	0	0	0	0	0	0	0	0	0	0	0	0	0	0	0	0	0	0	0	0	0	0	0	0	0	0	0	0	0	0	0	0	0	0	0	0	0	0	0	0	0	0	0	0	0	0	0	0	0	0	0	0	4	0	0	0	0	0	0	0	1	0	0	0	0	0	0	0	0	0	0	0	0	0	0	0	0	0	0	0	0	0	0	0	0	0	0	0	0	0	0	0	0	0	0	0	0	0	0	0	0	0	0	0	0	0	0	0	0	0	0	0	0	10	0	0	0	0	0	0	0	0	0	0	0	0	0	0	0	59	0	0	0	0	0	0	0	0	0	0	0	0	0	0	0	0	0	0	0	0	0	0	0	0	0	0	0	0	0	0	1	0	0	0	0	0	0	0	0
OTU_328	OTU_328	0	0	5	0	0	0	1	0	4	0	0	25	0	17	0	0	0	0	1878	0	2	2	0	0	0	0	0	1	0	0	0	0	0	0	12	1	0	0	0	0	0	0	0	0	0	0	0	0	0	1	0	0	0	0	0	0	0	0	0	1	0	0	0	0	0	0	0	0	0	0	0	0	0	0	0	0	0	0	39	0	0	0	0	0	0	0	0	0	0	0	0	0	0	4	0	0	0	0	3	0	0	0	0	2	0	0	0	0	0	14	3	0	0	0	1	0	0	0	1	0	0	0	0	0	0	1	1	0	0	0	0	0	0	0	0	0	0	0	0	0	1	0	0	0	0	0	0	0	0	0	2	0	0	0	0	0	0	0	0	0	0	0	0	0	0	0	0	0	0	0	0	1
OTU_329	OTU_329	11	0	1	0	0	0	2	0	0	0	0	0	1	0	0	0	0	0	0	0	0	0	0	0	0	0	0	0	0	0	0	0	0	3	0	0	0	0	0	0	0	0	0	0	0	0	0	0	0	0	0	0	0	0	0	0	0	47	0	4	0	0	0	5	0	0	0	1	0	0	0	0	0	0	0	0	0	0	0	0	0	0	0	0	0	0	0	0	1	0	0	15	0	0	9	0	0	0	0	0	0	0	0	0	0	0	0	0	1	0	0	0	0	0	2	0	0	0	0	0	0	0	0	0	2	0	1	0	0	0	0	0	0	0	0	1	0	0	0	0	0	0	0	0	0	0	0	0	0	0	2	0	0	0	0	0	0	2	0	0	0	0	0	0	0	0	0	0	0	0	0	1
OTU_330	OTU_330	0	0	2	2	0	0	217	0	8	0	0	0	0	0	15	0	0	35	98	0	2	1	0	9	0	0	0	0	0	0	157	2	0	10	1	0	0	0	1	0	0	0	1	0	0	0	0	0	0	27	0	0	4	2	0	5	0	1	0	0	0	0	0	118	0	0	0	0	0	0	18	0	1	2	0	1	27	48	8	0	0	0	4	1	59	0	33	0	0	0	1	0	0	0	0	0	1	0	1	0	0	0	0	1	0	0	0	0	0	2	0	0	0	3	0	11	0	0	0	0	0	0	0	2	0	0	0	0	0	0	10	0	2	0	0	0	1	0	3	0	0	0	0	0	0	5	0	0	0	0	2	1	0	0	3	0	42	0	0	0	1	9	0	0	0	587	0	42	12	0	0	427
OTU_331	OTU_331	435	0	0	8	1	42	1	3	0	33	0	0	0	0	0	0	0	0	0	2	0	0	0	0	0	114	0	0	0	0	0	24	1	0	0	2	0	0	54	0	0	0	12	0	0	2	0	85	0	0	0	7	0	0	0	0	1	17	0	83	0	0	0	0	0	1	16	3	0	0	1	0	0	0	0	21	0	3	0	0	0	0	0	0	0	0	0	0	0	0	0	0	0	0	0	0	0	1	3	0	0	0	0	0	0	0	0	0	222	0	0	0	7	0	0	0	0	0	0	0	0	0	0	0	0	0	0	0	0	0	0	0	0	15	32	0	0	0	0	0	0	0	0	0	0	0	0	0	0	0	0	0	0	0	0	0	0	0	0	0	0	0	0	0	0	0	0	0	0	0	2	0
OTU_332	OTU_332	0	0	0	0	0	0	0	0	0	0	0	0	0	0	0	0	0	0	0	0	0	0	0	0	0	0	0	0	0	0	0	0	0	0	0	0	0	0	0	0	0	0	0	0	0	0	0	0	0	0	0	0	0	0	0	0	0	0	0	0	0	0	0	0	0	0	0	0	0	0	0	0	0	0	0	0	0	0	0	0	0	0	0	0	0	0	0	0	0	0	0	0	0	0	0	0	0	0	0	0	0	0	0	0	0	0	0	0	0	0	0	0	0	0	0	0	0	0	0	0	0	0	0	0	0	0	0	0	0	0	0	0	0	0	0	0	0	0	0	1	0	0	0	0	0	0	0	0	0	0	0	0	0	0	0	0	0	0	0	0	0	0	0	1	0	0	0	0	0	0	0	0
OTU_333	OTU_333	0	0	0	0	0	4	0	0	0	0	0	0	0	0	0	0	0	0	0	0	0	0	0	0	0	0	0	0	0	0	0	0	0	0	0	0	0	0	0	0	0	0	0	0	0	0	0	0	0	0	0	0	0	0	0	0	0	0	0	0	0	0	0	0	0	0	0	0	0	0	0	0	0	0	0	0	0	0	0	0	0	33	0	0	0	0	0	0	0	1	0	0	0	0	0	0	0	0	0	0	0	0	0	0	0	0	0	0	0	0	0	0	0	0	0	0	0	0	0	0	0	0	0	0	0	0	0	0	0	0	0	0	0	0	0	0	0	0	0	0	0	0	0	0	0	0	0	0	0	0	1	0	0	0	0	0	0	0	0	0	0	0	0	0	0	0	0	0	0	0	0	0
OTU_334	OTU_334	0	0	40	9	0	0	0	1	5	1	0	6	0	3	13	23	3	6	4	0	0	3	0	3	0	0	0	0	0	0	1	0	5	0	2	1	0	1	0	0	1	0	5	5	4	1	1	1	0	0	0	0	0	7	0	0	1	1	4	0	2	0	3	74	2	2	0	0	0	1	0	0	0	0	0	0	20	0	0	0	2	2	5	0	4	7	0	1	0	0	0	0	0	2	0	0	1	0	3	0	2	1	0	0	0	0	0	0	0	0	0	0	0	0	0	0	0	0	0	1	0	6	0	0	8	0	163	0	5	4	0	0	0	0	0	4	0	1	0	0	0	0	0	0	0	0	0	0	23	0	0	0	9	0	1	0	0	11	0	0	0	0	0	0	0	0	0	3	0	7	0	1
OTU_335	OTU_335	0	0	0	0	0	0	130	0	0	0	0	0	0	0	0	0	0	0	0	0	0	0	0	0	0	0	0	0	0	0	23	0	0	0	0	0	0	0	0	0	0	0	0	0	0	0	0	0	0	0	0	0	0	1	0	0	0	0	0	0	0	0	0	0	0	0	0	0	0	0	0	0	0	0	0	0	0	0	0	0	0	0	0	0	0	1	0	0	0	0	0	0	0	0	0	0	3	2	0	0	0	0	0	0	0	0	0	0	0	0	0	0	0	0	0	0	0	0	0	0	0	0	0	0	0	0	0	0	0	0	1	0	1	40	0	0	0	0	0	1	0	0	0	0	0	0	1	0	0	0	0	0	0	0	0	0	0	0	0	0	0	0	0	0	0	0	0	0	0	0	0	0
OTU_336	OTU_336	0	0	1	1	0	0	4	0	0	0	0	0	0	0	4	0	1	0	0	0	0	1	0	2	0	0	1	0	0	0	0	0	0	3	0	0	0	17	0	0	0	0	0	0	0	2	0	0	0	0	1	0	2	0	0	0	0	1	0	0	0	0	3	29	0	0	2	0	0	4	0	0	0	0	0	1	0	0	0	0	0	0	0	0	77	0	0	0	1	0	0	0	2	0	0	0	7	0	4	1	1	0	0	0	0	0	0	0	0	0	1	0	6	0	0	0	0	1	0	0	1	2	0	0	0	1	0	0	0	0	0	1	0	0	1	120	0	0	0	0	0	0	0	0	0	16	0	0	31	0	0	2	13	0	0	0	132	0	0	0	2	13	7	0	0	0	0	42	19	0	0	1
OTU_337	OTU_337	21	2	1	12	1	1	562	0	1	0	0	0	0	0	4	0	0	0	1	0	1	0	0	1	24	0	0	0	1	0	0	3	0	0	3	0	0	1	2	0	8	0	0	0	0	0	0	0	1	0	0	0	2	1	1	0	0	0	0	0	0	1	1	0	0	4	0	0	1	0	0	31	2	0	24	52	1	3	0	0	1	0	0	0	0	0	0	4	1	0	0	3	0	0	5	2	2	8	0	0	0	0	0	1	0	111	0	0	158	3	1	0	0	1	0	0	3	0	1	0	0	1	1	1	2	1	0	0	0	0	0	0	1	0	0	0	7	0	0	0	0	0	1	0	0	0	0	0	0	1	0	0	1	0	1	4	0	2	1	0	0	2	0	0	0	0	0	1	1	0	0	2
OTU_338	OTU_338	10	158	0	1	0	0	0	0	0	0	1	9	277	6	0	0	0	0	0	0	0	0	1	0	0	63	0	0	0	0	0	0	0	2	2	5	0	0	0	0	0	5	0	0	0	2	0	23	0	1	0	0	22	4	0	2	0	0	0	0	0	0	18	0	0	0	0	0	0	0	1	0	7	0	0	1	30	0	0	0	0	0	591	0	0	0	2	0	57	0	0	0	0	1	0	0	1	160	1	10	9	66	0	6	0	0	0	0	7	1	0	961	24	0	0	2	10	0	0	0	0	0	1	1	83	0	0	0	7	2	0	3	0	0	0	0	3	0	5	0	0	66	0	0	24	0	0	0	0	0	0	0	0	12	0	0	0	0	1	2	3	0	0	0	0	52	0	0	0	0	1	0
OTU_340	OTU_340	0	0	2	0	0	0	1	15	0	0	0	1	7	0	0	0	0	0	0	0	0	0	0	0	0	0	0	3	5	0	0	1	0	0	0	11	0	0	0	0	0	2	1	0	1	1	0	2	1	0	1	0	0	0	0	0	0	0	1	0	0	0	0	1	1	0	0	0	0	1	1	1	0	0	0	0	0	0	2	0	0	0	0	0	1	0	0	0	1	0	0	0	0	0	4	0	5	0	1	0	0	0	0	0	0	0	0	0	0	1	0	0	0	0	0	0	0	2	0	0	0	0	0	0	0	3	0	0	13	0	0	0	0	3	0	3	0	1	2	0	1	1	0	0	0	0	0	0	2	0	1	0	0	1	0	0	0	0	2	0	0	0	0	0	0	0	0	0	0	0	0	9
OTU_341	OTU_341	0	0	0	2	0	0	0	3	0	0	0	0	0	0	0	0	0	0	0	0	0	0	0	83	0	0	0	0	0	0	0	0	0	0	0	0	0	0	0	0	0	0	0	0	0	1	0	2	0	0	0	0	0	0	0	0	0	0	0	0	0	0	0	0	0	0	0	11	0	0	0	0	0	0	0	0	35	0	0	0	0	0	0	1	20	0	0	0	1	0	0	0	0	0	0	0	0	0	0	552	0	0	0	0	2	0	0	48	0	0	0	7	0	1	0	0	3	0	0	0	0	0	0	1	0	0	0	0	0	0	0	0	0	0	0	0	0	0	1	1	0	0	0	0	21	0	1	0	0	0	1	1	0	0	0	0	1	0	1	0	0	0	0	0	0	0	0	10	0	0	0	0
OTU_342	OTU_342	0	0	27	0	0	0	0	0	3	0	0	2	0	7	0	0	0	8	0	0	0	0	0	0	1	0	0	0	0	0	15	0	0	0	0	8	1	0	2	0	0	0	35	0	29	1	0	0	0	0	0	0	10	1	0	13	0	0	0	0	5	0	0	0	0	4	2	0	0	0	4	0	0	0	0	0	0	0	0	0	0	0	0	0	0	0	14	0	0	0	0	0	0	0	0	0	0	1	0	0	0	1	0	0	0	0	0	0	0	1	0	0	0	5	0	1	0	4	0	0	0	1	2	0	0	0	0	0	37	0	0	0	0	0	0	0	0	0	0	15	9	0	0	1	0	15	0	0	0	0	0	1	0	0	0	0	1	30	2	0	1	0	0	0	0	19	0	7	39	0	1	0
OTU_343	OTU_343	0	0	0	0	0	0	0	0	0	0	0	0	0	0	0	0	0	0	0	0	0	10	1	14	0	0	0	36	0	0	0	0	1	0	3	0	0	0	0	0	0	0	0	290	1	2	1	0	0	195	0	0	0	0	0	0	0	0	0	0	4	0	6393	0	0	0	0	6	0	0	0	0	0	255	1	0	14	0	0	0	0	0	2	92	0	0	0	0	0	0	0	0	0	0	1	0	0	0	0	1	0	0	0	0	0	0	0	1	0	0	0	0	0	0	0	0	0	45	0	0	3	0	0	0	1	0	0	0	0	0	48	0	7	0	0	0	0	0	0	0	0	0	0	0	0	0	0	0	0	0	0	0	0	0	0	0	0	0	0	0	0	0	0	0	0	0	0	0	0	1	0	0
OTU_344	OTU_344	0	0	0	0	0	0	0	0	0	0	0	0	0	0	0	1	0	0	0	0	0	0	0	0	0	0	0	0	0	0	0	0	0	0	0	1	0	0	0	0	0	0	0	0	0	0	0	0	0	1	0	0	0	0	0	0	0	0	0	0	0	0	0	0	0	0	0	0	0	1	0	0	0	0	0	0	0	0	4	5	0	0	1	0	0	0	0	0	0	0	0	1	0	0	0	0	0	0	0	0	0	0	0	0	0	0	0	0	0	0	0	0	0	0	0	0	0	0	0	0	0	0	0	0	0	0	0	0	0	0	0	0	0	0	0	0	0	0	0	0	0	0	0	0	0	0	0	0	1	0	0	0	0	0	0	0	0	0	0	0	0	0	0	0	0	0	0	0	0	0	0	2
OTU_345	OTU_345	1	10	0	0	1	0	2	1	3	1	0	6	0	5	1	9	12	5	4	0	0	7	0	0	0	0	0	0	0	0	6	0	0	1	5	14	3	11	1	0	0	0	1	0	1	7	1	0	0	16	0	0	2	2	0	2	0	0	134	3	0	0	0	6	0	4	3	0	0	7	0	1	0	3	0	0	0	0	1	0	0	0	0	0	23	0	0	5	8	0	0	0	0	5	1	0	0	0	3	0	0	2	45	3	0	0	11	1	3	0	1	0	0	0	1	6	0	4	1	0	0	3	0	3	10	0	0	0	2	0	8	0	9	0	2	58	0	0	1	24	4	0	0	3	1	1	0	82	14	0	0	1	5	4	4	0	110	0	12	5	2	0	0	2	0	2	1	9	5	20	0	0
OTU_346	OTU_346	0	0	0	0	0	0	0	0	25	0	0	100	0	36	34	0	0	337	0	0	0	0	0	1	0	0	0	2	0	0	102	0	0	0	1	0	0	0	0	1	0	0	0	0	0	0	1	0	0	1	2	0	0	1	0	0	0	0	0	0	0	0	0	0	2	0	0	0	0	0	0	0	1	0	0	0	0	0	0	0	0	0	0	1	0	0	0	0	0	0	0	0	0	0	0	0	0	0	0	35	0	0	0	2	0	0	0	0	0	22	0	1	0	1	0	0	0	0	0	0	0	0	0	1	0	5	0	0	3	0	0	0	0	0	0	0	1	0	4	0	0	0	0	0	0	0	0	0	2	0	0	1	0	0	0	0	0	1	0	0	0	29	0	0	0	0	0	1	0	0	0	0
OTU_347	OTU_347	0	0	0	3	0	0	5	2	2	0	16	7	0	21	0	10	62	0	18	0	1	32	0	15	1	0	0	0	0	0	2	0	0	1	9	22	1	21	1	0	0	0	16	0	4	1	7	0	0	0	0	1	2	0	0	0	25	2	72	0	0	0	0	8	4	0	2	34	0	25	10	4	0	0	3	1	0	3	0	1	0	0	0	0	4	0	7	11	0	0	1	0	0	0	0	0	11	0	25	0	9	30	0	51	0	7	0	8	0	0	0	0	0	1	0	5	3	4	2	0	0	3	0	19	17	0	5	0	7	0	1	1	1	6	0	9	1	7	2	2	4	4	0	1	5	0	0	5	0	0	2	1	1	2	14	0	8	0	5	0	1	1	5	6	1	3	0	3	0	0	0	0
OTU_348	OTU_348	0	1	0	17	3	32	0	1	3	1	0	1	1	0	0	12	1	2	0	6	23	3	28	2	0	12	3	10	2	5	6	0	7	5	1	1	0	2	0	2	0	2	0	9	0	1	0	14	2	3	0	3	3	3	13	1	1	3	6	2	5	0	0	1	2	6	2	14	0	6	6	0	0	2	0	0	0	1	0	0	2	4	0	12	2	1	4	0	4	0	0	9	16	0	0	1	1	0	6	0	3	1	0	1	0	0	0	1	2	0	2	0	2	0	0	0	1	1	0	1	0	0	4	3	5	1	1	0	2	0	2	0	0	1	5	4	53	1	2	0	0	0	0	0	0	1	4	0	1	1	1	0	3	0	0	0	4	7	0	0	1	2	0	0	0	3	1	1	1	0	0	1
OTU_349	OTU_349	0	0	2	1	0	30	1	2	0	0	0	1	1	2	0	2	0	0	11	0	12	5	1	0	0	6	11	6	1	0	2	0	6	1	11	3	1	9	0	0	0	15	4	10	1	1	2	4	2	33	0	0	2	0	0	0	2	0	13	2	2	0	0	1	1	2	8	1	1	7	2	0	0	0	0	0	0	2	0	0	0	3	0	0	4	0	7	4	11	0	0	0	0	1	1	11	11	0	4	4	2	9	0	13	0	0	1	13	12	0	0	0	5	7	0	2	1	2	0	1	0	0	2	1	1	0	1	0	4	1	1	0	1	3	1	1	0	2	9	3	0	1	0	0	0	1	0	14	0	0	0	1	0	0	0	1	9	0	6	0	1	1	0	2	0	0	0	3	2	1	0	0
OTU_350	OTU_350	0	0	0	0	0	0	145	0	1	0	0	0	0	0	0	0	0	1	0	0	0	0	0	0	0	0	0	0	0	0	0	0	0	0	0	0	0	0	0	0	0	0	0	0	0	0	0	0	0	0	0	0	1	0	0	0	0	0	0	0	0	0	0	0	0	1	0	0	0	0	0	0	0	0	0	0	0	0	0	0	0	0	0	0	0	0	0	0	0	0	0	0	0	0	0	8	0	0	0	0	19	0	0	0	0	1	0	0	0	0	0	0	0	0	0	25	0	0	0	0	0	0	0	0	0	0	0	0	0	1	0	0	0	24	0	0	0	0	0	0	0	0	0	0	0	0	2	0	0	0	0	0	0	0	0	0	0	26	0	0	0	0	95	0	0	0	2	0	0	0	0	0
OTU_352	OTU_352	0	0	0	0	0	1	0	0	8	0	0	0	0	1	0	0	0	73	0	0	2	0	0	0	0	0	0	0	0	0	552	0	0	0	0	0	0	1	0	0	0	0	0	0	0	0	58	0	0	0	0	0	0	1	0	0	0	0	1	0	0	0	1	0	0	0	0	0	0	0	1	0	0	0	0	1	0	0	0	0	0	0	0	0	0	0	0	0	0	0	2	0	0	0	0	0	0	0	0	61	0	26	0	0	0	0	0	1	0	97	0	0	0	0	0	0	0	429	0	2	0	0	0	1	0	7	0	0	19	0	2	9	4	0	0	0	1	1	1	0	253	1	0	7	0	0	0	9	0	0	0	0	0	0	0	0	0	0	12	0	0	0	0	0	0	0	0	0	0	0	0	0
OTU_353	OTU_353	0	0	0	1	0	0	0	0	0	0	0	0	0	0	0	0	0	0	0	0	0	0	0	147	0	0	0	0	0	0	0	0	0	0	0	0	0	0	0	0	0	0	0	0	0	0	87	0	0	0	0	0	2	0	0	0	0	0	1	0	0	0	0	0	0	0	0	4	0	0	0	0	0	0	0	0	0	0	0	0	0	0	0	1	0	0	0	0	1	0	0	0	0	0	0	0	0	0	0	1	0	0	0	0	0	0	0	0	0	12	0	0	0	0	0	18	0	0	1	1	0	0	0	0	0	6	0	0	0	0	0	0	1	0	0	2	0	0	0	0	0	1	0	74	0	0	0	0	0	0	0	0	0	0	0	0	1	0	1	0	0	0	0	0	0	0	0	0	0	0	0	0
OTU_354	OTU_354	0	1	0	5	0	26	0	0	0	0	0	0	0	0	9	0	0	0	1	0	0	0	0	31	0	0	0	0	0	0	2	0	0	0	1	12	0	0	0	1	0	0	1	0	1	0	0	0	0	1	0	0	0	0	0	0	0	0	0	0	0	0	1	0	0	1	1	84	0	0	0	0	2	0	0	8	0	385	0	0	0	0	0	0	4	0	0	0	0	0	1	0	0	0	0	0	0	0	0	0	0	8	0	0	0	0	0	2	0	0	0	0	7	0	0	0	0	8	0	0	0	1	3	0	1	0	0	1	0	0	0	0	0	0	0	0	0	0	0	0	0	0	0	0	0	0	0	0	0	4	0	0	0	0	0	0	22	0	2	0	0	1	0	0	0	0	1	2	0	0	0	0
OTU_355	OTU_355	1	0	1	0	0	3	2	1	1	1	0	6	0	6	0	0	1	2	1	2	2	0	0	3	0	0	27	0	0	2	5	0	0	0	1	3	0	0	0	1	0	0	5	1	17	73	0	1	1	1	0	0	9	9	0	1	10	0	31	0	0	1	1	0	0	0	1	2	0	0	1	0	0	3	0	0	5	3	0	0	1	2	0	0	3	254	0	0	0	0	0	0	120	0	0	0	0	0	0	0	1	3	2	1	0	0	0	5	0	0	0	0	1	3	0	3	0	3	0	0	0	0	1	1	1	0	0	29	43	0	0	0	0	0	0	0	1	0	1	1	8	0	0	0	1	2	0	0	12	0	0	1	0	0	4	0	15	0	12	0	1	1	0	3	0	8	58	1	2	0	0	0
OTU_356	OTU_356	5	1	8	5	1	0	6	4	3	3	2	3	3	0	0	6	7	6	5	0	1	1	2	1	0	2	3	2	1	0	2	0	5	30	3	1	3	0	0	1	14	0	0	0	1	1	2	1	1	2	5	0	1	2	1	4	0	2	1	1	15	0	0	12	0	2	3	0	1	2	2	2	15	0	1	2	2	2	0	2	3	3	0	1	20	1	0	0	0	0	6	3	0	0	0	0	0	0	4	0	0	0	0	0	0	0	0	1	2	0	4	0	1	1	1	1	0	2	0	0	0	1	0	2	2	0	21	0	0	0	0	0	0	0	0	1	0	0	2	0	0	2	0	0	0	0	1	1	0	0	4	0	2	0	0	0	3	1	0	0	0	0	0	0	0	1	0	11	1	2	2	50
OTU_357	OTU_357	0	0	2	0	0	0	0	0	1	0	0	1	1	0	0	0	0	0	0	0	0	0	0	0	0	0	0	0	1	0	0	0	0	0	0	0	0	0	0	0	1	0	0	0	0	0	0	0	0	0	0	0	0	0	0	0	0	0	0	0	0	0	0	0	1	0	0	0	0	0	0	0	0	0	0	0	0	0	0	1	0	0	0	0	16	0	18	0	0	0	0	0	0	0	0	0	0	0	0	0	1	0	4	0	0	0	0	0	0	1	0	0	0	0	0	0	0	0	0	0	0	1	0	0	2	1	0	0	0	0	0	3	0	0	0	0	0	0	0	417	0	0	0	0	47	0	0	0	0	0	5	0	0	0	0	0	0	0	0	0	0	0	0	0	0	2	0	7	7	0	0	0
OTU_358	OTU_358	0	0	0	0	0	0	155	0	0	0	0	0	0	0	0	0	0	0	0	0	0	0	0	0	0	0	0	0	0	0	0	0	0	0	0	0	0	0	0	0	0	0	0	0	0	0	0	0	0	0	0	0	0	0	1	0	0	0	0	0	0	0	0	0	0	0	0	0	0	0	0	0	0	0	0	0	0	0	0	0	0	0	0	0	0	0	0	0	0	0	0	0	0	0	0	0	0	0	21	0	0	0	0	0	5	0	0	0	0	3	0	0	0	0	1	0	0	0	0	0	0	0	0	0	1	1	0	1	0	0	0	0	0	0	2	0	0	0	0	0	0	0	0	0	1	0	0	0	0	0	0	0	0	0	1	0	0	3	0	593	0	0	0	0	0	0	1	0	0	0	0	0
OTU_359	OTU_359	0	0	0	1	0	0	0	0	0	0	0	0	0	3	0	0	1	0	0	0	0	0	0	76	0	1	0	0	0	0	1	0	0	2	0	0	0	0	0	1	0	0	0	0	23	0	0	0	0	0	0	0	0	0	0	0	0	0	0	0	0	0	0	0	0	0	0	5	0	0	0	0	0	0	0	0	0	0	0	0	0	0	0	0	59	0	0	141	0	0	0	0	0	0	0	0	1	0	0	27	6	22	0	0	0	0	0	0	0	7	0	0	0	0	0	0	0	0	0	0	0	0	0	0	2	1	1	0	0	0	0	0	0	0	0	0	1	0	0	0	2	0	0	0	0	0	0	0	0	0	0	0	0	0	0	0	0	0	0	0	0	9	8	0	0	0	0	77	0	0	0	0
OTU_360	OTU_360	0	0	1	0	0	0	180	0	1	0	53	0	0	0	0	0	287	0	0	0	0	35	0	0	0	0	0	0	0	1	7	0	0	6	2	0	2	0	2	0	1	0	0	0	0	0	0	0	0	16	0	0	0	0	0	2	0	0	35	0	0	0	0	0	0	0	0	0	0	0	0	0	0	0	0	0	0	0	0	0	0	0	0	0	0	0	0	0	0	0	0	0	0	0	0	0	0	0	0	0	0	0	0	0	0	0	0	37	0	0	0	0	0	0	0	0	0	0	0	0	0	0	1	64	335	0	562	0	5	0	35	0	10	0	0	0	0	0	0	0	0	0	0	4	0	0	0	0	0	0	1	0	0	0	0	0	0	92	3	0	0	0	0	0	0	229	0	0	0	0	0	2
OTU_361	OTU_361	0	0	0	0	0	0	0	0	0	0	0	0	0	0	0	0	0	0	0	0	0	0	0	0	0	0	0	0	0	0	0	0	0	0	0	0	0	0	0	0	0	0	0	0	0	0	0	0	0	0	0	0	0	0	0	0	0	0	0	0	0	0	0	0	0	0	0	0	0	0	0	0	0	0	0	0	0	0	0	0	0	0	0	0	0	0	0	0	0	0	0	0	0	0	0	0	0	0	0	0	0	0	0	0	0	0	0	0	0	0	0	0	0	0	0	0	0	0	0	0	0	0	0	0	0	0	0	0	0	0	0	0	2	0	0	0	0	0	0	1	0	0	0	0	0	0	0	0	0	0	0	0	0	0	0	0	0	0	0	0	0	0	0	0	0	0	0	0	0	0	0	0
OTU_362	OTU_362	0	0	0	0	0	0	0	0	0	0	0	0	0	0	0	0	0	0	0	1	0	0	0	0	0	0	0	0	0	0	0	0	0	0	0	0	0	0	0	0	0	0	0	0	1	0	0	0	0	49	0	0	0	0	2	0	0	0	0	0	0	0	0	0	0	0	0	0	0	0	0	0	0	1	0	0	0	0	0	0	0	0	0	0	0	0	0	0	0	0	0	0	0	0	0	0	0	0	0	0	0	0	0	0	0	0	0	0	0	23	0	0	0	0	0	0	0	0	0	518	0	0	0	0	0	5	0	0	0	0	0	0	0	0	0	0	0	0	0	0	1	0	0	0	0	0	0	0	0	0	0	0	0	0	0	0	0	0	0	0	0	0	0	0	0	0	0	0	0	0	0	0
OTU_363	OTU_363	1	4	37	1	1	2	3	101	116	0	0	3	2	4	0	8	4	0	0	0	0	1	1230	0	4	0	0	2	228	81	0	0	2	0	2	76	5	14	2	0	0	1	1	1	10	78	6	8	1	3	0	1	16	2	0	2	9	1	2	0	9	1	10	0	3	0	2	2	0	8	1	0	0	29	1	0	5	13	0	4	0	92	1	40	6	6	1	0	2	0	1	0	7	1	25	125	9	3	49	3	0	5	1	89	0	7	67	4	3	1	2	4	1	18	0	0	14	11	0	0	1	0	5	3	6	16	3	3	4	425	78	0	22	0	6	0	60	49	0	1	9	0	1	5	2	3	18	5	4	4	1	1	3	7	4	37	997	2	4	0	4	122	0	52	1	1	3	2	1	37	3	0
OTU_364	OTU_364	0	0	0	0	0	0	0	0	0	0	0	0	0	0	0	0	0	0	0	0	0	0	0	0	0	0	0	0	0	0	0	0	0	0	0	0	0	0	0	0	0	0	0	0	0	0	0	0	0	0	0	0	0	0	0	0	0	0	0	0	0	0	0	0	0	0	0	0	0	0	0	0	0	0	0	0	0	0	0	0	0	0	0	0	0	0	0	1	0	0	0	0	0	0	0	0	0	0	0	0	0	0	0	0	0	0	0	0	0	0	0	0	0	0	0	0	0	0	0	0	0	0	0	0	0	0	0	0	0	0	0	0	0	0	0	0	0	0	0	0	0	0	0	0	0	0	0	0	0	0	0	0	0	0	0	0	0	0	0	0	0	0	0	0	1	0	0	0	0	0	0	0
OTU_366	OTU_366	0	0	0	0	0	0	0	0	1	0	0	0	0	0	0	0	1	5	0	0	0	0	0	0	0	0	4	0	0	0	191	0	0	0	1	0	0	0	0	0	0	0	0	0	0	8	0	0	0	0	0	0	0	0	0	0	0	0	2	0	0	0	0	0	0	0	0	0	0	0	0	1	0	0	0	3	0	0	0	0	0	0	0	0	0	0	0	0	0	0	0	0	1	0	0	1	0	0	1	0	1	135	0	0	0	0	0	0	0	0	0	0	0	0	0	0	0	0	0	0	0	0	0	0	0	0	0	0	0	0	0	0	1	0	0	36	1	0	0	0	0	0	0	0	0	0	0	0	0	0	0	0	0	0	0	1	65	0	0	0	0	0	0	0	0	0	0	0	1	0	0	0
OTU_367	OTU_367	0	0	0	0	0	0	0	2	2	0	0	0	0	1	6	0	0	1	1	0	0	0	0	0	0	0	0	0	0	0	2	0	0	5	2	0	0	17	0	0	0	0	0	0	29	0	0	0	0	1	0	0	0	0	0	0	0	0	1	0	0	0	0	1	0	0	0	0	0	0	0	0	0	0	0	1	0	0	0	0	0	2	0	0	31	2	0	0	0	0	0	0	1	0	0	52	0	0	19	0	1	8	0	0	0	0	133	0	0	66	0	0	0	2	0	0	1	1	0	3	0	0	0	0	1	7	32	0	0	0	196	1	46	0	11	0	0	0	0	0	0	2	0	0	1	133	0	1	0	0	2	7	0	0	0	0	138	0	0	0	92	0	0	2	0	0	0	23	160	0	0	0
OTU_368	OTU_368	0	0	0	0	0	0	0	0	0	0	0	0	0	0	0	0	0	0	0	0	0	0	0	0	0	0	0	0	0	0	11	0	0	0	0	0	0	0	0	0	0	0	0	0	0	0	0	0	0	0	0	0	0	0	0	1	0	0	0	0	0	0	0	0	0	0	0	0	0	0	0	0	0	0	0	0	0	0	0	0	0	0	0	0	0	0	0	0	0	0	0	0	0	0	0	0	0	0	0	1	0	0	0	0	0	0	0	0	0	2	0	0	0	0	0	0	0	0	0	0	0	0	0	0	0	0	0	0	9	2	0	1	0	0	0	0	0	0	0	0	0	0	0	0	0	0	0	0	0	0	0	0	0	0	0	0	19	0	2	0	3	0	0	0	0	0	0	0	0	0	0	0
OTU_369	OTU_369	2	0	0	0	0	0	0	0	0	0	0	0	0	0	0	0	0	0	0	0	0	0	0	0	0	0	0	0	0	0	0	0	0	0	0	0	0	0	0	0	4	0	0	0	0	0	0	0	0	0	0	0	0	0	0	0	0	0	127	0	0	0	0	0	0	5	0	0	0	0	0	0	0	0	0	0	0	0	0	0	0	0	0	0	0	0	0	0	0	0	0	0	0	0	3	0	0	0	0	0	0	0	0	2	0	0	0	0	1	0	0	0	0	1	0	0	13	0	0	0	0	0	0	0	0	0	0	0	0	0	0	0	0	0	0	0	0	0	1	2	0	0	0	0	0	0	0	0	0	0	0	1	0	0	0	0	0	0	0	0	0	0	0	0	0	0	0	2	0	0	0	0
OTU_370	OTU_370	0	0	0	0	0	0	0	0	0	0	0	0	0	0	0	0	0	0	0	0	0	0	0	0	0	0	0	0	0	0	1	0	0	0	0	0	0	0	0	0	1	0	0	0	0	0	0	0	0	0	0	0	0	0	0	0	0	0	0	0	0	0	0	9	0	0	0	0	0	0	0	0	0	0	0	0	0	0	0	0	0	0	0	0	0	0	0	0	0	0	0	0	0	0	0	0	0	0	0	0	0	0	0	0	0	0	0	0	0	0	0	0	0	0	0	1	0	0	0	0	0	0	0	0	0	0	0	0	0	0	0	0	0	0	0	0	0	0	0	0	0	0	0	0	0	0	0	0	0	0	0	0	0	0	0	0	0	0	0	0	0	0	0	0	0	0	0	0	0	0	0	0
OTU_371	OTU_371	0	0	0	0	1	0	0	0	2	0	0	0	0	0	0	0	0	2	0	0	0	0	0	1	0	0	0	0	0	0	6	0	0	4	0	0	0	0	0	0	0	0	0	0	0	0	1	0	0	0	0	0	0	0	0	0	0	0	0	0	0	0	0	0	0	14	0	1	0	0	0	0	0	0	0	0	0	2	0	3	0	0	0	0	0	0	1	0	1	0	0	0	0	0	2	0	1	0	0	0	0	0	0	0	0	0	3	0	0	0	0	0	0	1	0	0	0	0	0	0	0	0	0	0	0	0	0	0	0	0	0	0	0	0	0	0	0	0	0	0	0	0	0	0	0	0	0	0	0	0	0	0	1	0	0	0	0	0	0	0	0	0	0	0	0	1	0	0	0	0	0	0
OTU_372	OTU_372	0	0	0	0	0	0	0	0	3	0	0	0	0	0	0	0	0	0	0	0	0	0	0	0	0	0	0	0	0	0	0	0	0	0	0	0	0	0	0	0	0	0	0	0	0	0	0	0	0	0	0	0	0	0	0	0	0	0	0	0	0	0	0	0	0	0	0	0	0	0	0	0	0	0	0	0	0	0	0	0	0	0	0	0	0	0	0	0	0	0	0	0	0	0	0	0	0	0	0	0	0	0	0	0	0	0	0	0	0	0	0	0	0	0	0	0	0	0	0	0	0	0	0	0	0	0	0	0	0	0	0	0	0	0	0	0	0	0	0	0	0	0	0	0	0	0	0	0	0	0	0	0	0	0	0	0	0	0	0	0	0	0	0	0	0	0	0	0	0	0	0	0
OTU_373	OTU_373	38	5	19	23	3	0	4	26	14	5	11	7	6	3	2	1	182	24	6	2	6	3	1	0	3	3	2	6	5	2	3	0	10	21	0	6	8	0	3	5	27	13	1	0	1	9	6	12	4	2	16	0	2	5	5	13	3	1	2	2	11	1	5	13	4	16	5	3	2	4	4	27	61	7	5	22	7	2	4	7	7	3	1	3	10	3	8	0	0	0	9	1	2	1	0	0	0	0	6	0	2	0	0	1	0	0	2	2	9	0	8	1	4	0	10	6	0	8	0	0	2	4	4	64	9	0	22	0	0	0	0	0	13	0	1	1	1	0	9	4	2	1	2	0	3	1	3	1	4	0	0	1	1	8	0	0	13	6	0	0	0	1	0	0	0	47	0	6	4	1	0	77
OTU_374	OTU_374	0	2	0	2	0	0	4	5	1	0	2	2	0	5	37	28	6	0	4	0	0	1	0	5	0	17	6	0	0	2	11	0	0	3	9	2	3	9	38	0	0	0	12	1	0	6	3	4	0	3	0	0	1	0	0	1	0	0	0	3	0	0	1	11	4	11	0	0	0	0	0	0	0	21	0	0	161	0	0	0	0	0	0	0	17	0	0	0	0	0	0	0	0	2	0	1	0	0	0	21	5	8	3	3	0	0	0	7	0	0	2	0	1	1	0	0	2	5	0	0	0	0	1	4	8	1	172	0	22	0	0	0	0	1	0	6	0	0	1	8	52	0	0	0	1	0	7	0	4	0	0	1	21	0	0	3	0	25	7	0	0	0	4	1	1	110	0	12	0	0	0	1
OTU_376	OTU_376	1	0	0	0	0	1	0	1	5	0	0	0	2	0	0	0	0	0	0	0	0	0	0	0	0	1	0	1	0	0	0	0	0	0	0	0	0	0	0	0	1	0	1	0	0	0	0	1	0	0	1	0	0	6	0	0	0	0	0	1	0	0	0	0	0	0	0	0	0	0	0	0	0	0	1	0	0	0	0	11	0	0	0	0	0	0	1	0	0	0	0	1	0	0	0	0	0	0	0	0	0	0	0	0	0	0	0	0	0	0	1	0	0	0	0	0	0	0	0	0	0	0	0	0	0	1	0	0	0	0	0	0	0	0	0	1	0	0	0	0	0	0	0	0	0	0	0	0	0	0	0	0	0	0	0	0	0	0	0	0	0	0	0	0	0	0	0	1	0	0	0	3
OTU_377	OTU_377	0	0	0	5	0	0	0	0	0	0	0	2	1	0	0	1	0	0	0	0	0	0	0	0	0	0	0	0	0	0	0	0	0	0	0	0	0	0	0	1	1	0	0	0	0	0	0	0	0	1	0	0	0	39	0	0	0	0	0	0	0	0	1	0	0	0	0	0	0	0	0	0	11	0	0	1	1	0	0	1	0	0	0	0	0	2	0	1	0	0	0	0	0	1	0	6	0	1	0	0	6	0	0	0	0	0	0	0	0	1	0	1	1	0	1	0	0	0	0	2	1	0	0	0	0	0	0	0	0	1	0	0	1	0	0	1	0	0	0	1	0	0	1	0	0	0	0	1	0	0	0	0	0	0	0	0	2	0	0	0	0	0	2	1	0	0	0	0	0	0	0	0
OTU_378	OTU_378	0	0	0	0	0	0	0	0	0	0	0	0	0	0	0	0	0	0	0	0	0	0	0	0	0	0	0	0	0	0	0	0	0	0	0	0	0	0	0	0	0	0	0	0	0	0	0	0	0	0	0	0	0	0	0	0	0	0	0	0	0	0	0	0	0	0	0	0	0	0	0	0	0	0	0	0	0	0	0	0	0	0	0	0	0	0	0	0	0	0	0	0	0	0	0	0	0	0	0	0	0	0	0	0	0	0	0	0	0	0	0	0	0	0	0	0	0	0	0	0	0	0	0	0	0	0	0	0	0	0	0	0	1	0	0	0	0	0	0	0	0	1	0	1	0	0	0	0	0	0	0	0	0	0	0	0	0	0	0	0	0	0	0	0	0	0	0	0	0	0	0	0
OTU_379	OTU_379	74	0	4	0	0	0	0	0	0	0	6	0	0	0	0	0	86	0	0	0	10	0	0	0	0	0	1	0	2	0	0	0	12	4	0	0	2	0	0	0	0	3	0	0	0	25	0	0	0	0	0	0	0	0	0	0	0	0	0	0	0	1	13	0	2	0	0	2	0	4	2	9	1	0	0	0	0	0	0	0	2	0	0	0	0	0	13	0	0	0	0	0	0	0	1	0	0	0	5	0	0	0	8	0	1	0	51	1	0	0	5	0	11	0	0	0	4	0	0	0	0	0	10	32	11	0	0	0	0	0	0	0	108	0	6	0	0	0	4	0	0	1	4	0	3	0	0	0	0	0	0	0	0	3	0	0	3	0	0	0	0	0	0	0	0	3	0	0	0	5	0	10
OTU_380	OTU_380	0	5	0	3	1	0	7	4	2	0	6	1	0	1	1	2	2	4	0	0	4	1	2	28	0	2	4	7	0	1	1	1	2	0	3	6	1	12	0	17	0	4	3	2	15	2	9	2	0	3	0	0	17	9	0	0	4	1	3	10	1	0	4	0	0	0	0	2	1	2	30	0	0	8	0	0	0	0	0	3	2	6	0	3	2	2	6	5	0	0	0	0	0	0	0	5	1	0	17	10	2	23	0	20	10	13	6	30	4	17	1	5	1	0	0	18	3	1	12	7	17	0	0	0	1	3	0	2	52	2	14	3	11	11	0	1	1	0	1	19	7	0	0	5	1	0	0	11	8	0	1	0	0	2	9	20	77	0	27	2	5	2	10	2	11	10	2	0	2	0	2	0
OTU_381	OTU_381	0	0	1	0	0	0	0	0	2	0	0	0	0	1	0	0	0	0	45	0	0	3	0	0	0	0	10	0	1	0	0	0	0	0	0	0	0	0	0	0	0	0	0	0	51	21	3	0	0	74	0	0	0	0	1	0	0	0	0	0	0	0	0	0	0	0	0	0	0	0	1	0	0	0	0	0	0	0	0	0	0	0	0	0	0	0	0	0	0	0	0	0	0	0	0	1	0	0	0	1	0	0	0	706	0	0	0	0	0	0	3	0	0	9	0	0	1	0	0	0	0	0	0	0	0	0	0	0	0	0	0	0	0	0	0	0	1	0	0	3	2	0	0	0	0	10	0	0	0	0	0	0	0	0	0	0	2	0	0	0	2	3	0	0	0	0	0	0	0	0	0	0
OTU_382	OTU_382	0	0	0	0	0	0	0	0	92	0	0	0	0	0	0	0	0	0	0	0	0	0	0	0	0	0	0	0	0	0	0	0	0	0	1	0	0	0	0	0	0	0	0	0	0	0	0	0	0	0	0	0	0	0	0	0	0	0	0	0	0	0	0	0	0	0	0	0	0	0	0	0	0	0	0	0	0	0	0	0	0	0	0	0	0	0	0	0	0	0	0	0	1	0	0	0	0	0	0	0	0	0	0	0	0	0	0	7	0	0	0	0	0	0	0	0	0	0	0	0	0	0	0	0	0	0	0	0	0	0	0	0	0	0	0	0	0	0	0	0	0	0	0	0	10	0	0	0	0	0	0	0	0	0	0	0	0	0	0	0	0	0	0	0	0	2	0	0	0	0	0	0
OTU_383	OTU_383	0	0	0	0	0	0	0	0	0	0	0	0	0	1	0	0	0	0	0	0	0	0	0	0	0	0	0	0	0	0	0	0	8	0	0	0	1	0	0	0	0	0	0	0	0	0	0	0	0	0	0	0	0	0	0	0	0	0	0	0	0	0	0	0	0	0	0	0	0	0	0	0	0	0	0	0	0	0	0	3	0	0	0	1	0	0	0	0	1	0	0	0	0	0	0	0	1	0	0	0	13	0	0	1	0	0	0	0	0	0	0	0	0	0	18	0	0	0	0	0	0	0	0	0	0	0	0	0	39	0	0	316	0	0	0	0	0	1	0	0	0	0	0	0	1	5	0	0	0	0	0	0	0	0	0	0	0	0	37	0	0	0	3	0	0	0	0	0	4	0	0	0
OTU_384	OTU_384	0	0	0	0	0	0	0	0	2	0	0	5	0	1	0	0	2	8	0	0	0	0	0	0	0	0	1	0	0	0	2	0	0	0	4	1	0	0	0	0	0	0	0	0	2	0	0	0	0	0	0	0	0	0	0	1	0	0	0	0	0	0	0	1	0	1	0	0	0	0	1	0	0	1	0	0	0	0	0	0	0	1	0	0	0	1	0	0	3	0	0	0	0	0	0	0	0	0	0	0	0	31	2	0	0	1	1	0	0	0	0	0	0	2	0	7	0	1	0	0	0	2	0	2	3	0	0	0	26	0	1	0	1	0	0	0	0	2	1	12	5	0	0	7	0	4	0	0	14	0	0	0	1	1	3	0	25	3	8	0	2	0	0	0	0	1	0	0	0	0	0	0
OTU_385	OTU_385	0	0	0	0	0	5	1	3	0	0	0	4	0	3	0	2	2	0	8	0	0	0	0	5	0	0	3	0	3	14	2	0	1	2	3	2	0	1	2	0	0	0	2	3	1	0	1	0	0	0	0	0	4	1	0	0	2	4	1	2	5	0	1	0	0	0	1	4	0	8	1	0	0	0	0	0	6	3	1	0	0	0	0	2	0	9	2	0	0	0	1	0	9	1	0	7	24	0	10	1	1	11	2	1	0	3	2	13	2	1	1	0	1	0	0	2	8	1	0	0	0	3	0	0	4	0	8	1	13	0	0	1	0	0	0	1	0	0	0	1	0	0	0	7	0	2	0	0	13	8	0	1	1	1	2	0	34	3	2	0	4	0	2	0	0	10	0	0	2	5	7	0
OTU_386	OTU_386	0	1	0	0	0	0	0	0	0	0	0	0	0	0	0	0	0	0	0	0	0	0	0	0	0	0	0	0	0	0	0	0	1	0	0	0	1	0	0	0	0	0	0	0	0	0	0	0	0	0	0	0	0	0	0	0	0	0	0	0	0	0	0	0	0	0	0	0	0	0	0	2	2	0	0	0	5	1	0	0	0	0	0	0	1	0	0	0	0	0	0	0	0	0	0	0	0	0	0	0	0	0	0	0	0	0	0	0	0	0	0	0	0	0	0	0	0	0	0	0	0	0	0	0	0	0	0	0	0	0	0	0	2	0	0	0	0	0	0	0	0	0	0	0	0	0	0	0	0	0	0	0	1	0	0	0	0	7	0	0	0	0	0	0	0	3	0	0	0	0	0	0
OTU_388	OTU_388	0	0	0	0	1	0	0	0	0	0	0	0	0	0	0	0	0	0	0	0	0	0	0	0	0	0	0	1	0	0	0	0	0	0	0	0	0	0	0	0	0	0	0	0	0	0	0	0	0	0	0	0	0	0	0	0	0	0	0	0	0	0	0	0	0	1	0	0	0	0	0	0	0	0	0	0	0	0	0	0	0	0	0	0	0	0	0	0	0	0	0	0	0	0	0	0	0	0	0	0	0	0	0	0	0	0	0	0	0	0	0	0	0	0	0	0	1	0	0	0	0	0	0	0	0	0	0	0	0	0	0	0	0	0	0	0	0	0	0	0	0	2	0	0	0	0	0	0	0	0	0	0	0	0	0	0	0	0	0	0	0	0	0	0	0	0	0	0	0	0	0	0
OTU_389	OTU_389	1	0	1	8	0	0	33	0	23	0	0	1	0	2	0	149	0	69	1	0	0	0	0	0	1	0	0	0	0	0	0	1	0	1	1	0	15	0	0	89	0	0	0	0	0	0	0	0	0	0	90	0	0	0	0	0	0	0	0	0	0	0	0	0	40	1	0	0	0	0	0	0	0	4	0	0	0	0	0	0	0	18	0	0	0	0	17	0	0	0	1	0	0	0	0	1	0	0	0	4	0	0	0	0	0	0	0	14	0	0	1	11	0	1	0	3	0	40	0	0	0	1	0	1	0	0	332	0	0	0	26	0	10	0	0	0	0	0	0	14	0	0	0	0	0	0	1	0	0	0	0	0	0	12	0	0	0	15	0	0	0	0	0	1	0	16	0	0	0	0	16	1
OTU_390	OTU_390	1	1	1	1	0	0	0	0	0	0	0	0	0	0	0	0	4	0	0	0	0	0	0	1	0	0	0	0	0	0	0	0	20	2	1	4	0	0	0	0	0	0	0	0	0	0	2	0	0	0	0	1	0	0	0	1	0	1	0	1	0	0	0	3	0	0	0	0	0	0	0	57	16	0	0	0	5	0	0	0	1	3	0	0	15	0	0	1	0	0	0	16	0	0	0	0	0	0	1	0	0	0	0	0	0	0	0	0	0	0	1	0	0	0	0	0	0	0	0	0	0	0	0	0	0	0	0	0	0	1	0	0	0	0	0	1	0	0	0	0	0	0	0	0	3	0	0	0	7	0	0	0	0	1	0	0	0	0	0	0	0	0	0	0	0	0	0	15	0	29	0	115
OTU_391	OTU_391	1	0	0	30	0	0	0	0	0	0	0	0	0	0	0	0	0	0	0	0	0	0	0	1349	0	0	0	0	0	0	0	0	0	0	1	0	0	0	0	0	0	0	0	0	0	0	0	0	0	0	0	0	0	0	0	0	0	0	0	0	0	0	0	0	0	3	0	45	0	0	0	0	0	0	0	3	0	0	0	0	0	0	0	0	0	0	1	0	0	0	0	0	0	0	0	0	0	0	0	0	0	0	0	0	0	1	0	0	0	0	0	1	0	1	0	0	0	0	0	0	0	1	0	0	1	0	0	0	0	0	0	0	0	0	0	39	0	0	0	0	0	0	0	0	1	0	0	0	0	0	2	0	0	0	0	0	0	0	0	0	0	0	0	0	0	0	0	0	0	0	0	3
OTU_393	OTU_393	0	1	46	1	0	0	1	1	1	0	0	0	0	0	0	0	0	0	4	0	0	0	0	0	0	0	0	0	0	0	11	0	1	0	1	0	1	0	0	0	0	0	0	0	4	0	0	0	1	0	0	0	0	1	0	1	1	0	0	0	1	0	0	2	0	0	0	0	0	0	0	0	0	0	0	0	0	0	0	0	0	0	0	0	0	8	0	0	0	0	0	0	0	0	0	0	0	0	1	0	0	2	0	0	0	0	0	0	0	0	6	0	3	0	0	0	0	0	0	0	0	1	0	0	0	0	12	0	27	5	0	0	0	1	0	0	0	0	1	0	0	0	0	0	1	0	1	0	17	0	1	0	0	0	1	0	4	0	5	0	0	0	0	0	0	0	0	1	0	31	0	139
OTU_394	OTU_394	0	0	3	0	3	4	0	0	8	0	0	0	0	0	1	0	4	0	0	4	1	0	0	0	1	9	0	0	0	1	0	0	0	0	1	0	0	0	0	0	0	1	0	1	0	4	0	14	0	0	7	0	7	1	0	0	13	0	0	4	0	0	0	0	0	0	0	1	0	5	0	1	0	0	2	0	0	2	0	0	0	1	0	0	0	2	2	0	0	0	0	0	0	0	8	2	0	1	4	0	0	0	0	0	0	0	0	0	0	0	1	0	5	1	0	0	1	0	0	0	2	0	0	0	2	11	9	0	0	0	0	1	0	0	3	0	9	0	2	8	4	0	0	0	0	0	0	0	0	0	0	1	0	1	1	1	4	0	0	0	0	0	0	8	0	0	0	0	0	0	0	4
OTU_395	OTU_395	0	0	3	1	2	0	0	0	0	0	0	0	0	1	0	0	0	0	1	1	0	0	1	0	0	0	0	0	0	0	0	27	2	0	2	0	0	0	0	0	0	0	0	0	0	10	0	0	0	4	0	0	0	0	0	1	1	0	0	0	0	0	1	0	0	0	0	0	0	0	0	1	8	2	0	0	57	0	0	0	0	0	0	0	0	211	0	0	0	0	0	0	0	0	0	0	3	0	1	0	0	0	0	0	0	1	0	0	0	0	2	0	5	1	0	0	1	0	0	0	0	0	1	0	3	0	0	0	1	2	0	0	0	0	0	0	0	0	0	1	0	0	0	0	0	0	0	0	0	0	0	0	0	0	0	0	0	0	0	0	0	0	0	0	0	0	0	1	0	0	0	10
OTU_396	OTU_396	2	2	1	5	3	151	2	3	0	3	0	1	57	3	0	2	0	0	0	0	13	0	3	1	1	12	0	13	0	10	0	18	12	1	0	1	0	2	31	45	2	3	1	17	6	1	0	2	0	3	0	0	0	0	0	13	5	3	2	4	1	1	1	6	43	4	2	5	0	0	0	1	0	6	1	13	2	3	8	3	1	0	105	0	0	69	0	0	6	5	0	22	70	2	3	0	0	1	4	0	1	6	2	1	1	0	0	9	8	0	1	0	7	7	0	0	4	0	1	0	0	0	0	1	4	0	1	25	6	3	1	2	0	0	4	8	3	1	1	3	1	13	105	1	0	0	26	1	17	4	12	21	1	1	4	5	1	7	0	0	1	2	0	5	0	5	38	1	2	1	4	1
OTU_397	OTU_397	0	4	0	5	0	0	3	0	2	0	0	0	0	4	0	2	10	6	3	0	0	0	0	2	0	5	2	1	1	0	1	0	0	0	5	0	0	4	0	0	0	0	1	0	4	0	0	1	0	7	0	0	17	4	1	0	1	0	2	0	5	0	0	2	0	1	0	0	0	3	6	0	0	0	0	0	11	0	0	1	0	2	0	0	4	1	11	14	22	1	1	0	0	1	1	11	5	1	9	8	5	16	3	69	0	0	9	9	3	0	0	0	0	1	0	29	2	1	2	0	0	1	0	1	2	1	23	0	16	0	0	5	0	4	2	3	1	14	0	48	6	1	0	0	1	6	1	16	7	3	0	0	1	2	12	0	31	4	2	2	3	4	2	5	0	22	0	4	7	0	0	0
OTU_398	OTU_398	0	0	0	0	0	0	0	0	0	0	0	0	0	0	0	0	0	0	0	0	1	0	0	0	0	0	0	0	0	0	0	0	0	0	0	0	0	0	0	0	0	0	0	0	0	0	0	0	0	0	0	0	0	1	0	0	0	0	0	0	0	0	0	0	0	0	0	0	0	2	0	0	0	0	0	0	13	0	0	0	0	0	0	0	1	0	0	0	0	0	0	0	0	0	0	0	0	0	0	0	0	0	0	0	0	0	0	0	0	0	0	0	0	0	0	0	0	0	0	0	0	0	0	1	0	0	0	0	48	0	0	0	0	0	0	0	1	0	0	0	0	0	0	0	0	0	0	0	0	0	0	0	0	0	0	132	0	0	30	0	0	0	0	0	68	0	0	1	0	0	0	0
OTU_399	OTU_399	0	11	0	0	0	0	0	0	1	0	0	9	1	9	0	1	0	4	2	0	0	0	0	0	1	0	1	0	0	0	0	0	0	1	2	0	0	0	0	0	0	0	1	0	0	4	0	0	0	0	0	6	0	0	1	0	0	0	35	0	0	0	0	1	5	0	1	0	0	3	2	0	0	2	0	0	0	0	0	0	0	1	0	0	17	0	2	0	0	0	0	0	0	1	0	3	1	0	0	1	2	22	0	134	0	0	7	0	1	2	0	0	17	0	0	1	0	26	0	0	0	2	0	0	0	0	4	0	52	1	47	1	25	2	0	1	1	5	0	0	9	1	0	11	0	4	2	0	3	5	0	1	0	0	43	0	12	0	44	5	0	4	12	0	0	0	0	10	0	7	0	0
OTU_400	OTU_400	0	2	1	3	0	234	5	3	1	212	0	0	4	2	0	5	0	0	0	2	55	3	0	1	0	73	0	0	0	13	3	0	1	2	4	0	1	1	0	1	0	0	1	1	0	0	0	38	2	0	0	0	6	2	0	36	5	2	1	0	10	1	2	0	0	0	3	1	0	3	5	0	1	1	0	0	0	0	0	0	4	0	0	0	0	8	4	0	1	0	1	0	22	1	0	0	0	0	1	2	0	8	0	0	0	0	0	2	5	1	0	0	2	1	0	0	0	2	0	1	0	0	0	0	4	54	0	4	5	2	0	0	2	0	9	0	1	0	0	1	2	0	0	0	1	3	4	5	0	0	3	0	0	0	0	1	8	4	0	2	0	1	1	1	0	7	6	0	0	0	1	0
OTU_401	OTU_401	0	0	0	0	0	0	44	0	0	0	0	0	0	0	0	0	0	0	2	0	0	0	0	0	0	0	1	0	0	0	0	0	0	0	4	0	2	0	0	0	0	0	0	0	0	0	0	0	0	0	0	0	0	0	1	0	0	0	1	0	0	0	0	0	0	0	0	0	0	0	0	0	0	12	0	0	0	0	0	0	0	0	0	0	0	0	0	1	2	0	0	0	0	0	0	37	0	0	0	0	0	0	0	0	0	0	0	0	0	0	0	0	0	1	0	0	0	0	976	0	0	0	0	0	1	0	241	0	0	0	0	0	0	1	0	0	0	0	0	0	0	0	0	1	0	0	0	1	0	0	1	1	0	1	0	53	0	52	0	46	0	0	0	1	63	0	4	0	0	1	0	1
OTU_402	OTU_402	0	0	0	0	0	0	0	0	0	0	0	0	0	0	0	0	0	0	0	0	0	0	0	0	0	0	0	0	0	0	0	0	0	0	0	0	0	0	0	0	0	0	0	0	0	0	0	0	0	0	0	0	0	0	0	0	0	0	0	0	0	0	0	0	0	0	0	0	0	0	0	0	0	0	0	0	0	0	0	0	0	0	0	0	0	0	0	0	0	0	0	0	0	0	0	0	1	0	0	0	0	0	0	0	0	0	0	0	0	0	0	0	0	0	0	0	0	0	0	0	0	0	0	0	0	0	0	0	0	0	0	0	0	1	0	0	0	0	0	0	0	0	0	0	0	0	0	0	0	0	0	0	0	0	0	0	0	0	0	0	0	2	0	1	0	0	0	0	0	0	0	0
OTU_403	OTU_403	0	0	0	1	0	0	2	0	0	0	0	0	0	1	0	0	0	0	0	0	0	0	0	0	0	0	0	0	0	0	0	0	0	1	0	0	0	0	0	0	0	0	1	0	0	0	0	0	0	0	0	0	0	0	0	0	0	0	0	0	0	0	0	0	9	0	0	0	0	0	1	0	0	1	0	0	0	0	0	1	0	0	2	0	0	0	0	0	0	7	0	0	0	0	0	0	0	0	0	0	0	0	0	1	0	0	0	0	0	0	0	0	0	0	0	0	0	0	0	0	0	0	0	0	0	0	0	0	0	0	0	0	0	0	0	1	0	0	0	0	0	0	0	0	1	0	0	0	0	0	0	0	0	0	321	0	0	0	0	0	0	0	0	0	0	0	0	0	1	0	0	0
OTU_404	OTU_404	0	3	0	1	0	0	0	8	0	0	18	0	0	1	18	5	0	2	0	0	0	19	0	27	0	0	0	0	0	0	4	0	10	0	0	35	0	74	0	1	0	39	3	0	17	0	0	1	0	0	0	1	0	0	0	1	0	1	4	23	0	0	0	0	1	0	0	2	0	6	20	0	0	12	0	1	0	0	1	0	0	0	0	0	1	0	31	1	0	0	0	0	0	1	0	15	0	0	3	19	17	0	3	11	0	0	0	24	0	10	0	0	0	0	0	18	5	11	0	0	2	1	1	0	0	2	2	0	0	0	35	0	10	0	0	0	0	16	23	175	0	0	0	6	1	0	0	4	0	0	0	0	0	8	13	0	0	0	0	0	6	0	12	0	1	5	0	3	4	0	0	1
OTU_405	OTU_405	0	1	0	0	0	0	0	0	0	0	0	0	1	0	0	0	0	0	0	0	0	0	0	0	0	0	0	0	0	0	0	0	0	0	0	0	0	0	1	0	0	0	0	0	0	0	0	0	0	0	0	0	0	0	0	6	0	0	0	0	0	0	0	0	0	0	0	0	0	0	0	0	0	0	0	0	0	0	0	0	0	0	0	0	0	0	0	0	0	0	0	0	0	0	0	0	0	0	0	0	0	0	0	0	0	0	0	0	0	0	0	0	0	0	0	0	0	327	0	0	0	0	0	0	0	0	0	0	0	0	0	0	0	0	0	0	0	0	0	0	0	0	0	0	0	0	0	0	0	0	0	0	35	0	0	0	0	2	0	0	0	0	0	0	0	0	0	0	0	0	0	0
OTU_406	OTU_406	0	0	0	0	0	127	0	0	0	23	0	0	0	0	0	0	0	0	0	0	0	0	0	0	0	0	0	0	1	0	0	0	0	0	0	0	0	0	0	0	0	0	0	8	1	0	0	0	0	0	0	0	0	4	0	0	1	1	1	0	0	0	1	0	0	0	0	1	0	0	0	0	0	0	0	0	0	3	0	0	0	0	0	0	0	1	0	3	0	0	0	0	0	0	1	0	0	13	0	0	0	0	5	0	0	0	0	0	0	0	0	0	0	6	0	0	0	0	0	0	0	0	0	0	0	0	0	0	1	1	0	0	0	0	0	0	1	0	0	0	0	0	0	0	0	0	0	0	2	0	0	0	0	0	0	0	3	0	0	0	1	0	0	1	0	0	0	1	4	3	3	0
OTU_407	OTU_407	0	0	0	0	0	0	0	0	0	0	0	0	0	0	0	0	1	1	0	0	0	0	0	0	0	0	1	0	0	0	0	0	0	0	0	0	0	0	0	0	0	0	0	0	0	0	0	1	0	0	0	0	0	0	0	0	0	0	0	0	0	0	0	0	0	0	0	0	0	0	0	0	0	0	0	0	0	0	0	0	0	1	0	0	0	0	0	0	0	0	0	0	1	0	0	0	0	0	1	0	0	77	0	0	0	0	0	0	0	0	0	0	0	0	0	0	0	0	0	0	2	0	0	0	0	0	0	0	0	0	0	0	0	0	0	9	0	1	0	0	0	0	0	0	0	0	0	0	0	0	0	0	0	0	0	0	15	0	0	0	0	0	0	0	0	0	0	0	0	0	0	0
OTU_408	OTU_408	0	0	0	0	0	0	0	0	0	0	0	0	0	0	0	0	0	0	0	0	0	0	0	0	0	0	0	0	0	0	0	0	0	0	0	0	0	0	0	0	0	0	0	0	0	0	2	0	0	0	0	0	0	0	0	0	0	0	0	0	0	0	0	0	0	0	0	0	0	0	0	0	0	0	0	0	0	0	0	0	0	0	0	0	0	0	0	0	0	0	0	0	0	0	0	0	0	0	0	0	0	0	0	0	0	0	0	0	0	0	0	0	0	0	0	0	0	0	0	0	0	0	0	0	0	0	0	0	0	0	0	0	0	0	0	0	0	0	0	0	0	0	0	0	0	0	0	0	0	0	0	0	0	0	0	0	0	0	0	0	0	0	0	0	0	0	0	0	0	0	0	4
OTU_409	OTU_409	0	1	2	0	0	0	211	0	5	0	0	0	0	101	0	1	0	0	6	0	0	0	0	0	0	0	0	0	0	0	0	0	0	0	5	1	0	0	7	0	0	0	0	0	2495	0	0	0	0	1	0	1	0	0	2	32	0	0	0	0	0	0	0	0	0	0	0	1	0	0	0	0	0	0	0	0	0	0	0	0	0	0	1	0	0	0	1	0	0	0	0	0	0	0	0	0	0	0	0	2	0	0	0	0	0	0	0	0	1	0	0	0	1	0	0	296	0	0	0	0	0	0	0	0	1	0	0	0	0	0	0	0	0	0	0	0	0	0	0	0	0	0	0	0	14	0	0	0	0	0	2	0	0	0	0	0	0	0	0	0	0	0	0	1	0	0	0	0	0	0	0	4
OTU_410	OTU_410	0	0	0	0	0	0	0	0	0	0	0	0	0	0	0	0	0	0	0	0	0	0	0	0	0	0	0	0	0	0	0	0	0	0	0	0	0	0	0	0	0	0	0	0	0	0	0	1	0	0	0	0	0	0	0	0	0	1	0	0	0	0	0	0	0	0	0	0	0	0	0	0	3	0	0	0	0	0	0	0	0	0	0	0	0	0	0	0	0	0	0	0	0	0	0	0	0	0	0	0	0	0	0	0	0	0	0	0	0	0	0	0	0	0	0	0	0	0	0	0	0	0	0	0	0	1	0	0	0	0	0	0	0	0	0	0	0	0	0	0	0	0	0	0	0	0	0	0	0	0	0	0	0	0	0	0	0	0	0	0	0	0	0	1	0	0	0	0	0	0	0	0
OTU_411	OTU_411	0	5	5	225	2	0	44	133	14	0	5	30	2	32	103	5	15	82	39	382	3	1	2	94	1	28	1	155	1	0	3	2	7	2	2	12	27	7	1	1	0	0	197	0	24	0	32	308	20	21	0	2	50	6	4	1	56	20	0	2	142	3	1	5	1	16	5	22	3	38	57	1	2	62	10	183	0	14	1	0	5	0	0	3	36	8	42	7	4	0	1	0	0	0	0	3	1	11	26	30	14	7	11	5	0	1	16	0	93	18	8	0	42	0	0	1	18	9	0	194	1	5	1	7	4	8	0	1	15	30	258	0	92	9	1	17	1	0	2	30	18	5	0	0	4	1	0	6	0	2	4	5	3	0	0	38	37	370	20	2	15	60	6	1	33	45	1	15	10	12	8	2
OTU_413	OTU_413	0	0	2	0	0	0	1	2	0	0	0	0	0	0	0	1	2	0	0	0	0	1	0	3	0	0	0	0	0	0	9	0	0	1	2	5	0	17	1	0	0	1	2	0	1	3	0	0	0	21	0	0	6	2	0	0	0	0	0	0	0	0	0	36	0	0	0	1	0	0	0	0	0	0	0	0	0	0	0	0	0	0	0	0	7	2	0	0	0	0	0	0	0	0	0	0	0	0	2	0	0	37	9	0	1	0	1	1	0	0	1	1	0	2	0	0	1	28	0	0	2	0	0	0	14	0	0	0	0	0	2	0	1	0	0	41	0	0	0	0	2	1	0	3	1	5	1	2	1	0	1	2	1	0	1	1	13	0	0	0	6	6	0	0	0	0	0	3	10	0	3	10
OTU_414	OTU_414	6	0	0	0	0	0	0	0	0	0	0	0	0	0	0	0	0	0	0	0	1	0	0	0	0	0	0	0	0	0	0	0	0	0	0	0	0	14	0	0	0	0	0	0	0	0	0	0	0	0	0	0	0	0	0	0	0	0	0	0	0	0	0	0	1	0	0	0	0	0	0	0	0	0	0	0	0	0	0	0	0	0	0	0	0	0	0	0	0	0	0	0	0	0	0	0	0	0	0	0	0	0	0	0	0	0	0	0	0	0	0	0	0	0	0	0	0	0	0	0	0	0	0	0	0	0	0	0	0	0	0	0	0	0	0	0	0	0	0	0	0	0	0	0	0	0	0	0	0	0	0	0	0	0	0	0	0	0	0	0	0	0	0	0	0	0	0	0	0	0	0	0
OTU_415	OTU_415	7	0	0	5	21	0	0	0	0	0	0	0	1	0	0	0	0	0	0	1	2	0	0	0	0	0	0	2	0	1	0	0	0	0	0	1	1	0	1	0	3	3	0	0	0	0	0	0	1	0	1	0	0	1	1	0	0	0	1	0	1	0	0	0	2	1	0	0	0	0	1	0	1	0	0	21	0	0	0	4	0	0	0	0	2	1	0	0	0	1	0	0	0	9	0	1	0	0	1	0	0	0	2	0	8	2	1	0	1	0	1	1	0	0	651	0	2	0	2	0	0	0	0	0	0	0	0	0	5	0	5	1	2944	0	1	0	2	1	6	0	0	0	4	10	1	0	1	0	0	0	3	2	0	0	0	0	0	0	1	0	0	0	0	23	0	3	0	2	0	0	1	0
OTU_416	OTU_416	0	0	0	0	0	3	0	0	0	0	0	0	0	3	0	0	1	0	3	1	2	1	0	0	0	0	3	36	0	0	0	0	1	0	0	0	0	0	0	0	0	0	2	0	0	0	0	0	0	1	0	0	0	1	0	0	1	0	0	1	0	0	0	0	11	0	0	1	0	0	1	0	0	1	0	1	1	0	0	0	0	0	0	0	0	0	1	5	0	0	0	0	0	0	0	0	72	0	0	1	8	26	8	45	0	0	0	0	0	4	0	0	46	96	0	0	12	9	0	0	0	0	0	0	118	1	0	1	0	0	0	0	0	1	0	0	16	10	1	36	25	0	0	1	1	4	1	0	0	0	0	0	0	0	170	4	2	0	2	0	9	10	11	1	0	0	1	0	2	3	0	0
OTU_417	OTU_417	0	0	0	14	14	0	0	0	0	0	0	14	0	6	6	0	0	0	45	0	1	10	0	5	0	0	9	0	0	0	20	0	0	0	0	9	0	3	0	2	0	0	0	0	0	2	9	0	0	0	0	0	5	2	0	0	0	0	0	0	2	0	1	76	0	0	0	1	0	0	7	0	0	0	0	0	15	1	0	8	11	0	0	0	7	0	0	2	0	0	1	0	0	1	0	0	0	0	1	0	7	0	2	11	0	0	2	0	0	1	0	0	0	1	0	0	5	0	0	0	0	0	0	0	16	0	0	0	0	0	0	0	1	11	1	18	0	1	0	0	5	1	0	3	0	17	0	4	28	0	1	1	0	2	7	0	0	0	0	1	2	10	2	0	0	0	0	5	23	0	0	2
OTU_418	OTU_418	0	0	0	0	0	0	0	0	0	0	0	55	1	59	0	0	0	3	0	0	0	0	0	0	0	0	0	0	0	0	0	0	0	0	1	0	0	0	0	0	0	0	0	0	0	0	0	0	0	0	0	0	8	1	0	0	0	0	0	0	0	0	0	0	2	0	0	0	0	0	14	0	0	1	0	0	0	0	0	0	0	0	0	0	0	0	0	0	0	0	0	0	0	0	5	0	0	0	0	0	0	0	0	0	0	0	0	0	0	0	0	1	0	0	0	0	0	0	0	0	0	0	0	0	0	0	0	0	117	0	0	0	0	0	0	1	0	23	0	0	0	0	0	0	0	0	0	0	47	0	0	1	0	0	37	0	5	0	25	0	11	7	0	0	0	1	0	0	0	0	0	0
OTU_419	OTU_419	1	0	0	0	0	0	25	0	22	0	0	11	0	15	0	0	0	80	0	0	0	0	0	5	0	0	0	0	0	0	18	0	0	0	0	12	0	0	1	0	0	0	0	0	0	32	0	0	0	2	0	0	4	2	0	2	4	0	0	0	0	0	0	0	0	0	0	0	0	0	0	0	0	0	0	0	0	0	0	0	0	0	1	0	0	0	0	0	0	0	0	0	0	0	0	0	0	0	0	1	0	6	4	0	0	0	0	0	0	4	0	0	0	0	0	4	0	13	0	0	1	0	0	0	0	0	0	0	4	0	0	0	1	0	0	0	0	0	0	1	35	0	0	0	1	0	0	0	0	0	0	0	1	0	1	0	59	31	0	0	0	2	0	0	0	34	0	0	0	0	1	0
OTU_420	OTU_420	0	0	0	0	0	0	0	0	0	0	0	0	0	0	0	0	0	0	0	0	0	0	0	0	0	0	0	0	0	0	0	0	0	0	0	0	0	0	0	0	0	0	0	0	0	0	0	0	0	0	0	0	0	0	0	0	0	0	0	0	0	0	0	0	0	0	0	0	0	0	0	0	0	0	0	0	0	0	0	0	0	0	0	0	0	0	0	0	0	0	10	0	0	0	0	0	0	0	0	0	0	145	0	0	0	0	0	0	0	0	0	0	1	0	0	0	0	0	0	0	0	0	0	0	0	0	0	0	0	0	0	0	0	0	0	0	1	0	0	0	0	0	0	0	0	0	0	0	0	0	0	0	89	0	0	0	3	0	0	0	0	52	0	0	0	0	0	0	0	0	0	0
OTU_421	OTU_421	0	0	0	0	0	0	0	0	0	0	0	0	0	0	0	0	0	0	0	0	0	0	0	0	0	0	0	0	0	0	0	0	0	0	0	0	11	0	0	0	0	0	0	0	0	0	0	0	0	0	0	0	0	0	0	0	0	0	0	0	0	0	0	0	0	38	0	0	0	0	0	0	0	0	0	0	0	0	0	0	0	0	0	0	0	0	0	0	0	0	1	0	0	2	0	1	0	0	0	0	0	0	0	0	0	0	0	13	0	6	0	0	0	0	0	58	0	0	0	0	0	0	0	0	0	0	0	0	0	6	335	0	99	0	0	0	0	0	0	0	0	0	0	3	1	0	0	0	0	0	0	0	0	0	8	0	0	264	0	0	0	0	0	0	0	0	0	0	0	0	0	0
OTU_422	OTU_422	0	0	0	0	0	0	0	0	0	0	0	0	0	0	0	0	0	0	0	0	0	0	0	0	0	0	0	0	0	0	0	0	0	2	0	0	0	0	2	0	0	0	0	0	0	0	0	0	0	17	0	0	0	0	0	0	0	0	0	0	0	0	0	0	0	5	0	0	0	0	0	1	0	0	0	0	0	0	0	0	0	0	0	0	0	0	0	0	0	1	0	1	0	0	0	0	0	0	0	0	0	0	0	0	0	0	0	0	0	0	0	0	0	1	0	0	0	0	41	0	0	0	0	0	0	0	2	0	3	1	0	0	4	0	0	0	0	1	0	0	0	0	0	0	0	0	0	0	0	0	0	0	0	0	0	0	2	0	3	0	0	0	0	0	0	538	0	1	0	0	0	0
OTU_423	OTU_423	0	2	10	0	0	6	1	1	0	0	0	0	0	0	0	4	0	0	4	0	7	0	0	0	0	0	6	10	2	0	1	0	0	0	0	0	0	0	13	8	0	0	1	3	0	1	0	6	0	4	0	0	0	0	0	0	3	0	0	1	2	0	0	0	2	0	1	1	0	0	0	0	0	0	0	0	7	2	1	0	0	0	0	0	2	7	0	0	0	0	0	0	2	0	0	0	0	0	1	1	1	1	0	0	0	0	0	0	0	0	0	0	2	1	0	0	1	4	0	1	0	0	0	0	0	1	12	1	16	0	0	0	0	0	0	2	0	0	0	1	0	0	0	0	0	0	0	0	0	0	0	0	5	0	0	0	9	1	6	0	0	1	0	0	0	6	2	3	0	3	0	25
OTU_424	OTU_424	0	0	0	0	0	0	0	0	0	0	0	0	0	0	0	0	0	0	0	0	0	0	0	0	0	0	0	0	0	0	0	0	0	0	0	0	0	0	0	0	0	0	0	0	0	0	0	0	0	0	0	0	0	0	0	0	0	0	0	0	0	0	0	0	0	0	0	0	0	0	0	0	0	0	0	0	0	0	0	0	0	0	0	0	0	0	1	0	0	0	0	0	0	0	0	0	0	0	0	0	0	0	0	0	0	0	0	0	0	0	0	0	0	0	0	0	0	0	0	0	0	0	0	0	0	0	0	0	0	0	0	0	0	0	0	0	0	0	0	0	0	0	0	0	0	0	0	0	0	0	0	0	0	0	0	0	0	0	0	0	0	0	0	0	0	0	0	0	0	0	0	2
OTU_425	OTU_425	0	80	0	0	0	0	21	0	3	0	2	3	0	10	4	1	60	25	0	0	0	0	0	4	0	0	0	0	0	0	11	0	0	0	2	26	2	0	0	0	0	0	0	0	22	25	0	0	0	0	0	25	4	3	0	0	0	0	0	1	0	0	0	5	0	0	0	1	0	30	24	0	1	5	0	0	0	0	0	1	0	0	0	0	0	0	0	3	0	0	0	0	0	0	1	0	0	0	0	2	0	5	1	1	0	0	21	0	1	6	0	0	0	0	0	19	2	22	0	0	0	1	0	26	0	0	0	0	2	0	11	11	1	45	5	0	1	1	0	0	11	0	0	3	0	0	0	0	2	0	0	0	0	0	14	0	24	0	18	0	0	7	0	0	0	28	0	0	0	0	1	0
OTU_426	OTU_426	0	0	0	0	0	0	0	0	0	0	0	0	0	0	0	0	0	0	0	0	0	0	0	0	0	0	0	0	0	0	0	0	0	0	2	0	0	0	0	0	0	0	0	0	1	0	1	0	0	0	0	0	0	0	0	1	0	0	0	0	1	0	1	0	0	0	0	0	0	0	0	0	0	1	0	0	0	0	0	1	0	0	0	0	2	0	0	0	1	0	0	0	1	0	0	0	0	0	1	2	0	78	0	0	0	0	12	0	0	4	0	0	0	1	0	1	1	0	0	0	0	0	0	0	0	1	0	0	48	0	2	2	1	0	2	0	0	0	0	10	8	0	0	2	0	1	0	0	1	0	0	2	0	0	0	0	3	2	33	0	0	0	0	0	0	0	0	15	2	0	0	0
OTU_427	OTU_427	0	0	0	0	0	0	1	0	0	1	0	1	0	2	0	0	1	0	2	0	0	0	0	0	0	1	0	0	0	0	1	0	0	0	0	0	0	1	2	0	2	0	0	0	1	0	0	0	0	0	0	0	0	11	0	0	0	0	0	0	0	0	0	16	0	0	0	0	0	0	0	0	0	0	0	0	0	8	0	0	0	1	0	0	2	2	0	0	0	0	0	0	0	0	0	0	0	0	0	0	0	21	0	0	0	0	0	0	0	0	0	0	0	0	0	0	0	0	0	0	0	0	0	0	0	0	8	2	2	0	1	0	0	0	0	0	0	0	1	0	0	0	0	0	0	1	0	0	5	0	0	0	4	0	0	0	0	0	5	0	1	0	0	0	0	1	0	3	1	66	0	0
OTU_428	OTU_428	0	0	0	0	0	0	1	0	0	0	0	88	1	56	0	0	0	0	0	0	0	0	0	0	0	0	949	1	0	0	0	0	0	0	4	0	0	0	0	0	0	0	1	0	0	0	0	0	0	0	0	0	0	0	0	0	0	0	0	0	0	0	0	0	0	3	0	0	0	0	0	0	0	0	0	0	0	0	0	0	0	0	0	0	1	94	0	0	7	0	0	0	0	0	0	0	1	0	1	2	0	0	0	0	0	0	0	0	0	1	0	0	0	0	0	71	0	0	0	1	0	0	0	0	0	0	0	0	2	1	0	0	0	0	1	116	0	0	0	0	0	1	0	0	3	0	0	0	0	0	1	0	1	0	0	0	3	0	0	0	0	0	1	2	0	0	0	0	0	3	0	0
OTU_429	OTU_429	0	3	0	4	0	0	2	0	0	0	0	8	0	11	0	0	1	0	0	0	0	0	0	13	0	0	0	0	0	0	0	0	0	1	0	4	0	4	0	0	0	0	6	1	3	0	8	0	5	0	0	0	2	0	0	0	0	0	7	0	0	0	0	0	0	0	6	1	0	0	21	0	0	1	0	0	0	5	0	0	0	0	0	0	31	1	1	0	0	0	0	0	0	0	0	0	0	0	0	0	4	11	1	1	0	0	4	4	0	2	0	0	4	0	0	1	1	8	0	0	1	1	0	1	2	0	0	0	0	0	3	0	4	3	0	0	0	0	0	1	2	0	0	0	0	3	0	0	0	2	0	0	5	0	0	0	5	0	0	0	0	1	3	0	0	1	0	16	0	0	0	0
OTU_430	OTU_430	1	0	0	0	0	2	0	0	0	0	0	0	0	1	0	0	0	0	0	0	0	0	0	0	0	0	0	0	0	0	0	0	1	0	2	0	0	0	0	0	0	0	2	0	0	0	0	0	0	2	0	1	0	0	0	0	0	0	0	0	0	0	0	0	0	0	0	10	0	0	0	0	0	0	0	0	0	0	0	0	0	0	0	0	0	8	0	0	0	0	0	0	0	0	0	0	0	0	0	0	0	0	0	0	0	0	0	0	0	0	0	0	0	0	0	0	0	0	0	0	0	0	0	0	1	0	0	0	0	0	0	0	0	0	0	0	0	0	0	0	0	0	0	0	0	0	0	0	0	0	1	0	0	0	0	0	0	0	0	0	0	0	0	0	0	0	0	0	0	0	0	0
OTU_431	OTU_431	1	3	0	560	0	0	0	0	0	0	0	0	0	0	0	0	0	0	0	0	0	0	0	0	0	0	0	0	0	0	0	1	169	0	0	0	0	1	0	0	0	0	0	0	0	0	0	0	0	0	0	13	0	0	0	0	0	0	0	0	0	0	0	0	0	0	0	0	0	0	0	0	0	0	0	0	0	0	0	0	0	0	0	0	0	0	0	0	0	0	7	0	0	61	0	0	0	1	0	0	56	0	1	0	2	0	0	0	0	0	0	0	0	0	31	0	0	0	0	2	0	3	1	0	2	0	0	0	0	0	0	0	1	0	0	0	0	0	0	16	0	2	0	0	0	0	0	0	0	0	1	0	0	0	0	0	0	0	0	0	0	0	0	432	0	0	0	2	1	1	0	15
OTU_432	OTU_432	8	2	1	8	3	0	0	4	1	0	0	1	3	0	0	0	9	2	0	3	3	5	1	0	1	4	0	1	0	3	1	1	0	2	0	0	1	0	0	1	80	3	0	2	1	0	4	0	6	0	1	0	0	0	4	2	1	2	0	3	0	2	0	4	2	13	1	0	1	1	0	5	11	2	2	2	7	0	2	2	1	0	0	0	3	0	0	0	0	0	6	2	0	0	2	0	0	0	1	0	0	0	0	0	0	0	2	0	0	0	12	0	0	1	1	1	1	0	0	0	0	1	1	4	4	0	3	0	3	0	2	0	0	0	0	0	2	0	3	0	0	0	1	1	0	1	0	1	3	0	1	0	0	0	0	0	1	2	0	0	0	0	0	0	0	4	0	7	0	1	0	8
OTU_433	OTU_433	0	0	0	0	0	0	0	0	0	0	0	0	0	0	0	0	0	0	0	0	0	0	1	0	0	0	0	0	0	0	0	0	0	1	0	0	0	0	0	0	0	0	0	0	0	0	19	0	0	0	0	0	0	0	3	1	0	0	0	0	0	0	0	1	0	0	0	0	0	0	0	0	0	0	4	0	0	0	0	0	0	0	0	0	0	0	0	0	0	0	0	0	0	0	1	0	0	0	0	0	0	0	0	0	0	0	0	0	0	0	0	0	0	0	1	0	0	0	0	0	0	0	0	0	0	0	0	0	0	0	0	0	0	0	0	0	0	0	0	0	0	0	0	0	0	0	0	0	0	0	0	0	0	0	0	0	0	0	0	0	0	0	0	0	0	0	0	0	0	0	0	0
OTU_434	OTU_434	2	2	0	1	8	6	0	0	0	5	2	0	1	0	4	0	0	5	0	2	2	1	0	0	2	5	0	3	21	5	0	10	0	1	0	0	2	1	3	1	2	2	7	11	0	7	3	4	2	0	1	1	5	2	0	2	3	0	5	0	6	0	0	2	0	6	11	0	1	0	2	5	1	5	6	6	7	2	3	0	3	2	0	2	1	4	0	7	1	3	1	11	2	18	0	0	0	0	17	0	1	2	13	0	8	13	2	1	6	6	1	2	2	0	10	11	1	2	4	4	2	3	1	0	0	9	4	0	2	9	0	12	0	6	4	11	4	0	1	0	2	5	5	9	3	11	2	0	4	3	0	0	0	5	0	6	6	2	4	5	2	4	5	4	8	1	2	2	0	1	9	1
OTU_435	OTU_435	0	0	0	0	0	0	349	0	1	0	0	0	0	0	0	0	1	16	0	0	0	0	0	0	0	0	0	0	0	0	43	0	0	0	0	0	0	0	0	0	0	0	0	0	0	0	0	0	0	0	0	0	0	0	0	0	0	0	0	0	0	0	0	0	0	1	0	0	1	0	0	0	0	0	0	0	0	0	0	0	0	0	2	0	0	2	1	0	1	0	0	0	0	0	0	0	0	0	6	0	0	132	0	0	0	0	110	1	0	0	1	0	0	7	0	0	0	0	0	0	3	1	0	0	0	0	0	0	0	0	11	0	5	0	9	0	0	0	0	0	0	0	0	2	0	0	0	0	0	0	1	0	23	0	0	0	3	0	0	0	0	0	0	0	0	0	0	1	0	1	0	0
OTU_436	OTU_436	0	0	0	1	0	0	1	0	0	0	0	0	0	0	0	0	0	0	2	0	0	1	0	0	0	0	0	0	0	0	2	0	0	0	0	0	0	0	0	0	1	0	0	0	18	9	1	0	0	1	0	0	0	0	0	0	0	0	0	0	0	0	0	0	0	0	0	0	0	0	0	0	0	0	0	1	4	17	1	0	0	0	0	0	13	0	0	23	0	0	0	0	0	0	0	0	21	0	4	11	0	6	7	111	0	0	26	45	0	2	0	0	0	4	0	9	2	3	0	0	0	0	0	0	0	0	0	0	0	0	19	1	2	5	4	1	0	0	0	48	5	0	0	21	1	3	0	0	1	1	0	1	0	0	13	0	62	0	0	1	0	16	0	0	0	1	1	4	3	0	0	0
OTU_437	OTU_437	0	0	54	0	0	0	0	0	0	0	0	0	0	0	0	0	0	0	0	0	0	0	0	0	0	1	0	0	0	0	0	0	0	0	0	0	0	0	0	0	0	0	0	0	1	0	0	10	0	0	0	0	0	0	0	0	0	0	0	0	0	0	0	0	0	0	0	0	0	0	0	0	0	0	0	0	0	0	0	0	0	0	0	0	0	0	0	0	0	0	0	0	0	0	0	0	0	0	0	0	0	0	0	0	0	0	0	0	0	0	0	0	0	0	0	0	0	0	0	0	0	0	0	0	0	0	0	0	0	0	0	0	0	0	0	0	0	0	0	0	0	0	0	0	0	0	0	0	0	0	0	1	0	0	0	0	0	0	0	0	0	0	0	0	0	0	0	1	0	0	0	1
OTU_438	OTU_438	0	6	0	1	3	0	28	0	2	2	0	0	0	0	150	16	0	0	0	0	0	0	0	0	0	0	0	0	0	0	0	1	2	0	0	0	1	0	1	0	0	0	7	0	0	0	0	0	0	0	0	0	0	0	0	1	0	0	0	0	0	0	0	56	2	0	0	0	0	0	0	0	0	2	0	0	0	2	0	1	0	0	0	0	0	0	0	0	0	0	0	0	0	0	1	0	0	0	0	0	0	0	1	0	0	0	0	0	0	0	0	0	0	0	0	0	0	0	0	0	0	1	1	0	152	0	0	0	0	0	0	0	0	0	0	0	0	0	0	2	0	0	0	0	0	0	0	0	0	0	0	0	0	0	0	0	0	0	0	0	0	0	0	0	0	15	0	1	0	0	0	0
OTU_439	OTU_439	0	0	0	2	0	0	3	0	3	0	0	0	5	8	0	0	0	14	0	0	0	0	0	0	0	0	1	0	0	0	2	0	0	0	0	4	0	19	1	0	1	0	0	0	80	6	0	0	0	0	0	0	0	0	0	2	0	0	0	0	0	0	0	0	0	0	0	0	0	2	0	0	1	0	0	0	0	0	0	0	0	0	0	0	0	0	0	0	0	0	0	0	0	0	0	0	0	0	0	0	0	4	0	0	0	1	0	0	0	0	0	0	0	0	0	5	0	0	0	0	0	0	0	0	0	2	0	0	18	147	5	0	4	0	0	0	0	3	0	0	59	0	0	1	2	0	5	0	1	0	0	0	0	0	0	0	127	5	4	0	0	7	0	1	0	10	0	0	0	24	1	0
OTU_440	OTU_440	0	0	1	0	0	0	0	0	13	0	0	0	0	0	0	0	0	32	0	0	0	0	1	0	0	1	0	0	0	0	109	1	0	0	0	0	0	1	0	2	0	0	0	0	0	0	0	0	0	0	0	0	0	0	0	1	0	0	0	0	0	2	0	0	0	0	0	0	0	0	0	0	0	19	1	0	0	0	0	0	0	0	2	0	0	0	0	0	0	0	1	0	1	0	0	0	0	0	0	0	5	0	0	0	0	0	1	0	0	0	0	0	1	0	0	67	0	853	0	0	0	0	0	0	0	0	0	0	0	0	66	0	21	0	0	0	1	0	0	0	0	0	0	0	3	0	0	0	0	0	1	0	0	0	0	0	3	2	0	0	0	0	0	0	0	0	0	1	0	1	4	0
OTU_441	OTU_441	0	0	0	0	0	0	0	0	0	0	0	0	0	0	0	0	11	0	0	0	0	0	0	0	0	0	0	0	0	0	0	0	4	0	0	2	0	0	0	0	0	2	0	1	0	2	0	0	0	0	0	0	0	0	0	0	0	1	1	1	0	0	0	1	0	0	0	0	0	0	0	0	0	0	0	0	0	0	0	0	0	1	0	0	2	0	0	0	0	0	0	0	0	0	1	2	1	0	0	0	0	2	3	0	0	0	2	0	0	0	0	0	11	1	0	0	0	1	0	0	0	2	2	1	0	0	0	0	32	0	1	0	0	0	0	3	0	0	0	0	0	0	0	0	0	0	0	0	2	0	0	0	0	1	0	7	20	0	7	0	0	0	1	3	0	1	0	0	0	4	1	0
OTU_442	OTU_442	0	0	4	0	0	0	0	0	0	0	0	0	0	0	0	0	0	0	0	0	0	0	0	1	0	0	0	0	0	0	0	0	0	0	0	0	0	1	0	0	0	0	0	0	0	0	1	0	0	0	0	0	0	0	0	0	0	0	0	0	0	0	0	0	0	0	0	0	0	0	0	0	0	0	0	0	0	0	0	0	0	0	0	0	1	0	0	0	0	0	0	0	0	0	0	0	0	0	0	0	0	0	0	0	0	0	0	0	0	0	0	0	0	0	0	0	0	0	0	0	0	0	0	1	0	0	0	0	0	1	0	0	0	0	0	0	0	0	0	0	0	0	0	0	0	0	0	0	0	0	0	0	0	0	0	0	5	0	0	0	0	1	0	0	0	0	0	0	1	0	0	0
OTU_443	OTU_443	0	0	0	0	0	0	0	0	0	0	0	0	0	0	0	1	1	0	0	0	0	0	0	0	0	0	0	0	0	0	0	0	0	0	0	0	0	0	0	0	0	0	0	0	0	0	0	0	0	0	0	0	0	0	0	0	0	0	0	0	0	0	0	0	0	0	0	0	0	0	0	0	1	0	0	0	0	0	0	0	0	0	0	0	0	0	0	0	0	0	0	0	0	0	0	0	0	0	0	0	0	0	0	0	0	0	0	0	0	0	0	0	0	0	0	0	0	0	0	0	0	0	0	0	0	0	0	0	0	0	0	0	0	0	0	0	0	0	0	0	0	0	0	0	0	0	0	0	0	0	0	0	0	0	0	0	0	0	0	0	0	0	0	0	0	0	0	0	0	0	0	0
OTU_444	OTU_444	0	0	0	0	0	0	0	0	0	0	0	0	0	0	0	0	0	0	0	0	0	0	0	0	0	0	1	0	0	0	0	0	0	0	0	0	0	0	0	0	0	0	0	0	0	0	0	0	0	0	0	0	0	0	0	0	0	0	0	0	0	0	0	0	0	0	0	0	0	0	0	0	0	0	0	0	6	0	0	0	0	0	0	0	0	0	0	0	0	0	1	0	0	0	1	0	0	0	0	0	0	0	0	0	0	0	0	0	0	0	0	0	0	0	0	0	0	0	0	0	0	0	0	0	0	0	0	0	0	0	0	0	1	0	0	0	0	0	0	0	0	0	0	0	0	0	0	0	0	0	0	0	0	0	0	0	2	0	0	0	0	0	0	0	0	0	0	0	0	0	0	0
OTU_445	OTU_445	38	0	0	0	0	0	0	0	0	0	0	0	0	0	0	0	0	0	1	0	0	0	0	0	0	0	0	1	0	0	0	0	1	48	0	0	0	0	0	0	0	0	0	0	0	0	0	0	0	0	0	0	0	0	0	0	0	0	0	0	0	0	1	0	0	0	0	0	0	0	0	0	0	0	0	0	0	0	0	0	0	0	87	0	0	0	0	0	0	0	0	0	0	0	1	0	0	0	0	0	0	0	0	0	0	0	0	0	0	0	0	0	0	0	0	0	0	0	0	0	0	0	0	0	0	0	0	0	0	0	0	0	0	0	0	0	0	0	0	0	0	0	0	0	0	0	0	1	0	0	0	0	0	0	0	0	0	0	0	0	0	0	0	0	0	0	0	0	0	0	0	0
OTU_446	OTU_446	0	0	0	0	0	0	0	0	5	0	0	0	0	0	4	0	0	11	32	0	0	0	0	0	0	0	0	0	0	0	13	0	0	0	0	0	0	0	0	0	0	0	0	0	1	0	1	1	0	0	0	0	0	0	0	0	0	0	0	0	0	0	0	0	1	15	0	0	0	0	0	0	0	0	0	1	0	0	1	0	0	0	0	0	0	0	0	0	0	0	0	0	0	0	0	0	0	0	2	0	0	50	0	0	1	0	0	0	0	1	0	0	0	3	0	0	1	0	0	0	0	0	0	0	0	0	1	0	0	0	0	0	0	0	2	218	0	0	0	0	7	1	0	0	1	0	0	0	41	0	0	0	0	3	24	0	0	0	0	0	0	0	0	0	1	0	0	0	0	0	0	0
OTU_447	OTU_447	0	3	1	3	3	0	3	4	2	0	0	1	0	0	21	26	12	29	1	0	2	1	0	17	0	2	19	0	127	0	69	0	40	4	0	2	0	9	41	0	0	6	2	0	4	578	0	0	2	0	3	5	10	22	0	4	0	0	9	0	0	0	0	203	10	0	7	1	0	4	1	0	0	12	0	0	84	16	0	0	10	55	0	0	10	4	0	0	0	0	1	0	0	0	0	0	2	8	66	9	6	7	1	6	0	0	4	21	12	0	8	0	0	0	0	0	0	11	0	0	0	1	1	5	41	0	82	0	2	0	1	0	0	0	1	0	0	1	2	6	15	1	0	0	0	1	0	0	0	1	0	0	6	0	3	3	9	0	2	0	2	2	0	1	0	33	0	2	0	0	0	2
OTU_448	OTU_448	0	0	0	0	0	0	0	0	0	0	0	0	0	0	0	0	0	0	0	0	0	0	0	0	0	0	0	0	0	0	0	0	0	0	0	0	0	0	0	0	0	0	0	0	0	0	0	0	0	0	0	0	0	0	0	0	0	0	0	0	0	11	0	0	0	0	0	0	0	0	0	0	0	0	0	0	0	0	0	0	0	0	0	0	1	0	0	0	0	0	0	0	0	0	0	0	0	0	0	0	0	2	0	0	0	0	0	0	0	0	0	0	0	0	0	0	0	0	0	1	0	0	0	0	0	0	0	0	1	0	0	0	22	0	0	0	0	0	0	0	0	0	0	0	0	0	0	0	0	0	0	4	0	0	0	0	0	0	0	0	0	0	0	0	0	0	0	0	0	0	0	0
OTU_449	OTU_449	3	0	0	0	0	0	0	0	0	0	0	0	0	0	0	0	0	0	0	0	0	0	0	0	0	0	0	0	0	0	0	0	0	0	0	0	0	0	0	0	0	0	0	0	0	0	0	0	0	0	0	0	0	0	0	0	0	0	0	0	0	0	0	0	0	0	0	0	0	0	0	0	0	0	0	0	0	0	0	0	0	0	0	0	0	0	0	0	0	0	0	0	0	0	2	0	0	0	0	0	0	0	0	0	0	0	0	0	0	0	0	0	0	0	0	0	0	0	0	0	0	0	0	0	0	0	0	0	0	0	0	0	0	0	0	0	0	0	0	0	0	0	0	0	0	0	0	0	0	0	0	1	0	0	0	0	0	0	0	0	0	0	0	0	0	0	0	0	0	0	0	0
OTU_450	OTU_450	1	0	4	1	0	5	0	4	2	0	0	0	7	1	0	0	0	0	0	0	0	0	0	0	0	0	0	1	0	0	0	0	0	0	0	2	0	0	0	0	0	0	0	0	0	0	0	1	0	0	0	0	0	3	0	1	0	0	0	1	0	1	1	0	0	0	0	0	0	0	0	0	0	0	0	0	0	0	0	9	0	0	0	0	0	0	0	0	0	0	0	1	0	0	1	0	0	0	0	0	0	0	0	0	0	0	0	0	0	0	0	0	0	0	0	0	0	0	0	0	0	0	0	0	0	0	0	0	1	0	0	0	1	0	0	0	0	0	0	0	0	1	1	0	0	0	0	0	0	0	0	0	0	0	0	0	0	1	0	0	0	0	1	0	0	0	0	0	0	0	0	3
OTU_451	OTU_451	0	1	0	0	0	0	1	0	1	0	0	17	4	20	0	0	0	7	2	0	1	0	0	0	0	0	0	0	0	0	55	0	0	1	1	0	0	0	1	1	0	0	14	0	45	0	0	0	0	8	0	0	1	2	0	1	0	0	0	0	1	0	0	0	0	0	0	0	0	0	3	0	1	0	0	0	0	0	0	0	0	2	0	0	0	0	1	1	0	0	0	0	0	0	0	0	0	0	1	0	0	0	5	0	0	0	0	0	0	0	0	0	0	1	0	0	0	0	0	0	0	25	0	0	0	0	0	0	243	8	0	0	0	0	0	0	0	0	0	7	0	0	0	0	0	0	0	0	23	0	0	0	0	0	2	0	1	0	47	0	1	22	0	0	3	177	0	0	0	0	0	0
OTU_452	OTU_452	1	0	0	0	0	0	0	0	1	0	0	45	0	34	0	0	0	2	0	0	0	0	0	0	0	0	0	0	3	0	0	0	0	0	1	0	0	3	0	0	0	0	0	0	5	0	0	0	0	0	1	0	2	1	0	0	0	0	0	0	0	0	0	0	0	0	0	0	0	0	0	0	0	0	0	0	0	0	0	0	0	0	0	0	0	0	0	7	3	0	0	0	2	0	0	0	0	0	0	0	9	12	81	0	0	0	0	0	1	0	0	0	1	0	0	0	0	0	0	0	0	0	0	0	1	0	0	0	101	37	1	0	6	0	0	0	0	0	0	0	95	0	0	8	0	7	1	0	0	0	0	1	0	0	0	0	466	2	12	0	3	7	0	0	0	0	1	0	12	11	0	0
OTU_453	OTU_453	1	0	0	0	0	0	0	0	0	0	0	0	0	0	0	0	0	0	0	0	0	0	0	0	0	0	0	0	0	0	0	1	0	0	0	0	0	0	0	0	0	0	0	0	0	0	0	0	0	0	0	0	0	0	0	0	0	0	0	0	0	0	0	0	0	0	0	0	0	0	0	0	0	157	1	0	0	0	0	0	0	0	4	0	0	0	0	0	0	0	0	0	0	0	0	0	0	0	0	0	9	0	0	0	0	0	0	0	0	0	0	0	0	0	0	0	0	0	0	0	0	0	0	0	0	0	0	0	0	0	0	0	0	0	0	0	0	0	0	0	0	0	0	0	0	0	0	0	0	0	0	0	0	0	0	0	0	0	0	0	0	0	44	0	0	0	1	0	0	0	11	0
OTU_454	OTU_454	0	0	0	0	0	0	0	0	0	0	0	0	0	0	0	0	0	0	0	0	0	0	0	0	0	0	1	0	0	0	0	0	0	0	0	0	0	0	0	0	0	0	0	0	0	0	0	0	0	0	0	0	0	0	0	0	0	0	0	0	0	0	0	0	0	0	0	0	0	0	0	0	0	0	0	0	0	0	0	0	0	0	0	0	0	0	0	0	1	0	0	0	2	0	0	0	0	0	2	26	0	0	0	0	0	0	0	0	0	0	0	0	0	0	0	0	0	0	0	0	0	0	0	0	0	0	0	0	0	0	0	1	1	0	0	0	0	0	0	0	0	0	0	34	0	0	0	0	1	0	0	0	25	0	0	5	0	0	0	36	0	1	0	0	11	0	0	0	0	0	0	0
OTU_455	OTU_455	0	1	0	0	0	1	1	0	0	0	0	0	0	0	0	0	0	0	0	0	4	0	0	0	0	0	0	0	0	0	0	0	0	5	0	0	0	0	0	0	0	0	50	0	1	27	0	0	0	0	0	0	0	0	0	0	0	0	0	0	0	0	4	0	0	0	0	2	0	0	0	0	0	0	0	0	864	0	0	0	0	0	0	1	98	0	0	0	0	0	0	0	0	0	0	0	0	0	6	0	0	1	0	0	0	0	0	0	0	0	0	0	0	1	0	0	0	12	0	0	0	0	0	0	7	0	0	0	1	0	0	0	0	21	0	0	0	0	0	1	0	0	0	0	0	0	0	1	0	0	1	1	997	0	1	0	0	0	0	0	0	0	0	0	0	0	0	31	0	0	1	0
OTU_456	OTU_456	0	0	0	0	0	0	0	0	0	0	0	0	0	0	0	0	0	0	0	0	0	0	0	0	0	0	0	0	0	0	0	0	0	0	0	0	0	0	0	0	0	0	0	0	0	0	0	0	0	0	0	0	0	0	0	0	0	0	0	0	0	0	0	0	0	2	0	0	0	0	0	0	0	0	0	0	0	0	0	0	0	0	0	0	0	0	0	0	0	0	0	0	0	0	0	0	0	0	0	19	0	0	0	0	0	0	0	0	0	24	0	0	0	0	0	0	1	0	14	0	0	0	0	0	0	3	2	0	3	0	0	0	0	0	0	0	0	1	0	0	0	0	0	0	0	0	0	0	0	0	0	0	0	0	0	0	0	0	0	0	0	0	0	0	2	5	0	0	0	0	0	0
OTU_457	OTU_457	3	0	4	2	1	0	0	1	1	0	0	54	4	25	1	7	0	0	0	1	2	0	0	1	0	0	0	0	0	10	39	1	0	46	3	0	1	1	0	0	0	0	0	1	4	0	3	0	3	0	6	1	0	0	3	0	3	0	0	1	1	0	0	5	4	0	2	3	0	2	0	0	0	4	1	1	2	8	3	3	1	0	0	0	0	0	0	0	0	0	0	0	0	0	0	0	0	0	1	11	0	0	0	1	0	0	0	0	2	0	2	0	0	0	1	0	0	0	0	0	0	2	1	0	1	0	0	0	0	0	0	0	0	0	1	0	0	0	0	0	0	0	0	0	0	0	0	0	0	0	0	0	0	0	0	0	0	0	0	0	0	0	0	0	0	0	0	0	0	0	0	5
OTU_460	OTU_460	0	0	0	0	0	0	0	0	0	0	0	0	0	0	0	0	0	0	0	0	0	0	0	0	0	0	1	0	0	0	0	0	0	0	0	0	0	0	0	0	0	0	0	0	0	0	0	0	0	0	0	0	0	0	0	0	0	0	0	0	0	0	0	0	0	0	0	0	0	0	0	0	0	600	0	0	0	0	0	0	0	0	0	0	0	0	0	0	0	0	0	0	2	0	0	0	0	0	0	0	0	0	0	0	0	0	0	0	0	0	0	0	0	0	0	0	0	0	0	0	0	0	0	0	0	0	0	0	0	0	1	0	1	0	0	0	0	1	0	0	0	0	0	1	0	0	0	0	0	0	0	0	0	0	0	0	0	0	0	0	0	0	0	0	0	0	0	0	0	0	40	0
OTU_461	OTU_461	0	0	0	0	0	0	0	0	0	0	0	0	0	0	0	0	0	0	0	0	0	0	0	0	0	0	0	0	0	0	0	0	0	0	0	0	0	0	0	0	0	0	0	0	0	0	0	0	0	0	0	0	0	0	0	0	0	0	0	0	0	0	0	0	0	0	0	0	0	0	0	0	0	0	0	0	0	0	0	0	0	0	0	0	0	0	0	0	0	0	0	0	0	0	0	0	0	0	0	0	0	0	0	0	0	0	0	0	0	0	0	0	0	0	0	0	2	0	24	0	0	0	0	0	0	0	0	0	0	0	0	0	0	0	0	0	0	0	0	0	0	0	0	0	0	0	0	0	0	0	0	0	0	0	0	0	0	0	0	0	0	0	0	0	0	0	0	0	0	0	0	0
OTU_462	OTU_462	0	0	0	0	0	0	0	14	0	0	0	0	0	0	3	0	0	0	0	0	0	0	0	0	0	0	0	0	0	0	0	0	0	0	0	0	0	0	1	1	0	0	0	0	0	0	0	0	0	0	0	0	1	0	0	2	0	0	0	0	0	0	0	0	0	0	0	0	0	0	1	0	0	0	0	0	0	0	0	0	0	0	0	0	0	0	114	1	1	0	0	0	0	0	1	0	0	0	11	0	0	343	0	0	0	0	149	0	0	15	0	0	1	0	0	40	0	0	0	0	0	3	0	0	0	4	0	0	0	0	0	0	0	51	17	0	0	0	0	0	0	0	0	0	0	0	0	0	18	0	1	0	0	0	0	0	0	0	0	0	0	0	0	0	0	0	0	0	0	0	0	0
OTU_464	OTU_464	0	0	0	0	1	0	0	0	0	0	0	1	1	0	0	0	0	2	0	1	0	1	0	1	0	1	0	0	3	0	0	2	0	0	0	0	1	0	0	0	0	0	0	1	0	2	0	1	0	0	0	0	2	0	1	1	0	0	0	0	1	1	0	0	0	1	0	0	0	0	0	0	0	2	3	0	0	1	1	0	0	0	1	0	0	0	0	0	0	0	0	0	0	2	1	0	0	0	0	0	0	0	1	0	1	1	0	0	0	1	0	0	0	0	0	1	0	0	0	0	2	0	0	0	0	0	0	0	0	0	0	1	0	0	0	0	0	0	0	0	0	2	0	1	0	0	0	0	1	0	0	1	0	2	0	0	0	1	0	0	0	0	0	1	1	0	0	0	0	0	0	0
OTU_465	OTU_465	0	0	0	0	0	0	2	0	0	0	0	0	0	0	0	1	0	2	0	0	0	0	1	0	0	0	1	0	0	0	0	1	0	0	0	0	0	55	1	11	0	0	0	0	0	0	0	0	0	0	0	0	0	0	0	0	0	0	0	0	0	0	0	0	0	0	0	0	0	0	0	0	0	0	0	0	0	0	0	0	0	0	0	0	0	0	0	0	0	0	1	0	1	0	0	0	0	0	7	12	0	1	0	0	0	0	114	0	0	0	0	0	0	0	0	0	0	0	0	0	0	0	0	0	0	0	0	0	0	0	1	1	1	0	5	0	0	0	0	0	0	0	0	0	2	0	1	0	0	2	0	0	0	0	0	0	2	0	0	0	0	0	0	0	0	12	0	0	0	0	0	0
OTU_466	OTU_466	0	0	0	0	0	0	0	0	0	0	0	0	0	0	0	0	0	2	0	0	0	0	0	0	0	0	0	0	1	2	0	0	0	5	0	0	0	0	0	0	0	0	0	0	0	0	0	0	0	2	0	0	0	0	0	0	0	0	0	0	0	0	0	6	0	0	0	0	0	0	0	0	0	0	0	0	0	0	0	1	0	0	0	0	299	0	0	0	1	0	0	0	0	0	0	0	0	0	0	0	0	28	0	0	0	0	0	0	0	0	0	0	0	0	0	0	1	0	0	0	0	0	0	0	0	0	28	0	0	0	0	20	0	0	0	0	0	0	0	0	195	0	0	0	0	0	0	0	0	0	0	0	0	0	0	0	0	0	0	0	21	0	0	0	0	71	0	143	0	0	0	0
OTU_467	OTU_467	0	0	2	0	0	0	0	0	0	0	0	0	0	0	0	0	0	1	36	0	0	0	0	0	0	0	0	0	0	0	2	0	1	0	0	0	1	0	0	7	0	0	0	0	5	0	0	0	0	0	0	0	3	0	0	8	0	0	47	0	0	0	0	0	0	20	0	0	0	0	2	0	1	0	0	0	0	0	0	0	0	0	0	0	0	0	8	0	1	0	0	0	0	0	0	0	0	81	0	0	0	1	0	0	0	0	0	0	1	0	0	0	0	0	0	0	0	2	0	0	0	0	0	0	0	0	0	0	52	2	0	0	0	0	0	0	0	0	0	0	2	0	0	0	0	1	0	0	0	0	0	0	0	1	0	0	0	25	9	0	0	1	0	0	0	5	1	1	1	0	0	0
OTU_468	OTU_468	0	0	0	0	0	0	0	0	0	0	0	0	0	0	0	0	0	1	0	0	0	0	0	0	0	0	0	0	0	0	0	0	0	0	0	0	0	0	0	0	0	0	0	0	0	0	0	0	0	0	0	0	0	0	0	1	0	0	0	0	0	0	0	0	0	0	0	0	0	0	0	0	0	0	0	0	0	0	0	0	0	0	0	0	0	0	0	0	0	0	0	0	0	0	0	0	0	0	0	0	0	0	0	0	0	0	0	0	0	0	0	0	0	0	0	0	0	0	0	0	0	0	0	0	0	0	0	0	0	0	0	0	0	0	0	0	0	0	0	0	1	0	0	19	0	0	0	0	0	0	0	0	0	0	0	0	0	0	0	0	0	0	0	0	0	0	0	0	0	0	0	0
OTU_469	OTU_469	0	1	2	1	0	15	0	0	8	2	0	0	0	0	0	1	0	0	1	8	6	0	1	1	0	18	1	1	3	0	1	0	0	0	0	2	1	2	5	2	0	0	2	18	4	0	0	2	0	0	0	0	7	2	0	2	12	0	2	0	0	0	0	0	1	0	2	16	0	3	0	0	0	1	0	0	3	0	0	0	0	4	0	0	0	3	7	7	0	0	0	0	0	1	1	12	1	4	2	7	0	10	0	29	0	1	0	0	1	0	0	0	0	3	0	1	4	3	0	0	0	1	0	0	1	0	0	0	9	0	1	0	1	1	0	1	0	6	0	15	0	0	0	2	0	2	72	3	0	0	1	1	0	0	0	1	1	0	14	1	3	0	0	7	1	2	0	2	0	1	7	0
OTU_470	OTU_470	0	0	0	0	0	0	0	0	9	0	0	0	0	0	0	0	0	64	0	0	0	0	0	9	0	0	0	0	0	0	33	0	0	0	0	0	0	0	2	0	0	0	0	0	0	0	0	0	0	0	0	0	0	0	0	0	0	0	0	0	0	0	0	0	0	0	0	0	0	0	0	0	1	0	0	0	0	0	0	0	0	0	3	0	0	0	0	0	0	0	0	0	0	0	0	0	0	1	1	0	0	238	0	0	0	0	0	0	0	1	0	0	6	0	0	0	0	1	0	0	0	0	1	0	0	1	0	1	0	38	0	0	0	0	0	0	0	1	0	0	0	1	0	0	1	1	3	1	0	0	1	0	0	0	0	0	8	0	1	1	0	0	0	0	0	0	1	0	8	1	0	0
OTU_471	OTU_471	0	0	0	0	1	90	0	5	0	0	0	0	0	0	1	0	0	0	0	0	0	0	0	0	0	1	0	0	0	0	0	1	7	9	1	0	0	0	0	0	0	0	0	0	0	0	0	140	5	0	0	1	0	0	0	227	0	0	0	0	0	0	0	0	0	0	1	1	0	0	0	0	0	0	0	0	0	0	0	0	0	0	0	0	0	0	0	0	0	0	4	13	0	0	0	0	0	0	0	0	0	0	0	0	0	0	0	0	1	0	9	0	4	0	0	0	0	0	0	0	3	0	0	0	10	19	0	0	0	0	0	0	0	0	1	0	6	0	0	0	0	0	0	0	0	0	0	0	0	0	0	0	0	0	0	1	1	0	0	0	0	0	0	0	0	0	0	0	0	0	0	0
OTU_472	OTU_472	0	0	1	1	0	0	29	1	8	0	0	2	0	1	0	0	1	7	21	0	4	0	0	1	0	0	0	0	0	0	22	0	0	0	5	1	0	0	0	1	0	0	7	0	8	8	0	0	0	1	0	0	0	0	0	1	2	0	1	0	0	0	0	2	0	0	0	0	0	0	1	0	1	0	0	0	0	0	2	0	0	0	0	0	19	0	4	0	0	0	0	0	0	0	0	0	0	0	1	1	0	29	0	0	0	0	0	0	0	0	0	0	0	0	0	0	0	1	0	0	0	0	0	2	5	0	0	0	1	0	0	0	0	0	0	0	0	0	1	0	1	1	0	0	0	1	0	0	23	0	2	0	9	0	0	0	22	2	0	0	0	2	0	1	0	6	0	10	0	0	0	72
OTU_473	OTU_473	0	0	0	0	0	0	0	0	0	0	0	0	0	0	67	0	0	0	0	0	0	0	0	0	0	0	0	0	0	0	0	0	0	0	0	0	0	0	0	0	0	0	0	0	0	0	0	0	0	0	0	0	0	0	0	0	0	0	0	0	0	0	0	0	0	0	0	0	0	0	0	0	0	0	0	0	0	0	0	0	0	0	0	0	0	0	0	0	0	0	0	0	0	0	0	0	0	1	0	0	0	0	0	0	0	0	0	0	0	0	0	0	0	0	0	0	0	0	0	0	0	0	0	0	0	0	0	0	0	0	0	0	0	0	0	0	0	0	0	0	0	0	0	0	0	0	0	0	0	0	0	0	0	0	0	0	0	0	0	0	0	0	0	0	0	0	2	0	0	0	0	0
OTU_474	OTU_474	0	1	0	0	0	0	0	0	0	0	0	0	0	0	0	0	0	0	0	0	0	0	0	0	0	0	0	0	0	0	0	0	0	0	0	0	0	0	0	0	0	0	0	0	0	0	0	0	0	0	0	0	0	0	0	0	0	0	0	0	0	0	0	0	0	0	0	0	0	0	0	0	0	0	0	0	0	0	0	0	0	0	0	0	0	0	0	0	0	0	0	0	0	0	0	0	0	0	0	0	0	0	0	0	0	0	0	0	0	0	0	0	0	0	0	0	0	0	0	0	0	0	0	0	0	0	0	0	0	0	0	0	0	0	0	0	0	0	0	0	0	0	0	0	0	0	0	0	0	0	0	0	0	0	0	0	0	0	0	0	0	0	0	0	0	0	0	0	0	0	0	0
OTU_475	OTU_475	0	1	0	0	0	0	0	0	0	0	0	0	0	4	0	0	0	0	2	0	0	0	0	0	0	0	0	0	0	0	2	0	0	0	0	2	0	0	0	0	0	0	1	3	4	1	0	0	0	2	0	0	0	0	0	0	0	0	3	0	0	0	0	0	0	1	1	0	0	0	2	0	0	0	0	0	0	0	0	0	0	0	0	0	0	0	7	0	1	0	0	0	1	0	0	1	0	0	2	0	0	10	0	0	0	1	0	0	0	0	1	0	0	0	0	0	0	1	0	0	0	0	0	0	0	0	0	0	8	1	0	0	0	0	0	0	1	0	0	1	0	0	0	0	0	2	0	0	89	0	1	0	0	0	4	0	32	0	4	0	0	0	0	0	0	12	0	0	1	0	0	0
OTU_476	OTU_476	0	0	0	0	0	0	0	0	0	0	0	0	0	0	0	0	0	0	0	0	1	0	0	0	0	0	0	0	0	0	0	0	0	0	0	0	0	0	0	0	0	0	246	0	0	0	0	0	0	0	0	0	0	0	1	0	0	0	0	0	0	0	0	0	0	0	0	0	0	0	8	0	0	0	0	0	0	1	0	0	0	0	1	0	0	0	0	0	0	0	0	0	0	0	0	0	0	0	0	0	0	7	0	0	0	0	0	0	0	79	0	0	0	0	0	11	0	0	0	2	0	0	0	0	0	12	0	0	0	0	0	0	0	0	0	0	0	0	0	0	51	0	0	0	1	0	0	0	0	0	0	0	0	1	0	0	1	0	0	0	0	35	0	0	0	0	0	0	0	0	0	0
OTU_478	OTU_478	0	0	0	0	0	0	0	0	0	0	0	0	0	0	0	0	0	0	0	0	0	0	0	0	0	0	0	0	0	0	0	0	0	0	0	0	0	0	0	0	0	0	0	0	0	0	0	0	0	0	0	0	0	0	0	0	0	0	0	0	0	0	0	1	0	0	0	0	0	0	0	0	0	0	0	0	0	0	0	0	0	0	0	0	0	0	0	0	0	0	0	0	0	0	0	0	0	0	0	0	0	0	0	0	0	0	0	0	0	0	0	0	0	0	0	0	0	0	0	0	0	0	0	0	1	0	0	0	0	0	0	0	0	0	0	0	0	0	0	0	0	0	0	0	0	0	0	0	0	0	0	0	0	0	0	0	0	0	0	0	0	0	0	0	0	0	0	0	0	0	0	0
OTU_479	OTU_479	0	1	0	2	1	0	0	0	1	0	0	2	1	1	4	6	50	0	0	0	4	1	0	2	0	0	0	0	2	0	0	0	8	2	7	1	4	2	1	0	0	0	13	1	0	2	3	0	1	4	0	0	0	6	0	0	0	0	3	1	0	1	0	3	0	0	0	0	0	1	1	0	0	0	0	0	1	0	0	0	0	0	0	0	1	7	15	0	1	0	1	0	0	1	1	0	0	0	1	0	0	2	7	1	0	0	0	1	0	0	2	0	2	0	0	0	0	0	0	0	0	7	3	17	2	7	2	0	3	2	0	0	1	3	1	0	1	0	1	0	0	1	0	0	0	25	0	1	1	0	0	0	3	3	0	0	0	20	0	0	0	0	0	0	0	1	0	2	33	4	0	8
OTU_480	OTU_480	0	3	0	1	0	0	2	4	0	0	0	1	0	1	0	1	0	2	3	0	68	0	0	4	1	0	0	4	0	0	4	0	1	0	6	5	0	3	0	0	0	14	1	1	4	2	6	2	0	1	0	0	6	0	1	0	0	0	0	7	0	0	0	0	0	0	0	0	0	8	0	0	0	0	0	0	0	0	1	0	1	0	0	0	1	2	12	0	0	0	0	6	0	0	1	0	1	0	1	1	0	49	0	0	0	1	0	0	0	1	0	0	0	0	0	8	6	4	0	0	0	1	0	0	0	0	1	1	0	0	1	0	2	7	0	0	3	11	8	19	9	0	0	2	0	3	1	5	60	4	0	0	0	0	3	0	19	0	1	0	1	1	0	1	0	5	0	0	1	1	2	0
OTU_481	OTU_481	0	0	0	0	0	0	0	0	0	0	0	0	0	0	0	0	0	0	0	0	0	0	0	0	0	0	0	0	0	0	0	0	0	0	0	0	0	0	0	0	0	0	0	0	0	0	0	0	0	0	0	0	0	0	0	0	0	0	0	0	0	0	0	0	0	0	0	0	0	0	0	0	0	0	0	0	0	0	0	0	0	0	0	0	0	0	0	0	0	0	0	0	0	1	0	0	0	0	0	0	0	0	0	0	0	0	0	0	0	0	0	0	0	0	0	0	0	0	0	0	0	0	0	0	0	0	0	0	11	0	0	3	0	0	0	0	0	0	0	0	0	0	0	0	0	0	0	0	0	0	0	0	0	0	0	0	1	0	0	0	0	0	0	0	0	0	0	0	0	0	0	0
OTU_482	OTU_482	0	0	1	0	0	0	5	0	1	0	0	8	0	15	0	0	0	0	0	0	0	0	0	15	0	0	6	0	0	0	10	0	0	0	1	0	0	0	0	2	1	0	3	0	6	0	0	0	0	0	0	0	0	0	0	0	0	0	0	0	0	0	0	198	0	0	0	0	0	7	1	0	0	0	0	1	0	0	0	0	2	0	0	0	0	0	0	0	0	0	0	0	0	0	1	0	0	0	2	0	3	2	0	1	0	0	4	0	0	0	0	0	0	0	0	0	2	11	0	0	0	0	0	0	0	0	0	0	20	0	0	0	1	0	1	11	0	0	0	0	5	5	2	0	2	1	0	0	27	0	1	2	0	0	0	0	12	0	3	0	2	8	0	1	0	4	0	0	4	0	0	0
OTU_483	OTU_483	1	3	0	1	4	0	0	0	5	42	1	0	4	0	3	0	0	0	4	1	2	0	1	1	0	1	0	3	2	1	0	25	1	0	1	1	0	8	0	1	19	0	1	0	0	5	1	0	0	7	0	10	0	0	585	0	2	6	2	9	0	0	1	1	0	0	3	6	0	0	1	0	0	0	2	1	1	1	0	7	0	1	4	1	0	0	0	0	0	0	0	1	37	0	0	0	0	0	15	0	0	0	0	4	0	0	0	0	0	0	0	0	0	0	6	0	1	0	0	0	0	0	0	0	1	0	0	0	0	0	0	0	0	0	81	0	0	0	0	0	0	135	0	0	0	0	8	0	0	0	1	0	0	0	0	0	0	0	0	0	0	0	0	5	0	0	0	1	0	0	1	2
OTU_484	OTU_484	1	0	2	2	0	0	0	0	0	0	1	0	1	1	0	0	14	1	2	1	0	0	0	0	0	1	0	0	0	0	0	0	1	2	3	0	0	0	0	1	2	0	0	0	0	0	0	0	0	1	0	0	0	0	0	0	1	0	0	0	1	0	0	2	0	0	0	0	0	0	0	2	1	0	0	7	0	0	0	0	0	0	0	0	0	0	2	0	0	0	4	0	0	0	1	0	0	0	0	0	0	0	0	0	0	0	1	1	0	0	0	0	2	0	2	0	0	0	0	0	0	0	1	7	2	0	0	0	0	0	0	0	1	0	0	0	0	0	1	3	0	1	2	0	0	0	0	0	0	0	0	0	0	0	0	0	1	0	0	0	0	0	0	0	0	5	0	0	0	0	0	1
OTU_486	OTU_486	1	2	0	1	0	0	1	3	2	0	1	0	0	0	2	0	26	0	1	1	1	0	1	1	4	0	0	0	0	0	0	0	0	1	0	0	0	0	0	0	5	9	1	0	0	2	0	1	2	1	4	0	0	0	0	0	0	1	0	0	1	0	0	0	0	8	0	0	0	1	0	0	2	1	0	17	0	1	0	0	2	0	0	0	0	1	3	1	0	0	13	0	0	0	0	0	0	0	0	0	0	0	0	0	0	1	0	1	1	0	3	0	0	0	0	0	0	0	0	0	0	1	1	19	0	0	9	0	0	0	0	0	4	0	0	0	0	0	5	3	0	0	0	0	0	0	2	0	0	0	0	0	0	2	0	0	1	2	0	0	0	0	0	1	0	11	0	0	3	0	0	7
OTU_487	OTU_487	0	1	0	0	0	0	0	0	1	0	0	0	0	0	0	0	0	0	0	0	0	0	0	0	0	0	0	0	0	0	0	0	0	0	0	0	0	0	1	1	0	0	0	0	0	0	0	0	0	0	0	0	0	15	0	5	1	0	0	0	0	0	0	0	0	0	0	1	0	0	0	0	0	0	0	0	0	0	0	0	0	0	0	0	0	3	0	0	0	0	0	0	0	0	0	0	0	0	0	0	0	0	0	0	0	0	0	0	1	0	0	0	0	0	0	0	0	0	0	0	0	0	0	0	0	0	0	0	0	0	0	0	4	0	0	0	0	0	0	0	1	0	0	1	0	0	0	0	0	0	0	0	0	0	0	0	3	0	0	0	0	0	0	0	0	0	0	0	0	0	0	0
OTU_488	OTU_488	0	0	0	0	0	0	0	0	0	3	0	0	0	0	0	0	0	0	0	0	0	1	0	0	2	0	0	0	1	0	1	0	0	0	0	0	0	0	0	0	1	0	0	0	0	0	0	0	0	0	0	0	2	0	0	0	1	0	0	0	0	0	0	0	0	0	1	0	0	0	0	0	0	0	0	0	0	0	0	1	0	1	0	0	0	0	1	0	0	0	0	2	0	0	1	0	0	0	0	0	0	0	0	0	1	0	0	0	0	0	0	0	0	0	0	0	0	0	0	0	0	1	0	0	0	4	0	0	0	0	0	2	0	0	0	0	0	0	0	0	0	1	0	0	2	1	0	0	0	0	0	0	0	0	0	4	0	0	2	1	0	0	0	0	3	0	0	0	0	0	0	0
OTU_489	OTU_489	0	0	0	1	0	0	1	0	0	0	0	0	0	0	0	15	0	0	0	0	0	0	0	0	0	0	0	1	0	0	27	0	0	0	0	0	1	0	0	0	0	0	0	0	0	0	0	0	0	0	0	0	0	0	0	0	0	0	0	0	1	0	0	0	0	0	0	0	0	0	1	0	0	0	0	0	0	0	0	0	0	0	0	0	0	0	0	0	0	0	0	0	0	0	0	0	0	0	0	0	0	2	0	0	0	0	0	1	0	0	0	0	0	0	0	0	0	0	0	0	0	0	0	0	0	0	0	0	1	0	0	0	1	0	0	0	0	0	0	0	7	0	0	0	0	0	0	0	0	0	0	0	0	0	0	0	0	0	0	0	0	0	0	0	0	0	0	0	0	0	0	0
OTU_490	OTU_490	0	0	0	0	0	0	0	0	0	0	0	0	0	0	0	0	0	0	0	0	0	0	0	0	0	0	0	0	0	0	0	0	0	0	0	0	0	0	0	0	0	0	0	0	0	0	0	0	0	0	0	0	0	0	0	0	0	0	0	0	0	0	0	0	0	0	0	0	0	0	0	0	0	0	0	0	0	0	0	0	0	0	0	0	0	0	0	0	0	0	0	0	0	0	0	0	0	0	0	0	0	0	0	0	0	0	0	0	0	0	0	0	0	0	0	0	0	0	0	0	0	0	0	0	0	0	0	0	1	0	0	0	0	0	0	0	0	0	0	0	0	0	0	0	0	0	0	0	0	0	0	0	0	0	0	0	0	0	0	0	0	0	0	0	0	0	0	0	0	0	0	0
OTU_491	OTU_491	0	0	0	0	0	0	0	0	0	0	0	0	0	0	0	0	0	0	0	0	0	0	0	0	0	0	0	0	0	0	0	0	0	0	0	0	0	0	0	0	0	0	0	0	0	0	0	0	0	0	0	0	0	0	0	0	0	0	0	0	0	0	0	0	0	0	0	0	0	0	0	0	0	0	0	0	0	0	0	0	0	0	0	0	0	0	0	0	1	0	0	0	0	0	0	0	0	0	0	0	0	0	0	0	0	0	0	0	0	34	0	0	0	0	0	0	0	0	0	0	0	0	0	0	0	7	0	0	46	0	0	0	0	0	0	0	0	0	0	0	0	0	0	0	0	0	0	0	0	0	3	0	0	0	0	0	0	0	21	0	0	0	0	0	0	0	0	0	0	0	0	0
OTU_492	OTU_492	0	0	0	0	0	49	0	5	0	0	0	0	2	0	0	1	0	0	1	2	0	0	0	0	0	2	0	1	0	0	0	4	0	0	0	0	0	0	0	0	0	2	0	0	0	0	1	2	0	0	0	0	0	6	0	1	0	13	0	2	0	3	0	0	1	0	0	0	0	0	0	0	0	0	0	0	0	0	0	0	0	0	0	0	1	0	0	0	0	0	0	0	0	0	0	0	0	0	1	0	0	0	0	0	0	0	0	0	0	1	1	0	0	0	0	0	0	9	0	0	0	0	0	0	0	8	0	0	0	0	0	0	0	0	0	0	0	0	2	0	0	1	0	0	0	0	0	0	0	0	0	0	0	0	0	0	1	0	0	0	0	0	0	0	0	0	0	0	0	0	0	0
OTU_493	OTU_493	0	0	0	0	0	0	0	0	6	0	0	0	0	1	0	0	0	65	0	0	1	0	0	0	0	0	0	1	0	0	0	0	0	7	0	0	0	0	0	3	0	0	0	0	0	0	218	0	0	0	0	0	0	0	0	0	0	0	0	0	0	0	0	0	0	0	0	0	0	0	0	0	1	1	0	0	0	0	0	0	0	0	1	0	189	0	0	0	0	0	1	0	0	0	0	0	0	0	0	0	8	146	0	2	0	0	0	0	0	1	0	0	0	0	0	0	0	0	0	0	0	0	0	2	0	0	0	0	0	0	0	0	1	0	0	57	0	2	3	0	0	1	0	0	0	0	0	0	0	0	0	0	0	0	0	0	0	0	0	6	0	0	28	0	0	0	0	187	0	0	0	0
OTU_494	OTU_494	0	0	0	0	0	4	2	0	0	0	0	0	1	0	0	0	0	0	0	0	0	0	0	0	0	0	2	0	0	0	2	0	0	0	0	2	0	0	1	2	0	0	0	0	0	0	1	0	0	0	1	0	0	1	0	0	0	0	0	0	0	0	0	1	0	0	0	0	0	2	0	0	0	0	0	0	0	0	1	6	0	0	1	0	0	0	0	0	0	1	0	0	0	0	1	0	3	0	0	0	0	0	0	0	0	0	0	0	0	0	0	0	0	0	0	0	0	3	0	1	0	0	0	0	0	6	0	0	13	0	0	0	0	1	0	2	0	0	0	0	0	0	0	0	1	0	0	0	2	0	0	0	0	0	0	0	0	0	6	0	0	0	0	0	0	2	0	0	0	0	0	1
OTU_495	OTU_495	0	0	1	0	0	1	0	3	0	0	0	1	4	2	0	0	0	0	0	0	0	0	0	0	0	0	0	0	1	0	7	2	0	0	0	1	0	0	0	0	4	2	0	0	0	1	0	0	0	0	0	0	0	1	1	0	0	1	0	0	1	0	0	1	0	0	3	0	0	0	1	1	0	0	0	0	0	0	0	33	0	0	0	0	0	0	0	0	0	0	0	0	0	0	1	0	0	0	0	0	0	0	0	0	0	0	0	0	0	0	0	0	0	0	0	0	0	0	1	0	0	0	0	0	0	0	0	0	0	0	0	0	0	6	0	0	0	0	2	0	0	0	0	0	0	0	0	0	0	0	0	0	0	0	0	0	0	0	0	0	0	0	0	0	0	0	0	0	0	0	0	3
OTU_496	OTU_496	1	0	0	0	0	0	0	0	0	0	0	0	0	0	0	0	0	0	0	0	0	0	0	0	0	0	0	0	0	0	0	0	0	0	0	0	0	0	0	0	0	0	0	0	0	0	0	0	0	0	0	0	0	0	0	0	0	0	566	0	0	0	0	0	0	0	0	0	0	0	0	0	0	0	0	0	0	0	0	0	0	0	0	0	0	0	0	1	0	0	0	0	0	0	0	0	0	1	0	0	2	0	0	0	0	1	0	0	0	0	0	0	0	0	0	0	0	0	224	0	0	0	0	0	0	0	0	0	0	0	0	2	0	1	0	0	0	0	0	0	0	0	0	0	0	0	0	0	0	0	8	0	0	0	0	0	0	0	0	0	0	0	1	0	0	0	0	0	0	0	0	0
OTU_497	OTU_497	0	0	3	0	0	0	0	0	0	0	0	0	0	2	0	0	0	0	0	0	1	0	0	0	0	0	0	0	0	0	0	0	0	0	1	3	0	0	0	0	0	0	0	0	0	0	0	0	0	0	0	0	0	0	0	0	0	0	0	0	0	0	0	0	0	0	0	0	0	0	0	0	0	1	0	0	0	0	0	0	0	0	0	0	1	0	0	4	0	0	0	0	0	0	0	0	0	0	0	0	0	19	0	37	0	0	3	0	1	0	0	0	0	1	0	0	0	0	0	0	0	0	0	0	1	0	0	0	7	0	0	0	0	0	0	0	0	0	0	0	0	0	0	0	0	1	0	0	0	3	0	0	0	0	23	0	3	0	8	0	1	0	0	0	0	0	0	2	1	0	0	0
OTU_498	OTU_498	0	0	0	0	0	0	59	0	0	0	0	0	0	0	0	0	0	5	0	0	0	0	0	0	0	0	0	0	0	0	3	0	0	0	0	0	0	0	0	1	0	0	0	0	2	0	9	0	0	3	0	0	0	0	0	1	0	0	0	0	0	0	1	8	0	0	1	0	0	0	0	0	0	15	0	0	0	0	0	0	0	0	1	0	0	0	0	0	0	2	0	0	1	0	0	0	0	0	3	40	4	4	0	0	0	0	17	15	0	0	0	0	0	0	0	31	2	0	0	0	0	0	0	0	0	0	0	0	0	0	4	0	6	0	2	0	0	16	0	0	21	0	0	0	0	0	0	0	0	0	0	0	0	0	47	1	1	0	0	0	0	0	5	0	0	63	0	0	1	0	0	0
OTU_499	OTU_499	0	0	0	0	0	0	0	0	0	0	0	0	0	0	0	0	0	0	0	0	0	0	0	0	0	0	0	0	0	0	0	0	0	0	0	0	0	0	0	0	0	0	0	0	0	0	0	0	0	0	0	0	0	0	0	0	0	0	0	0	0	1	0	0	0	0	0	0	0	0	0	0	0	0	0	0	0	0	0	0	0	0	0	0	0	0	0	0	0	0	0	0	0	0	0	0	0	0	0	0	0	0	0	0	0	0	0	0	0	0	0	0	0	0	0	0	0	0	0	0	0	0	31	0	0	0	0	0	0	0	0	0	0	0	0	0	0	0	0	0	0	0	0	0	0	0	0	0	0	1	0	0	0	0	0	0	0	0	0	0	0	0	0	0	0	0	0	0	0	0	0	0
OTU_500	OTU_500	0	0	0	0	0	0	2	0	3	0	0	0	0	0	6	0	0	5	1	0	0	0	0	3	0	0	0	0	0	0	24	0	0	0	0	0	0	6	0	1	0	0	0	0	0	4	20	0	0	0	0	0	1	0	0	0	0	0	0	0	0	0	0	8	2	0	0	0	0	0	0	0	0	1	0	1	0	0	0	0	0	0	0	0	15	1	0	0	0	0	0	0	0	0	0	0	0	0	0	0	6	7	7	0	0	0	6	5	1	3	0	0	49	0	0	6	1	7	0	0	0	0	0	1	8	0	0	1	1	0	11	0	2	0	0	5	0	0	0	0	1	0	0	1	0	0	0	1	0	0	1	0	5	0	7	0	9	0	0	3	9	7	3	0	0	0	0	5	0	0	2	0
OTU_501	OTU_501	0	1	0	2	0	0	0	0	0	0	0	0	0	0	0	4	0	0	0	0	0	21	0	0	0	0	0	0	0	0	0	0	0	0	0	58	2	0	0	0	0	23	0	0	0	0	0	0	0	0	1	1	0	0	2	0	0	0	0	0	0	0	0	0	0	0	0	0	0	0	0	0	0	37	0	0	0	0	0	0	0	0	0	0	0	0	0	0	1	0	1	0	0	0	3	0	0	0	1	0	92	11	0	0	0	0	0	20	0	0	1	0	0	0	0	0	6	4	0	0	0	0	0	0	2	0	0	25	0	1	45	9	12	0	0	0	1	63	11	0	79	0	0	0	0	0	0	4	0	0	0	0	0	0	1	0	0	0	0	0	0	0	385	0	0	0	6	0	0	0	1	0
OTU_502	OTU_502	0	0	0	1	0	0	0	0	10	0	0	0	0	0	1	0	38	62	0	0	0	0	0	3	0	0	0	0	0	0	3	0	0	0	0	2	0	2	0	0	0	0	0	0	2	3	0	0	0	1	0	0	0	0	0	0	0	0	0	0	0	0	0	0	0	0	0	0	0	0	0	2	0	1	0	0	0	0	0	0	0	0	1	0	0	0	1	0	0	0	0	0	0	0	0	0	0	0	0	0	2	24	0	1	0	1	0	0	0	12	0	0	0	0	0	5	0	1	0	0	1	0	0	18	0	2	0	0	0	0	8	0	0	0	0	0	0	0	0	1	44	1	0	0	1	0	0	0	0	0	0	0	4	0	0	0	0	5	4	0	0	16	0	0	0	5	0	0	0	0	2	0
OTU_503	OTU_503	0	0	0	0	0	0	0	0	23	0	0	0	0	0	0	0	0	0	0	0	0	0	0	0	0	0	0	0	0	0	0	0	0	0	0	0	0	0	0	0	0	0	0	0	0	0	0	0	0	0	0	0	0	0	0	0	0	0	0	0	0	0	0	0	0	0	0	0	0	0	0	0	0	0	0	0	0	0	0	0	0	3	0	0	0	0	0	0	0	0	0	0	0	0	0	0	0	0	4	0	0	0	0	0	0	0	0	0	0	0	0	0	0	0	0	0	0	0	0	0	0	0	0	0	0	0	0	0	0	0	0	0	0	0	12	0	0	0	0	0	0	0	0	0	8	0	0	0	0	0	0	0	0	0	0	0	0	0	0	0	0	0	0	0	0	0	0	0	0	0	0	0
OTU_504	OTU_504	0	0	0	0	0	0	0	0	0	0	0	0	0	0	0	0	0	0	0	0	0	0	0	0	0	0	0	0	1	0	0	0	0	0	0	0	0	0	0	0	0	0	0	0	0	0	0	0	0	0	0	0	0	0	0	0	0	0	0	0	0	0	0	0	0	0	0	0	0	0	0	0	0	0	0	0	0	0	0	0	0	0	0	0	0	0	0	0	0	0	0	0	0	8	0	0	0	0	1	0	0	46	0	0	0	0	0	0	0	2	0	0	0	0	1	0	0	0	0	5	1	0	0	0	0	0	0	0	1	0	0	0	0	0	3	0	0	0	0	0	0	0	0	0	0	0	0	0	0	0	0	0	0	0	0	0	0	0	0	0	0	0	0	0	0	0	0	0	0	0	0	0
OTU_505	OTU_505	0	0	0	5	0	3	7	0	1	0	2	1	0	4	10	2	12	2	0	0	0	1	0	0	0	3	1	1	0	0	1	0	1	2	1	3	1	2	0	0	0	0	1	0	1	0	6	0	0	0	0	0	1	0	0	1	0	2	1	3	3	0	1	8	1	3	1	0	0	10	3	0	0	0	0	0	6	7	0	0	0	0	14	0	5	1	4	0	0	0	1	0	0	1	0	0	0	0	0	1	1	3	0	2	0	0	0	0	2	0	0	1	0	1	0	1	1	2	0	0	0	2	1	3	2	0	22	0	2	1	3	0	0	0	0	0	0	0	0	0	1	0	0	0	0	0	0	2	16	0	0	0	3	1	2	0	11	0	0	0	0	1	0	0	0	1	0	1	0	0	0	0
OTU_506	OTU_506	0	0	0	0	0	0	0	0	0	0	0	0	0	0	0	0	0	0	0	0	0	0	0	2	0	0	0	0	1	0	0	0	0	0	1	0	0	0	0	0	1	0	0	0	0	0	0	0	0	0	0	0	0	0	0	0	0	0	0	0	0	0	0	0	0	1	0	0	0	0	0	0	0	0	0	0	0	0	0	0	0	0	0	0	0	0	0	0	0	0	0	0	0	0	0	0	0	0	36	0	0	0	0	0	0	0	0	0	0	0	1	0	0	0	0	0	0	0	0	0	0	0	0	0	0	0	0	0	0	0	0	0	0	0	0	0	0	0	0	0	0	0	0	0	528	0	0	0	0	0	0	0	1	0	0	0	0	0	0	0	0	0	0	0	0	0	0	0	0	0	0	0
OTU_507	OTU_507	0	0	0	0	0	0	0	0	0	0	0	0	0	0	0	0	0	3	1	0	0	0	0	1	0	0	0	0	0	0	1	0	0	0	1	0	0	0	0	0	0	0	0	0	0	0	0	0	0	0	0	0	0	0	0	0	0	0	2	0	0	0	0	0	0	0	0	0	0	0	0	0	0	0	0	0	0	0	0	0	0	0	0	0	0	0	2	0	0	0	0	0	0	0	0	0	0	0	2	0	0	0	0	0	0	0	0	0	0	0	0	0	0	1	0	0	0	0	0	0	0	0	0	1	2	0	0	0	0	0	0	0	0	0	0	0	0	0	1	1	0	0	0	0	0	0	0	0	1	0	0	0	0	0	0	1	4	0	1	0	0	0	3	0	0	0	0	0	0	0	0	0
OTU_508	OTU_508	2	0	0	0	0	0	0	0	0	0	0	0	0	0	0	0	0	0	0	0	0	0	0	0	0	0	0	0	0	0	0	0	0	0	0	0	0	0	0	0	0	0	0	0	0	0	0	0	0	0	0	0	0	0	0	0	0	0	0	0	0	0	0	0	0	0	0	0	0	0	0	0	0	0	0	0	0	0	0	0	0	0	0	0	0	0	0	0	0	0	0	0	0	0	0	0	0	0	0	0	0	0	0	0	0	0	0	0	0	0	0	0	0	0	0	0	0	0	0	0	0	0	0	0	0	0	0	0	0	0	0	1	0	0	0	0	0	0	0	0	0	0	0	0	0	0	0	0	0	0	0	0	0	0	0	0	0	0	0	0	0	0	0	0	0	0	11	0	0	0	0	0
OTU_509	OTU_509	0	0	0	1	0	1	0	0	0	0	0	0	0	1	0	0	0	0	0	0	0	0	0	0	0	0	12	0	0	0	0	0	0	0	0	0	0	0	0	1	0	0	0	0	0	0	0	0	0	0	0	0	0	0	0	0	0	0	0	0	0	0	0	0	0	0	1	0	0	0	0	0	0	0	0	0	0	0	0	0	0	0	0	0	0	0	0	0	0	0	0	0	0	0	0	0	0	0	0	0	0	9	0	0	0	0	0	0	0	0	0	0	0	0	0	0	0	0	0	0	0	0	0	0	0	0	0	0	0	0	1	1	1	0	0	0	0	0	0	2	0	0	0	0	0	0	16	44	0	1	0	0	0	0	0	0	0	0	0	0	0	0	0	0	0	0	0	0	0	0	4	0
OTU_510	OTU_510	0	0	1	0	0	1	1	0	0	0	0	1	2	0	0	0	2	0	1	1	3	0	2	0	0	7	1	0	0	0	1	9	2	0	1	0	0	2	2	2	0	0	2	0	0	0	0	8	0	0	0	0	0	0	6	16	0	0	0	1	2	0	2	2	0	0	0	4	1	2	0	0	0	1	1	0	8	2	0	0	0	0	0	0	0	1	0	0	0	0	0	0	0	0	0	0	0	0	1	1	0	4	0	0	0	0	1	0	0	0	1	0	0	0	0	1	0	1	0	0	0	1	0	0	1	0	3	0	1	0	1	0	0	0	3	0	2	0	0	3	1	0	0	0	0	0	1	0	4	0	0	0	1	0	0	0	3	2	0	0	0	0	0	0	0	1	0	1	2	0	0	0
OTU_512	OTU_512	0	0	0	0	0	0	0	0	19	0	0	0	0	0	0	0	0	83	0	0	0	0	1	0	0	0	0	0	0	0	27	0	0	2	0	0	0	2	0	0	0	0	0	0	0	0	0	0	0	0	0	0	0	0	0	1	0	0	0	0	0	0	0	0	0	0	0	0	0	0	0	0	0	0	0	0	0	0	0	0	0	0	1	0	45	0	0	0	0	0	0	0	1	0	0	0	0	0	0	0	0	17	0	0	0	0	0	0	0	27	0	0	0	0	0	118	0	39	0	1	0	0	0	0	0	2	0	0	0	0	0	14	0	0	0	0	0	0	1	0	119	0	0	0	7	0	0	1	0	0	0	0	0	0	0	0	138	0	0	0	0	0	0	1	0	0	0	21	0	0	0	0
OTU_513	OTU_513	0	0	0	0	0	0	0	0	0	0	0	0	0	0	0	0	0	0	0	0	0	0	0	0	0	0	0	14	0	0	0	0	0	0	0	0	0	0	0	0	0	0	0	0	0	0	0	0	0	0	0	0	0	0	0	0	0	0	0	0	0	0	0	0	0	0	0	0	0	0	0	0	0	0	0	0	0	0	0	0	0	0	0	0	0	0	0	0	0	0	0	0	0	0	0	0	0	0	0	0	0	0	0	0	0	0	0	0	0	0	0	0	0	0	0	0	0	0	0	0	0	0	0	0	0	0	0	0	0	0	0	0	0	0	0	0	0	0	0	0	0	0	0	0	0	0	0	0	0	0	0	0	0	0	0	0	0	0	0	0	0	0	0	0	0	0	0	0	0	0	0	0
OTU_515	OTU_515	0	0	0	0	0	0	1	0	0	1	0	0	0	0	4	0	6	4	0	0	0	0	0	1	1	17	1	0	0	0	1	0	0	0	1	0	0	1	0	2	0	0	3	0	0	0	0	0	0	0	0	0	1	1	0	0	10	0	1	0	0	0	0	57	0	10	0	0	0	16	1	0	0	0	0	0	0	0	0	0	1	0	1	0	0	0	0	0	0	0	0	0	0	0	0	0	0	0	1	0	0	3	0	0	0	0	0	0	4	0	0	0	0	0	0	0	0	1	0	0	0	3	0	2	12	0	0	0	2	0	1	0	0	0	0	0	0	0	0	0	3	0	0	5	0	1	0	0	3	0	0	0	0	0	0	0	3	5	3	0	0	0	0	0	0	3	0	0	0	0	0	0
OTU_516	OTU_516	0	0	0	0	0	0	0	0	0	0	0	0	0	0	0	0	0	0	0	0	0	0	0	0	0	0	0	0	0	0	0	0	0	0	0	0	0	0	0	0	0	0	0	0	0	0	0	0	0	0	0	0	0	0	0	0	0	0	0	0	0	0	0	0	0	0	0	0	0	0	0	0	0	0	0	0	0	0	0	0	0	0	0	0	0	0	0	0	0	0	0	0	0	0	0	0	0	0	0	0	0	0	0	0	0	0	0	0	0	0	0	0	0	0	0	0	0	0	0	0	0	0	0	0	0	0	0	0	0	0	0	0	0	0	0	0	0	0	0	0	0	0	0	0	0	0	0	0	0	0	0	0	0	0	0	0	0	0	2	0	0	0	0	0	0	0	0	0	0	0	0	0
OTU_517	OTU_517	0	0	0	0	0	0	0	0	8	0	0	0	0	0	0	0	0	27	0	0	0	0	0	5	0	0	1	0	0	0	1	0	0	0	0	1	0	0	0	0	0	0	0	0	1	0	0	0	0	5	0	1	0	0	0	25	0	0	0	0	0	0	0	0	7	1	2	3	0	7	0	0	0	0	0	0	0	0	0	1	0	0	1	0	0	0	0	0	0	0	0	0	0	2	0	0	0	0	0	0	0	33	0	0	0	0	0	0	0	21	0	0	2	0	0	46	0	13	0	0	1	0	0	0	0	2	0	0	0	2	33	0	5	0	0	0	0	0	0	0	261	0	0	0	2	0	0	1	0	0	0	0	0	0	132	0	4	0	0	0	0	22	0	0	0	64	0	0	1	0	0	0
OTU_518	OTU_518	0	1	0	2	2	0	0	0	0	0	0	0	1	0	0	0	0	0	0	0	1	0	0	0	0	0	0	0	0	0	0	0	9	1	0	0	0	0	0	0	0	0	0	0	0	0	0	0	0	0	0	0	0	0	0	0	1	0	0	0	0	0	0	0	0	0	0	0	0	0	0	0	2	0	0	0	0	0	0	0	0	0	3	0	1	2	0	0	0	0	1	0	0	0	0	0	0	0	1	0	0	0	0	0	0	0	0	0	0	0	0	0	0	0	3	0	0	0	0	0	0	0	0	0	0	0	0	0	0	0	0	0	61	0	0	0	0	0	0	0	0	0	0	1	0	1	4	0	0	0	0	0	0	0	0	0	0	0	0	0	0	0	0	0	0	0	0	0	4	0	1	0
OTU_519	OTU_519	0	0	0	5	0	0	0	0	3	0	0	0	0	0	0	0	0	0	2	0	0	0	0	0	0	0	0	0	0	2	0	0	0	0	0	0	0	0	0	25	0	1	0	0	1	12	0	0	0	1	0	0	0	0	0	0	0	1	0	0	0	36	0	0	0	0	0	0	0	0	0	0	30	0	0	0	0	0	0	0	0	0	0	0	0	0	0	0	67	0	0	0	0	2	2	0	0	0	1	0	1	0	0	0	0	0	0	0	0	2	1	0	0	0	1	0	0	0	0	0	0	0	0	0	0	0	457	0	1	0	0	0	30	0	0	0	0	1	0	1	0	0	0	0	0	0	0	0	0	0	1	0	1	0	2	0	0	0	2	0	0	0	3	4	0	0	0	0	0	0	0	1
OTU_520	OTU_520	0	0	0	0	0	0	0	0	0	0	0	0	0	0	0	0	0	0	0	0	0	1	0	0	0	3	0	24	0	0	0	0	0	0	0	0	0	1	0	0	0	0	0	0	0	0	0	1	0	0	0	0	0	0	0	0	0	0	0	0	0	0	0	0	0	0	0	0	0	73	0	0	0	0	0	0	0	0	0	0	9	0	0	0	0	0	0	0	0	0	0	0	0	0	0	0	0	0	1	58	0	191	35	0	0	0	0	0	0	0	0	0	1	0	0	0	0	0	283	1	1	3	0	0	0	0	0	0	0	0	0	0	0	0	0	0	0	0	0	0	0	0	0	0	22	0	0	0	0	0	0	0	1	1	0	1	0	0	0	0	0	0	0	0	0	0	0	0	0	0	0	0
OTU_521	OTU_521	0	0	3	0	0	0	0	0	0	0	0	2	0	1	0	0	3	3	13	0	0	0	0	0	0	0	3	0	0	0	4	8	0	0	0	0	0	0	0	0	0	0	6	0	3	27	0	0	0	0	0	0	0	0	0	0	0	1	2	0	4	0	0	0	0	0	0	0	0	0	0	0	0	0	0	0	0	0	0	0	0	0	2	0	0	0	0	0	0	0	0	0	0	0	0	0	0	0	11	4	0	0	0	0	0	0	2	0	0	0	0	0	0	0	0	0	0	4	0	0	0	0	0	4	0	0	0	0	8	0	1	0	0	0	19	0	0	0	1	0	0	0	0	1	0	0	0	0	1	0	0	1	0	0	0	0	4	0	1	0	0	0	0	0	0	2	0	0	0	0	0	1
OTU_522	OTU_522	0	0	1	0	0	0	0	0	0	0	0	0	0	4	0	0	0	0	0	0	0	0	0	0	0	0	0	0	0	0	0	0	0	0	0	0	0	0	0	0	0	0	0	0	0	0	0	0	0	0	0	0	0	0	0	0	0	0	0	0	1	0	0	0	0	0	0	0	0	0	0	0	0	0	0	0	0	0	0	0	0	0	0	0	0	0	0	0	0	0	0	0	0	0	0	0	0	0	0	0	0	0	0	0	0	0	2	0	0	0	0	0	0	0	0	0	0	0	0	0	0	0	0	0	0	0	0	0	11	0	0	0	0	0	0	0	0	0	0	0	0	0	0	0	0	0	0	0	0	0	0	0	0	0	0	1	0	0	0	0	0	0	0	0	0	0	0	0	0	0	0	0
OTU_523	OTU_523	0	0	0	0	0	0	0	0	0	0	0	0	0	0	0	0	0	0	0	0	0	0	0	0	0	0	0	3	0	0	0	2	0	0	0	0	0	0	0	0	0	0	0	0	3	0	0	0	0	0	0	0	0	0	0	1	0	0	0	0	0	0	0	0	0	0	0	0	0	0	3	0	0	0	0	0	0	0	0	0	0	0	0	0	0	0	0	0	0	0	0	0	0	0	0	0	0	0	0	0	0	0	0	0	0	0	0	206	0	0	0	0	0	0	0	0	0	0	0	0	0	0	0	0	0	0	0	0	0	0	0	0	0	0	0	0	0	0	0	0	0	0	0	0	0	0	0	0	0	0	0	0	0	0	0	0	0	1	0	0	0	0	0	0	0	0	0	6	0	0	0	0
OTU_524	OTU_524	0	3	0	0	0	0	0	0	0	0	0	0	0	0	0	0	0	0	0	0	0	0	0	0	0	0	0	0	0	0	0	0	0	0	0	0	0	0	0	0	0	0	0	0	0	0	0	0	0	0	0	0	0	0	0	0	0	0	0	0	0	0	0	0	0	0	0	0	0	0	0	0	0	0	0	0	0	0	0	0	0	0	0	0	0	0	0	0	0	0	0	0	0	1	0	0	0	0	0	0	0	0	0	0	0	0	0	0	0	0	0	0	0	1	0	0	0	0	0	0	0	0	0	0	0	0	0	0	0	0	0	0	0	0	0	0	0	0	0	2	0	0	0	0	0	0	1	0	0	0	0	0	0	0	0	0	0	0	0	0	0	0	0	0	0	0	0	0	1	0	0	0
OTU_525	OTU_525	0	1	1	0	0	0	0	0	1	0	0	0	0	1	0	0	6	0	0	1	0	0	0	2	0	0	4	3	0	0	0	0	0	0	2	0	0	1	0	0	0	0	0	3	11	0	0	0	0	1	0	0	5	2	0	0	2	0	1	0	0	1	0	0	0	0	0	0	0	0	2	0	0	1	0	0	1	1	0	0	0	3	0	0	0	2	4	18	0	0	0	0	0	0	0	0	0	0	2	0	0	23	0	0	0	0	2	0	1	2	0	0	0	0	0	2	2	0	0	1	2	2	0	2	0	1	0	1	0	1	0	1	0	0	0	0	0	0	0	4	1	0	0	0	0	0	0	2	0	0	0	0	0	0	7	0	1	0	1	1	1	2	0	0	1	0	0	1	1	0	2	1
OTU_526	OTU_526	0	0	0	0	0	0	0	0	1	0	0	0	0	0	0	0	0	0	0	0	0	0	0	0	0	0	0	0	0	0	0	0	0	0	0	0	0	0	0	0	0	0	0	0	0	0	0	0	0	0	0	0	0	0	0	0	0	0	0	0	0	0	0	0	0	0	0	0	0	0	0	0	0	0	0	0	0	0	0	0	0	0	0	0	0	0	0	0	0	0	0	0	0	0	0	0	0	0	0	0	0	0	0	0	0	0	0	0	0	0	0	0	0	0	0	0	0	0	0	0	0	0	0	0	0	0	0	0	0	0	0	0	0	0	0	0	0	0	0	0	0	0	0	0	0	0	0	0	0	0	0	0	0	0	0	0	0	0	0	0	0	0	0	0	0	0	0	0	0	0	0	0
OTU_527	OTU_527	0	0	0	0	0	0	0	0	0	0	0	0	0	0	0	0	0	0	0	0	0	0	0	0	0	0	0	0	0	0	0	0	0	0	0	0	0	0	0	0	0	0	0	0	0	0	0	0	0	0	0	0	0	0	0	0	0	0	0	0	0	0	0	0	0	0	0	0	0	0	0	0	0	0	0	0	0	0	0	1	0	0	0	0	0	0	0	0	0	0	0	0	0	0	0	0	0	0	0	0	0	0	0	0	0	0	0	0	0	24	0	0	0	0	0	0	0	0	0	0	0	0	0	0	0	2	0	0	0	0	0	0	0	0	0	0	0	0	0	0	0	0	0	0	0	0	0	0	0	0	0	0	0	0	0	4	2	0	0	0	0	0	0	0	1	1	0	0	0	0	0	0
OTU_528	OTU_528	1	0	8	0	0	0	3	5	3	0	0	0	0	0	0	0	0	2	1	0	5	1	0	0	0	0	1	0	3	0	1	0	4	0	1	1	0	0	1	0	0	0	1	1	2	1	0	0	0	0	0	1	0	1	0	0	1	0	1	0	0	0	0	4	0	0	1	1	0	3	0	0	0	0	0	0	2	0	0	0	2	0	0	0	1	0	0	0	0	0	0	0	0	0	0	0	0	0	13	0	0	0	0	0	0	0	0	0	0	0	0	1	0	1	0	0	0	1	0	0	0	7	0	0	14	0	0	0	4	1	0	0	0	0	0	0	0	0	0	2	0	1	0	0	0	3	0	1	8	0	0	0	0	0	0	0	1	0	2	0	0	0	0	0	0	1	0	0	3	26	0	0
OTU_529	OTU_529	0	0	0	0	0	0	0	0	0	0	0	0	0	0	0	0	0	0	0	0	0	0	0	0	0	0	0	0	0	0	0	0	0	0	0	0	0	0	0	0	0	0	0	0	0	0	0	0	0	0	0	0	0	0	0	0	0	0	0	0	0	0	0	0	0	0	0	0	0	0	0	0	0	0	0	0	0	0	0	0	0	0	0	0	0	0	0	0	0	0	0	0	0	0	0	0	0	0	0	0	0	0	0	0	0	0	0	0	0	0	0	0	0	0	0	0	0	0	0	0	0	0	0	0	0	0	0	0	0	0	0	0	0	0	0	0	0	0	0	0	0	0	0	0	0	0	0	0	0	0	0	0	0	0	0	1	0	0	0	0	0	0	0	1	0	0	6	0	0	0	0	0
OTU_530	OTU_530	0	0	0	0	0	0	0	0	0	0	0	1	0	0	0	0	0	0	0	0	0	0	0	0	0	0	0	0	0	0	0	0	0	0	0	0	0	0	0	0	0	0	0	0	0	0	0	0	0	0	0	0	0	0	0	0	0	0	0	0	0	0	1	0	0	0	0	0	0	0	0	0	0	0	0	0	0	0	0	0	0	0	0	0	0	0	0	0	0	0	0	0	0	0	0	0	0	8	0	0	0	0	1	0	0	0	0	0	0	0	0	0	0	0	0	0	0	0	0	0	0	0	0	0	0	0	0	0	0	0	0	0	0	0	0	0	0	0	0	0	0	0	0	0	0	0	0	0	0	0	0	0	0	0	0	0	0	0	0	0	0	0	0	0	0	0	0	0	0	0	0	0
OTU_531	OTU_531	4	1	1	36	0	1	3	8	4	0	0	5	3	5	0	93	785	23	3	2	9	0	0	1	0	24	9	1	203	0	0	5	1	2	8	1919	40	7	4	3	0	4	6	1	0	3	3	5	596	3	1	0	212	41	0	2	4	5	7	1	4	2	17	2	6	3	1	8	0	4	3	3	3	4	2	0	1	0	0	1	7	4	1	1	13	10	1	1431	232	1	0	13	16	3	5	16	959	15	6	7	56	1226	235	711	0	1	0	10	0	2	946	10	31	5	0	2	7	595	1	0	20	2	0	313	11	134	1	17	2	3622	23	3	13	7	4	10	277	8	4	5	26	7	0	213	8	19	108	5	0	2	3	4	1	12	9	17	395	4	5	3	3	52	31	315	0	18	18	4	6	5	7	13
OTU_532	OTU_532	0	0	1	0	0	0	0	0	0	0	0	0	0	0	0	3	0	0	0	0	0	0	0	2	0	1	0	0	0	0	0	0	0	8	0	0	0	1	7	0	0	0	0	0	0	1	0	0	2	0	0	0	0	0	0	0	0	0	0	0	0	0	0	0	0	0	0	0	0	0	0	0	0	0	0	0	0	0	0	0	0	0	0	0	2	4	0	0	3	0	0	0	0	0	0	0	0	0	19	0	0	5	0	1	0	0	0	3	0	0	4	1	0	0	0	0	0	0	0	0	0	1	0	0	0	0	0	0	65	0	0	0	1	0	2	25	0	0	0	1	0	15	0	0	0	0	0	0	30	0	0	0	0	0	0	0	9	0	7	0	0	0	0	0	0	0	0	1	0	0	0	2
OTU_533	OTU_533	0	0	0	0	0	0	0	0	0	0	0	0	0	0	0	0	0	0	0	0	0	0	0	0	0	0	0	0	0	0	0	0	0	0	0	0	0	0	0	0	0	0	0	0	0	0	0	0	0	0	0	0	0	0	0	0	0	0	0	0	0	0	0	0	0	0	0	0	0	0	0	0	0	0	0	0	0	0	0	0	0	0	0	0	0	0	0	0	0	0	0	0	0	0	0	0	0	0	0	0	0	0	0	0	0	0	0	0	0	0	0	0	0	0	0	0	0	0	0	0	0	0	0	0	0	0	0	6	0	0	0	0	0	0	0	0	0	0	0	0	0	0	0	0	0	0	0	0	0	0	0	0	0	0	0	0	0	0	0	0	0	0	0	0	0	0	10	0	0	0	0	0
OTU_534	OTU_534	0	1	9	0	0	0	0	1	1	0	0	0	0	0	0	0	0	0	0	0	0	0	0	4	0	4	0	0	0	0	0	0	0	43	0	0	0	0	0	0	0	0	19	0	1	0	0	0	2	0	0	0	3	1	0	0	0	0	0	0	0	0	0	0	0	0	0	2	0	0	0	0	0	0	0	0	0	0	0	0	0	0	0	0	0	0	0	0	0	0	0	0	0	0	0	0	0	0	0	0	0	0	0	0	0	0	0	0	0	0	1	0	0	0	0	0	0	0	0	0	0	0	0	0	0	0	0	0	1	0	0	0	1	0	0	0	0	0	0	0	0	0	0	0	0	0	0	0	0	0	1	0	0	0	0	0	0	0	1	0	0	0	0	0	0	0	0	0	0	0	0	0
OTU_535	OTU_535	0	0	0	0	0	0	0	0	0	0	0	0	0	0	0	0	0	2	0	0	0	0	0	0	0	0	0	0	0	0	0	0	0	0	0	0	0	0	0	0	0	0	0	0	0	0	0	0	0	0	0	0	0	0	0	0	0	0	0	0	0	0	0	0	0	0	0	0	0	0	0	0	0	0	0	0	0	0	0	0	1	0	0	0	0	0	1	0	0	0	0	0	0	0	0	0	0	0	0	0	0	0	0	0	0	0	0	0	0	0	0	0	0	0	0	0	0	0	0	0	0	0	0	0	0	0	0	0	0	0	0	0	0	0	0	0	0	0	0	0	1	0	0	0	0	0	0	0	0	0	0	0	0	0	0	0	0	0	0	0	0	0	0	0	0	0	0	0	0	0	0	0
OTU_536	OTU_536	0	1	0	1	0	0	1	6	1	0	0	1	0	1	0	0	0	0	2	0	1	1	0	0	0	0	0	0	0	0	1	1	1	0	4	0	209	3	0	1	0	0	1	0	0	2	0	1	1	0	0	2	0	0	0	0	0	1	0	2	0	0	0	2	1	0	0	0	0	0	0	0	20	0	0	2	0	0	1	0	0	1	0	1	0	1	0	0	0	0	0	0	0	0	0	0	0	0	2	0	0	0	0	2	0	0	0	0	0	0	2	0	2	0	0	0	1	1	0	0	0	0	0	0	4	0	0	0	0	0	0	0	0	0	0	0	0	0	2	2	0	0	0	0	0	0	0	0	0	0	0	1	0	0	1	0	0	0	0	0	0	0	0	1	0	0	0	2	1	1	0	0
OTU_537	OTU_537	3	0	13	0	9	0	0	0	2	2	2	0	8	3	0	2	25	1	0	1	0	3	0	0	7	2	0	3	1	1	0	2	0	4	6	0	3	1	0	3	27	5	0	2	0	0	1	0	3	0	19	0	0	0	1	2	3	3	0	1	9	3	0	10	0	3	0	0	0	5	0	5	36	4	3	0	5	0	1	3	6	1	0	0	8	0	1	0	0	0	3	10	0	0	0	0	0	0	3	0	0	0	1	0	0	0	0	0	4	0	2	0	1	0	4	0	1	0	0	0	1	5	0	11	0	0	4	0	0	6	1	0	2	0	0	0	0	0	4	0	1	0	0	0	1	0	0	0	0	0	0	1	2	2	0	0	4	0	0	0	0	0	0	0	0	18	0	3	0	3	1	31
OTU_538	OTU_538	0	0	0	1	0	0	0	0	0	0	0	0	0	3	0	0	0	0	0	0	0	0	0	0	0	0	1	0	0	0	0	0	0	0	0	0	0	0	0	0	0	0	0	0	29	4	0	0	0	1	0	0	0	0	0	0	0	0	0	4	0	0	0	0	0	10	0	0	0	3	0	0	0	0	0	0	0	0	0	0	0	0	1	0	0	0	0	0	0	0	0	0	0	0	0	0	0	0	0	0	0	0	0	0	0	0	0	0	1	0	0	0	0	0	0	0	0	0	0	0	0	0	0	0	28	0	0	0	0	5	0	0	0	0	0	0	0	0	0	0	0	0	0	0	0	0	0	0	0	0	0	0	0	0	0	0	0	0	0	0	0	0	0	1	0	0	0	0	0	0	0	0
OTU_539	OTU_539	0	0	0	0	0	0	0	0	0	0	0	0	0	0	0	0	0	0	0	0	0	0	0	0	0	0	0	0	0	0	0	0	0	0	0	0	0	0	0	0	0	0	0	0	0	0	0	0	0	0	0	0	0	0	0	0	0	0	0	0	0	0	0	0	0	5	0	0	0	0	0	0	0	0	0	0	0	0	0	0	0	0	0	0	0	0	0	0	0	0	0	0	0	0	0	0	0	0	0	0	0	0	0	0	0	0	0	0	0	0	0	0	0	0	0	0	0	0	0	0	0	0	0	0	0	0	0	0	1	0	0	0	0	0	0	0	0	0	0	0	0	0	0	0	0	0	0	0	0	0	0	0	0	0	0	0	0	0	0	0	0	0	0	0	0	0	0	0	0	0	0	0
OTU_540	OTU_540	0	1	0	0	0	0	6	0	4	0	0	0	0	0	1	0	0	7	3	0	0	1	0	2	0	0	0	0	0	0	12	0	0	0	0	0	2	0	0	1	0	0	1	0	1	3	0	0	0	0	1	0	1	0	0	1	0	0	0	0	0	0	0	62	0	0	0	0	0	0	0	0	0	0	0	0	0	0	1	0	0	0	0	0	0	0	0	0	0	0	0	0	0	0	0	0	0	0	0	0	0	0	0	0	0	0	4	0	0	0	0	0	0	0	0	1	0	1	0	0	0	0	0	0	0	0	0	0	0	0	0	0	0	0	1	0	0	0	0	0	1	0	2	0	0	0	0	0	0	0	0	0	1	0	0	0	0	26	0	0	0	0	0	0	0	0	0	0	0	0	0	0
OTU_541	OTU_541	0	8	0	0	0	1	0	4	0	0	0	4	1	3	2	0	4	1	4	0	10	0	0	0	0	0	0	0	0	0	0	1	0	0	6	5	0	2	0	1	0	0	13	11	0	4	33	0	18	1	0	0	3	1	0	0	4	0	0	0	0	0	0	2	0	1	0	0	0	0	2	0	0	2	0	0	3	7	0	0	4	0	0	0	0	0	1	0	0	0	2	0	0	0	0	4	0	0	1	0	0	1	1	0	0	0	0	3	0	1	7	5	0	0	0	0	0	3	0	4	0	0	0	1	3	0	2	0	2	0	1	0	0	10	0	0	0	3	0	0	2	0	0	1	0	1	0	10	0	8	0	0	2	0	0	1	2	2	1	0	0	0	0	2	0	2	0	0	0	1	4	1
OTU_542	OTU_542	0	0	0	0	10	0	13	0	0	0	0	0	0	0	0	1	0	0	0	0	0	0	0	0	1	0	0	0	0	0	4	0	0	0	113	0	1	0	1	0	0	0	0	2	16	0	0	0	0	1	0	0	65	20	0	1	0	0	0	0	0	0	0	0	0	0	0	1	0	0	0	0	0	7	0	0	0	0	0	0	0	0	1	0	0	0	9	1	0	0	0	0	1	0	1	17	0	0	1	22	7	45	8	0	0	0	6	0	0	0	0	0	0	0	0	12	0	1	11	0	0	0	0	0	0	0	0	0	2	0	2	0	3	0	1	0	0	19	0	0	24	0	0	3	1	0	0	9	1	0	0	0	0	0	0	11	0	3	0	4	0	4	0	0	0	21	0	0	0	4	2	0
OTU_543	OTU_543	13	4	0	2	6	2	2	0	1	3	0	0	1	0	0	0	1	0	1	2	1	2	0	0	3	6	0	1	1	1	0	0	3	3	4	0	1	0	1	1	20	0	0	0	0	1	15	3	1	0	1	0	0	3	2	1	0	0	0	0	1	4	1	0	1	6	0	1	1	1	0	2	4	1	0	0	1	1	0	10	0	0	1	1	1	0	0	0	0	0	1	1	0	0	1	1	0	0	0	0	0	0	2	0	1	0	0	0	1	0	1	0	0	0	0	0	1	0	0	1	0	3	1	0	1	0	3	0	0	0	0	0	2	0	0	1	0	0	0	0	1	0	0	0	1	0	0	1	1	0	0	0	0	0	0	1	0	2	0	1	0	0	0	0	0	1	0	1	0	1	1	2
OTU_544	OTU_544	0	2	0	1	0	0	0	0	3	0	0	43	1	31	1	0	1	52	0	0	0	0	0	0	0	0	3	0	0	0	5	0	0	0	1	0	2	0	0	0	0	0	0	0	0	0	0	0	0	0	1	3	0	0	0	0	0	0	0	0	0	0	0	2	1	0	0	0	0	0	0	0	1	0	0	0	0	0	0	0	0	0	0	0	2	2	0	0	0	0	0	0	0	1	2	0	0	0	0	1	2	0	0	0	0	0	2	0	0	0	0	0	0	0	0	0	0	0	0	0	0	0	0	0	0	2	0	0	1	0	0	0	0	3	0	0	0	11	0	0	1	0	0	0	0	0	0	0	0	0	0	0	20	0	2	0	8	0	2	0	0	27	0	0	0	0	0	0	0	0	0	0
OTU_545	OTU_545	1	0	0	0	0	3	0	3	0	0	0	0	13	0	0	0	0	0	0	0	0	0	0	0	0	0	0	2	10	0	0	0	0	0	0	1	0	0	0	0	0	0	0	0	0	0	0	0	0	0	0	0	0	2	0	0	0	0	0	0	0	0	0	0	0	1	0	0	0	0	2	0	0	0	0	0	0	0	0	12	0	0	0	0	1	0	0	0	0	0	0	0	0	0	0	0	0	0	0	0	0	0	0	0	0	0	0	0	0	0	1	0	0	0	0	0	0	2	0	0	0	0	0	0	0	0	0	0	0	0	0	0	0	0	0	0	0	0	0	0	0	0	0	0	0	0	0	0	0	0	0	0	0	0	0	0	0	0	0	0	0	0	0	0	0	0	0	0	0	0	0	2
OTU_546	OTU_546	0	0	0	0	0	0	0	0	0	0	0	1	0	3	0	0	0	0	0	0	0	0	0	0	0	0	1	0	0	0	3	0	0	0	0	0	0	0	0	0	0	0	0	0	0	0	0	0	0	0	0	0	0	0	0	0	0	0	0	0	0	0	0	0	0	0	0	0	0	0	0	0	0	0	0	0	0	0	0	0	0	0	0	0	0	0	0	0	0	0	0	0	0	0	0	0	0	0	0	0	0	224	0	0	0	0	0	0	0	0	0	0	0	4	0	0	0	0	0	0	0	0	0	0	0	0	0	0	0	2	0	0	0	0	0	0	0	0	0	0	0	0	0	0	0	0	1	0	0	0	0	0	5	0	0	0	52	0	0	0	0	0	0	0	0	0	0	0	0	0	0	0
OTU_547	OTU_547	6	3	1	5	3	0	14	0	2	131	1	2	20	7	1	9	0	4	10	1	11	0	1	0	35	3	0	3	8	4	0	12	5	2	1	3	106	3	1	13	37	0	1	5	1	9	58	1	53	2	0	0	0	0	5	4	113	48	2	9	7	29	1	13	2	0	26	1	0	14	2	2	1	6	14	0	10	2	8	10	2	2	1	12	12	4	158	0	2	0	1	15	0	3	0	5	0	0	3	0	78	5	2	1	2	0	23	2	2	0	55	0	7	0	144	7	0	12	0	0	0	16	8	0	5	0	42	0	4	14	0	1	133	1	4	20	5	0	1	1	1	0	4	0	1	0	3	4	10	6	146	1	48	2	1	1	6	1796	0	0	1	6	0	6	0	0	0	9	1	3	2	188
OTU_548	OTU_548	0	0	0	0	0	3	0	0	0	0	0	0	2	0	0	0	0	0	0	0	0	0	0	0	0	0	0	0	2	1	0	0	0	0	0	2	0	0	0	0	2	0	0	0	0	0	0	1	1	0	0	0	0	8	0	0	0	0	0	0	1	0	0	0	0	0	0	0	0	0	0	0	0	0	0	0	0	0	0	15	0	0	0	0	0	0	0	0	0	0	0	0	0	0	0	0	0	0	0	0	0	0	0	0	0	0	0	0	0	0	0	0	0	0	1	0	0	0	0	0	0	0	0	0	0	0	0	0	7	0	0	0	0	0	1	0	0	0	0	0	0	0	0	0	0	0	0	0	0	0	0	0	0	0	0	0	0	0	3	0	0	0	0	0	0	0	0	2	0	0	0	1
OTU_549	OTU_549	0	0	1	1	0	0	1	0	0	0	0	0	0	1	0	0	0	0	0	0	0	0	0	0	0	0	0	0	0	0	1	0	0	0	0	0	0	0	0	0	0	0	0	0	20	13	0	0	0	0	0	0	0	0	0	0	0	0	6	0	0	0	0	0	0	0	4	0	0	1	0	0	0	8	0	0	0	0	0	0	0	0	0	0	0	0	2	0	0	0	0	0	0	0	0	0	0	0	0	0	0	0	0	0	0	2	0	0	0	0	0	0	0	30	0	0	0	6	0	0	0	1	0	0	0	0	0	0	0	0	0	0	0	0	0	0	0	0	0	0	0	1	0	0	0	0	0	0	3	0	0	0	0	0	1	0	3	0	0	0	0	0	0	1	0	30	0	0	1	0	0	0
OTU_550	OTU_550	1	0	0	0	0	0	0	0	1	0	0	0	2	0	0	0	0	0	0	0	0	0	0	0	0	3	0	5	0	0	0	0	1	0	0	1	0	0	0	0	0	0	2	0	0	0	0	1	0	2	0	0	0	0	0	0	0	0	0	0	1	0	0	0	0	0	0	0	0	0	0	0	0	0	0	0	0	1	0	1	0	0	0	0	0	0	0	0	0	0	0	0	0	0	0	8	2	0	2	0	0	1	0	1	0	0	1	0	0	0	0	0	8	3	0	0	0	0	0	2	0	0	0	0	0	0	0	0	0	0	0	0	0	0	0	0	7	0	0	3	1	0	0	0	0	0	0	0	2	0	0	11	0	1	0	0	1	0	0	0	0	1	0	0	0	2	1	0	0	0	0	0
OTU_551	OTU_551	0	0	0	0	0	0	0	0	0	0	0	0	0	0	0	0	0	0	0	0	0	0	0	0	0	0	0	0	0	0	0	0	0	0	0	0	0	0	0	0	0	0	0	0	0	0	5	0	0	0	0	0	0	0	0	0	0	0	1	0	0	0	0	0	0	0	0	0	0	0	0	0	0	0	0	0	0	0	0	0	0	0	0	0	0	0	0	0	0	0	0	0	0	9	0	0	0	0	0	0	0	0	0	0	0	0	0	0	0	0	0	0	0	0	0	0	0	0	0	0	0	0	0	0	0	0	0	0	0	0	0	0	0	0	0	0	0	0	0	0	0	0	0	0	0	0	0	0	0	0	0	0	0	0	0	0	0	0	0	0	0	14	0	0	0	0	0	0	0	0	0	0
OTU_552	OTU_552	0	0	0	0	0	0	0	0	0	0	0	0	0	0	0	0	0	0	0	0	0	0	0	0	0	0	0	0	0	0	0	0	0	0	0	0	0	0	0	0	0	0	0	0	0	0	0	0	0	0	0	0	0	0	0	0	0	0	0	0	0	0	0	0	0	0	0	0	0	0	0	0	0	0	0	0	0	0	0	0	0	0	0	0	0	0	0	0	0	0	0	0	0	0	1	0	0	0	0	0	0	0	7	0	0	0	0	0	0	0	0	0	0	0	0	0	1	0	0	0	0	0	0	0	0	0	0	0	26	0	2	0	0	0	0	0	0	0	0	0	0	0	0	0	0	0	0	3	0	0	0	0	0	0	0	0	0	0	24	0	0	0	0	0	0	0	0	0	0	0	0	0
OTU_553	OTU_553	0	0	0	0	0	4	0	3	0	0	0	0	0	0	0	0	0	0	0	0	0	0	0	0	0	0	0	0	0	0	0	0	0	0	0	0	0	0	1	0	0	0	0	0	0	0	0	1	0	0	0	0	0	0	0	0	0	0	0	0	0	0	0	0	0	0	0	0	0	0	0	0	0	0	0	0	0	0	0	0	0	0	0	0	0	0	0	0	0	0	0	0	0	0	0	0	0	0	0	0	0	0	0	0	0	0	0	0	0	0	0	0	0	0	0	0	0	0	0	0	0	0	0	0	0	0	0	0	0	0	0	0	0	0	0	0	0	0	0	0	0	0	0	0	0	0	0	0	0	0	0	0	0	0	0	0	0	0	0	0	0	0	0	0	0	0	0	0	0	0	0	0
OTU_555	OTU_555	0	0	0	0	0	0	0	0	0	0	0	0	0	0	0	0	0	0	0	0	0	0	0	0	0	0	0	0	0	0	0	0	0	0	0	0	0	0	0	0	0	0	0	0	0	0	0	0	0	0	0	0	0	0	0	0	0	0	0	0	0	0	0	0	0	0	0	0	0	0	0	0	0	0	0	0	0	0	0	4	0	0	0	0	0	0	0	0	0	0	0	0	0	0	0	0	0	0	0	0	0	0	0	0	0	0	0	0	0	61	0	0	0	0	0	0	0	0	0	2	0	0	0	0	0	7	0	0	0	0	0	0	0	0	0	0	0	0	0	0	0	0	0	0	0	0	0	0	0	0	0	0	0	0	0	0	2	0	0	0	0	0	0	0	0	0	0	0	0	0	0	0
OTU_556	OTU_556	0	25	1	1	1	0	1	0	0	0	0	0	0	0	0	0	28	0	74	0	0	1	0	1	0	0	0	0	0	0	34	0	0	3	1	4	0	0	0	0	0	0	0	0	1	2	0	0	0	1	0	2	0	0	0	0	0	0	0	0	0	0	0	7	0	0	0	0	0	0	0	0	0	1	0	0	0	0	6	0	0	0	0	0	42	0	0	0	8	0	0	0	0	0	0	0	0	0	0	0	1	42	0	0	0	0	0	0	0	0	0	0	1	0	0	1	0	31	0	0	0	0	0	7	1	0	0	0	27	0	0	0	0	0	0	0	0	0	0	0	47	0	0	0	0	0	0	0	14	0	0	0	0	0	1	0	16	0	4	0	0	0	2	1	0	1	0	16	0	0	0	0
OTU_557	OTU_557	0	16	0	0	0	0	0	0	1	0	0	0	0	0	0	0	0	14	0	0	0	0	0	0	0	0	0	0	0	0	0	0	0	0	0	0	1	0	0	0	1	0	0	0	0	0	0	0	0	0	0	2	0	0	0	0	0	0	0	0	0	0	0	5	0	0	0	0	0	0	0	0	0	1	0	0	0	0	0	0	0	0	0	0	0	0	0	10	0	0	0	0	1	0	0	0	0	0	4	0	0	174	0	0	0	0	53	108	0	3	0	2	0	1	0	2	0	0	0	0	0	0	0	0	0	2	2	0	0	0	0	0	0	0	5	0	0	0	0	0	2	0	0	0	0	4	0	1	0	0	0	0	0	0	1	0	3	0	0	1	0	90	0	1	0	0	0	0	12	0	0	0
OTU_558	OTU_558	0	0	0	0	1	0	1	0	3	0	0	0	0	0	0	0	0	0	0	0	0	0	1	0	0	1	0	0	0	0	0	1	0	0	0	2	25	1	0	0	0	0	0	0	0	1	0	0	0	0	0	0	0	0	0	0	0	0	0	0	0	0	0	0	1	0	19	0	0	0	0	0	0	0	0	0	0	0	0	0	0	0	1	0	0	0	118	0	0	0	0	0	0	0	0	0	0	0	0	0	1	0	0	0	0	0	0	0	0	0	0	0	0	0	0	0	0	1	0	0	0	5	0	0	0	0	0	0	0	17	0	0	1	0	0	0	0	0	0	0	0	0	0	0	27	0	1	0	0	0	1	0	0	0	0	0	0	438	0	0	0	0	0	0	1	0	0	0	0	0	0	0
OTU_559	OTU_559	1	0	0	1	0	0	0	0	0	0	0	0	0	0	0	0	0	0	11	0	0	0	0	0	0	0	7	0	0	0	0	0	0	0	4	0	0	0	0	0	0	0	3	0	0	39	0	0	0	0	0	0	0	0	0	0	0	0	51	0	0	0	0	0	0	0	3	0	0	0	0	0	0	0	0	0	0	0	0	0	2	0	0	0	0	1	0	0	0	0	0	0	0	0	0	0	0	0	0	0	0	0	0	1	0	0	0	0	0	0	0	0	0	0	0	0	0	0	0	0	0	0	0	0	39	0	0	0	18	0	0	0	0	0	0	0	2	0	0	0	0	0	0	0	0	0	0	0	0	0	1	0	0	0	0	0	0	0	4	0	0	0	0	0	0	0	0	0	0	0	0	9
OTU_560	OTU_560	0	1	9	0	0	0	2	0	0	0	0	2	0	2	1	0	0	1	4	0	0	0	0	0	0	9	0	0	1	0	8	0	0	6	0	0	0	0	0	1	0	0	2	0	0	2	7	0	0	0	1	0	1	2	0	0	0	0	0	0	0	0	0	8	0	1	1	3	0	2	0	0	0	0	0	0	11	4	0	2	0	5	0	0	11	1	4	0	0	0	1	0	0	1	0	1	0	0	1	0	1	5	0	0	0	0	0	0	0	1	0	0	0	0	0	1	0	2	0	0	0	0	0	0	15	0	4	0	32	0	1	0	0	1	0	1	0	0	0	4	4	0	0	0	0	0	0	1	12	0	1	0	0	0	0	0	2	0	8	2	0	1	0	0	0	3	0	3	0	0	0	0
OTU_561	OTU_561	0	0	0	0	0	0	0	0	14	0	0	0	0	0	0	0	0	121	0	0	0	0	1	0	0	0	0	0	0	0	131	0	0	1	0	0	0	50	0	0	0	0	0	0	0	0	0	0	0	1	0	0	0	0	0	0	0	0	0	0	0	0	0	0	0	0	0	0	0	0	0	0	1	0	0	1	0	0	0	0	0	0	0	0	0	0	0	0	0	0	1	0	1	0	0	0	0	0	0	0	0	6	0	0	0	0	0	0	0	0	0	0	0	0	0	62	0	125	0	0	0	0	1	0	0	0	0	0	0	0	0	0	0	0	0	0	0	3	0	0	37	0	0	0	0	0	0	0	0	1	0	0	0	0	0	0	2	0	0	0	0	22	0	0	0	36	0	0	0	0	0	0
OTU_562	OTU_562	0	0	18	0	0	0	0	0	0	0	0	8	0	10	0	0	0	2	1	0	2	0	0	1	0	0	0	0	0	0	0	0	0	1	3	0	0	0	0	0	1	0	0	0	0	5	0	0	0	0	0	0	0	2	0	1	0	0	0	0	0	0	0	25	0	2	0	0	0	1	2	0	0	0	0	0	0	1	0	0	0	1	0	0	8	0	0	0	0	0	0	0	0	0	0	0	0	0	0	4	0	3	0	1	0	0	0	3	0	0	0	0	33	1	0	0	0	4	0	0	0	34	0	0	5	0	0	0	0	0	0	0	0	1	0	0	0	0	0	0	6	0	0	0	0	0	0	0	0	0	0	0	4	0	0	0	0	0	0	0	1	0	0	0	0	0	0	8	0	0	0	0
OTU_563	OTU_563	0	0	1	0	0	0	0	0	0	0	0	0	0	0	0	0	0	0	0	0	0	0	0	0	0	0	6	0	0	0	0	0	0	0	0	0	0	0	0	0	0	0	0	0	0	0	0	0	0	0	1	0	1	0	0	0	0	0	0	0	0	0	0	0	0	0	0	0	0	0	0	0	0	1	0	0	0	0	0	0	0	0	0	0	29	0	0	0	0	0	0	0	1	0	0	0	0	0	1	0	0	0	0	1	0	0	0	0	0	0	0	0	0	0	0	0	0	0	0	0	0	0	0	0	0	0	36	0	0	0	0	0	0	6	0	0	0	0	0	0	0	0	0	0	0	0	0	0	0	0	0	0	0	0	0	0	2	0	0	22	0	0	0	0	0	0	0	15	0	0	1	0
OTU_564	OTU_564	0	1	0	0	0	9	0	2	0	0	0	2	9	0	0	0	0	0	0	0	1	0	0	0	0	0	0	0	0	0	0	0	0	0	0	1	0	0	0	0	5	0	0	0	0	0	0	0	0	0	0	0	0	0	1	0	0	0	0	0	0	0	0	0	0	2	0	0	0	0	0	0	1	0	0	0	0	0	0	0	0	0	0	0	0	0	0	0	0	0	0	1	0	0	0	0	0	0	0	0	0	0	0	0	0	0	0	0	0	0	0	0	0	0	0	0	0	0	0	0	0	0	0	0	0	0	0	0	0	0	0	0	0	0	0	0	1	0	0	0	0	0	0	0	0	0	0	0	0	0	0	0	0	0	0	0	0	0	0	0	0	0	0	0	0	0	0	0	0	0	0	0
OTU_565	OTU_565	0	0	2	0	0	0	0	2	0	0	0	0	2	0	0	0	0	0	0	0	0	0	0	0	0	0	0	0	0	0	0	0	0	0	0	2	0	0	0	0	0	0	0	0	0	0	0	0	0	0	0	0	0	6	0	4	0	0	0	0	0	0	0	0	0	0	0	0	0	1	0	0	0	0	0	0	0	1	0	6	0	0	0	0	0	1	0	0	0	0	0	1	0	0	0	0	0	0	0	0	0	0	0	0	0	0	0	0	0	0	0	0	0	0	0	0	0	0	0	0	0	0	0	0	0	0	0	0	5	0	0	0	0	0	0	0	0	0	0	0	0	0	0	0	0	0	0	0	0	0	0	0	0	0	0	0	0	0	3	0	0	0	0	0	0	0	0	0	0	0	0	0
OTU_566	OTU_566	0	0	0	0	0	0	0	0	0	0	0	0	0	0	0	0	0	0	0	0	0	0	0	0	0	0	0	0	0	0	0	0	0	0	1	0	0	0	0	0	0	0	0	0	0	0	0	0	0	0	0	0	0	0	0	0	0	0	0	0	0	0	0	0	0	0	0	0	0	0	0	0	0	0	0	0	0	0	0	0	0	0	0	0	0	0	0	0	0	0	0	0	0	0	0	0	0	0	0	0	0	0	0	0	0	0	0	0	0	0	0	0	0	0	0	0	0	0	0	0	0	0	0	0	0	0	0	0	0	1	0	0	0	0	0	0	0	0	0	1	0	0	0	0	0	0	0	0	0	0	0	0	0	0	0	0	8	0	0	0	0	0	0	0	0	0	0	0	0	0	0	0
OTU_567	OTU_567	3	74	2	4	2	0	0	38	1	2	0	0	0	10	1	4	13	0	4	1	4	13	1	3	1	1	0	2	2	1	0	3	0	0	1	4	1	0	1	0	0	3	1	2	3	1	9	1	1	9	0	15	0	1	1	1	0	4	1	1	1	0	1	3	7	0	0	3	0	1	3	1	0	10	0	2	2	3	221	0	4	0	0	3	0	0	5	0	0	0	2	3	0	0	0	0	0	0	0	0	0	0	106	0	0	0	1	1	1	0	6	0	1	3	0	0	2	3	0	3	1	0	3	16	4	0	0	0	1	0	0	0	1	0	0	0	4	0	9	20	0	3	1	0	0	1	0	0	0	0	4	0	3	0	2	0	0	1	0	0	0	0	0	6	0	0	0	0	4	1	0	7
OTU_568	OTU_568	0	0	0	5	0	0	5	1	0	0	1	3	0	2	0	45	41	1	4	0	0	0	0	5	0	0	0	0	0	0	0	1	1	11	0	4	4	3	0	1	0	0	0	1	5	0	0	2	4	0	0	0	1	0	0	1	1	0	3	0	0	1	0	0	15	0	1	0	0	5	0	0	0	0	0	0	11	0	0	0	0	0	0	0	3	1	0	0	1	0	0	0	0	0	0	0	0	0	3	2	0	8	4	0	1	0	2	4	1	0	1	0	7	0	0	0	0	0	0	0	0	1	0	11	4	0	0	0	66	0	2	0	1	0	0	10	0	1	1	13	1	1	0	0	1	0	0	1	22	0	0	0	0	0	1	0	9	28	12	0	1	0	0	0	0	2	0	4	0	8	0	3
OTU_569	OTU_569	0	0	0	1	1	0	0	0	0	0	0	0	0	3	0	0	0	0	0	15	0	0	0	154	0	0	0	1	0	0	85	0	0	0	0	0	0	0	0	0	0	0	0	0	92	607	183	0	0	0	0	0	30	9	0	0	0	7	0	0	24	0	0	0	0	0	6	23	0	0	0	0	0	0	0	0	3	0	0	4	0	0	0	0	0	1	0	0	0	0	0	0	0	4	0	0	0	0	0	0	0	0	0	0	0	0	0	0	0	0	0	0	0	0	0	0	0	0	0	0	0	0	1	0	0	0	1	0	0	0	0	0	0	0	0	0	0	0	0	0	0	0	0	0	0	0	0	0	0	0	0	0	1	0	0	0	0	0	0	0	0	0	0	0	0	0	0	0	0	0	0	0
OTU_570	OTU_570	0	0	0	0	0	0	0	0	0	0	0	1	0	1	0	0	0	0	0	0	0	0	0	0	0	0	0	0	0	0	0	0	0	0	0	0	0	0	0	0	0	0	0	0	0	0	0	0	0	0	0	1	1	1	0	0	0	0	0	0	0	0	0	0	0	0	0	0	0	0	0	0	0	0	0	0	0	0	0	0	0	0	0	0	0	0	1	0	0	0	0	0	0	0	0	0	0	0	2	60	1	78	0	0	0	0	6	0	0	0	0	1	0	1	0	6	0	0	0	0	0	0	0	0	0	0	0	0	6	1	24	2	7	1	2	0	1	1	0	0	6	0	0	0	0	1	0	0	0	0	0	0	0	0	0	0	1	0	0	0	0	1	0	0	0	0	0	0	0	0	0	0
OTU_571	OTU_571	0	0	0	0	0	0	0	0	0	0	0	0	0	0	0	0	0	0	0	0	0	0	0	0	0	0	0	0	0	0	0	0	0	0	0	0	0	0	0	0	1	0	0	2	0	0	0	0	0	0	0	0	0	0	5	1	0	0	0	0	0	0	0	0	0	3	0	0	0	0	0	0	0	0	0	0	1	0	0	0	0	0	2	2	0	0	0	0	0	0	0	0	0	0	0	0	0	0	0	0	0	0	0	0	0	0	0	0	2	0	0	0	0	0	0	10	0	0	0	0	0	0	0	0	0	0	0	0	0	0	0	0	0	0	0	0	0	0	1	0	0	0	0	0	2	0	0	0	0	0	0	0	0	0	0	0	0	0	0	0	0	0	0	0	0	0	0	0	0	0	0	0
OTU_572	OTU_572	0	0	0	0	0	0	0	0	0	0	0	0	0	0	0	0	0	0	0	5	0	0	0	0	3	0	0	0	0	0	0	0	0	0	0	0	0	0	0	0	0	0	0	0	0	0	0	0	0	0	0	0	84	20	0	5	0	0	0	0	0	1	0	0	0	5	0	1	0	124	0	0	0	0	0	0	0	0	0	0	0	0	0	0	0	0	0	0	0	0	0	0	0	0	0	1	0	0	0	0	0	0	0	0	0	0	0	0	0	30	0	0	0	0	0	0	0	0	0	0	0	4	0	0	0	4	0	0	7	0	0	0	1	0	0	0	0	0	0	0	0	0	0	0	0	0	1	0	0	0	0	0	0	0	0	0	0	0	0	0	0	0	1	0	0	0	0	0	0	0	0	0
OTU_573	OTU_573	0	0	0	0	0	0	1	0	0	0	0	0	0	0	0	0	0	0	3	0	0	0	0	0	0	0	0	0	0	0	0	0	0	0	0	0	0	1	0	0	0	0	0	0	0	0	0	0	0	0	0	0	0	0	0	0	0	0	0	0	0	0	0	0	0	0	0	0	0	0	0	0	0	2	0	0	0	0	0	1	0	0	0	0	0	0	0	8	0	0	0	0	0	0	2	1	0	0	6	16	0	5	0	0	0	0	35	0	0	2	0	0	1	0	0	3	1	0	0	0	0	0	0	0	1	0	1	0	0	0	10	4	7	13	4	0	0	30	0	0	0	0	0	9	0	1	0	0	0	0	0	0	0	0	0	0	8	0	0	1	0	2	0	2	0	0	0	0	1	0	0	0
OTU_574	OTU_574	0	0	0	0	0	0	0	0	0	0	0	0	0	0	0	0	0	0	0	0	0	0	0	8	0	0	0	0	0	0	0	0	1	0	0	0	0	0	0	0	0	0	0	0	0	0	0	0	0	0	0	0	0	0	0	0	0	0	0	0	0	0	0	0	0	0	0	2	0	0	0	0	0	0	0	0	0	0	0	0	0	0	0	0	0	0	3	0	0	0	0	0	0	0	0	0	0	0	0	0	0	0	0	0	0	0	0	0	0	0	0	0	0	0	0	0	0	0	0	0	0	0	0	0	0	0	0	0	3	0	0	0	0	0	0	0	0	0	0	0	0	0	0	0	0	0	0	0	0	0	0	0	0	0	0	0	1	0	1	0	0	0	0	0	0	0	0	0	0	0	0	0
OTU_575	OTU_575	0	0	0	0	0	0	0	0	0	0	0	0	0	0	0	0	0	0	0	0	0	0	0	0	0	0	0	0	0	0	0	0	0	0	0	0	0	0	0	0	0	0	0	0	0	0	0	0	0	0	0	0	0	0	0	0	0	0	0	0	0	0	0	0	0	0	0	0	0	0	0	0	0	0	0	0	0	0	0	0	0	0	0	0	0	0	0	0	0	0	0	0	0	0	0	0	0	0	0	0	0	0	0	0	0	0	0	0	0	0	0	0	0	0	0	0	0	0	0	0	0	0	0	0	0	0	0	0	0	0	0	0	0	0	0	0	0	0	0	0	0	0	0	0	0	0	0	0	0	0	0	0	0	0	0	0	0	0	0	0	0	1	0	1	0	0	0	0	0	0	0	0
OTU_577	OTU_577	0	0	0	0	0	0	0	0	0	0	0	0	0	0	0	0	0	0	0	0	0	0	0	0	0	0	0	0	0	0	0	0	0	0	0	0	0	0	0	0	0	0	0	0	0	0	0	0	0	0	0	0	0	0	0	0	0	0	0	0	0	0	0	0	0	0	0	0	0	0	0	0	0	0	0	0	5	0	0	0	0	0	0	0	0	0	0	0	0	0	0	0	0	0	0	0	0	0	0	0	0	0	0	0	0	0	0	0	0	0	0	0	0	0	0	0	0	0	0	0	0	0	0	0	0	0	0	0	0	0	0	0	0	0	0	0	0	1	0	0	0	0	0	0	0	0	0	0	0	0	0	0	0	0	0	0	0	1	0	0	0	0	0	0	0	0	0	0	0	0	0	0
OTU_578	OTU_578	0	0	0	0	0	0	31	0	3	0	0	0	0	1	16	0	0	10	0	0	0	0	0	5	0	0	0	1	0	0	14	0	0	0	6	0	0	1	0	0	0	0	0	0	10	2	0	0	0	0	0	0	0	0	0	0	1	1	0	0	9	0	0	0	0	1	0	0	0	1	0	0	0	0	0	0	0	0	0	0	0	0	0	0	0	0	0	0	0	0	0	0	0	0	0	0	0	0	0	0	0	0	0	0	0	0	0	0	0	0	0	0	0	0	0	0	0	0	0	0	0	0	0	0	0	0	0	0	5	0	0	0	0	0	0	0	0	0	0	1	0	0	0	0	0	1	0	0	0	0	0	0	0	0	0	0	0	0	2	0	0	0	0	0	0	0	0	0	1	0	0	0
OTU_579	OTU_579	2	1	0	5	0	0	0	0	2	1	0	0	4	0	1	0	0	0	0	3	0	5	0	0	0	1	0	0	0	0	1	0	1	0	0	0	0	0	0	0	12	0	0	1	0	0	3	0	2	3	2	0	0	0	2	1	0	0	1	0	1	0	0	2	0	1	0	0	0	1	2	7	2	0	0	0	2	0	0	0	3	0	0	0	1	0	0	0	0	0	3	1	0	0	1	0	0	0	1	0	0	1	0	0	0	0	0	0	0	0	2	0	0	0	0	0	0	1	0	0	0	1	0	0	1	0	2	0	0	1	0	0	0	1	0	1	0	0	0	0	1	1	0	1	0	0	0	0	2	0	2	1	1	0	0	1	0	0	0	0	0	0	0	0	0	0	0	0	0	1	0	4
OTU_580	OTU_580	0	0	1	11	1	1	0	2	1	0	1	0	0	0	1	0	5	0	0	2	0	0	0	0	1	1	0	0	0	0	1	0	4	0	0	0	0	3	1	0	53	5	0	0	0	0	1	0	1	0	1	0	0	1	1	0	0	0	0	0	0	0	0	0	2	6	0	0	1	1	0	0	4	0	0	11	1	0	0	1	1	0	4	1	1	0	2	0	0	1	6	0	0	0	0	0	1	0	0	0	1	0	0	1	0	0	1	0	1	0	1	0	0	0	3	1	0	0	1	0	0	0	0	1	1	0	0	1	0	0	0	0	1	1	0	0	0	0	0	0	1	3	1	0	0	0	2	0	0	0	1	0	0	0	0	0	0	7	0	0	0	1	0	1	0	1	0	0	0	0	1	0
OTU_581	OTU_581	0	1	2	0	0	0	0	0	0	0	0	2	0	0	0	0	0	2	1	0	0	0	0	0	0	0	0	2	0	0	0	0	0	0	0	0	0	0	3	0	0	0	0	0	0	0	0	0	0	0	0	0	0	0	0	0	0	0	0	0	0	0	0	0	0	0	0	0	0	0	0	0	0	0	1	0	0	0	0	0	0	0	0	0	0	0	0	0	0	0	1	0	0	0	0	0	0	0	3	0	0	0	0	0	0	0	0	0	1	0	0	0	0	0	0	0	0	0	0	0	1	0	0	0	0	1	1	0	1	0	0	0	0	0	0	0	0	0	0	0	0	0	0	0	0	0	0	0	0	0	0	0	0	0	0	1	0	0	0	0	0	0	0	0	0	0	0	0	0	0	0	0
OTU_582	OTU_582	2	2	1	1	0	0	1	1	1	0	0	0	1	0	0	0	0	0	0	1	0	0	0	0	0	0	0	0	1	1	2	0	0	2	0	0	0	0	0	0	0	0	0	0	0	1	1	0	3	0	4	0	0	0	0	0	0	0	0	1	0	0	0	2	0	5	2	0	1	2	1	9	8	0	1	1	0	0	3	0	2	1	0	0	1	0	0	0	0	0	0	0	0	0	1	0	0	0	0	0	1	0	0	0	0	0	0	0	0	0	2	0	0	1	1	0	3	0	0	0	0	1	1	0	0	0	1	0	0	0	0	0	0	0	0	0	1	0	0	0	0	3	0	0	0	0	0	0	0	0	0	2	1	0	1	0	0	0	0	0	0	0	0	0	1	7	0	0	0	0	0	7
OTU_583	OTU_583	0	0	0	0	0	0	0	0	0	0	0	0	4	0	0	0	0	0	0	0	0	0	0	0	0	0	0	0	0	0	0	0	0	0	0	0	0	0	0	0	0	0	0	0	0	1	0	0	0	0	0	0	0	0	0	0	0	0	0	0	0	0	0	0	0	0	0	0	0	0	0	0	0	0	0	0	0	0	0	0	0	0	0	0	0	0	0	0	0	0	0	0	0	0	0	0	0	0	0	0	0	0	0	0	0	0	0	0	0	0	0	0	0	0	0	0	0	0	0	0	0	0	0	0	0	0	0	0	0	0	0	0	0	0	0	0	0	0	0	0	0	0	0	0	0	0	0	0	2	0	0	0	0	0	0	0	0	0	0	0	0	0	0	0	0	0	0	0	0	0	0	0
OTU_584	OTU_584	0	0	0	0	0	0	0	0	0	0	0	0	2	0	0	0	0	0	0	0	3	0	0	0	0	0	0	0	0	0	1	0	0	3	0	1	0	0	0	0	0	0	0	0	0	0	0	0	0	0	0	0	0	0	0	0	0	0	0	0	0	0	0	0	0	3	0	0	0	0	0	0	0	0	0	0	0	0	0	0	0	0	0	0	0	0	0	0	0	0	0	0	0	0	0	0	0	0	0	0	0	0	0	0	0	0	0	0	0	0	0	0	0	0	0	0	0	0	0	0	0	0	0	0	0	0	0	0	0	0	0	0	0	0	0	0	0	0	0	0	0	0	0	0	0	0	0	0	0	0	0	0	0	0	0	0	0	0	0	0	0	0	0	0	0	0	0	0	0	0	0	3
OTU_585	OTU_585	0	0	0	0	0	0	0	0	0	1	0	0	0	0	0	0	0	4	3	0	0	0	0	0	0	0	0	0	0	0	1	0	0	0	3	0	0	0	0	0	0	0	6	0	0	0	0	0	0	0	0	0	0	13	0	0	0	0	11	0	0	0	1	0	0	0	1	0	0	0	1	0	0	0	0	0	0	0	0	0	0	0	0	0	0	7	0	0	0	0	0	0	0	0	1	0	0	0	0	0	0	0	0	0	0	0	0	0	0	0	0	0	0	0	0	0	0	6	0	0	0	0	0	0	0	0	0	0	0	0	0	0	0	0	0	0	0	0	0	0	0	0	0	0	0	0	0	0	0	0	0	0	0	0	0	0	7	0	0	0	0	0	0	0	0	0	0	0	0	0	0	5
OTU_586	OTU_586	0	0	0	0	0	0	0	0	0	0	0	0	0	0	0	0	0	0	0	0	0	0	0	0	0	0	0	0	0	0	0	0	0	0	0	0	0	0	0	0	0	0	0	0	0	0	0	0	0	0	0	0	0	0	0	0	0	0	0	0	0	0	0	0	0	0	0	0	0	0	0	0	1	0	0	0	0	1	1	0	0	0	0	0	0	0	0	0	0	0	0	0	0	1	0	0	0	0	0	0	0	0	0	0	0	0	0	0	0	1	0	0	0	0	0	0	0	0	0	0	0	0	0	0	0	0	0	0	0	0	0	1	0	0	0	0	0	0	0	0	0	0	0	0	0	0	0	0	0	0	0	0	0	0	0	0	0	0	0	0	0	0	0	0	0	0	0	0	0	0	0	0
OTU_587	OTU_587	0	0	0	4	0	0	201	3	275	5	1	0	0	0	0	0	0	2103	1	0	3	0	0	0	0	0	0	4	0	0	2600	0	0	0	0	0	1	0	0	1	0	0	0	0	0	0	0	0	0	0	1	0	0	0	0	0	1	0	1	1	0	0	0	1	0	0	0	1	0	0	4	0	3	2	0	5	0	1	0	0	6	0	0	0	0	0	0	0	0	0	1	0	2	0	0	0	1	0	13	0	0	1629	0	0	1	0	360	0	0	152	1	0	3	4	0	42	0	0	1	0	0	0	0	0	1	16	2	0	60	0	0	26	0	0	41	0	0	0	0	0	1	0	0	0	3	0	0	2	0	0	0	0	904	0	1	0	338	0	44	0	1	0	0	1	0	0	0	0	1	0	0	2
OTU_588	OTU_588	0	0	0	0	0	0	0	0	0	0	0	0	0	0	0	0	0	0	0	0	0	0	0	0	0	0	0	0	0	0	0	0	0	0	0	0	0	0	0	0	0	0	0	0	0	0	0	0	0	0	0	0	0	0	0	0	0	0	0	0	0	0	0	0	0	0	0	0	0	0	0	0	0	0	0	0	0	0	0	0	0	0	0	0	0	0	0	0	0	0	0	0	0	0	0	0	0	0	0	0	0	0	0	0	0	0	0	0	0	0	0	0	0	0	0	0	0	0	0	0	0	0	0	0	0	0	0	0	0	0	0	0	0	0	0	0	0	0	0	0	0	0	0	0	0	0	0	0	0	0	0	0	0	1	0	0	0	0	0	0	0	0	0	0	0	0	0	0	0	0	0	0
OTU_589	OTU_589	0	0	0	0	0	0	1	2	0	0	0	0	0	0	3	0	0	0	3	0	0	0	0	7	0	0	0	0	0	0	0	0	0	0	0	0	0	0	0	0	0	0	0	0	0	0	0	0	0	0	0	0	1	0	0	0	0	0	0	0	0	0	0	0	0	0	0	0	0	0	0	0	0	0	0	0	0	0	0	0	0	0	0	0	11	0	0	0	0	0	0	0	0	0	0	0	0	0	0	3	0	16	0	0	0	0	0	0	0	0	0	0	0	0	0	0	0	0	0	0	0	0	0	0	0	0	0	0	0	0	2	0	0	0	0	0	0	0	0	0	0	0	0	0	0	0	0	0	0	0	0	0	0	0	0	0	0	0	0	0	0	0	0	0	0	0	0	7	0	0	0	0
OTU_590	OTU_590	0	0	1	0	0	0	2	0	4	0	0	0	0	0	0	0	0	19	0	0	0	0	0	0	0	0	0	0	0	0	23	0	0	4	0	0	0	0	0	0	0	0	0	0	0	0	0	0	0	8	1	0	0	0	0	0	0	0	0	0	0	0	0	0	0	0	0	0	0	0	0	0	0	0	0	0	0	0	0	0	0	0	0	1	0	0	0	0	0	0	0	0	0	0	0	0	0	0	0	96	0	1	35	0	0	0	0	0	0	0	0	1	0	0	0	186	0	0	0	0	0	0	0	0	0	0	40	0	0	0	0	0	0	0	0	0	0	0	0	0	0	0	0	0	3	0	0	0	0	0	0	0	0	0	0	0	2	0	0	0	0	0	0	0	0	211	0	0	0	0	0	0
OTU_591	OTU_591	0	1	0	2	2	0	0	0	0	0	0	0	2	0	0	0	2	0	0	0	0	1	1	0	0	1	0	1	1	0	0	0	3	0	3	0	0	0	0	0	30	1	0	1	0	0	1	0	0	0	3	0	0	0	1	0	0	0	0	0	0	2	0	0	0	0	0	0	0	1	0	0	24	0	0	2	0	0	1	3	1	1	0	0	0	0	0	2	0	0	4	1	0	0	0	0	0	0	1	0	0	0	0	0	0	1	0	0	1	0	0	0	0	0	0	0	1	1	0	0	0	6	0	0	0	0	2	0	0	0	0	0	0	1	1	0	0	0	0	1	0	2	0	0	0	0	0	0	1	0	0	0	0	0	0	0	2	0	0	0	0	1	0	1	0	3	0	0	0	0	0	1
OTU_592	OTU_592	1	2	1	0	0	0	1	1	0	0	0	0	1	0	0	2	0	0	0	0	0	0	0	0	0	1	0	0	0	0	11	0	0	0	0	1	1	0	0	0	0	0	0	0	0	0	3	1	0	0	1	0	0	1	0	0	0	0	0	0	0	0	0	1	1	1	0	0	0	0	0	0	0	0	0	0	0	0	2	0	0	0	1	0	3	3	1	0	0	0	0	0	0	0	5	0	0	0	0	0	0	0	0	0	0	0	0	0	0	0	0	0	0	0	2	0	0	0	0	0	0	0	0	0	0	0	0	0	6	0	0	0	0	6	1	0	0	0	1	0	0	0	0	0	0	0	0	0	3	0	0	0	0	0	0	0	0	0	1	0	0	0	0	0	0	0	0	1	0	1	0	14
OTU_593	OTU_593	0	0	0	0	0	0	0	0	0	0	0	0	0	3	0	0	0	0	1	0	0	0	0	2	0	0	0	0	0	0	0	0	0	2	0	0	0	0	0	0	0	0	0	0	97	0	0	0	0	0	0	0	0	0	0	0	0	0	0	0	0	0	0	0	0	0	0	0	0	0	0	0	0	139	0	0	0	0	0	1	0	0	0	0	62	0	0	0	0	0	0	0	1	0	0	0	0	0	0	0	0	0	0	0	0	0	0	0	0	0	0	0	0	0	0	0	0	24	0	0	1	0	0	0	0	0	0	0	0	1	0	0	0	0	0	0	0	0	0	1	0	0	0	0	0	0	0	0	0	0	0	0	0	0	0	0	1	0	0	0	0	0	0	0	0	0	0	28	0	0	7	0
OTU_594	OTU_594	0	0	0	0	2	0	0	0	0	0	1	0	0	0	0	0	0	0	0	0	0	0	0	0	4	1	0	1	0	1	1	0	0	0	0	0	0	0	0	0	15	1	0	0	0	1	1	0	0	0	0	0	0	0	0	0	0	0	0	0	0	28	0	0	1	2	0	0	7	0	0	0	0	0	0	0	0	0	0	0	0	0	0	0	0	0	1	0	0	0	0	0	0	0	0	0	0	5	0	0	0	0	4	0	0	0	0	0	1	0	0	0	0	1	1	0	0	0	0	0	0	0	0	0	0	0	0	0	0	0	0	0	0	0	0	0	1	0	0	0	0	0	2	0	0	0	0	0	0	0	0	0	0	0	0	0	0	2	0	0	0	0	0	0	0	6	0	0	0	0	0	0
OTU_595	OTU_595	0	0	0	0	0	0	0	0	0	0	0	0	0	0	13	0	0	0	0	0	0	0	0	0	0	0	0	0	0	0	0	0	0	0	0	0	0	0	0	0	0	0	0	0	0	0	0	0	0	0	0	0	0	0	0	0	0	0	0	0	0	0	0	0	0	0	0	0	0	0	0	0	0	0	0	0	0	0	0	0	0	0	0	0	0	0	0	0	0	0	0	0	0	0	0	0	0	0	0	0	0	0	0	0	0	0	0	0	0	0	0	0	0	0	0	0	0	0	0	0	0	0	0	0	10	0	0	0	0	0	0	0	0	0	0	0	0	0	0	0	0	0	0	0	0	0	0	0	0	0	0	0	0	0	0	0	0	0	0	0	0	0	0	0	0	0	0	0	0	0	0	0
OTU_596	OTU_596	0	0	0	0	0	0	0	0	0	0	0	1	0	2	0	0	0	0	0	0	0	0	0	0	0	0	0	0	0	0	22	0	0	0	0	0	0	0	0	0	0	0	0	0	0	0	0	0	0	0	0	0	1	0	0	0	0	0	0	0	0	0	0	0	0	0	0	0	0	0	0	0	0	0	0	0	0	0	0	0	0	0	0	0	0	0	7	0	0	0	0	0	0	0	0	0	0	0	0	0	0	2	0	0	0	0	0	0	0	0	0	0	0	0	0	2	0	0	0	0	0	0	0	0	0	0	0	0	3	0	0	0	0	0	0	0	0	0	0	0	0	0	0	0	0	0	0	0	3	0	0	0	0	0	0	0	6	0	1	0	0	0	0	0	0	0	0	0	0	0	0	0
OTU_597	OTU_597	0	0	56	1	0	0	0	7	1	0	0	0	0	0	0	0	0	0	0	0	145	0	0	0	0	1	0	0	1	0	0	0	0	0	1	2	0	0	0	0	0	0	0	0	1	0	0	166	0	0	1	0	0	0	0	0	0	13	0	0	0	0	0	1	0	0	0	1	0	0	0	1	0	0	0	0	0	0	0	0	0	0	0	0	0	0	0	0	0	0	0	0	0	0	0	0	0	0	0	0	1	2	0	1	0	0	0	0	0	0	1	0	0	0	0	0	0	0	0	0	0	0	0	0	0	0	1	0	0	0	0	0	0	0	0	0	0	0	0	0	0	0	0	0	0	0	0	0	0	0	0	0	0	0	0	0	0	0	0	0	0	0	0	0	0	0	0	0	0	0	0	2
OTU_598	OTU_598	3	0	1	2	2	1	0	0	0	6	1	2	5	1	0	3	1	1	1	1	0	2	2	0	0	0	0	2	1	0	5	0	0	0	0	6	1	0	0	0	0	1	0	0	1	1	0	0	4	0	0	0	0	0	3	1	1	0	2	0	0	0	1	0	1	2	0	0	0	4	1	1	1	2	0	1	5	1	0	3	2	0	0	0	1	0	0	0	0	0	4	2	0	2	0	0	0	0	0	0	0	0	0	1	0	0	0	1	1	0	5	1	0	0	0	0	0	0	0	0	0	4	0	0	0	1	3	0	18	0	1	0	0	4	0	0	1	0	0	0	0	10	0	0	0	0	0	1	4	0	0	3	5	2	0	0	4	1	10	0	0	0	0	1	0	1	0	0	0	0	0	28
OTU_599	OTU_599	0	0	0	0	0	0	0	0	0	0	0	0	0	0	0	0	2	0	0	0	0	0	0	0	0	0	0	0	0	0	0	0	0	0	0	0	0	0	0	0	0	0	0	0	0	0	0	0	0	0	0	0	0	0	0	0	0	0	0	0	0	0	0	0	0	0	0	0	0	0	0	0	0	1	0	0	0	0	0	0	0	0	0	0	0	0	0	0	0	0	0	0	0	0	0	0	0	0	0	14	0	0	0	0	0	0	0	0	0	0	0	0	0	0	0	0	0	0	0	0	0	0	0	0	0	0	0	0	7	0	0	1	0	0	0	0	0	0	0	3	0	0	0	0	0	0	0	0	0	0	0	0	0	0	0	0	2	0	3	0	0	0	0	0	0	0	0	0	0	0	0	0
OTU_600	OTU_600	0	0	0	3	0	0	4	0	0	0	2	0	0	0	1	0	0	0	0	0	0	0	0	0	4	0	0	0	0	0	0	0	0	0	2	0	0	0	0	0	2	1	0	0	0	0	0	0	0	0	0	0	0	0	0	0	0	0	0	0	0	0	0	0	0	3	0	1	0	0	0	0	0	0	0	0	0	0	0	0	0	0	1	0	0	0	1	0	3	1	0	0	0	0	0	1	2	0	1	0	0	0	0	0	0	0	0	0	0	1	1	0	0	0	0	0	0	0	0	19	0	0	0	0	0	0	0	0	0	0	0	0	0	0	0	0	1	0	0	0	1	1	0	1	0	0	1	0	0	0	0	0	0	1	0	0	0	2	0	0	0	0	0	0	0	0	0	0	0	0	0	0
OTU_601	OTU_601	0	0	10	0	2	0	0	0	4	0	0	10	0	5	0	0	2	1	4	0	0	0	0	0	0	0	3	0	1	0	0	0	0	1	6	0	0	1	0	0	0	0	2	0	2	2	2	0	7	0	0	1	0	0	0	0	5	0	1	0	5	0	0	0	0	0	0	0	0	0	0	0	0	0	0	0	2	0	0	0	0	0	0	0	6	0	1	2	0	0	0	0	0	0	0	0	0	1	0	1	0	0	0	0	0	0	2	0	0	0	7	3	0	0	0	0	0	0	0	0	0	0	0	1	8	0	0	0	5	0	0	0	0	0	0	0	0	0	0	0	0	0	0	0	0	0	0	0	1	0	0	0	0	1	0	0	20	0	1	0	1	0	0	0	0	1	0	6	0	0	0	0
OTU_602	OTU_602	0	0	0	0	0	0	0	1	0	0	0	0	0	0	0	3	0	6	1	0	0	0	0	0	0	0	0	0	0	0	3	0	0	0	0	18	0	4	1	0	0	0	4	0	10	0	0	0	0	0	0	0	0	0	0	0	0	0	0	0	0	0	0	11	0	0	1	0	0	0	0	0	0	3	0	0	0	0	0	0	0	0	0	0	0	0	0	0	0	0	0	0	0	0	0	0	0	0	6	0	0	0	3	0	0	0	40	0	0	4	0	0	0	2	0	1	2	1	0	0	0	0	0	1	0	0	0	0	0	0	6	0	2	18	4	0	0	0	0	0	0	0	0	2	0	0	0	0	0	0	0	0	23	0	7	0	0	0	0	0	0	0	0	1	0	5	1	0	1	0	0	0
OTU_603	OTU_603	0	0	0	0	0	0	0	0	0	0	0	0	0	0	0	0	0	0	0	0	0	0	0	0	0	0	0	0	0	0	0	0	0	0	0	0	0	0	0	0	0	0	0	0	0	0	0	0	0	0	0	0	7	3	0	0	0	0	0	0	0	0	0	0	0	0	0	0	0	0	0	0	0	0	0	0	0	0	0	0	0	0	0	0	0	0	0	0	0	0	0	0	0	0	0	0	0	0	1	0	0	0	0	0	0	0	10	0	0	1	0	0	0	0	0	0	0	0	0	0	0	0	0	0	0	0	0	1	502	0	1	0	2	0	2	0	0	0	0	0	0	0	0	0	0	0	0	0	0	0	0	0	159	0	0	0	1	0	119	0	0	0	0	0	0	6	0	0	0	0	0	0
OTU_604	OTU_604	0	0	0	4	0	0	0	0	0	0	0	0	0	0	0	0	0	0	0	0	0	0	0	0	0	0	0	0	0	0	0	0	0	0	0	0	0	0	0	0	0	0	0	0	0	0	0	0	0	0	0	0	2	0	0	0	0	0	0	0	0	0	0	0	0	0	0	0	0	0	0	0	0	0	0	0	0	0	0	0	0	0	0	0	0	0	0	0	0	0	0	0	0	0	0	0	0	0	0	0	0	44	0	0	0	0	3	0	0	0	0	0	0	0	0	15	0	0	0	0	0	0	0	0	0	1	0	0	2	1	0	0	0	0	0	0	0	0	0	0	0	0	0	0	0	0	0	0	0	0	0	0	0	0	0	0	0	0	0	0	0	0	0	0	0	0	0	0	0	0	0	0
OTU_605	OTU_605	0	3	0	0	0	0	0	0	3	0	0	0	0	3	0	0	0	1	5	0	0	0	0	3	0	0	0	0	0	0	2	0	0	0	2	1	1	6	0	0	0	0	0	0	2	1	0	0	0	0	0	0	5	0	0	0	0	0	2	0	0	0	0	0	0	0	0	0	0	3	3	0	0	0	0	0	0	0	0	0	0	0	0	0	0	0	4	1	0	0	0	0	0	0	1	0	0	0	0	0	1	9	0	0	0	0	0	0	0	1	0	0	1	1	0	5	0	2	0	0	0	0	0	0	4	0	0	0	14	0	1	0	0	0	0	8	0	1	0	2	2	0	0	1	0	0	0	1	9	0	0	0	1	1	0	1	12	4	5	0	2	0	1	0	0	8	0	1	0	0	1	0
OTU_606	OTU_606	0	0	0	0	0	0	0	0	0	0	0	0	3	0	0	0	0	0	0	0	0	0	0	0	0	0	0	0	0	0	0	0	0	0	0	0	0	0	0	0	0	0	0	0	0	0	0	0	0	0	0	0	0	0	0	0	0	0	0	0	0	0	0	0	0	0	0	0	0	0	0	0	0	0	0	0	0	0	0	0	0	0	0	0	0	0	0	0	0	0	0	0	0	0	0	0	0	0	0	0	0	0	0	1	0	0	0	0	0	0	0	0	0	0	0	0	0	0	0	0	0	0	0	0	0	0	0	0	0	0	0	0	0	0	0	0	0	0	0	0	0	0	0	0	0	0	0	0	0	0	0	0	0	0	0	0	0	0	0	0	0	0	0	0	0	0	0	0	0	0	0	0
OTU_607	OTU_607	0	0	0	0	0	0	0	0	0	0	0	0	0	0	0	0	0	0	0	0	0	0	0	0	0	0	0	0	0	0	0	0	0	0	0	0	0	0	0	0	0	0	0	0	0	0	0	0	0	0	0	0	0	0	0	0	0	0	0	0	0	0	0	0	0	0	0	0	0	0	0	0	0	0	0	0	0	0	0	0	0	0	0	0	0	0	0	0	0	0	0	0	0	0	0	0	0	0	0	0	0	0	0	0	0	0	0	0	0	0	0	0	0	0	0	0	0	0	0	0	0	0	0	0	0	0	0	0	0	0	0	0	0	0	0	0	0	0	0	0	0	0	0	0	0	0	0	0	0	0	0	0	0	0	0	0	0	0	0	0	0	0	0	0	0	24	0	0	0	0	0	0
OTU_608	OTU_608	0	0	0	4	0	5	2	0	0	2	0	3	0	1	1	12	9	1	1	0	0	1	0	0	2	0	0	0	1	0	0	0	0	0	12	3	0	2	0	0	0	0	1	0	16	8	0	2	0	5	0	0	6	15	0	1	0	0	0	0	0	0	0	12	2	0	2	0	0	21	0	0	0	0	0	0	0	3	0	0	0	0	0	0	55	0	5	0	1	0	0	0	2	1	0	1	0	0	0	0	2	38	13	0	0	0	2	2	0	1	0	0	1	0	0	1	0	3	0	0	0	8	0	3	1	0	1	0	28	0	5	0	3	0	2	18	0	1	1	5	10	0	0	3	1	3	0	0	4	0	0	0	4	7	0	0	96	0	8	0	3	0	0	0	1	0	0	25	0	8	0	0
OTU_609	OTU_609	0	0	0	0	0	0	1	1	0	0	1	0	5	3	0	3	1	4	0	0	0	0	0	0	1	0	0	1	1	0	0	102	0	0	2	43	2	1	0	0	0	0	0	18	0	84	0	0	0	1	0	0	36	12	0	0	0	0	200	0	0	0	180	0	0	0	1	0	0	1	9	0	0	0	1	0	0	0	0	0	0	1	0	0	0	3	0	1	0	0	0	0	0	0	1	0	0	87	8	0	0	0	3	0	0	1	0	0	0	0	2	0	0	18	0	0	0	7	0	0	2	0	0	6	0	1	0	0	9	0	0	0	1	1	0	0	0	0	6	1	0	2	0	0	0	0	0	4	32	0	0	1	3	0	1	0	120	0	13	0	0	0	0	5	0	0	1	8	1	1	6	0
OTU_610	OTU_610	0	4	0	0	0	91	0	0	1	0	0	1	0	0	0	0	0	3	0	0	0	0	0	0	0	0	0	0	0	0	0	0	0	0	0	0	0	0	0	0	0	0	0	0	0	0	0	0	0	0	0	0	4	1	0	0	0	0	0	0	0	0	0	0	0	0	0	0	0	0	0	0	0	0	0	0	0	0	0	0	0	0	0	0	0	0	0	0	0	0	0	0	0	0	0	0	0	0	0	0	0	0	0	0	0	0	0	0	0	0	0	0	0	0	0	0	0	0	0	0	1	0	0	0	0	0	0	0	0	0	0	0	0	0	0	0	0	0	0	0	0	0	0	0	0	0	0	0	0	0	0	0	0	0	0	0	2	0	0	0	0	8	0	0	0	0	0	0	0	0	0	0
OTU_611	OTU_611	0	0	2	0	0	4	0	0	0	0	0	0	3	1	1	0	0	1	1	0	0	0	0	0	0	10	0	0	2	0	0	0	1	9	0	1	0	0	0	0	0	0	0	0	1	2	0	5	1	0	0	0	0	9	0	0	0	0	1	0	0	0	0	1	0	0	0	5	0	0	0	0	0	1	0	0	1	2	0	0	0	0	0	0	0	4	0	0	0	0	1	1	0	0	0	0	0	0	0	0	0	0	0	0	0	0	0	0	1	0	1	0	6	0	0	0	1	0	0	0	0	0	0	0	1	0	6	0	0	2	0	0	0	0	0	0	0	0	0	0	1	1	0	0	0	0	0	0	1	0	1	0	0	0	0	0	0	0	0	0	0	0	0	0	0	3	0	0	0	2	0	12
OTU_612	OTU_612	0	0	0	0	0	0	0	0	1	0	0	6	0	11	0	0	0	7	0	0	0	0	0	0	0	0	0	0	0	0	5	0	0	1	8	0	0	0	0	0	0	0	0	0	2	0	0	0	0	2	1	0	2	0	0	0	0	0	0	0	0	0	0	0	0	0	0	0	0	0	0	0	0	0	0	0	0	0	0	0	0	0	0	0	36	0	4	0	0	0	0	0	0	0	0	0	0	0	1	0	3	6	8	0	0	0	15	0	0	2	0	0	0	0	0	25	0	0	0	0	0	0	0	0	0	0	0	0	26	0	1	1	0	0	0	0	0	0	0	0	50	0	0	1	1	10	0	0	0	0	0	0	4	1	0	0	0	0	5	0	0	1	0	0	0	39	0	32	15	0	0	0
OTU_613	OTU_613	0	0	6	0	0	0	0	0	0	0	0	0	0	0	0	0	0	0	2	0	0	0	0	0	0	0	4	0	0	0	0	0	0	0	0	0	0	0	0	0	0	0	0	0	0	1	0	0	0	0	0	0	1	10	0	0	0	0	9	0	0	0	0	9	0	0	0	0	0	0	0	0	0	0	0	0	0	0	0	1	0	0	0	0	0	0	0	0	0	0	0	0	2	0	0	0	0	0	2	0	0	1	0	0	0	0	1	0	1	0	0	0	0	1	0	0	0	0	0	0	0	0	0	0	0	0	0	0	0	0	0	0	0	0	0	6	0	0	0	0	0	0	0	0	0	0	0	0	0	0	0	0	3	0	0	0	14	0	0	0	1	0	0	0	0	0	0	1	0	0	0	0
OTU_614	OTU_614	0	0	0	0	0	0	0	0	0	0	0	0	0	0	0	0	0	0	0	0	0	0	0	0	0	0	0	0	0	0	0	0	0	0	0	0	0	0	0	0	0	0	0	0	0	0	0	0	0	0	0	0	0	0	0	0	0	0	0	0	0	0	0	0	0	0	0	0	0	0	0	0	0	0	0	0	0	0	0	0	0	0	0	0	0	0	0	0	0	0	0	1	0	0	0	0	0	0	0	0	0	0	0	0	0	0	0	0	0	0	0	0	0	0	0	0	0	0	0	0	0	0	0	0	0	0	0	0	0	0	0	0	0	0	0	0	0	0	0	0	0	0	0	0	0	0	0	0	0	0	0	0	0	0	0	0	0	0	0	0	0	0	0	0	0	0	0	0	0	0	0	0
OTU_616	OTU_616	0	0	0	0	0	0	0	0	0	0	5	0	0	1	0	0	0	0	0	0	0	0	0	0	0	0	0	0	0	0	0	0	0	0	0	0	0	0	0	0	0	0	0	0	0	0	0	0	0	0	0	0	0	0	0	0	1	0	0	0	0	0	0	1	0	0	0	0	0	0	0	1	0	0	0	0	0	0	0	0	0	0	0	0	0	0	0	0	0	0	0	0	0	0	0	0	0	0	0	0	0	0	0	0	0	0	0	0	0	0	0	0	0	0	0	0	0	0	0	0	0	0	0	0	0	0	0	0	0	0	0	0	0	0	0	0	0	0	0	0	0	0	0	0	0	0	0	0	0	0	0	0	0	0	0	0	0	3	0	0	0	0	0	0	0	0	0	0	0	0	0	0
OTU_617	OTU_617	0	0	1	1	0	0	0	0	0	0	0	5	0	5	0	0	0	2	3	0	0	0	0	0	0	0	2	0	0	0	0	0	0	0	0	2	0	0	0	0	0	0	0	0	6	6	0	0	0	0	0	0	0	0	0	0	0	0	0	0	0	0	0	0	0	0	0	0	0	0	0	0	0	3	0	0	0	0	0	0	0	0	0	0	0	0	17	0	1	0	0	0	0	0	0	0	0	0	1	0	0	2	0	0	0	0	5	0	0	0	0	0	0	1	0	0	0	8	0	0	0	0	0	0	1	0	0	0	75	0	16	0	7	0	2	9	0	0	0	0	0	0	0	0	0	8	0	0	2	0	0	0	8	0	0	0	8	0	13	0	0	1	0	0	0	2	0	0	16	0	1	0
OTU_619	OTU_619	0	4	0	5	0	0	0	0	0	0	0	1	0	0	0	1	0	0	0	0	0	0	0	0	0	0	3	11	0	0	0	0	1	0	0	0	0	0	0	1	0	0	2	0	0	0	0	0	0	0	0	0	0	3	0	0	12	0	0	3	0	0	0	0	0	0	3	0	0	2	0	0	0	0	1	0	0	0	0	0	0	0	0	0	3	1	2	0	1	0	5	0	9	0	2	0	0	0	0	0	0	0	0	0	0	0	0	0	0	0	0	0	0	0	0	0	0	3	0	0	0	0	0	1	2	2	0	0	0	0	0	0	0	0	0	0	0	0	0	0	0	0	0	0	0	0	0	0	0	0	1	0	0	0	0	0	10	0	0	0	0	0	0	0	0	0	0	1	0	0	0	0
OTU_621	OTU_621	0	0	0	0	0	0	0	0	0	0	0	0	0	0	0	0	0	0	0	0	0	0	0	0	0	0	0	0	0	0	0	0	0	0	0	0	0	0	0	0	0	0	0	0	0	0	0	0	0	0	0	0	0	0	0	0	0	0	0	0	0	0	0	0	0	0	0	0	0	0	0	0	0	0	0	0	0	0	0	0	0	0	0	0	0	0	0	0	0	0	0	0	0	0	0	0	0	0	0	0	0	0	0	0	0	0	0	0	0	0	0	0	0	0	0	0	0	0	0	0	0	0	1	0	0	0	0	0	0	0	0	0	0	0	0	0	0	0	0	0	0	0	0	0	0	0	0	0	0	0	0	0	0	0	0	0	0	0	0	0	0	0	0	0	0	0	0	0	0	0	0	0
OTU_624	OTU_624	1	0	0	0	0	0	0	0	0	0	0	0	0	1	0	0	0	0	0	0	0	0	0	0	0	0	0	0	0	0	0	0	1	2	0	0	3	0	0	0	0	0	0	0	0	0	1	0	0	1	0	0	0	0	0	0	0	0	0	0	1	0	0	0	0	0	0	0	0	0	0	0	0	0	0	0	0	0	0	0	0	0	0	0	0	0	0	0	0	0	0	0	0	0	0	0	0	0	0	0	0	0	0	0	0	0	0	0	0	0	0	0	0	1	0	0	0	0	0	0	0	0	0	0	0	0	0	0	0	0	0	0	0	0	0	0	0	0	0	0	0	0	0	0	0	0	0	0	0	0	0	0	0	0	0	0	0	96	0	0	0	0	0	0	0	38	0	0	0	1	0	0
OTU_625	OTU_625	0	0	0	0	0	0	0	0	0	0	0	0	0	0	0	0	0	0	0	0	0	0	0	0	0	0	0	0	0	1	0	0	0	0	0	0	0	0	0	0	0	0	0	0	0	0	0	0	0	0	0	0	0	0	1	0	0	0	0	0	0	0	0	0	0	0	0	0	0	0	0	0	0	0	0	0	0	0	0	0	0	0	0	0	0	0	0	0	0	0	0	0	0	0	0	0	0	0	0	0	0	0	0	0	0	0	0	0	0	0	0	0	0	0	0	0	0	0	0	0	0	0	0	0	0	0	0	0	0	0	0	0	0	0	0	0	0	0	0	0	0	0	0	0	0	0	0	0	0	0	0	0	0	0	0	0	0	0	0	0	0	0	0	0	0	0	0	0	0	0	0	0
OTU_626	OTU_626	0	0	0	0	0	0	0	0	0	0	0	0	0	0	0	0	0	0	0	0	0	0	0	0	0	0	0	0	0	0	0	0	0	0	0	0	0	0	0	0	0	0	0	0	0	0	0	0	0	0	0	0	0	0	0	0	0	0	0	0	0	0	0	0	0	0	0	0	0	0	0	0	0	0	0	0	0	0	0	0	0	0	0	0	0	0	0	0	0	0	0	0	0	0	0	0	6	0	0	0	0	0	0	0	0	0	0	0	0	0	0	0	0	0	0	0	0	0	0	0	0	1	0	0	0	0	0	0	0	0	0	0	1	0	0	0	0	0	0	0	0	0	0	0	0	0	0	0	0	0	0	0	0	0	0	0	0	0	0	0	0	0	0	0	0	0	0	0	0	0	0	0
OTU_627	OTU_627	1	0	1	0	0	2	0	8	2	0	0	0	7	0	0	0	0	0	0	0	0	0	0	0	0	0	0	0	2	1	0	0	0	0	0	2	0	0	0	0	2	1	0	0	0	1	0	0	0	0	0	0	0	15	0	0	0	0	0	0	0	0	0	0	0	0	0	0	0	0	0	0	1	0	0	0	2	0	0	3	0	0	0	0	0	1	0	0	0	0	0	0	0	0	0	0	0	0	0	0	0	0	0	0	0	0	0	0	0	0	0	0	0	0	0	0	0	0	0	0	0	0	0	0	0	0	0	0	0	0	0	0	0	0	0	0	0	0	0	0	0	0	0	0	0	0	0	0	1	0	0	0	0	0	0	0	0	0	0	0	0	0	0	0	0	0	0	0	0	0	0	0
OTU_628	OTU_628	0	0	0	0	0	0	1	0	0	0	0	0	0	0	0	0	0	0	0	0	0	1	0	1	0	0	0	0	1	0	0	0	0	0	0	0	0	0	0	0	0	0	0	0	0	0	0	0	0	0	0	0	0	0	0	0	0	0	2	0	0	0	0	0	0	0	0	0	0	0	0	0	0	0	0	0	0	0	0	0	1	0	0	1	0	0	0	0	0	1	0	0	0	0	4	0	0	0	0	0	0	0	0	0	0	0	0	0	0	0	0	0	2	0	1	0	0	0	0	0	0	0	0	0	0	0	0	0	0	0	0	0	0	0	0	0	0	0	0	4	0	1	0	0	0	0	0	0	0	0	0	0	0	2	0	0	1	0	0	0	0	0	0	0	0	0	0	0	0	0	0	0
OTU_629	OTU_629	0	0	0	0	0	0	0	1	0	0	0	0	0	0	0	0	0	0	0	0	0	0	0	0	0	0	0	0	0	0	7	0	0	0	0	0	0	0	1	0	0	0	0	0	1	0	0	0	0	0	0	0	0	1	0	0	0	0	1	0	0	0	0	0	0	0	0	0	0	2	0	0	0	0	0	0	0	0	0	0	0	0	0	0	0	0	0	0	2	2	0	0	0	0	0	0	0	0	0	0	1	0	0	0	0	0	0	0	0	0	0	0	0	0	0	0	0	0	0	0	0	0	0	0	0	4	0	0	0	0	0	0	0	1	1	5	0	0	0	0	0	0	0	0	0	0	0	0	0	1	0	0	0	0	0	0	0	0	0	0	0	0	1	0	0	0	0	0	0	0	0	0
OTU_630	OTU_630	0	0	0	0	0	0	0	0	0	0	0	0	5	0	0	0	0	0	0	0	0	0	0	0	0	0	0	0	1	1	0	0	0	0	0	0	0	0	0	0	0	0	0	0	0	0	0	0	0	0	0	0	0	0	0	0	0	0	0	0	0	0	0	0	0	0	0	0	0	0	0	0	0	0	0	0	0	0	0	0	0	0	0	0	0	0	0	0	0	0	0	0	0	0	0	0	0	0	0	0	0	0	0	0	0	0	0	0	0	0	0	0	0	0	0	0	0	0	0	0	0	0	0	0	0	0	0	0	4	0	0	0	0	0	0	0	0	0	0	0	0	0	0	0	0	0	0	0	1	0	0	0	0	0	0	0	0	0	2	0	0	0	0	0	0	0	0	0	0	0	0	0
OTU_632	OTU_632	2	1	0	0	0	0	0	0	0	0	1	0	0	1	0	0	0	0	0	2	4	0	1	2	1	3	0	0	2	0	0	1	0	0	0	0	3	2	0	0	4	1	2	3	0	1	1	1	1	0	0	0	1	4	0	1	1	0	0	2	0	0	0	0	0	1	1	0	1	0	0	1	0	1	1	1	1	0	0	1	3	0	1	0	2	1	1	1	0	1	0	0	2	1	0	0	1	1	2	0	0	0	7	0	2	1	0	1	0	4	0	1	0	0	1	0	0	1	0	1	0	2	0	0	1	4	1	0	1	0	3	0	0	2	1	1	0	1	0	1	0	3	1	0	0	2	0	0	2	0	0	0	1	1	0	1	0	1	3	0	2	0	1	9	1	0	0	0	0	0	2	0
OTU_633	OTU_633	1	1	0	0	1	0	1	0	0	0	0	0	0	0	1	0	0	0	0	1	1	0	2	0	0	0	0	0	1	0	1	4	0	0	0	0	0	0	2	0	0	0	0	4	0	0	1	0	0	0	0	0	0	0	1	1	0	0	0	0	0	0	0	0	0	0	0	0	0	1	0	1	0	1	4	0	0	0	0	0	0	0	0	0	0	1	0	1	0	0	1	2	0	2	0	0	0	0	4	0	0	0	0	0	1	1	0	0	0	2	0	0	1	0	1	3	1	0	0	0	0	0	0	0	0	4	2	1	1	0	0	4	0	1	0	1	0	0	0	0	1	1	1	0	1	0	0	0	0	0	0	0	0	1	0	3	3	1	0	0	0	0	0	1	1	1	0	0	0	2	2	0
OTU_634	OTU_634	0	0	0	0	0	0	0	1	0	0	0	34	0	8	0	0	0	0	0	0	0	0	0	0	0	0	0	0	0	0	0	0	0	0	2	0	0	0	0	0	0	0	0	0	0	0	0	0	0	0	0	0	0	0	0	0	0	0	0	0	0	0	0	0	0	0	0	0	0	0	0	0	0	0	0	0	0	0	0	0	0	0	0	1	0	0	0	0	0	0	0	0	0	0	0	0	0	0	0	0	0	0	0	0	0	0	0	0	0	0	0	0	0	0	0	0	0	0	0	0	0	0	0	0	0	0	0	0	0	0	0	0	0	0	0	0	0	1	0	0	0	0	0	0	0	0	0	0	0	0	0	0	0	0	0	0	0	0	0	0	0	5	0	0	0	0	0	0	0	0	0	0
OTU_635	OTU_635	0	0	0	1	2	0	0	1	0	0	0	0	0	1	2	0	0	0	0	0	0	0	0	0	0	0	0	15	0	0	0	0	0	0	1	0	0	0	0	0	0	0	0	0	0	0	2	0	0	0	1	0	0	0	0	0	0	0	0	0	0	0	0	0	0	0	0	0	0	0	0	0	2	0	2	0	0	0	0	0	0	0	0	0	0	0	0	0	0	0	0	0	0	0	2	0	0	0	0	0	0	0	0	1	0	0	0	0	0	0	0	0	0	0	0	0	0	0	0	0	0	0	0	0	0	0	0	0	0	0	0	0	0	0	0	0	0	0	0	0	0	0	1	0	0	0	0	0	0	0	0	0	0	0	0	0	0	0	0	0	0	0	0	0	0	0	0	0	0	0	0	0
OTU_636	OTU_636	0	0	0	0	0	0	0	0	0	0	0	0	0	0	0	0	0	0	0	0	0	0	0	0	0	0	0	0	0	0	0	0	0	0	0	0	0	0	0	0	0	0	0	0	0	0	0	0	0	1	0	0	0	0	0	0	0	0	0	0	0	0	0	0	0	9	0	0	0	0	0	0	0	0	0	0	0	0	0	0	1	0	0	0	0	0	0	0	0	0	0	0	0	0	0	0	0	0	0	0	0	0	0	0	0	0	0	0	0	0	0	0	0	0	0	0	0	0	0	0	0	1	0	0	0	0	0	0	2	0	2	0	0	0	0	0	0	0	0	0	0	0	0	0	0	23	0	8	0	0	0	1	0	0	0	0	0	0	2	0	0	0	0	0	0	23	0	0	14	0	0	0
OTU_637	OTU_637	0	0	0	0	0	0	0	0	0	0	0	0	0	0	0	0	0	0	0	0	0	0	0	0	0	0	0	0	0	0	0	0	0	0	0	0	0	0	0	0	0	0	0	0	0	0	0	0	0	0	0	0	0	0	0	0	0	0	0	0	0	0	0	0	0	0	0	0	0	0	0	0	0	0	0	0	0	0	0	0	3	0	0	0	0	0	0	0	0	0	0	0	0	0	0	0	0	0	0	0	0	0	0	0	0	0	0	0	0	0	0	0	0	0	0	0	0	0	0	0	0	0	0	0	0	0	0	0	0	0	0	0	0	0	0	0	0	0	0	0	0	0	0	0	0	0	0	0	0	0	0	0	0	0	0	0	0	0	0	0	0	0	0	0	0	0	0	0	0	0	0	0
OTU_638	OTU_638	0	0	0	0	1	0	1	0	0	0	0	0	0	0	0	0	0	0	0	0	0	0	0	0	0	0	0	0	0	0	0	0	0	0	0	0	0	0	0	0	0	0	0	0	0	0	0	0	0	0	0	0	0	0	0	0	0	0	1	0	0	0	0	0	0	0	0	0	0	0	0	0	0	0	0	1	0	0	0	0	0	0	0	0	0	0	0	0	0	0	0	0	0	0	1	0	0	0	0	0	0	0	0	0	0	0	0	0	1	0	0	0	0	0	0	0	0	0	0	0	0	0	0	0	0	0	2	0	0	0	0	0	0	0	0	0	0	0	0	0	0	0	0	0	0	0	0	0	0	0	0	0	0	0	0	0	0	0	0	0	0	0	0	0	0	0	0	0	0	0	0	0
OTU_639	OTU_639	0	0	0	0	0	0	0	0	3	0	0	0	0	0	0	0	0	2	0	0	0	0	0	0	0	0	0	0	0	0	0	0	0	1	0	0	0	4	0	0	0	0	0	0	0	0	0	0	0	1	0	0	0	0	0	0	0	0	0	0	0	0	0	0	0	0	0	0	0	0	0	0	0	0	0	0	0	0	0	0	0	0	0	0	0	0	0	37	0	0	0	0	0	0	0	0	0	0	34	14	1	1	0	0	0	0	0	0	0	1	2	0	0	0	0	0	0	0	0	0	0	0	0	0	0	1	0	0	6	0	0	0	0	1	0	0	0	0	0	0	2	0	0	0	0	0	0	0	0	0	0	0	0	0	0	0	0	0	0	0	0	0	0	0	0	11	0	0	0	0	0	0
OTU_640	OTU_640	0	0	0	0	0	0	0	0	0	0	0	1	0	1	0	0	1	0	0	0	0	0	0	0	0	0	0	0	0	0	0	0	0	1	1	0	1	0	0	0	0	0	0	0	1	0	0	0	0	1	0	1	1	1	0	0	0	0	0	0	0	0	0	0	0	0	0	0	0	0	0	0	0	0	0	0	0	0	0	0	1	0	0	0	0	0	0	0	0	0	0	0	0	0	0	0	0	0	0	1	1	79	0	0	0	0	1	1	0	2	0	0	41	2	0	1	0	0	0	0	0	0	0	0	0	0	0	0	8	0	0	3	0	0	0	4	0	1	1	0	2	0	0	0	0	5	0	0	0	0	0	0	0	0	5	0	32	3	1	0	0	0	0	0	0	10	0	0	3	0	0	0
OTU_641	OTU_641	0	0	0	1	0	0	0	0	0	0	0	0	0	0	0	1	0	0	0	0	0	0	0	0	0	0	0	0	0	0	0	0	1	0	0	0	0	0	0	0	0	0	0	0	0	0	0	0	0	0	0	0	8	2	0	0	0	0	0	0	0	0	0	0	0	0	3	0	0	0	4	0	0	0	0	0	0	0	0	0	0	0	0	0	0	0	6	0	0	0	0	0	0	0	0	0	0	0	13	0	0	9	0	0	0	0	0	0	1	0	0	0	0	0	0	0	0	0	0	0	0	0	0	0	0	0	0	0	0	0	0	0	0	0	0	0	0	0	0	0	0	0	0	0	13	0	0	0	0	0	0	0	197	0	0	0	0	0	0	0	0	0	0	0	0	0	0	0	0	0	0	0
OTU_642	OTU_642	5	0	0	0	0	0	0	0	0	0	0	0	0	0	0	0	0	0	0	0	0	0	0	0	0	0	0	1	0	0	0	0	0	1	0	0	0	0	0	0	0	0	0	0	1	0	0	0	0	0	0	0	0	0	0	0	0	0	0	0	0	0	0	0	0	1	0	0	0	1	0	0	0	0	0	0	0	0	1	0	0	0	0	0	0	0	0	0	0	0	1	0	0	0	0	0	0	0	0	0	0	0	0	0	0	0	0	0	0	0	0	0	0	0	0	0	0	0	0	0	0	0	0	0	0	0	0	0	0	0	0	0	0	0	0	0	0	0	0	0	0	0	0	0	0	0	0	0	0	0	0	0	0	0	0	0	0	0	0	0	0	0	0	0	0	0	0	0	0	1	0	0
OTU_643	OTU_643	0	0	0	0	0	0	0	0	0	0	0	5	0	5	4	0	0	0	0	0	0	0	0	0	0	0	0	0	0	0	230	0	0	0	0	0	0	0	0	0	0	0	0	0	0	0	0	0	0	0	1	0	0	0	0	0	0	0	0	0	0	0	0	0	0	0	0	0	0	0	1	0	0	0	0	0	0	0	0	0	0	0	0	0	0	0	0	0	0	0	0	0	0	0	0	0	0	0	0	0	0	0	0	0	0	0	0	0	0	0	0	0	0	0	0	0	0	0	0	0	0	0	0	2	0	0	0	0	0	0	0	0	0	0	0	0	0	0	1	0	0	0	0	0	0	0	0	0	0	0	0	0	0	0	0	0	1	0	0	0	0	0	0	0	0	0	0	0	0	0	0	0
OTU_644	OTU_644	0	0	0	0	0	0	0	0	0	0	0	2	0	3	0	0	0	9	0	0	1	0	0	0	0	0	0	0	0	0	0	0	0	0	1	0	0	2	0	0	0	0	0	0	10	7	0	0	0	0	0	0	0	0	0	0	0	0	4	0	0	0	0	0	1	0	0	0	0	0	0	0	0	0	0	0	0	0	0	0	0	1	0	0	0	0	0	0	0	0	0	0	1	0	0	0	0	0	6	0	0	80	0	0	0	0	9	0	0	0	0	0	5	1	0	24	1	1	0	0	0	0	0	0	0	0	0	0	0	0	0	0	2	0	1	0	0	0	1	0	14	0	0	0	0	1	0	0	3	0	0	0	0	0	6	0	24	0	0	0	1	1	0	0	0	0	0	0	1	0	0	0
OTU_646	OTU_646	0	0	0	0	0	0	3	0	0	0	0	0	0	0	0	1	4	0	10	0	0	0	0	0	0	0	0	0	7	0	0	0	0	0	2	0	2	0	0	0	0	0	0	0	0	1	0	0	6	0	0	0	0	0	0	0	0	0	0	0	0	0	0	1	0	0	1	0	0	1	1	0	0	0	0	0	0	0	0	0	0	0	0	0	0	0	0	0	0	0	0	0	0	0	0	0	0	0	0	0	1	1	0	0	0	0	0	0	0	0	0	0	8	0	0	0	0	0	0	0	0	0	0	0	0	0	0	0	7	0	0	0	0	0	0	0	0	0	0	0	0	1	0	0	0	0	0	0	5	0	0	0	4	0	0	0	4	0	2	0	0	0	0	0	0	0	0	0	0	5	0	7
OTU_648	OTU_648	0	0	0	0	0	0	0	0	0	1	0	6	0	6	0	0	0	0	0	0	0	0	0	0	0	0	0	0	0	0	0	0	2	0	0	0	0	0	0	0	0	0	0	0	0	0	0	0	0	0	0	0	0	0	0	0	0	0	0	0	0	0	1	0	0	0	0	0	0	0	0	0	0	0	0	0	16	0	0	0	0	0	0	0	0	0	2	0	0	0	0	0	0	0	0	0	0	0	0	0	0	0	0	0	0	0	0	0	0	0	0	0	0	0	0	0	0	0	0	0	0	0	2	0	0	0	1	0	3	0	0	0	0	0	0	0	0	0	0	0	0	0	0	0	0	0	0	0	0	0	0	0	0	0	0	0	0	0	3	0	0	0	0	0	0	0	0	1	0	0	0	0
OTU_650	OTU_650	0	0	2	0	0	0	0	0	3	0	0	0	0	0	0	0	2	11	0	0	0	0	0	0	0	0	0	0	0	0	1	0	0	0	0	0	2	20	1	0	0	0	0	0	0	0	0	0	0	4	0	0	0	0	0	0	0	0	0	0	0	0	0	0	0	0	0	0	0	0	4	0	0	0	0	0	0	0	0	0	0	1	0	0	0	0	0	0	0	0	0	0	0	0	0	0	0	0	0	0	0	4	0	1	0	0	0	0	1	0	0	0	0	0	0	0	0	1	0	0	0	0	0	1	0	0	0	0	0	2	0	0	0	0	0	0	0	2	0	3	17	0	0	0	0	0	0	0	0	0	0	0	0	0	0	0	1	0	0	1	0	0	0	0	0	0	0	1	1	0	0	0
OTU_651	OTU_651	0	0	0	0	0	2	0	0	3	0	0	0	0	0	0	0	0	0	0	0	0	0	0	0	0	0	0	0	0	0	0	0	0	0	0	0	0	0	0	0	0	0	0	0	0	0	0	0	0	0	0	0	0	0	0	0	0	0	0	0	0	0	0	0	0	0	0	0	0	0	0	0	0	0	0	0	0	0	0	1	0	0	0	0	0	0	0	0	0	0	0	0	0	0	0	0	0	0	0	0	0	0	0	0	0	0	0	0	0	0	0	0	0	0	0	0	0	0	0	0	0	0	0	0	0	0	0	0	0	0	0	0	0	0	0	0	0	0	0	0	0	0	0	0	0	0	0	0	0	0	0	0	0	0	0	0	0	0	0	0	0	0	0	0	0	0	0	0	0	0	0	0
OTU_652	OTU_652	0	0	0	0	0	0	0	0	0	0	0	0	0	0	0	0	0	0	0	0	0	0	0	0	0	0	0	0	0	0	0	0	0	0	0	0	0	0	0	0	0	0	0	0	0	0	0	0	0	0	0	0	0	0	0	0	0	0	0	0	0	0	0	0	0	1	0	0	0	0	0	0	0	0	0	0	0	0	0	0	0	0	0	0	0	0	0	0	0	0	0	0	0	0	0	0	0	0	0	0	0	0	0	0	0	0	0	0	1	0	0	0	0	0	0	0	0	0	0	0	0	0	0	0	0	0	0	0	0	0	0	0	0	0	0	0	0	0	0	0	0	0	0	0	0	0	0	0	0	0	0	0	0	0	0	0	0	0	0	0	0	15	0	0	0	0	0	0	0	0	0	0
OTU_653	OTU_653	0	0	30	3	0	0	1	0	0	0	0	0	0	0	0	0	0	1	0	0	0	0	0	0	0	0	0	0	0	0	0	0	0	0	0	0	0	0	0	0	0	0	7	0	0	22	0	0	0	0	0	0	2	0	0	0	0	0	0	0	3	0	0	0	0	3	0	0	0	0	0	0	0	0	0	0	4	0	0	0	0	0	0	0	0	0	0	0	0	0	0	0	0	0	0	0	0	0	0	0	3	0	1	0	0	0	0	0	0	0	0	0	0	0	0	0	0	0	0	0	0	0	0	2	0	0	0	0	1	0	0	0	0	0	0	2	0	0	0	0	0	0	0	0	0	3	0	0	0	0	0	0	0	1	0	0	0	0	1	0	0	0	0	0	0	0	0	0	1	0	0	0
OTU_654	OTU_654	0	0	0	0	1	0	0	0	0	0	0	0	0	0	0	0	0	0	0	0	0	0	0	0	0	0	0	0	0	0	0	0	0	0	0	0	0	0	0	0	0	0	0	0	0	0	0	0	17	0	0	0	0	0	0	0	0	0	0	0	0	0	0	0	0	0	56	0	0	0	0	0	0	0	0	0	1	1	0	0	0	0	0	0	0	0	0	0	1	0	0	0	0	0	0	0	0	0	0	0	0	0	0	0	0	0	0	0	0	0	13	0	0	0	0	0	0	0	0	0	0	0	0	0	0	0	0	0	0	0	0	0	0	0	0	0	0	0	0	0	0	0	0	0	0	0	0	0	0	0	0	0	0	0	0	0	0	0	0	0	0	0	0	0	0	0	0	0	0	0	0	0
OTU_655	OTU_655	0	0	0	1	0	0	0	0	0	3	0	0	0	0	0	0	0	0	0	3	2	0	1	0	0	0	0	1	4	0	0	0	0	0	0	0	3	0	0	0	3	1	0	0	0	0	0	0	1	0	0	0	0	3	0	1	0	0	1	0	0	1	0	0	1	2	1	0	1	0	1	1	0	1	0	1	0	0	0	4	0	0	0	0	0	2	0	1	1	1	0	0	1	8	0	0	1	2	7	0	4	0	0	0	3	1	0	0	1	1	0	0	0	0	0	3	0	0	1	0	1	0	1	0	1	3	1	1	0	1	0	0	0	4	1	0	4	0	0	0	0	0	3	0	0	1	0	1	0	2	0	0	0	0	0	3	0	1	0	0	2	1	0	0	1	2	0	0	0	1	0	0
OTU_656	OTU_656	0	0	0	7	0	0	1	0	0	0	0	0	0	0	0	0	0	0	0	0	0	0	0	634	0	0	0	0	0	0	0	0	0	0	0	0	0	0	0	0	0	0	0	0	0	0	1	0	0	1	0	0	0	0	0	0	0	0	0	0	0	0	0	0	0	0	0	60	0	0	0	0	0	0	0	1	0	0	0	0	0	0	0	0	0	0	0	0	0	0	0	0	0	0	0	0	0	0	0	0	0	0	0	0	0	0	0	0	0	0	0	0	0	0	0	0	0	0	0	0	0	0	0	0	1	0	0	0	0	0	0	0	0	0	0	0	0	0	0	0	0	0	0	0	0	0	0	0	0	0	1	0	0	0	0	0	0	0	0	0	0	0	0	0	0	0	0	0	0	0	0	0
OTU_657	OTU_657	0	0	0	0	0	0	0	0	0	0	0	0	2	0	0	0	0	0	0	0	0	0	0	0	0	0	0	0	0	0	0	0	0	0	0	3	0	0	0	0	0	0	0	0	0	0	0	0	0	0	0	0	0	1	0	0	0	0	0	0	0	0	0	0	0	0	0	0	0	0	0	0	0	0	0	0	0	0	0	8	0	0	0	0	0	0	0	0	0	0	0	0	0	0	0	0	0	0	0	0	0	0	0	0	0	0	0	0	0	0	0	0	0	0	0	0	0	0	0	0	0	0	0	0	0	0	0	0	1	0	0	0	0	0	0	0	0	0	0	0	0	0	0	0	0	0	0	0	0	0	0	0	0	0	0	0	0	0	0	0	0	0	0	0	0	0	0	0	0	0	0	0
OTU_660	OTU_660	1	0	0	0	3	0	1	0	0	0	0	0	0	0	2	1	0	0	0	0	0	0	1	0	1	1	0	0	5	0	0	2	0	1	0	0	3	0	0	0	2	1	0	0	0	1	0	1	1	0	3	0	0	7	1	0	2	0	1	0	0	0	0	0	0	0	3	0	0	0	0	0	3	1	0	0	0	1	0	0	1	0	1	3	0	1	0	0	2	0	0	7	0	1	1	1	5	0	3	0	0	1	4	0	1	0	1	2	1	0	0	0	3	0	1	0	1	0	2	1	2	0	0	0	0	0	1	1	1	0	1	1	0	2	0	1	0	1	0	0	1	2	0	1	1	2	0	4	3	1	0	0	1	1	0	3	0	1	1	0	1	2	4	4	3	1	1	0	0	0	0	0
OTU_661	OTU_661	0	1	0	0	0	0	0	0	1	0	0	0	0	0	1	0	0	5	0	0	0	0	0	0	0	0	0	0	0	0	3	0	0	0	2	2	1	0	0	0	0	0	0	0	3	0	0	0	0	0	0	0	0	0	0	0	0	0	0	0	0	0	0	0	0	0	0	0	0	0	0	0	0	1	0	0	0	0	0	0	0	0	0	0	1	0	6	0	0	0	0	0	0	3	0	0	0	0	0	3	0	7	1	0	0	0	2	3	0	0	0	0	0	0	0	2	1	11	0	0	0	0	0	0	0	1	10	0	1	0	4	0	2	1	0	0	0	0	0	0	3	0	0	0	0	0	0	1	7	0	0	0	3	0	0	0	0	41	0	0	0	0	0	0	0	4	0	2	0	0	0	2
OTU_662	OTU_662	0	0	0	0	0	0	0	0	0	0	0	0	0	0	0	0	0	0	0	0	0	0	0	0	0	0	0	0	0	0	4	0	0	0	0	0	0	0	0	0	0	0	0	0	0	4	0	0	0	0	0	0	0	0	0	0	0	0	0	0	0	0	0	0	0	0	0	0	0	0	0	0	0	0	0	0	0	0	0	0	0	0	0	0	0	0	0	0	0	0	0	0	0	0	0	0	0	0	0	0	0	13	0	0	0	0	0	0	0	0	0	0	0	0	0	0	0	0	0	0	0	0	0	0	0	0	0	0	0	0	0	0	1	0	0	0	0	0	0	0	0	0	0	0	0	0	0	0	0	0	0	0	0	0	0	0	0	0	0	0	0	0	0	0	1	0	0	0	0	0	0	0
OTU_663	OTU_663	0	0	0	0	0	0	0	0	0	0	0	0	0	0	0	0	0	0	0	0	0	0	0	0	0	0	0	0	0	0	0	0	0	0	0	0	0	0	0	0	0	0	0	0	0	1	0	0	0	0	0	0	0	0	0	0	0	0	0	0	0	0	0	0	0	0	0	0	0	0	0	0	0	0	0	0	0	0	0	0	0	0	0	0	0	0	0	0	0	0	0	0	0	0	0	0	0	0	0	0	0	0	0	0	0	0	0	0	0	0	0	0	0	0	0	0	0	0	0	0	0	0	0	0	0	0	0	2	0	0	4	0	2	0	0	0	0	0	0	0	0	0	0	0	0	0	0	0	0	0	0	0	0	0	0	0	0	0	0	0	0	0	0	0	0	0	0	0	0	0	0	0
OTU_664	OTU_664	4	0	0	0	0	6	1	2	5	0	0	1	2	0	0	0	0	0	0	0	0	0	0	0	0	0	0	0	7	0	1	0	0	0	0	1	0	0	0	0	0	2	0	0	2	0	0	0	0	0	0	0	1	0	0	0	0	0	1	1	0	0	0	0	0	0	0	0	0	0	0	0	0	1	0	0	0	0	0	32	0	0	1	0	2	0	0	0	0	2	0	0	0	0	3	0	1	0	0	0	0	0	0	0	0	0	0	0	0	0	0	0	0	0	1	0	1	0	0	1	0	0	0	0	0	2	0	0	0	0	0	0	0	2	0	0	0	0	2	0	0	0	0	0	0	0	0	0	0	0	0	0	0	0	0	0	1	0	0	0	0	0	0	0	0	0	0	2	0	0	0	4
OTU_665	OTU_665	0	0	0	0	0	0	0	0	0	0	0	0	0	0	0	0	1	0	0	0	0	0	0	0	0	0	0	0	0	0	0	0	0	0	2	0	0	1	0	0	0	0	0	0	0	0	0	0	0	0	0	0	1	0	0	0	0	0	0	0	0	0	0	4	1	0	0	0	0	0	0	0	0	0	0	0	0	0	0	0	0	0	0	0	0	0	1	0	0	0	0	0	0	0	0	0	0	0	3	0	0	14	2	0	0	0	0	2	0	0	0	0	0	0	0	1	0	0	0	0	0	1	0	0	1	0	0	0	1	0	0	0	0	0	0	4	0	1	0	0	1	0	0	1	2	0	0	0	6	0	0	0	1	0	1	0	2	0	0	0	0	0	0	0	0	2	0	0	1	0	1	0
OTU_666	OTU_666	0	0	0	0	0	0	0	0	0	0	0	17	0	17	0	0	0	0	0	0	0	0	0	0	0	0	0	0	0	0	0	0	0	1	0	0	0	0	0	0	0	0	0	0	0	0	0	0	0	10	0	0	0	0	0	0	0	0	0	0	0	0	0	0	0	0	0	0	0	0	0	0	0	0	0	0	0	0	0	0	0	0	0	0	0	0	0	0	0	0	0	0	0	0	0	0	0	0	0	0	0	0	0	0	0	0	0	0	0	0	0	0	0	0	0	0	0	11	0	0	0	0	0	0	0	0	0	0	0	0	0	0	0	0	0	0	0	0	0	0	0	0	0	0	0	17	0	0	0	0	0	3	0	0	0	0	0	14	0	0	0	0	0	0	0	143	0	0	29	0	0	0
OTU_667	OTU_667	0	0	0	0	0	0	18	0	0	0	0	0	0	0	0	0	0	0	0	0	0	0	0	0	0	0	0	0	0	1	0	0	0	0	0	29	0	0	0	0	0	0	0	0	0	0	0	0	0	0	0	0	0	0	0	0	0	0	0	0	0	0	0	0	0	0	0	0	0	0	0	0	0	0	0	0	0	0	0	0	0	0	0	0	0	0	0	0	0	0	0	0	0	0	0	0	0	0	0	24	0	0	0	1	16	0	0	0	0	0	0	2	1	0	0	22	0	1	0	0	0	0	0	0	0	0	0	0	0	0	0	0	0	0	0	2	0	0	0	0	0	0	0	0	0	0	0	0	0	0	0	0	0	0	0	0	17	0	0	0	0	0	0	0	0	0	0	0	0	0	0	0
OTU_668	OTU_668	0	0	0	0	0	0	0	0	0	0	0	0	0	0	0	0	0	0	0	0	0	0	0	0	0	0	0	0	0	0	0	0	0	0	0	0	0	0	0	0	0	0	0	0	0	0	0	0	0	0	0	0	0	0	0	0	0	0	0	0	0	0	0	0	0	0	0	0	0	0	0	0	0	0	0	0	0	0	0	0	0	0	0	0	0	0	0	0	1	0	0	0	0	0	0	0	0	0	0	0	0	0	0	0	0	0	0	0	0	0	0	0	0	0	0	0	0	0	0	0	0	0	0	0	0	0	0	0	0	0	0	0	0	0	0	0	0	0	0	0	0	0	0	0	0	0	0	1	0	0	0	0	0	0	0	0	0	0	0	0	0	0	0	0	0	0	0	0	0	0	0	0
OTU_670	OTU_670	0	51	0	0	0	0	0	0	29	0	0	0	0	0	0	0	0	143	0	0	0	0	0	0	0	0	1	0	0	0	0	0	4	0	1	0	0	0	0	0	0	0	0	0	0	0	0	0	0	0	0	11	0	0	0	0	0	0	0	0	0	0	0	0	0	0	0	0	0	0	0	0	1	0	0	0	0	0	0	0	0	0	0	0	0	0	0	0	0	0	0	0	0	0	0	0	0	0	0	0	0	0	0	0	0	0	0	0	0	0	0	0	0	0	0	248	0	0	0	1	0	0	0	0	0	0	0	0	0	0	0	0	0	0	0	0	0	0	0	0	0	0	0	2	10	0	0	0	0	0	0	0	0	0	0	0	0	0	0	0	0	0	0	0	0	0	0	0	0	0	0	0
OTU_671	OTU_671	0	0	0	0	0	46	0	0	0	0	0	0	0	0	0	0	0	0	0	0	0	0	0	0	1	0	0	0	0	0	0	0	0	0	0	0	0	14	0	0	0	0	0	0	0	0	0	0	0	0	0	0	15	8	0	0	3	0	0	0	0	0	0	0	0	0	2	0	0	0	0	0	0	0	0	0	0	0	0	0	0	0	0	0	0	0	43	0	0	0	0	0	0	0	0	0	0	0	1	0	1	0	0	0	0	0	0	0	0	1	0	0	0	5	0	1	0	0	0	0	0	0	0	0	0	0	0	4	0	0	3	0	0	0	0	0	0	0	1	0	0	0	0	0	0	0	8	0	0	0	0	0	0	2	0	0	1	1	0	0	0	0	0	0	2	0	20	0	4	1	1	0
OTU_673	OTU_673	3	0	0	0	0	0	0	0	0	0	1	0	1	0	0	0	0	0	0	0	2	1	0	0	0	0	0	0	0	0	1	0	0	0	0	0	1	0	0	0	0	1	3	0	0	0	0	0	0	0	1	0	0	0	0	0	0	0	0	0	0	0	1	0	0	0	0	0	0	0	2	3	0	1	1	4	0	0	0	0	0	0	0	0	1	1	0	0	0	0	1	3	0	0	0	0	0	0	0	0	0	0	0	0	0	0	0	1	0	0	0	0	0	0	0	0	0	0	0	0	0	0	0	1	0	1	3	0	0	1	0	0	0	0	0	0	0	0	2	0	0	2	1	0	0	0	0	1	0	0	0	0	0	0	0	0	1	0	0	0	0	0	0	1	0	1	0	1	0	0	0	0
OTU_674	OTU_674	0	0	0	0	0	0	0	0	0	0	0	0	0	0	0	0	0	0	0	0	0	0	0	0	0	0	0	0	0	0	0	0	0	0	0	0	0	0	0	0	0	0	0	0	0	0	0	0	0	0	0	0	0	0	0	0	0	0	0	0	0	0	0	0	0	0	0	0	0	0	0	0	0	0	0	0	0	0	0	0	0	0	0	0	0	0	0	0	0	0	0	0	0	0	1	0	0	0	0	0	0	0	0	0	0	0	0	0	0	0	0	0	0	0	0	0	0	0	0	0	0	0	0	0	0	0	0	0	0	0	0	0	0	0	0	0	0	0	0	0	0	0	0	0	0	0	0	0	0	0	0	0	0	0	0	0	0	0	1	0	0	0	0	0	0	0	0	0	0	0	0	0
OTU_675	OTU_675	0	0	0	1	0	0	0	0	0	0	1	0	0	0	0	0	0	1	0	0	0	0	0	0	1	0	0	1	1	0	1	2	0	1	0	0	0	0	0	0	0	0	2	3	0	0	0	1	0	0	0	0	0	0	0	0	3	0	0	0	0	0	0	0	0	0	3	0	0	0	1	1	0	0	0	1	0	1	0	0	0	0	0	1	0	0	0	0	0	0	0	0	0	0	0	1	0	0	3	0	0	0	0	0	2	1	1	0	0	0	0	1	0	0	0	1	0	1	0	0	2	0	0	0	0	0	1	1	0	0	0	1	1	0	0	1	0	0	0	0	0	1	1	1	1	0	0	0	1	0	0	0	0	0	0	2	3	0	0	0	0	0	1	2	1	0	0	0	0	0	3	0
OTU_676	OTU_676	0	0	0	2	0	0	0	0	2	0	0	0	0	0	0	0	0	5	0	0	0	0	0	0	0	0	0	0	0	0	0	0	0	0	0	0	0	0	0	0	0	0	0	0	0	188	0	0	0	0	0	0	0	0	0	0	0	0	0	0	0	0	0	0	0	0	4	0	0	0	0	0	0	0	0	0	0	0	0	0	0	0	0	0	0	0	0	0	0	0	0	0	0	0	0	0	0	0	0	0	0	0	0	0	0	0	0	0	0	0	0	0	0	4	0	3	0	0	0	0	0	0	0	0	0	0	0	0	2	0	0	0	0	0	0	0	0	0	0	0	0	0	0	0	0	0	0	0	0	0	0	0	0	0	0	0	0	0	0	0	0	0	0	0	0	0	0	0	0	0	0	0
OTU_677	OTU_677	0	0	0	0	0	0	0	0	0	0	0	0	0	0	0	0	0	1	7	0	0	0	0	0	0	0	0	0	0	0	2	0	0	0	0	0	0	0	0	0	0	0	0	0	0	0	0	0	0	0	0	0	0	0	0	0	0	0	0	0	0	0	0	0	0	0	0	0	0	0	0	0	0	0	0	0	0	0	0	0	0	0	0	0	0	0	0	0	0	0	0	0	0	0	0	0	0	0	1	0	0	4	0	2	0	0	0	0	0	3	0	0	0	0	0	5	0	0	0	0	0	0	0	1	0	0	0	0	0	0	0	10	0	0	0	0	0	0	0	0	23	0	0	0	0	0	0	0	0	0	0	0	0	0	2	0	2	0	0	0	0	0	0	1	0	0	0	0	0	0	0	0
OTU_678	OTU_678	0	0	0	0	0	0	0	0	0	0	0	0	0	0	0	0	0	0	0	0	0	0	0	0	0	0	0	0	0	0	0	0	0	0	0	0	0	0	0	0	0	0	0	0	0	0	0	0	0	0	0	0	0	0	0	0	0	0	0	0	0	1	0	0	0	0	4	0	0	0	0	0	0	0	0	0	0	0	0	0	0	0	0	0	0	0	0	0	9	0	0	0	0	0	0	0	0	0	1	0	0	2	0	0	0	0	0	50	0	0	0	0	0	0	0	0	0	0	0	0	0	0	0	0	0	0	0	0	0	0	0	0	1	0	0	17	0	0	0	0	1	0	0	0	0	0	0	0	0	0	0	0	0	0	2	0	0	0	0	0	0	0	0	0	0	0	0	0	0	0	0	0
OTU_679	OTU_679	0	0	0	0	0	0	0	0	3	0	0	0	0	0	0	0	0	14	0	0	0	0	0	0	0	0	0	0	0	0	0	0	0	0	0	0	0	0	0	0	0	0	0	0	0	0	0	0	0	0	0	0	0	0	0	0	0	0	0	0	0	0	0	0	0	1	0	0	0	0	0	0	0	0	0	0	0	0	0	0	0	0	0	0	0	0	0	0	0	0	0	0	0	0	0	0	0	0	247	0	0	375	0	0	0	0	0	0	0	2	8	0	0	0	0	0	0	0	0	0	0	0	0	0	0	0	0	0	0	0	0	0	0	8	0	0	0	0	0	0	0	0	0	0	1	0	0	0	0	0	0	0	0	0	0	0	0	0	0	0	27	16	0	1	0	0	0	0	0	0	0	0
OTU_680	OTU_680	0	0	0	0	0	0	0	0	0	0	0	0	0	0	0	0	0	0	0	0	0	1	0	0	0	0	0	0	0	0	0	0	0	0	0	0	0	0	0	0	0	0	0	0	1	0	0	0	0	0	0	0	0	0	0	0	0	0	0	0	0	0	0	0	0	0	0	0	0	0	0	0	0	0	0	0	0	0	0	0	1	0	0	0	0	0	0	0	0	0	0	0	0	0	0	0	0	0	0	0	0	0	0	0	0	0	0	0	0	0	0	0	0	0	0	3	0	0	0	0	0	0	0	0	0	0	0	0	0	0	0	0	0	0	0	0	0	0	0	0	0	0	0	0	1	0	0	0	0	0	0	0	0	0	0	0	0	0	0	0	0	0	0	0	0	0	0	0	0	0	0	16
OTU_682	OTU_682	0	0	0	0	0	0	0	0	0	0	0	0	0	0	0	0	0	0	0	0	0	0	0	0	0	0	0	0	0	0	33	0	0	0	0	0	0	0	0	0	0	0	0	0	0	0	0	0	0	0	0	0	0	0	0	0	0	0	0	0	0	0	0	0	0	0	0	0	0	0	0	0	0	0	0	0	0	0	0	0	0	0	0	0	16	0	0	0	0	0	0	0	0	0	0	0	0	0	0	0	0	0	0	0	0	0	0	0	0	15	0	0	0	0	0	7	0	0	0	0	0	0	0	0	0	2	0	0	0	0	0	0	0	0	0	0	0	0	0	0	0	0	0	0	0	0	0	0	0	0	0	0	11	0	0	0	3	0	0	0	0	0	0	0	0	0	0	7	0	0	0	0
OTU_684	OTU_684	0	0	0	0	0	0	0	0	0	0	0	0	0	0	0	0	0	0	0	0	0	0	0	0	0	0	0	0	0	0	2	0	0	0	0	0	0	0	0	0	0	0	0	0	3	0	0	0	0	0	0	0	0	0	0	0	0	0	0	0	0	0	0	0	0	0	0	0	0	0	0	0	0	0	0	0	0	0	0	0	0	0	0	0	0	0	0	0	0	0	0	0	0	0	0	0	0	0	0	5	0	6	0	0	0	0	5	0	0	0	0	0	0	0	0	7	0	0	0	1	0	0	0	0	0	0	0	0	6	0	1	0	0	0	0	0	0	0	0	0	0	0	0	0	0	1	0	0	0	0	0	1	0	0	0	0	2	0	2	0	0	0	0	0	0	1	0	0	9	0	0	0
OTU_686	OTU_686	5	0	0	3	0	0	0	0	1	0	0	2	0	2	2	0	0	0	0	0	0	0	0	0	2	0	0	0	0	1	0	0	1	1	2	0	0	0	0	0	48	0	0	1	0	1	0	0	0	0	0	0	0	0	1	0	0	0	0	0	0	1	1	0	0	5	0	0	0	0	0	2	3	0	0	3	1	1	1	1	0	0	1	0	1	0	0	0	0	0	1	0	0	1	29	0	0	0	0	0	0	0	0	0	0	0	0	0	0	0	0	0	0	0	0	0	0	2	0	0	0	0	2	0	0	0	0	0	0	0	0	0	0	0	0	0	2	0	0	1	0	1	0	0	0	1	0	0	0	0	1	0	2	0	1	0	0	0	0	0	0	0	0	0	0	0	1	0	0	0	0	0
OTU_687	OTU_687	0	0	0	0	0	0	1	0	2	0	0	0	0	0	0	0	0	14	0	0	0	0	0	0	0	0	0	0	0	0	7	0	0	0	0	0	0	0	0	0	0	0	0	0	0	0	0	0	0	0	0	0	0	0	0	3	0	0	0	0	0	0	0	0	0	0	0	0	0	0	0	0	0	0	0	0	0	0	0	0	0	0	0	0	1	0	0	0	0	0	0	0	0	0	0	0	0	0	2	0	1	3	0	0	0	0	1	0	0	1	0	0	0	0	0	0	0	0	0	0	0	0	0	0	0	0	0	0	1	0	0	0	0	0	0	2	0	0	0	0	0	0	0	0	0	0	0	0	0	0	0	0	0	0	0	0	5	0	0	0	0	0	0	0	0	0	0	0	0	0	0	0
OTU_688	OTU_688	0	0	0	0	0	0	0	0	0	0	0	0	0	0	0	0	0	0	0	0	1	0	0	1	0	1	0	1	0	0	0	2	0	0	0	0	1	0	0	0	0	0	0	0	0	0	0	0	0	0	0	0	0	0	1	4	0	0	0	0	0	0	0	0	0	0	0	0	0	0	0	2	0	0	0	0	0	0	0	0	0	1	0	0	0	0	0	0	0	0	0	0	0	0	0	0	0	1	3	0	1	0	0	0	0	1	1	0	0	0	0	1	0	0	0	1	0	0	0	0	0	0	0	0	0	1	0	1	0	0	0	2	0	0	0	0	0	0	0	0	1	0	0	0	1	0	0	0	0	0	0	0	0	0	0	0	0	1	0	0	0	0	1	0	0	0	0	0	0	0	0	0
OTU_690	OTU_690	0	0	0	0	0	0	0	0	3	0	0	11	0	12	1	0	162	31	0	0	0	0	0	0	0	0	1	0	0	1	1	0	0	0	3	0	0	0	0	0	0	0	0	2	0	0	0	0	0	0	0	0	0	0	0	0	0	0	0	0	0	0	0	16	0	0	0	0	0	0	0	0	0	3	0	0	0	0	0	0	0	0	0	0	2	0	0	0	0	0	0	0	0	0	1	1	0	0	1	4	0	42	0	1	0	0	3	3	0	3	2	0	0	0	0	5	0	0	0	35	0	0	0	51	0	1	1	0	0	0	4	0	1	0	0	0	0	0	1	0	0	0	0	0	0	0	0	2	0	0	0	1	19	0	22	0	1	0	0	0	0	5	0	1	0	1	0	0	2	0	38	0
OTU_692	OTU_692	0	1	0	0	0	0	0	1	1	0	0	0	0	1	0	0	1	0	0	0	0	0	0	1	0	6	0	0	2	0	0	0	0	0	0	0	0	0	1	0	0	0	0	0	1	0	0	3	0	0	0	0	0	0	0	0	0	0	1	0	0	0	0	0	0	0	1	0	0	1	0	0	0	0	0	0	5	0	0	0	0	1	0	0	2	0	4	0	0	0	0	0	0	0	0	0	0	0	6	1	0	2	6	0	0	0	0	0	0	0	0	0	0	0	0	1	0	0	0	0	0	0	0	0	0	40	0	0	9	0	1	0	0	0	0	2	0	0	0	1	0	0	0	0	0	0	0	0	7	0	0	0	0	0	0	0	4	1	1	0	0	0	0	0	0	0	0	0	0	0	0	0
OTU_693	OTU_693	0	0	0	0	0	0	2	0	1	0	0	2	0	1	0	0	0	8	1	0	0	0	0	0	0	0	7	0	0	0	5	0	0	0	1	1	0	1	0	0	0	0	1	0	1	4	0	0	0	0	1	0	0	0	0	0	0	0	9	0	0	0	0	0	0	0	1	0	0	3	1	0	0	0	0	0	0	0	0	0	0	0	0	0	0	0	2	0	0	0	0	0	0	0	0	0	0	0	0	0	0	8	1	0	0	0	0	0	0	0	0	0	0	0	0	0	0	1	0	0	0	0	0	0	0	0	0	0	6	0	0	0	0	0	0	4	0	0	0	0	3	0	0	0	0	2	0	0	2	0	0	0	0	0	0	0	5	0	2	0	0	0	0	0	0	4	0	1	2	0	0	1
OTU_694	OTU_694	0	0	0	0	0	0	1	0	0	1	0	0	0	0	0	0	0	0	0	0	0	0	0	0	0	0	2	0	0	0	0	0	0	0	0	0	3	0	0	0	0	0	0	0	0	0	1	0	1	0	0	0	0	2	0	0	0	0	0	0	0	0	0	0	0	1	0	0	0	0	0	0	0	0	0	0	0	1	0	2	0	0	0	0	0	0	0	0	0	0	0	0	0	0	0	1	0	1	0	0	1	0	1	0	0	0	0	0	0	0	0	0	0	0	0	0	0	0	1	0	0	0	0	0	0	0	0	0	0	2	0	1	0	1	0	0	0	0	0	1	0	0	0	1	0	0	0	0	0	0	0	0	24	0	0	0	0	1	0	0	0	0	0	1	0	0	0	0	0	0	2	2
OTU_695	OTU_695	0	0	0	0	0	0	0	0	0	0	0	0	0	0	0	0	0	0	0	0	0	0	0	0	0	0	0	0	0	0	0	0	0	0	0	0	0	0	0	0	0	0	0	0	0	0	0	0	0	0	0	0	0	0	0	0	0	0	0	0	0	0	0	0	0	0	0	0	0	0	0	0	0	0	0	0	0	0	0	0	0	0	0	0	0	0	0	0	0	0	0	0	0	0	0	0	0	0	1	0	0	0	0	0	0	0	0	0	0	0	0	0	0	0	0	0	0	0	0	0	0	0	0	0	0	0	0	0	0	0	0	0	0	0	0	0	0	0	0	0	0	2	0	0	0	0	0	0	0	0	0	0	0	0	0	0	0	0	0	0	0	0	0	0	0	0	0	5	0	0	0	0
OTU_696	OTU_696	0	0	0	0	0	0	1	0	1	0	0	0	0	0	0	0	1	0	0	0	0	0	0	0	0	0	0	0	0	0	0	0	0	0	0	0	0	0	0	0	0	0	0	0	0	0	0	0	0	0	0	0	0	0	0	0	0	0	0	0	0	0	0	0	0	0	0	0	0	0	0	0	0	0	0	0	0	0	0	0	0	0	0	0	2	0	0	0	0	0	0	0	0	0	0	0	0	0	0	0	0	0	0	0	0	0	1	0	0	0	0	0	0	0	0	1	0	0	0	0	0	0	0	0	0	0	0	0	0	0	0	0	0	0	0	0	0	0	0	0	0	0	0	0	0	0	0	0	0	0	0	0	0	0	0	0	0	0	1	0	0	0	0	0	0	0	0	0	0	0	0	0
OTU_697	OTU_697	0	0	0	0	0	0	0	0	0	0	0	0	0	0	0	1	0	4	0	0	0	0	0	0	0	0	0	0	0	0	0	0	0	0	1	9	0	0	0	0	0	0	0	0	0	0	0	0	0	0	0	0	0	0	0	0	0	0	0	0	0	0	0	0	0	0	0	0	0	0	0	0	0	0	0	0	0	0	0	0	0	0	0	0	0	0	0	0	0	0	0	0	0	0	0	0	0	0	0	0	0	0	0	0	0	0	0	0	0	0	0	0	0	0	0	1	0	0	0	0	0	0	0	0	0	0	0	0	4	0	0	0	0	0	0	0	0	0	0	0	0	0	0	0	0	4	0	0	0	0	0	0	0	0	0	0	1	0	0	0	2	0	0	0	0	0	0	0	8	0	0	0
OTU_698	OTU_698	0	0	0	0	0	0	1	0	6	0	0	0	0	0	1	0	0	27	0	0	0	0	0	1	0	0	0	0	0	0	2	0	0	1	0	0	2	0	0	0	0	0	0	0	0	0	0	0	0	0	0	0	0	0	0	0	0	0	0	0	0	0	0	0	0	0	0	0	0	0	0	0	0	0	0	0	0	0	0	0	0	0	0	0	15	0	0	0	0	0	1	0	0	0	0	0	0	0	1	1	0	641	0	0	0	0	6	0	0	14	0	0	1	0	0	1	0	0	0	0	0	0	0	0	1	2	0	0	0	0	0	0	0	0	0	0	0	0	0	0	0	0	0	0	0	0	0	0	0	0	0	0	0	0	0	0	0	28	0	0	0	0	0	0	0	1	0	6	0	0	0	1
OTU_699	OTU_699	0	0	0	0	0	0	0	1	0	0	0	0	0	0	0	0	0	0	0	0	0	0	0	0	0	6	0	0	0	0	0	0	0	0	0	0	0	0	0	1	0	0	1	0	0	0	0	2	0	0	0	0	1	0	0	0	0	0	0	0	0	0	0	0	0	0	0	0	0	0	0	0	0	0	0	0	0	0	0	0	0	0	0	0	0	0	0	0	0	0	0	0	0	0	0	0	0	0	0	0	0	0	0	0	0	0	0	0	0	0	0	0	0	0	0	1	0	0	0	0	0	0	0	0	1	0	0	0	1	0	0	0	0	0	0	0	0	0	0	0	0	0	0	0	0	0	0	0	0	0	0	0	0	0	0	0	0	0	0	0	0	0	0	0	0	2	0	0	0	0	0	0
OTU_700	OTU_700	0	0	4	0	0	0	0	0	0	0	0	0	0	1	0	0	0	0	0	0	0	0	0	0	0	0	0	0	0	0	0	0	0	0	1	0	0	0	0	0	0	0	0	0	0	2	0	0	0	0	0	0	0	0	0	0	0	0	0	0	0	0	0	0	0	0	0	0	0	0	0	0	0	0	0	0	0	0	0	0	0	0	0	0	0	0	0	0	0	0	0	0	0	0	0	0	0	0	0	0	0	0	0	0	0	0	0	0	0	0	0	0	0	0	0	0	0	0	0	0	0	0	0	0	0	0	0	0	8	0	0	0	0	0	0	2	0	0	0	1	0	0	0	0	0	0	0	0	0	0	0	0	0	0	0	0	0	0	2	0	0	0	0	0	0	0	0	0	0	0	0	0
OTU_701	OTU_701	0	0	0	0	0	0	0	0	0	0	0	0	0	0	0	0	0	0	0	0	0	0	0	0	0	0	0	0	0	0	0	0	0	0	0	0	0	0	0	0	0	0	0	0	0	0	0	0	0	1	0	0	0	0	0	0	0	0	0	0	0	0	0	0	0	0	0	0	0	0	0	0	0	0	0	0	0	0	0	0	0	0	0	0	0	0	0	0	0	0	0	0	0	0	0	0	0	0	0	0	0	0	0	0	0	0	0	0	0	0	0	0	0	0	0	0	0	0	0	0	0	0	0	0	0	0	0	0	0	0	0	0	0	0	0	0	0	0	0	0	0	0	0	0	0	0	0	0	0	0	0	0	0	0	0	0	0	0	0	0	0	0	0	0	0	90	0	0	0	0	0	0
OTU_702	OTU_702	0	0	0	0	0	0	0	0	0	0	0	0	0	0	0	0	0	0	0	0	0	0	0	0	0	0	0	0	1	0	0	0	0	0	0	0	0	0	0	0	0	0	0	0	3	0	0	0	0	0	0	0	0	0	0	0	0	0	0	0	0	0	0	0	0	0	0	0	0	0	0	0	0	0	0	0	0	0	0	0	0	0	0	0	0	0	0	0	0	0	0	0	0	0	0	0	2	0	0	48	1	9	0	75	0	4	0	0	5	0	0	5	0	12	0	1	0	0	0	0	0	0	0	1	0	0	0	0	1	0	0	0	0	0	0	0	0	0	0	0	0	1	0	0	1	2	0	0	0	0	0	0	0	3	0	0	0	0	0	0	0	0	0	2	0	0	0	0	0	0	1	0
OTU_703	OTU_703	0	0	0	0	0	0	0	0	0	0	0	0	0	0	0	0	0	0	0	0	0	0	0	0	0	0	0	0	0	0	0	0	0	0	0	0	0	0	0	0	0	0	0	0	0	0	0	0	0	0	0	0	1	0	0	0	0	0	0	0	0	0	0	0	0	0	0	0	0	0	0	0	0	1	0	0	0	0	0	0	0	0	0	0	0	0	0	0	0	0	0	0	0	17	0	0	0	0	0	0	0	0	0	0	0	0	0	0	0	0	0	0	0	0	2	0	0	0	0	0	0	0	0	0	0	2	0	0	0	0	0	0	0	0	0	0	0	0	0	0	0	0	0	0	0	0	0	0	0	0	0	0	0	0	0	0	0	0	0	0	0	0	0	0	0	0	0	0	0	0	0	0
OTU_704	OTU_704	0	0	2	0	0	0	2	3	0	1	0	0	0	0	0	0	1	1	2	0	0	0	0	0	0	0	0	0	0	0	0	0	1	1	0	0	0	0	0	0	0	1	0	0	1	0	1	0	1	0	0	0	0	2	0	2	0	0	0	0	0	0	0	0	0	0	1	0	0	0	0	0	0	0	1	0	0	0	0	0	0	0	1	0	0	0	0	0	0	0	0	0	0	0	0	0	0	0	0	1	0	0	0	0	0	0	0	0	0	0	2	0	0	0	0	0	0	2	0	0	0	1	0	0	2	0	0	0	0	0	0	0	0	0	0	0	0	0	0	0	0	0	0	0	0	3	0	0	0	3	2	0	0	0	0	1	0	0	0	0	0	0	0	0	0	0	0	2	2	1	0	1
OTU_705	OTU_705	0	0	0	0	0	0	0	0	0	0	0	0	0	0	0	0	0	0	0	0	0	0	0	0	0	0	0	0	0	0	0	0	0	0	0	0	0	0	0	0	0	0	0	0	0	0	0	0	0	0	0	0	0	0	0	0	0	0	0	0	0	0	0	0	0	0	0	0	0	0	0	0	0	0	0	0	0	0	0	0	0	0	0	0	0	0	5	0	0	0	0	0	0	0	0	0	0	0	0	0	0	0	0	0	0	0	0	0	0	0	0	0	0	0	0	0	0	0	0	0	0	0	0	0	0	0	0	0	0	0	0	1	0	0	0	0	0	0	0	0	0	0	0	0	0	0	0	0	0	0	0	0	0	0	0	0	0	0	0	0	0	0	0	0	0	0	0	0	0	0	0	0
OTU_706	OTU_706	0	0	0	0	0	0	0	0	0	0	0	0	0	0	0	0	0	0	0	0	0	0	0	0	0	0	0	0	0	0	0	0	0	0	0	0	0	0	0	0	0	0	0	0	0	0	0	0	0	0	0	0	0	0	0	0	0	0	0	0	0	0	0	0	0	0	0	0	0	0	0	0	0	0	0	0	0	0	0	0	0	0	0	0	0	0	0	0	0	0	0	0	0	0	0	0	0	0	1	0	0	0	0	0	0	0	0	0	0	0	0	0	0	0	0	0	0	0	0	0	0	0	0	0	0	0	0	0	0	0	0	0	0	0	0	0	0	0	0	0	0	0	0	0	0	0	0	0	0	0	0	0	0	0	0	0	0	0	0	0	0	1	1	0	0	0	0	0	0	0	0	0
OTU_707	OTU_707	0	0	0	0	0	0	0	0	0	0	0	0	0	0	0	0	0	0	0	0	0	0	0	0	0	0	0	0	0	0	0	0	0	0	0	0	0	0	0	0	0	0	0	0	0	0	0	0	0	0	0	0	0	0	0	0	0	0	0	0	0	0	0	0	0	0	0	0	0	0	0	0	0	0	0	0	0	0	0	0	0	0	0	0	0	0	0	0	0	0	0	0	0	0	0	0	0	0	0	0	0	0	0	0	0	0	0	0	0	0	0	0	0	0	0	0	0	0	0	0	0	0	0	0	0	0	0	0	0	0	0	0	0	0	0	0	0	0	0	0	0	0	0	0	0	0	0	0	0	0	0	0	0	0	0	0	3	0	0	0	0	0	0	0	0	0	0	0	0	0	0	0
OTU_708	OTU_708	0	0	0	0	0	0	0	0	0	0	0	0	0	0	0	0	0	0	0	0	0	0	0	0	0	0	1	0	0	0	0	0	0	0	0	0	0	0	0	0	0	0	0	0	3	0	0	0	0	0	0	0	0	0	0	0	0	0	0	0	0	0	0	0	0	0	0	0	0	0	0	0	0	0	0	0	0	0	0	0	0	0	0	0	0	0	0	0	1	0	0	0	1	0	0	0	0	0	0	0	0	0	0	0	0	0	0	0	0	0	0	2	0	0	0	1	0	0	0	0	1	0	0	0	0	0	0	0	0	0	0	0	0	0	0	0	0	0	0	0	0	0	0	0	0	0	0	0	0	0	0	0	0	0	0	0	2	0	0	0	0	1	0	0	0	0	0	0	0	0	0	0
OTU_709	OTU_709	0	0	0	0	0	0	0	0	0	0	0	0	0	0	0	0	0	0	0	0	0	0	0	0	0	0	0	0	0	0	0	0	0	0	0	0	0	1	0	0	0	0	0	0	0	0	0	0	0	0	0	0	0	0	0	0	0	0	0	0	0	0	0	0	0	0	0	0	0	0	0	0	0	0	0	0	1	0	0	0	0	0	0	0	0	0	0	0	0	0	0	0	0	0	0	0	0	0	0	0	0	0	0	0	0	1	1	0	0	0	0	0	0	0	1	0	0	0	0	0	0	0	0	0	0	0	0	0	0	0	0	0	3	0	0	0	0	0	0	4	0	1	0	0	0	0	0	0	0	0	0	0	0	2	0	0	1	0	0	0	0	0	0	0	0	1	0	0	0	0	0	0
OTU_710	OTU_710	0	0	0	0	0	0	0	2	0	0	0	0	0	0	0	0	0	0	0	0	0	0	0	0	0	0	0	0	0	0	0	0	0	0	0	0	0	0	0	0	0	0	0	0	0	0	0	1	0	0	0	0	0	0	0	0	0	0	0	0	0	0	0	0	0	0	0	0	0	0	0	0	0	0	0	0	0	0	0	0	0	0	1	0	0	0	0	0	0	0	0	1	0	0	0	0	0	0	0	0	0	0	0	0	0	0	0	0	0	0	0	0	0	0	0	0	0	0	0	0	0	0	0	0	0	0	0	0	1	0	0	0	0	0	0	0	0	0	0	0	0	0	0	0	0	0	0	0	0	0	0	0	0	0	0	0	0	0	0	0	0	0	0	0	0	0	0	0	0	0	0	0
OTU_711	OTU_711	0	0	0	0	0	0	0	0	0	0	0	0	0	0	0	0	0	0	0	0	0	0	0	0	0	0	0	0	0	0	0	11	0	0	0	0	0	0	0	0	0	0	0	0	0	0	0	0	0	0	0	0	0	0	0	0	0	0	0	0	0	0	0	0	0	0	0	0	0	0	0	0	0	0	0	0	0	0	0	0	0	0	0	0	0	0	0	0	0	0	0	0	0	0	0	0	0	0	0	0	0	0	0	0	0	0	0	0	0	0	0	0	0	0	0	0	0	0	0	0	0	0	0	0	0	0	0	0	0	0	0	0	0	0	0	0	0	0	0	0	0	0	0	0	0	0	0	0	0	0	0	0	0	0	0	0	0	0	0	0	0	0	0	0	0	0	0	0	0	0	0	0
OTU_712	OTU_712	0	0	0	0	0	0	0	1	0	0	0	0	0	0	0	0	0	0	0	1	0	0	0	0	0	0	0	0	0	0	0	0	1	3	4	0	0	0	0	0	0	0	0	0	0	0	0	0	0	0	0	0	0	0	0	0	0	1	0	0	0	0	0	0	0	0	0	0	0	0	0	0	0	0	0	0	0	0	0	0	0	0	0	0	44	0	0	0	0	0	0	0	0	0	0	0	0	0	0	0	0	12	0	0	0	0	0	0	0	0	0	0	0	0	0	0	0	0	0	0	0	0	0	0	0	0	4	0	0	0	0	0	0	0	0	9	0	0	0	0	0	0	0	0	0	0	0	0	0	0	0	0	1	0	0	0	13	0	0	0	0	0	0	0	0	0	0	21	0	0	0	0
OTU_713	OTU_713	0	0	0	2	0	0	2	2	0	0	0	0	0	0	0	0	1	0	5	0	0	0	0	0	0	0	2	0	0	0	2	0	0	0	1	0	0	0	0	0	0	0	0	0	3	5	0	0	0	0	0	0	1	0	0	0	0	0	0	2	1	0	0	0	0	0	1	0	0	4	0	0	0	0	0	0	0	0	0	0	0	0	0	0	0	0	0	0	0	0	0	0	2	0	1	0	0	0	1	0	0	0	0	0	0	0	0	0	0	0	0	0	0	1	0	0	0	0	0	0	0	0	0	1	0	0	19	0	0	0	0	0	0	0	0	0	0	0	0	0	0	0	0	0	0	0	0	0	0	0	1	0	1	0	0	0	1	1	0	0	0	0	0	0	0	0	0	0	0	0	0	3
OTU_715	OTU_715	0	0	0	0	0	0	0	0	0	0	0	0	0	3	1	0	0	1	0	0	0	0	1	0	0	0	0	0	0	0	0	0	0	1	1	0	0	0	0	0	0	0	0	0	0	0	0	0	0	0	0	0	0	0	0	1	0	0	0	0	0	0	0	0	0	0	0	0	0	0	1	0	0	0	0	0	0	1	0	0	0	0	0	0	6	0	1	0	0	0	0	0	0	0	0	0	0	0	1	0	0	0	0	0	0	0	1	0	1	0	0	0	0	0	0	1	0	0	0	0	0	0	0	0	0	0	0	0	0	0	0	0	0	0	0	0	0	0	0	0	1	0	0	0	0	1	0	0	0	0	0	0	0	0	0	0	0	0	0	0	0	0	0	0	0	0	0	3	1	0	0	0
OTU_716	OTU_716	0	0	0	0	0	0	2	0	0	0	0	0	2	0	0	0	0	0	0	0	0	0	0	1	0	0	0	0	0	0	0	0	0	0	0	0	0	0	0	0	3	0	0	0	0	0	0	0	0	0	0	0	0	0	0	0	0	0	0	0	0	0	0	0	0	0	0	0	0	0	0	0	1	0	0	0	1	0	0	0	0	0	0	0	0	0	1	0	0	0	0	0	0	0	0	0	0	0	0	0	0	0	0	0	0	0	0	0	0	0	0	0	0	0	0	0	0	0	0	0	0	0	0	0	0	0	0	0	0	0	0	0	2	0	0	0	0	0	0	0	0	0	0	0	0	0	0	0	0	0	0	0	0	0	0	0	0	0	1	0	0	0	0	0	0	1	0	0	0	0	0	2
OTU_717	OTU_717	1	0	0	0	0	0	0	1	1	0	0	0	10	0	0	1	0	0	0	0	0	0	0	0	1	0	0	0	0	0	0	0	0	0	0	0	0	0	0	0	2	0	0	0	1	0	0	0	0	0	0	0	0	2	0	0	0	0	0	0	0	0	0	1	0	0	0	0	0	0	0	0	0	0	0	0	0	0	0	2	0	0	0	0	0	1	0	0	0	0	0	0	0	0	0	0	0	0	0	0	0	0	0	0	0	0	0	0	0	0	0	0	0	0	0	0	0	0	0	0	0	0	0	0	0	0	0	0	5	0	0	0	0	0	0	0	0	0	0	0	0	0	0	0	0	0	0	0	0	0	0	0	0	0	0	0	0	0	0	0	0	0	0	0	0	0	0	0	0	0	0	0
OTU_718	OTU_718	0	0	0	0	0	0	0	0	0	0	0	0	0	0	0	0	0	0	0	0	0	0	0	0	0	0	0	0	0	0	0	0	0	0	0	0	0	0	0	0	0	0	0	0	0	0	0	0	0	0	0	0	0	0	0	0	0	0	0	0	0	0	0	0	0	0	0	0	0	0	0	0	0	0	0	0	0	0	0	0	0	0	0	0	0	0	0	0	0	0	0	0	0	0	0	0	0	0	0	0	0	0	0	0	0	0	0	0	0	0	0	0	0	0	0	0	0	0	0	0	1	0	0	0	0	0	0	0	0	0	0	0	0	0	0	0	0	0	0	0	0	0	0	0	0	0	0	0	0	0	0	0	0	0	0	0	0	0	0	0	0	0	0	0	0	0	0	0	0	0	0	0
OTU_719	OTU_719	0	0	6	0	0	16	0	0	0	0	0	1	0	1	0	0	0	0	0	1	0	0	0	0	0	0	0	0	0	0	0	0	0	0	4	0	0	0	0	0	0	0	0	0	0	2	0	0	0	3	0	0	2	0	0	0	1	0	1	0	0	0	0	1	0	0	0	0	0	1	1	0	0	0	0	0	1	0	1	2	0	0	0	0	0	27	0	0	0	0	0	0	0	0	0	0	0	0	0	0	0	0	0	0	0	0	0	0	0	0	0	0	0	0	0	0	0	0	0	0	0	0	0	0	0	0	0	0	3	0	0	0	0	0	0	1	0	0	0	0	0	0	0	0	0	1	0	0	5	0	0	0	0	0	0	0	1	3	1	0	0	0	0	0	0	0	0	0	0	2	0	0
OTU_720	OTU_720	0	10	2	1	2	0	0	7	2	5	0	13	1	10	0	4	2	2	1	0	10	3	16	1	0	3	32	5	0	28	0	5	9	1	2	7	2	1	13	1	1	3	3	9	4	2	6	3	3	3	0	5	5	1	1	2	3	17	3	6	74	0	3	1	3	0	5	0	0	2	8	1	0	4	1	2	3	0	2	2	7	67	22	0	7	13	13	1	18	3	0	1	0	9	4	5	8	4	7	17	11	1	3	11	1	1	9	5	4	11	2	4	25	5	1	2	49	3	0	46	1	0	5	2	3	6	2	50	4	9	5	0	2	1	51	6	215	0	8	160	8	6	1	3	0	5	20	4	3	5	47	41	0	8	4	3	9	1	1	1	0	10	3	4	2	1	39	7	11	4	4	0
OTU_722	OTU_722	0	0	0	0	0	0	0	0	0	0	0	0	0	0	0	0	0	0	0	0	0	0	1	3	0	0	0	0	0	0	0	0	0	0	0	0	0	0	0	0	0	0	0	1	0	0	0	0	0	0	0	0	0	0	0	0	0	0	0	0	0	0	0	0	0	0	0	0	0	0	0	0	0	0	0	0	0	0	0	0	0	0	0	0	0	0	0	0	0	0	0	0	0	0	0	0	0	0	0	0	0	0	0	0	0	0	0	0	0	0	0	0	0	0	0	0	0	0	0	0	0	0	0	0	0	0	0	0	0	0	0	0	0	0	0	0	0	0	0	0	0	0	0	0	0	0	0	0	0	0	0	0	0	0	0	0	0	0	0	0	0	0	0	0	0	0	0	0	0	0	0	0
OTU_723	OTU_723	0	0	0	0	0	0	0	0	0	0	0	0	0	0	0	0	0	0	0	0	0	0	0	0	0	0	0	0	0	0	0	0	0	0	0	0	0	2	0	0	0	0	0	0	0	0	0	0	0	0	0	0	0	0	0	0	0	0	0	0	0	0	0	0	0	0	0	0	0	0	0	0	0	0	0	0	0	0	0	0	0	0	0	0	0	0	0	0	0	0	0	11	0	0	0	0	0	0	0	0	0	0	0	0	0	0	0	0	0	0	0	0	0	0	0	0	0	0	0	0	0	0	0	0	0	0	0	0	0	1	0	0	0	0	0	0	0	0	0	0	1	0	0	0	0	0	0	0	0	0	0	0	0	0	0	0	0	0	0	0	0	0	0	0	0	0	0	0	0	0	0	0
OTU_724	OTU_724	0	0	1	1	4	0	0	0	0	0	0	0	0	0	0	0	4	0	0	0	0	0	1	0	1	0	0	0	2	0	0	0	1	1	1	1	0	0	0	0	4	0	0	0	0	6	4	0	1	0	0	1	0	0	1	0	1	0	0	0	0	0	0	2	0	2	0	0	0	0	0	0	17	1	0	0	0	0	0	0	0	0	0	0	0	0	0	0	0	0	2	2	0	0	0	0	0	0	0	0	0	0	0	0	0	0	0	0	0	0	1	0	2	0	0	0	0	0	0	0	0	3	0	2	0	0	4	0	0	0	0	0	0	0	0	0	0	0	0	1	1	0	0	0	0	0	0	0	0	0	0	0	1	0	0	0	0	0	0	0	0	0	0	0	0	1	0	0	0	0	0	5
OTU_725	OTU_725	0	0	0	0	0	0	0	0	0	0	0	0	0	0	0	0	0	0	0	0	0	0	0	0	0	0	0	0	0	0	0	0	0	0	0	0	0	0	0	0	0	0	0	0	0	0	0	0	0	0	0	0	0	0	0	0	0	0	0	0	0	0	0	0	0	0	0	0	0	0	0	0	0	0	0	0	0	0	0	0	0	0	0	0	4	0	0	0	0	0	0	0	0	0	0	0	0	0	1	0	0	82	0	0	0	0	0	0	0	0	0	0	1	0	0	2	0	0	0	0	0	0	0	0	1	0	0	0	0	0	0	0	0	0	0	0	0	0	0	0	0	0	0	0	1	0	0	0	0	0	0	0	0	0	0	0	2	0	0	0	0	0	0	0	0	0	0	2	0	0	0	0
OTU_726	OTU_726	0	0	0	0	0	0	0	0	0	0	0	0	0	0	0	0	0	0	0	0	0	0	0	0	0	0	0	0	0	0	0	0	0	0	0	0	0	0	0	0	0	0	0	0	0	0	0	0	0	0	0	0	0	0	0	0	0	0	0	0	0	0	0	0	0	0	0	0	0	0	0	0	0	0	0	0	0	0	0	0	0	0	0	0	0	0	0	0	0	0	0	0	0	0	0	0	0	0	0	0	0	0	0	0	0	0	0	0	0	0	0	0	0	0	0	0	0	0	0	0	0	0	0	0	0	0	0	0	0	0	0	0	0	0	0	0	0	0	0	0	0	0	0	0	0	0	0	0	0	0	0	0	0	0	0	0	0	0	0	0	0	0	0	0	2	0	0	0	0	0	0	0
OTU_727	OTU_727	0	0	0	0	0	0	0	0	0	0	0	0	0	0	0	0	0	0	0	0	0	0	0	0	0	0	0	0	0	0	0	0	0	0	0	0	0	0	0	0	0	0	0	0	0	0	0	0	0	0	0	0	0	0	0	0	0	0	0	0	0	0	0	0	0	0	0	0	0	0	0	0	0	0	0	0	0	0	0	0	0	0	0	0	0	0	0	0	0	0	0	0	0	0	0	0	0	0	0	0	0	0	0	0	0	0	0	0	0	0	0	0	0	0	0	0	0	0	0	0	0	0	0	0	0	0	0	0	0	0	0	0	0	0	0	0	0	0	0	0	0	0	0	0	0	0	0	0	0	0	0	1	0	0	0	0	0	0	0	0	0	0	0	0	0	0	0	0	0	0	0	0
OTU_729	OTU_729	0	0	0	1	0	0	0	0	0	0	0	0	0	0	0	0	0	0	0	0	0	0	0	0	0	0	0	0	0	0	0	0	0	0	0	0	0	0	0	0	0	0	0	0	0	0	0	0	0	0	0	0	0	0	0	0	0	0	0	0	0	0	0	0	0	0	0	0	0	0	0	0	0	0	0	0	0	2	0	0	0	0	0	0	0	0	1	0	0	0	0	0	0	1	0	0	0	0	0	0	0	0	0	0	0	0	0	1	0	0	0	0	0	0	0	0	0	0	0	0	0	1	0	0	0	0	0	0	0	0	0	0	0	0	0	0	0	0	0	0	0	0	0	0	0	0	0	0	0	0	0	0	1	0	0	0	0	0	0	0	0	0	0	1	0	0	0	0	0	0	0	0
OTU_730	OTU_730	0	0	0	0	0	0	0	0	0	0	0	0	0	0	0	0	0	0	0	0	0	0	0	0	0	0	0	0	0	0	0	0	0	0	0	0	0	0	0	0	0	0	0	0	0	0	0	0	0	0	0	0	0	0	0	0	0	0	0	0	0	0	0	0	0	0	0	0	0	0	0	0	0	0	0	0	0	0	0	0	0	0	0	0	3	0	0	0	0	0	0	0	0	0	0	0	0	0	2	0	0	0	0	0	0	0	0	0	0	6	0	0	0	0	0	0	0	0	0	0	0	0	0	0	0	0	0	0	0	0	0	0	1	0	0	83	0	0	0	0	0	0	0	0	0	0	1	0	0	0	0	0	1	2	0	0	0	0	5	0	0	0	0	0	0	0	0	0	0	0	0	0
OTU_731	OTU_731	0	0	0	0	0	0	0	0	0	0	0	0	0	0	0	0	0	0	0	0	0	0	0	0	0	0	0	0	0	0	0	0	0	2	0	0	0	0	0	1	0	0	0	0	0	0	0	0	0	1	0	0	0	0	0	0	0	0	0	0	0	0	0	0	0	0	0	0	0	0	0	0	0	0	0	0	0	0	0	0	0	0	0	0	0	0	0	0	0	0	0	0	0	0	0	0	0	0	0	25	0	0	0	0	0	0	0	0	0	0	0	0	0	0	0	0	0	0	0	0	0	0	0	0	0	0	0	0	0	0	0	0	0	0	0	0	0	0	0	0	0	0	0	0	0	0	0	0	0	0	0	0	0	0	0	0	0	0	0	0	0	0	0	0	0	24	0	0	0	0	0	0
OTU_732	OTU_732	0	0	0	0	0	0	0	0	0	0	0	0	0	0	0	0	0	0	0	0	0	0	0	0	0	0	0	0	0	0	0	0	0	0	0	0	0	0	0	0	0	0	0	0	0	0	0	0	0	0	0	0	0	0	0	0	0	0	0	0	0	0	0	0	0	0	0	0	0	0	0	0	0	0	0	0	0	0	0	0	0	0	0	0	0	0	0	0	0	0	0	0	2	0	0	0	0	0	0	0	0	0	0	0	0	0	0	0	0	0	0	0	0	0	0	0	0	0	0	0	0	0	0	0	0	0	0	0	0	0	0	0	0	0	0	0	0	0	0	0	0	0	0	0	0	0	0	0	0	0	0	0	0	0	0	0	3	0	0	0	0	0	0	0	0	0	0	0	0	0	0	0
OTU_733	OTU_733	0	0	0	0	0	0	0	0	0	0	0	0	0	0	0	0	0	0	0	0	0	0	0	0	0	0	0	0	0	0	0	0	0	4	0	0	0	0	0	0	0	0	0	0	0	0	0	0	0	5	0	0	0	0	0	0	0	0	0	0	0	0	0	0	0	0	0	0	0	0	0	0	0	0	0	0	0	0	0	0	0	0	0	0	0	0	0	0	0	0	0	0	0	0	0	0	0	0	0	0	0	0	0	0	0	0	0	0	0	0	0	0	0	0	0	0	0	0	0	0	0	0	0	0	0	0	0	0	0	0	0	0	0	0	0	0	0	0	0	0	0	0	0	0	0	0	0	0	0	0	0	0	0	0	0	0	0	1	0	0	0	0	0	0	0	356	0	0	0	0	0	0
OTU_734	OTU_734	0	0	0	0	0	0	0	0	0	0	0	0	0	0	0	0	0	0	0	0	0	0	0	0	0	0	0	0	0	0	0	0	0	0	0	0	0	0	0	0	0	0	0	0	0	0	0	0	0	0	0	0	0	0	0	0	0	0	0	0	0	0	0	0	0	0	0	0	0	0	0	0	0	0	0	1	0	0	0	0	0	0	0	0	0	0	0	0	0	0	0	0	0	0	0	0	0	0	0	0	0	0	12	0	0	0	0	0	0	0	0	0	0	0	0	0	0	0	0	0	0	0	0	0	0	0	0	0	0	0	0	0	0	0	0	0	0	0	0	0	0	0	0	0	0	0	0	0	0	0	0	0	0	0	0	0	0	0	0	0	0	0	0	0	0	0	0	0	1	0	0	0
OTU_735	OTU_735	0	0	0	1	0	0	5	0	0	0	0	4	0	5	0	0	0	3	11	0	0	0	0	0	0	0	0	0	0	0	4	0	0	0	2	1	0	10	0	0	0	0	2	0	7	0	0	0	0	1	0	0	0	2	0	1	0	0	0	0	0	0	0	0	0	0	1	0	0	0	2	0	0	3	0	0	0	0	0	0	0	1	0	0	11	0	0	0	0	0	0	0	0	0	0	0	0	0	0	2	0	6	0	0	0	0	0	18	1	1	1	0	0	1	0	2	0	10	0	1	0	0	0	0	0	0	5	1	3	0	0	0	1	5	0	3	0	1	0	0	6	0	0	0	0	1	0	0	0	0	0	0	1	2	2	0	1	5	0	1	0	0	0	0	0	6	0	12	3	2	0	0
OTU_736	OTU_736	0	0	0	0	0	0	0	0	0	0	0	0	0	0	0	0	0	0	0	0	0	0	0	0	0	0	0	0	0	0	0	0	0	0	0	0	0	0	0	0	0	0	0	0	0	0	0	0	0	0	0	0	0	0	0	0	0	0	0	1	0	0	0	0	0	0	0	0	0	0	0	0	0	0	0	0	0	0	0	0	0	0	0	0	0	0	0	0	0	0	0	0	0	0	0	0	0	0	0	0	0	0	0	0	0	0	0	0	0	0	0	0	0	0	0	0	0	0	0	0	0	0	0	0	0	0	0	0	0	0	0	0	0	0	0	0	0	0	0	0	0	0	0	0	0	0	0	0	0	0	0	0	3	0	0	0	0	0	0	0	0	0	0	0	0	0	0	0	0	0	0	0
OTU_737	OTU_737	0	0	0	0	0	0	0	0	0	0	0	0	0	0	0	0	0	0	0	0	0	0	0	0	0	0	0	0	0	0	0	0	0	0	0	0	0	0	0	0	0	0	0	0	0	0	0	0	0	0	0	0	0	0	0	0	0	0	0	0	0	0	0	0	0	0	0	0	0	0	0	0	0	0	0	0	0	0	0	0	0	0	0	0	0	0	0	0	0	0	0	0	0	0	0	0	0	0	0	0	0	0	0	0	0	0	0	0	0	0	0	0	0	0	0	0	0	0	0	0	0	0	0	0	0	0	0	0	0	0	0	0	0	0	0	0	0	0	0	0	0	0	0	0	0	0	0	0	0	0	0	0	0	0	0	0	1	0	0	0	0	0	0	0	0	0	0	0	0	0	0	0
OTU_738	OTU_738	0	0	0	0	0	0	0	0	0	0	0	0	0	0	0	0	0	0	0	0	0	0	0	0	0	0	1	0	0	0	0	0	0	0	0	0	0	0	0	0	0	0	0	0	0	0	0	0	0	0	0	0	0	0	0	0	0	0	0	0	0	0	0	0	0	1	0	0	0	0	0	0	0	0	0	0	0	0	0	0	0	0	0	0	0	0	0	0	0	0	0	0	0	0	0	0	0	0	0	0	0	0	0	0	0	0	0	0	0	0	0	6	0	0	0	0	0	0	0	0	0	0	0	0	0	0	0	0	0	0	0	0	0	0	0	1	0	0	0	0	0	0	0	0	0	0	0	0	0	0	0	0	0	0	0	0	5	0	5	0	0	0	0	0	0	0	0	1	0	0	0	0
OTU_739	OTU_739	0	0	0	0	0	0	0	0	0	0	0	0	0	0	0	0	0	0	0	0	0	0	0	0	0	0	0	0	0	0	0	0	0	0	0	0	0	0	0	0	0	0	0	0	0	0	0	0	0	0	0	0	0	0	0	0	0	0	2	0	0	0	0	0	0	0	0	0	0	0	0	0	0	0	0	0	0	0	0	0	0	0	0	0	0	0	0	0	0	0	0	0	0	0	0	0	0	0	0	0	0	0	0	0	0	0	0	0	0	0	0	0	0	0	0	0	0	0	0	0	0	0	0	0	0	0	0	0	0	0	0	0	0	0	0	0	0	0	0	0	0	0	0	0	0	0	0	0	0	0	0	0	0	0	0	0	0	0	0	0	0	0	0	0	0	0	0	0	0	0	0	0
OTU_740	OTU_740	0	0	0	1	0	0	0	0	0	0	0	1	0	1	0	0	2	1	0	0	0	0	1	0	0	0	0	0	0	0	0	0	2	0	0	1	0	0	0	0	0	3	0	0	0	0	0	0	0	0	0	0	0	0	0	0	1	0	1	0	1	0	0	0	0	0	0	0	0	0	0	0	0	0	0	5	0	0	0	0	0	0	0	0	0	0	3	0	0	0	0	0	0	0	0	0	0	0	0	0	2	0	0	0	0	0	0	0	0	0	2	0	0	0	0	0	1	0	0	0	0	1	0	3	0	0	0	0	0	1	0	0	22	0	3	0	0	0	1	4	2	3	0	0	0	0	1	0	0	1	0	0	0	0	1	0	0	0	0	0	0	0	0	0	0	3	0	0	0	1	0	0
OTU_741	OTU_741	0	0	0	0	0	0	0	0	1	0	0	0	0	0	0	0	0	0	0	0	0	0	0	0	0	0	0	0	0	0	0	0	0	0	0	0	0	0	0	0	1	0	0	0	0	0	0	0	0	0	0	0	0	0	0	0	0	0	0	0	0	0	0	0	2	0	0	0	0	0	0	0	0	0	0	0	0	0	0	0	0	0	0	0	0	0	0	3	0	0	0	0	0	0	0	0	0	0	207	0	0	2	0	0	0	0	0	0	0	2	8	0	0	0	0	7	0	0	0	0	0	0	0	0	0	0	0	0	0	0	4	0	2	0	0	0	0	0	0	0	4	1	0	0	0	0	0	0	0	0	0	0	0	0	27	0	1	0	21	0	0	2	0	0	0	1	0	0	0	0	0	0
OTU_742	OTU_742	0	0	0	0	0	0	0	0	2	0	0	0	0	0	1	0	0	4	0	0	0	0	0	0	0	0	0	0	0	0	0	0	0	1	0	0	0	0	0	0	0	0	0	0	3	0	1	0	0	0	0	0	10	0	0	0	0	0	4	0	0	0	0	0	0	0	10	0	0	0	0	0	0	1	0	0	0	0	0	0	0	0	0	0	1	0	0	0	0	0	0	0	0	0	0	0	0	0	0	0	0	0	0	0	0	1	0	0	0	0	0	0	0	0	0	0	0	0	0	0	0	0	0	0	0	0	0	0	0	0	0	0	0	0	0	0	0	0	0	0	0	0	0	0	0	0	0	0	0	0	0	0	0	0	0	0	1	0	0	0	0	0	0	0	0	0	0	0	0	0	0	0
OTU_743	OTU_743	0	0	0	0	0	0	0	0	0	0	0	0	0	0	0	0	0	0	0	0	0	0	0	0	0	0	0	0	0	0	0	0	0	0	0	0	0	0	0	0	0	0	0	0	0	0	0	0	0	0	0	0	2	1	0	1	0	0	0	0	0	0	0	0	0	0	0	0	0	0	0	0	0	0	0	0	0	0	0	0	0	0	0	0	2	0	0	0	0	0	0	0	0	0	0	0	0	0	0	0	0	0	0	0	0	0	0	0	0	0	0	0	0	0	0	0	0	0	0	0	0	0	0	0	0	0	0	0	0	0	0	0	0	0	0	0	0	0	0	0	0	0	0	0	0	0	0	0	0	0	0	0	0	0	0	0	0	0	0	0	0	0	0	0	0	0	0	0	0	0	0	0
OTU_745	OTU_745	0	0	0	0	0	0	0	0	0	0	0	0	0	0	0	0	0	0	0	0	0	0	0	0	0	0	0	0	0	0	0	8	0	0	0	0	0	0	0	0	0	0	0	0	1	0	0	0	0	0	0	0	0	0	0	0	0	0	0	0	0	0	0	0	0	0	0	0	0	0	0	0	0	0	0	0	0	0	0	0	0	0	0	0	0	0	0	0	0	0	0	0	0	0	0	0	0	0	0	0	0	0	0	0	0	0	0	0	0	0	0	0	0	0	0	0	0	0	0	0	0	0	0	0	0	0	0	0	0	0	0	0	0	0	0	0	0	0	0	0	0	0	0	0	0	0	0	0	0	0	0	0	0	0	0	0	0	0	0	0	0	0	0	0	0	0	0	1	0	0	0	0
OTU_746	OTU_746	0	0	0	1	0	0	0	0	0	0	0	0	0	0	0	0	0	0	0	0	0	0	0	0	0	0	0	0	0	0	0	0	0	0	0	0	0	0	0	0	0	0	1	0	0	0	0	1	0	2	0	0	0	0	0	0	0	0	0	0	0	0	0	0	0	0	0	0	0	5	0	0	1	0	0	0	0	0	0	0	0	0	0	0	0	0	0	0	0	0	0	0	0	0	0	0	0	0	0	0	0	0	0	0	0	0	0	0	0	0	0	0	0	0	0	0	0	0	0	0	0	1	0	0	0	0	0	0	0	0	0	0	1	0	0	0	0	0	0	0	0	0	0	0	0	0	0	0	0	0	0	0	0	0	0	0	0	0	0	0	0	0	0	0	0	0	0	0	0	0	0	1
OTU_747	OTU_747	0	0	1	0	0	0	74	0	0	0	0	0	0	1	0	0	0	4	0	0	0	0	0	0	0	0	0	0	0	0	4	0	0	0	0	0	0	0	0	0	0	0	0	0	0	0	0	0	0	0	0	0	0	0	0	0	0	0	0	0	0	0	0	0	0	0	0	0	0	0	0	0	0	0	0	0	0	0	1	1	0	0	1	0	0	0	0	0	0	0	0	0	0	0	0	0	1	0	13	1	0	0	0	0	0	0	131	0	0	0	0	0	5	0	0	202	0	39	0	0	0	0	0	0	0	0	0	0	2	0	93	8	17	187	20	0	0	0	0	0	0	0	0	1	11	0	0	0	0	0	0	0	0	0	0	0	32	0	0	0	0	0	0	0	0	0	0	0	0	0	0	0
OTU_748	OTU_748	0	0	0	0	0	0	0	0	0	0	0	0	0	0	0	0	0	0	0	0	0	0	0	0	0	0	1	0	0	0	0	0	0	0	0	0	0	0	0	0	0	0	0	0	0	0	0	0	0	0	0	0	0	0	0	0	0	0	0	0	0	0	0	0	0	0	0	0	0	0	0	0	0	0	0	0	0	0	0	0	0	0	0	0	0	0	0	0	0	0	0	0	0	0	0	0	0	0	0	0	0	0	0	0	0	0	0	0	0	0	0	0	0	0	0	0	0	0	0	0	0	0	0	0	0	0	0	0	0	0	0	0	0	0	0	0	0	0	0	0	0	0	0	0	0	0	0	0	0	0	0	0	0	0	0	0	4	0	0	0	0	0	0	0	0	0	0	0	0	0	0	0
OTU_749	OTU_749	0	0	0	0	0	0	0	0	0	0	0	0	0	0	0	0	0	0	0	0	0	0	0	0	0	0	0	0	0	0	0	0	0	0	0	0	0	0	0	0	0	0	0	0	0	3	0	0	0	1	0	0	0	0	0	0	0	0	0	0	0	0	0	0	0	0	0	0	0	0	0	0	0	0	0	0	0	0	0	0	0	0	0	0	0	0	0	0	0	0	0	0	0	0	0	0	0	0	7	0	0	12	0	0	0	0	0	0	0	0	1	0	0	0	0	0	0	2	0	0	0	0	0	0	11	0	0	0	0	0	0	0	0	0	0	0	0	0	0	0	2	1	0	0	0	0	0	0	0	0	0	0	0	0	0	0	1	0	0	0	0	0	0	0	0	3	0	0	0	0	0	0
OTU_750	OTU_750	0	0	0	0	0	0	0	0	49	0	0	0	0	0	0	0	0	322	3	0	0	0	0	0	0	0	0	0	0	0	0	0	0	0	0	0	0	0	0	2	0	0	0	0	0	0	0	0	0	0	0	0	0	0	0	0	0	0	0	0	0	0	0	0	0	0	0	0	0	0	0	0	1	0	0	0	0	0	0	0	0	0	0	0	0	0	0	0	0	0	0	0	0	0	0	0	0	0	0	0	0	0	0	0	0	0	0	0	0	0	0	0	0	0	0	0	0	3	0	0	0	0	0	0	0	0	0	0	0	0	0	2	0	0	0	5	0	0	0	0	1	0	0	0	0	0	0	0	0	0	0	0	0	0	0	0	3	0	0	0	0	0	0	0	0	0	0	0	0	0	0	0
OTU_751	OTU_751	0	0	0	0	0	0	0	0	0	0	0	3	0	9	0	0	0	0	0	0	0	0	0	0	0	0	0	0	0	0	0	0	0	1	0	0	0	0	0	0	0	0	0	0	1	1	0	0	0	0	0	0	0	0	0	0	0	0	0	0	0	0	0	0	0	0	0	0	0	2	0	0	0	0	0	0	0	0	0	0	0	0	0	0	0	0	0	0	0	0	0	0	0	0	0	0	0	0	0	0	0	0	0	1	0	0	0	0	0	0	0	0	0	6	0	0	0	0	0	0	0	0	0	0	0	0	0	0	0	0	0	0	0	0	0	0	0	0	0	0	0	0	0	0	0	0	0	0	0	0	0	0	0	0	0	2	0	0	0	0	2	0	0	1	0	0	0	0	1	0	0	0
OTU_752	OTU_752	1	0	0	0	3	0	0	54	1	0	4	0	1	0	2	0	4	1	1	0	0	0	36	0	0	0	0	4	0	0	1	1	0	0	16	2	0	18	0	0	0	0	0	0	0	0	1	0	6	1	0	0	0	0	1	0	0	0	3	0	0	2	98	0	2	0	0	1	0	0	2	0	1	10	0	0	1	0	0	0	0	13	0	2	0	0	0	1	0	1	3	0	0	1	8	4	4	1	23	26	3	2	0	9	0	0	45	25	2	0	44	1	0	18	1	1	9	1	212	0	0	0	3	12	17	2	2	9	17	11	5	3	2	12	5	2	7	16	1	379	1	3	0	6	1	0	3	202	2	2	0	5	0	1	1	279	4	8	8	45	1	0	1	42	33	0	0	1	4	5	7	1
OTU_754	OTU_754	0	0	0	0	0	0	0	0	0	0	0	3	0	0	0	0	0	2	0	0	0	0	0	0	0	0	0	0	0	0	3	0	0	0	0	0	0	0	0	0	0	0	0	0	1	0	0	0	0	0	0	0	7	1	0	0	0	0	0	1	0	0	0	0	0	0	0	0	0	0	0	0	0	0	0	0	0	0	0	0	0	1	0	0	0	0	3	0	0	0	0	0	0	0	0	0	0	0	2	0	0	106	0	0	0	0	0	0	0	0	0	0	0	0	0	1	0	6	0	0	0	0	0	0	0	1	0	0	18	0	0	0	0	0	0	0	0	0	0	1	1	0	0	0	2	0	0	0	0	0	0	0	0	0	1	0	2	0	3	0	1	0	0	0	0	4	0	0	0	0	0	0
OTU_755	OTU_755	2	2	5	10	1	1	8	7	9	1	1	28	8	34	6	4	29	39	108	4	14	5	42	53	2	10	38	3	2	17	900	0	2	0	12	20	1	8	4	3	1	16	83	3	7	2	143	2	3	9	2	6	49	9	6	4	1	8	47	2	6	0	168	4	25	1	6	16	0	4	45	3	1	13	6	8	0	6	6	6	4	8	7	2	16	10	18	2	17	0	3	8	164	111	6	11	3	2	26	64	340	673	16	130	1	2	245	3	10	2301	8	3	2292	23	7	178	2816	2	24	52	2	2	7	18	14	272	101	1	8	10	121	20	32	8	28	204	6	5	22	28	2692	120	0	14	7	9	27	2	6	19	8	9	14	3	314	5	25	4	9	31	5	176	3	12	2	1	3	23	37	3	6	2
OTU_756	OTU_756	1	0	0	0	0	0	0	0	72	0	0	0	0	0	7	0	0	7	0	0	1	0	0	0	1	0	0	0	0	0	0	0	0	0	0	0	0	0	0	0	1	0	0	0	0	0	0	0	0	0	0	0	0	0	0	0	0	0	0	0	0	0	0	26	0	0	0	0	0	0	0	0	0	0	0	0	6	0	0	0	0	0	0	0	0	0	3	0	0	0	0	0	0	0	0	0	0	2	0	0	1	2	0	0	0	0	0	0	0	0	0	0	0	0	0	1	0	1	0	0	0	0	0	0	0	0	0	0	2	0	0	0	0	0	0	2	0	0	0	0	3	0	0	0	0	0	0	0	0	0	0	0	0	0	0	0	0	0	0	0	0	0	0	0	0	0	0	0	0	0	0	0
OTU_757	OTU_757	0	0	0	0	0	0	0	0	0	0	0	0	0	0	0	0	0	0	0	0	0	0	0	0	0	0	0	0	0	0	0	0	0	0	0	0	0	0	0	0	0	0	0	0	0	0	0	0	0	0	0	0	0	0	0	0	0	0	0	0	0	0	0	0	0	0	0	0	0	0	0	0	0	0	0	0	0	0	0	0	0	0	0	0	0	0	0	0	0	0	0	0	0	0	0	0	0	0	0	0	0	0	0	0	0	0	0	0	0	0	0	0	0	0	0	0	0	0	0	0	0	0	0	0	0	0	0	0	0	0	0	0	0	0	0	0	0	0	0	0	0	0	0	1	0	0	0	0	0	0	0	0	0	0	0	0	2	0	0	0	0	0	0	0	0	0	0	0	0	0	0	0
OTU_758	OTU_758	1	0	0	0	0	0	0	0	0	0	0	28	0	18	0	0	0	0	0	0	0	0	0	0	0	0	0	0	0	0	0	0	0	0	2	0	1	0	0	0	0	0	0	0	0	0	0	0	0	0	0	0	0	0	0	1	0	0	1	0	0	0	0	0	0	0	0	0	0	0	0	0	0	1	0	0	0	0	0	0	0	0	0	0	0	0	0	0	0	0	0	0	0	0	0	0	0	0	3	0	0	1	0	0	0	0	19	0	0	0	0	0	0	11	0	0	0	0	0	0	0	0	0	0	0	0	0	0	0	0	0	0	0	0	1	0	0	0	0	0	10	0	0	0	0	0	0	0	0	0	0	0	0	0	0	0	0	27	0	9	0	0	0	1	0	0	0	0	0	0	3	0
OTU_759	OTU_759	0	0	0	0	0	0	0	0	0	0	0	0	0	0	0	0	0	0	0	0	0	0	0	0	0	0	0	0	0	0	0	0	0	0	0	0	0	0	0	0	0	0	0	0	0	0	0	0	0	0	2	0	0	0	0	0	0	0	0	0	0	0	0	0	0	0	0	0	0	0	0	0	0	0	0	0	0	0	0	0	0	0	0	0	0	0	0	0	0	0	0	0	0	1	0	1	0	0	0	0	0	0	0	0	0	0	0	0	0	0	0	1	0	0	0	0	0	0	0	0	0	0	0	0	0	0	0	0	0	0	0	0	0	0	0	0	1	0	0	0	0	0	0	0	0	0	0	0	0	0	0	0	0	0	0	0	0	0	1	0	0	0	0	0	0	0	0	0	0	0	0	0
OTU_760	OTU_760	14	247	938	158	50	7	487	89	555	176	269	106	55	113	381	158	140	1285	330	56	224	64	42	74	48	134	52	145	85	205	516	19	317	275	137	48	140	52	60	15	16	17	69	93	96	351	249	153	27	41	109	76	77	193	307	39	66	60	48	80	171	10	93	780	40	62	81	56	4	192	156	265	19	83	306	6	185	149	25	139	125	49	25	20	713	48	182	0	10	4	21	48	3	38	39	14	30	13	460	16	92	71	42	829	11	17	21	107	90	63	48	12	36	33	6	49	51	266	4	7	35	176	25	58	313	56	219	2	39	25	275	4	108	42	5	147	10	2	46	69	241	16	1	32	73	249	0	102	71	19	25	27	626	77	104	19	272	406	17	66	12	46	12	41	9	419	1	275	276	682	28	1353
OTU_761	OTU_761	0	0	0	0	0	0	1	0	0	1	0	1	0	0	0	0	0	0	0	0	0	0	0	0	1	0	0	0	0	0	0	0	0	0	0	0	0	0	0	0	0	0	0	0	0	0	0	2	0	0	0	0	0	0	2	0	0	0	0	0	0	0	0	0	0	1	0	0	0	0	0	0	0	0	0	2	0	0	1	0	0	0	0	0	0	0	0	0	0	0	1	0	0	0	0	0	0	0	1	0	0	0	0	0	0	0	0	0	0	0	0	0	0	0	1	0	0	0	0	0	0	1	0	0	1	2	1	0	0	0	0	0	0	0	0	0	0	0	0	0	0	0	1	0	0	0	0	0	0	0	0	0	0	1	0	0	0	1	1	0	0	0	0	0	0	0	0	0	0	0	0	1
OTU_762	OTU_762	3	9	4	0	1	1	0	23	9	6	0	10	3	24	2	4	2	7	5	1	4	3	12	2	2	4	62	4	2	1	4	2	5	0	5	28	1	1	18	1	0	8	6	6	8	3	3	5	0	5	0	2	0	1	3	3	4	4	8	10	24	18	4	0	12	0	6	2	1	2	3	2	0	7	1	0	4	0	1	1	4	5	24	1	31	12	0	3	10	1	1	2	1	2	12	4	7	2	26	30	9	1	7	13	0	2	7	10	1	1	9	2	53	16	0	6	52	0	1	6	5	0	10	4	31	2	5	36	4	10	9	1	3	0	46	9	11	2	11	19	9	9	2	0	1	5	8	5	6	3	35	37	0	1	8	2	10	3	2	1	2	17	0	2	0	7	35	62	12	9	5	3
OTU_764	OTU_764	0	0	0	1	0	0	1	0	0	0	0	0	0	0	0	0	1	0	0	1	0	0	0	1	0	0	0	2	0	0	2	0	0	0	0	2	0	0	0	0	0	0	0	0	1	0	1	0	0	2	0	0	0	0	0	0	1	0	0	0	1	0	0	0	0	0	0	7	0	1	1	0	0	0	0	0	0	0	0	0	0	0	0	0	2	0	0	1	0	0	0	0	0	0	0	0	0	1	0	0	0	1	0	0	0	0	0	3	0	0	0	0	0	0	0	0	0	0	0	0	0	1	0	1	0	4	1	0	1	1	0	0	0	0	0	0	0	0	1	1	2	0	0	0	0	0	0	0	0	1	0	0	0	0	0	0	1	0	3	1	0	0	0	0	0	0	0	0	0	1	0	1
OTU_766	OTU_766	0	0	0	0	0	0	0	0	0	0	0	0	0	1	0	0	0	7	2	0	0	0	0	0	0	0	0	0	0	0	1	0	0	0	1	3	0	5	0	0	0	0	0	0	1	0	0	0	0	0	0	0	0	1	0	0	0	0	0	0	0	0	0	0	0	0	0	0	0	0	0	0	0	0	0	0	0	0	0	0	0	0	1	0	0	0	0	0	0	0	0	0	0	0	0	0	0	0	0	0	0	1	0	0	0	0	1	0	0	0	0	0	0	0	0	0	0	1	0	0	0	0	0	0	0	0	0	0	4	0	0	0	0	1	0	0	0	0	0	0	0	0	0	0	0	0	0	0	0	0	0	0	1	0	0	0	8	1	0	0	0	0	0	0	0	0	0	0	0	0	0	0
OTU_768	OTU_768	0	0	0	0	0	0	0	0	0	0	0	0	0	0	0	0	0	0	0	0	0	0	0	0	0	0	0	0	0	0	0	0	0	0	0	0	0	0	0	0	0	0	0	0	0	0	0	0	0	0	0	0	0	0	0	0	0	0	0	0	0	0	0	0	0	0	0	0	0	0	0	0	0	0	0	0	0	0	0	0	0	0	0	0	0	0	0	0	1	0	0	0	0	0	0	0	0	0	0	0	0	4	0	0	0	0	0	0	0	0	0	0	0	0	0	0	0	0	0	0	0	0	0	0	0	0	0	0	0	0	0	0	0	0	0	0	0	0	0	0	0	0	0	0	0	0	0	0	0	0	0	0	0	0	0	0	0	0	0	0	0	0	0	0	0	0	0	0	0	0	0	0
OTU_770	OTU_770	0	0	0	0	0	0	0	0	0	0	0	0	0	0	0	0	0	0	0	0	0	0	0	0	0	0	0	0	0	0	0	0	0	0	0	0	0	0	0	0	0	0	0	0	0	2	0	0	0	0	0	0	0	0	0	0	0	0	0	0	0	0	0	0	0	0	0	0	0	0	0	0	0	0	0	0	0	0	0	0	0	0	0	0	0	0	0	0	0	0	0	0	0	0	0	0	0	0	0	0	0	0	0	0	0	0	0	0	0	0	0	0	0	0	0	0	0	0	0	0	0	0	0	0	0	0	0	0	0	0	0	0	0	0	0	0	0	0	0	0	0	0	0	0	0	0	0	0	0	0	0	0	0	0	0	0	0	0	0	0	0	258	0	0	0	0	0	0	0	0	0	0
OTU_771	OTU_771	0	0	0	0	0	0	179	0	0	0	0	0	0	0	0	0	0	0	0	0	0	0	0	0	0	0	0	0	0	0	0	0	0	0	0	0	0	0	0	0	0	0	0	0	0	0	0	0	0	0	0	0	0	0	0	0	0	0	0	0	0	0	0	0	0	0	0	0	0	0	0	0	0	0	0	0	0	0	0	0	0	0	0	0	0	0	0	0	0	0	0	0	0	0	0	0	0	0	0	0	0	0	0	0	0	0	0	0	0	0	0	0	0	0	0	0	0	1	0	0	0	0	0	0	0	0	0	0	0	0	0	1	0	0	0	0	0	0	0	0	0	0	0	0	0	0	0	0	0	0	0	0	0	0	0	0	0	0	0	0	0	0	0	0	0	0	0	0	0	0	0	0
OTU_772	OTU_772	0	0	0	0	0	0	0	0	0	2	0	0	0	0	0	0	0	0	0	0	1	0	4	0	0	1	0	0	0	1	0	1	0	0	0	0	1	2	1	0	1	1	4	0	0	0	0	0	2	0	0	1	0	2	0	0	0	0	0	0	0	0	0	0	0	0	0	0	1	0	1	0	0	0	0	2	0	0	0	0	0	0	0	0	0	0	0	1	0	1	0	0	0	0	0	1	0	1	2	0	2	0	3	0	1	2	0	0	1	3	0	0	0	0	0	0	0	2	0	0	0	0	0	0	0	1	2	0	0	0	0	0	0	2	0	0	0	0	0	0	0	0	0	0	2	0	0	0	0	0	0	0	0	0	0	2	0	0	1	0	0	0	1	0	0	0	0	0	0	0	1	0
OTU_774	OTU_774	0	0	0	0	0	0	0	0	0	0	0	0	1	0	0	0	0	0	0	0	0	0	0	1	0	0	0	0	0	0	0	1	0	0	0	0	0	0	0	0	0	0	0	0	0	0	0	0	0	0	0	0	0	1	0	0	0	0	0	0	0	0	0	0	0	0	0	0	0	0	0	0	0	0	0	0	0	0	0	0	0	0	0	0	0	0	0	0	0	0	0	0	0	0	0	0	0	0	0	0	0	0	0	0	1	0	0	0	0	0	0	0	0	0	0	0	0	0	0	0	0	0	0	0	0	0	0	0	1	0	0	0	0	0	0	1	0	0	0	0	0	0	0	0	0	0	0	0	1	0	0	0	0	0	0	0	0	0	0	0	0	0	0	0	0	0	0	0	0	0	0	0
OTU_775	OTU_775	0	0	0	0	0	0	0	0	0	0	0	0	0	0	0	0	0	0	0	0	0	0	0	0	0	0	0	0	0	0	26	0	0	0	0	0	0	0	0	0	0	0	0	0	0	0	0	0	0	0	0	0	0	0	0	0	0	0	0	0	0	0	0	0	0	0	0	0	0	0	0	0	0	0	0	0	0	0	0	0	0	0	0	0	0	0	0	0	0	0	0	0	0	0	0	0	0	0	0	0	0	0	0	0	0	0	0	0	0	0	0	0	0	0	0	0	0	0	0	0	0	0	0	0	0	0	0	0	2	0	0	0	0	0	0	0	0	0	0	0	0	0	0	0	0	0	0	0	0	0	0	0	0	0	0	0	0	0	0	0	0	0	0	0	0	0	0	0	0	0	0	0
OTU_776	OTU_776	0	0	0	2	0	0	0	0	0	0	2	0	0	0	0	0	0	0	0	0	0	0	0	0	1	0	0	0	0	2	0	0	0	0	0	0	0	0	0	0	3	0	2	0	0	0	0	0	1	0	1	0	0	4	0	0	1	0	2	0	0	0	0	0	0	2	0	0	2	1	0	0	0	1	1	0	2	0	1	0	0	0	0	0	0	1	0	1	1	2	1	3	1	1	0	0	1	0	2	0	0	0	1	0	0	0	1	0	0	0	0	0	1	0	0	1	0	0	0	0	0	1	0	0	0	1	0	0	1	0	0	2	1	2	0	1	0	1	0	0	0	3	1	2	0	1	0	0	0	1	0	0	0	0	0	1	1	0	0	0	0	0	1	2	4	2	2	0	0	0	0	0
OTU_777	OTU_777	0	0	0	0	0	0	0	0	0	0	0	0	0	0	0	0	0	0	0	0	0	0	0	0	0	0	0	0	0	0	0	0	0	0	0	2	0	0	0	0	0	0	0	0	0	0	0	0	0	0	0	0	0	0	0	0	0	0	0	0	0	0	0	0	0	0	0	0	0	0	0	0	0	0	0	0	0	0	0	0	0	0	0	0	0	0	0	0	0	0	0	0	0	0	0	0	0	0	0	0	0	0	0	0	0	0	0	0	0	0	0	0	0	0	0	0	0	0	0	0	0	0	0	0	0	0	0	0	0	0	0	0	0	0	0	0	0	0	0	0	0	0	0	0	0	0	0	0	0	0	0	0	0	0	0	0	0	0	0	0	0	0	0	0	0	0	0	0	0	0	0	0
OTU_778	OTU_778	0	0	0	1	0	0	0	0	0	0	2	0	0	0	0	0	0	0	0	0	0	0	0	0	0	0	0	0	0	0	1	0	1	0	0	0	0	0	0	1	9	0	0	0	0	0	0	0	1	0	0	0	0	0	0	0	0	0	0	0	0	0	0	0	0	0	0	0	0	0	0	0	0	0	0	1	0	0	0	0	0	0	0	0	0	0	1	0	0	0	0	0	0	0	0	0	0	0	0	0	0	0	0	0	0	0	0	0	0	0	0	0	0	0	0	0	0	0	0	0	0	0	0	0	0	0	0	0	0	0	2	0	0	0	0	0	0	0	0	0	0	0	0	0	0	0	0	0	0	0	0	0	0	0	0	1	0	0	0	0	0	0	0	0	0	0	0	0	0	0	0	0
OTU_779	OTU_779	0	0	0	0	0	0	0	0	0	0	0	0	0	0	0	0	0	0	0	0	0	0	0	0	0	0	0	0	0	0	0	0	0	0	0	0	0	0	0	0	0	0	0	0	0	0	0	0	0	0	0	0	0	0	0	0	0	0	0	0	0	0	0	0	0	0	0	0	0	0	0	0	0	0	0	0	0	0	0	0	0	0	0	0	0	0	0	0	0	0	0	0	0	0	0	0	0	0	0	0	0	0	0	0	0	0	0	0	0	0	0	0	0	0	0	0	0	0	0	0	0	0	0	0	0	0	0	0	0	0	0	0	314	0	0	0	0	0	0	0	0	0	0	0	0	0	0	0	0	0	0	0	0	0	0	0	0	0	0	0	0	0	0	0	0	0	0	0	0	0	0	0
OTU_780	OTU_780	0	0	0	0	0	0	0	0	0	0	0	0	0	0	0	0	0	0	0	0	0	0	0	0	0	0	0	0	0	0	0	0	0	0	0	0	0	0	0	0	0	0	0	0	0	0	0	0	0	0	0	0	0	0	0	107	0	0	0	0	0	0	0	0	0	0	0	0	0	0	0	0	0	0	0	0	0	0	0	0	0	0	0	0	0	0	0	0	0	0	0	0	0	0	0	0	0	0	0	0	0	0	0	0	0	0	0	0	0	0	0	0	0	0	0	0	0	0	0	0	0	0	0	0	0	0	0	0	0	0	0	0	0	0	0	0	0	0	0	0	0	0	0	0	0	0	0	0	0	0	0	0	0	0	0	0	0	0	0	0	0	0	0	0	0	0	0	0	0	0	0	0
OTU_781	OTU_781	0	0	0	0	0	0	0	0	0	0	0	0	0	1	0	0	0	0	1	0	0	0	0	0	0	0	0	0	0	0	2	0	0	0	0	0	0	4	0	0	0	0	0	0	0	0	0	0	0	0	0	0	0	0	0	0	0	0	0	0	0	0	0	0	0	0	0	0	0	0	1	0	0	0	0	0	0	0	0	0	0	0	0	0	0	0	0	0	1	0	0	0	0	0	0	0	0	0	0	0	0	1	1	0	0	0	0	0	0	0	0	0	0	0	0	0	1	8	0	0	0	0	0	0	0	0	0	0	9	0	0	0	0	0	0	0	0	0	0	0	0	0	0	1	0	1	0	0	0	0	0	0	0	0	0	0	0	3	2	0	0	0	0	0	0	0	0	0	1	0	0	0
OTU_782	OTU_782	0	0	0	0	0	0	0	0	0	0	0	0	0	0	0	0	0	0	0	0	0	0	0	0	0	0	0	0	0	0	0	0	0	0	0	0	0	0	0	0	0	0	0	0	0	0	0	0	0	0	0	0	0	0	0	0	0	0	0	0	0	0	0	0	0	0	0	0	0	0	0	0	0	0	0	0	0	0	0	0	0	0	0	0	0	0	0	0	0	0	0	0	0	0	0	6	0	0	0	0	1	0	0	2	0	0	2	0	0	0	0	0	0	0	0	0	0	0	0	1	0	0	0	0	0	0	0	0	0	0	0	0	1	0	1	0	0	0	0	1	0	0	0	0	0	0	2	0	0	1	0	0	0	0	1	0	0	0	0	0	0	0	0	0	0	0	0	0	0	0	0	0
OTU_783	OTU_783	0	0	0	0	0	0	0	0	0	0	0	0	0	0	0	0	0	0	8	0	0	0	0	0	0	0	0	0	0	0	1	0	0	0	0	0	0	13	0	0	0	0	0	0	0	0	0	0	0	0	0	0	0	0	0	0	0	0	0	0	0	0	0	0	0	0	0	0	0	0	0	0	0	0	0	0	0	0	0	0	0	0	0	0	0	0	0	0	0	0	0	0	0	2	0	0	0	0	0	0	2	0	0	0	0	0	0	0	0	1	0	0	0	0	0	0	0	146	0	0	0	0	0	0	0	0	0	0	0	0	0	0	0	0	0	0	0	0	0	0	0	0	0	0	0	0	0	0	0	0	0	0	0	0	0	0	0	0	0	0	0	0	7	0	0	0	0	0	0	0	0	0
OTU_784	OTU_784	0	0	0	0	0	0	0	0	0	0	0	0	0	0	0	0	0	0	0	0	0	0	0	3	0	0	0	0	0	0	0	0	0	0	0	0	0	0	0	0	0	0	0	1	0	0	0	0	0	0	0	0	13	2	0	0	0	0	0	0	0	0	0	0	0	0	0	1	0	8	0	0	0	0	0	0	0	0	0	0	0	0	0	0	0	1	0	0	0	0	0	0	0	0	0	0	0	0	0	0	3	0	0	0	0	0	0	0	0	0	0	0	0	0	0	0	0	0	0	0	0	1	0	0	0	0	0	0	0	0	0	0	0	0	0	0	0	0	0	0	2	0	0	0	0	0	0	0	0	0	0	0	0	0	0	0	1	0	3	5	0	0	0	0	0	0	0	0	0	0	0	0
OTU_785	OTU_785	0	0	0	0	0	0	0	0	0	0	0	0	0	0	0	0	0	0	0	0	0	0	0	0	0	0	2	0	0	0	0	0	0	0	0	0	0	0	0	0	0	0	0	0	0	0	0	0	0	0	0	0	0	0	0	0	0	0	0	0	0	0	0	0	0	0	0	0	0	0	0	0	0	0	0	0	0	0	0	0	0	0	0	0	0	0	0	0	0	0	0	0	0	0	0	0	0	0	0	0	0	0	0	0	0	0	0	0	0	0	0	0	0	0	0	0	0	0	0	0	0	0	0	0	0	0	0	0	0	0	0	0	0	0	0	0	0	0	0	0	0	0	0	0	0	0	0	0	0	0	0	0	0	0	0	0	4	0	0	0	0	0	0	0	0	0	0	0	0	0	0	0
OTU_786	OTU_786	0	0	0	0	0	0	0	0	0	0	0	0	0	0	0	0	0	0	0	0	0	0	0	0	0	0	0	0	0	0	0	0	2	0	0	0	0	1	0	0	1	0	0	0	1	0	0	0	0	0	0	0	0	0	2	0	0	0	0	0	0	0	0	0	0	1	0	0	1	0	0	0	1	0	0	0	0	0	0	0	0	0	0	0	1	0	1	0	0	0	1	0	0	0	0	0	0	0	0	0	0	0	0	0	1	0	0	1	0	0	0	0	0	0	0	0	0	0	0	0	0	0	0	0	0	0	0	0	0	0	0	0	0	0	0	0	0	0	0	0	1	0	0	0	0	0	0	0	0	0	0	0	0	0	0	0	0	1	0	0	0	0	0	0	0	0	0	0	0	0	0	0
OTU_788	OTU_788	0	2	0	0	0	0	2	0	0	0	13	0	0	4	0	0	0	0	0	0	0	4	0	2	12	0	0	9	0	0	0	0	0	0	3	0	0	3	1	0	0	0	1	3	1	0	0	0	0	0	0	6	1	0	0	0	0	0	0	66	0	0	0	1	27	0	0	0	1	1	2	1	1	2	0	0	0	0	0	0	0	0	1	2	0	0	1	2	0	0	1	0	0	0	2	1	1	1	10	33	0	0	0	2	1	2	42	23	0	1	0	2	0	13	1	0	2	0	1	0	1	1	0	1	0	1	23	7	0	0	88	24	35	2	13	1	0	3	0	0	2	9	0	0	1	0	0	1	1	0	1	1	0	0	680	0	2	1	1	15	1	1	0	12	1	0	8	3	6	0	0	0
OTU_789	OTU_789	0	0	0	0	0	0	0	0	0	0	0	0	0	0	0	0	0	0	0	0	0	0	0	0	0	0	0	0	0	0	0	0	0	0	0	0	0	0	0	0	0	0	0	0	0	0	0	0	0	0	0	0	1	2	0	0	0	0	0	0	0	0	0	0	0	0	0	0	0	0	1	0	0	0	0	0	0	0	0	0	0	0	0	0	0	0	0	0	0	0	0	0	0	0	0	0	0	0	0	0	0	0	0	0	0	0	0	0	0	0	0	0	0	0	0	0	0	0	0	0	0	0	0	0	0	0	0	0	0	0	0	0	0	0	0	0	0	0	0	0	0	0	0	0	0	0	0	0	0	0	0	0	0	0	0	0	0	0	0	0	0	0	0	0	0	0	0	2	0	0	0	0
OTU_790	OTU_790	0	0	0	0	0	0	0	0	0	0	0	0	0	0	0	0	0	0	0	0	0	0	0	0	0	0	0	0	0	0	0	0	0	0	0	0	0	0	0	0	0	0	0	0	0	0	0	0	0	0	0	0	0	0	0	0	0	0	0	0	0	0	0	0	0	0	0	0	0	0	0	0	0	0	0	0	0	0	0	0	0	0	0	0	0	0	0	0	0	0	0	0	0	0	0	0	0	0	0	0	0	0	0	0	0	0	0	0	0	0	0	0	0	0	0	17	0	0	0	0	0	0	0	0	0	0	0	0	0	0	0	0	0	0	0	0	0	0	0	0	0	0	0	0	0	0	0	0	0	0	0	0	0	0	0	0	0	0	0	0	0	0	0	0	0	0	0	0	0	0	0	0
OTU_791	OTU_791	0	0	0	0	0	0	0	0	0	0	0	0	6	0	0	1	0	0	0	0	0	0	0	0	0	0	0	0	0	0	0	0	0	0	0	0	0	0	0	0	0	0	0	0	0	0	0	0	0	0	0	0	0	1	0	0	0	0	0	0	0	0	0	0	0	0	0	0	0	0	0	0	0	0	0	0	0	0	1	0	0	0	0	0	0	1	0	0	0	0	0	0	0	0	0	0	0	0	0	0	0	0	0	0	0	0	0	0	0	0	0	0	0	0	0	0	0	0	0	0	0	0	0	0	0	12	0	0	0	0	0	0	0	0	0	0	0	0	0	0	0	0	0	0	0	0	0	0	0	0	0	0	0	0	0	0	0	0	0	0	0	0	0	0	0	0	0	0	0	0	0	0
OTU_793	OTU_793	0	0	0	0	0	0	0	0	0	0	0	0	0	0	0	0	0	0	8	0	0	0	0	0	0	0	0	0	0	0	0	0	0	0	0	0	0	0	0	0	0	0	0	0	0	0	0	0	0	0	0	0	15	3	0	0	0	0	0	0	0	0	0	0	0	0	0	0	0	0	0	0	0	1	0	0	0	0	1	0	0	0	1	0	0	0	0	0	0	0	0	0	0	0	0	0	0	0	0	0	0	0	0	0	0	0	0	0	0	0	0	0	0	0	0	0	0	0	0	0	0	0	0	0	0	0	0	0	0	0	0	0	1	0	0	0	0	0	0	0	0	0	0	0	0	0	0	0	0	0	0	0	0	0	0	0	0	0	0	0	0	0	0	0	0	0	0	0	0	0	0	0
OTU_796	OTU_796	7	0	0	0	0	1	0	0	0	0	0	0	0	0	0	0	0	0	0	0	0	0	2	0	0	0	0	0	0	0	0	0	0	0	0	0	0	0	0	0	0	0	0	0	0	0	0	0	0	0	0	0	0	0	0	0	0	0	0	0	0	0	0	1	0	0	0	0	0	0	0	0	0	0	0	0	0	0	0	0	0	0	1	0	0	0	0	0	0	0	0	0	0	0	0	0	0	0	0	0	0	0	0	0	0	0	0	0	0	0	0	0	0	0	0	0	0	0	0	0	0	0	0	0	0	0	0	0	0	0	0	0	0	0	0	0	0	0	0	0	0	0	0	0	0	0	0	0	0	0	0	0	0	0	0	0	0	0	0	0	0	0	0	0	0	0	0	0	0	0	0	0
OTU_797	OTU_797	0	0	0	0	0	0	0	0	0	0	0	121	0	95	0	0	0	0	0	0	0	0	0	0	0	0	0	0	0	0	0	0	0	0	4	0	0	0	0	0	0	0	0	0	0	0	0	0	0	0	3	0	0	0	0	0	0	0	0	0	0	0	0	0	0	0	0	0	0	0	0	0	1	0	0	0	0	0	0	0	0	0	0	0	0	0	0	0	0	0	0	0	0	0	0	0	0	0	0	0	0	0	0	0	0	0	0	0	0	0	0	0	0	0	0	0	0	0	0	0	0	0	0	0	0	0	0	0	0	0	0	0	0	0	0	0	0	0	0	0	0	0	0	0	0	0	0	0	0	0	0	0	0	0	0	0	0	0	0	0	0	0	0	0	0	0	0	0	0	0	0	0
OTU_798	OTU_798	0	0	0	0	0	0	1	0	0	0	0	0	0	0	0	0	0	0	0	0	0	0	0	0	0	0	0	0	0	0	0	0	0	0	0	0	0	0	0	0	0	0	0	0	0	0	0	0	0	0	0	0	0	0	0	0	0	0	0	0	0	0	0	0	0	0	0	0	0	0	0	0	0	0	0	0	0	0	0	0	0	0	1	0	0	0	0	0	0	0	0	0	0	0	0	0	0	0	0	0	0	0	0	0	0	0	0	0	0	0	0	0	0	0	0	0	0	0	0	0	0	0	0	0	0	0	0	0	0	0	0	0	0	0	0	0	0	0	0	0	0	0	0	0	0	0	0	0	0	0	0	0	0	0	0	0	0	0	0	0	0	0	0	0	0	0	0	0	0	0	0	0
OTU_799	OTU_799	0	0	0	0	0	0	0	0	0	0	0	0	0	0	0	0	1	0	0	0	0	0	0	0	0	0	0	0	0	0	0	0	0	0	0	0	0	0	1	0	0	0	0	0	0	0	0	0	0	0	0	0	0	0	0	0	0	0	0	0	0	0	0	0	0	0	0	0	0	0	0	0	0	0	0	0	0	0	0	0	0	0	0	0	0	0	0	0	0	0	0	0	0	0	0	0	0	0	0	0	0	0	0	0	0	0	0	0	0	0	0	0	0	0	0	0	0	0	0	0	0	0	0	0	0	0	0	0	0	0	0	0	0	0	0	0	0	0	0	0	0	0	0	0	0	0	0	0	0	0	0	0	0	1	0	0	0	0	0	0	0	0	0	0	0	0	0	0	0	0	0	0
OTU_801	OTU_801	0	0	0	0	0	0	0	0	0	0	0	0	0	0	0	0	0	0	0	0	0	0	0	0	0	0	0	0	0	0	0	0	0	0	0	0	0	0	0	0	0	0	0	0	0	0	0	0	0	0	0	0	0	0	0	0	0	0	0	0	0	0	0	0	0	0	0	0	0	0	0	0	0	0	0	0	0	0	0	0	0	0	0	0	0	0	0	0	0	0	0	0	0	0	0	0	0	0	0	0	0	0	0	0	0	0	0	0	0	0	0	0	0	0	0	0	0	0	0	0	0	0	0	0	0	0	0	0	0	0	0	0	0	0	0	0	0	0	0	0	0	0	0	0	0	0	0	0	0	0	0	0	0	0	0	0	0	0	0	0	2	0	0	0	0	0	0	0	0	0	0	0
OTU_802	OTU_802	0	0	0	0	0	0	0	0	0	0	0	1	0	0	0	0	0	0	0	0	0	0	0	0	0	0	0	0	0	0	0	0	0	0	0	0	0	0	0	0	0	0	0	1	3	0	0	0	0	0	0	0	0	0	0	0	0	0	0	0	0	0	0	0	0	0	0	2	0	0	0	0	0	0	0	0	1	0	0	0	0	0	0	0	0	0	0	0	0	0	0	0	0	0	0	1	0	0	0	0	0	0	3	0	0	0	0	0	0	0	0	0	0	0	0	0	0	0	0	0	0	2	0	0	1	0	0	1	0	0	0	0	0	0	0	1	0	1	0	0	0	0	0	0	0	0	0	0	0	0	0	0	0	0	0	0	0	1	0	0	0	0	0	0	0	0	0	0	0	0	0	1
OTU_804	OTU_804	0	1	0	0	0	0	0	0	0	0	0	0	0	0	0	0	0	0	0	0	0	0	0	0	0	0	0	0	0	0	0	0	0	0	0	0	0	0	1	0	0	0	0	0	0	0	0	0	0	0	0	0	0	0	0	0	0	0	0	0	0	0	0	0	0	0	0	0	0	0	0	0	0	0	0	0	0	0	0	0	0	0	0	0	0	0	0	0	0	0	0	0	0	5	0	0	0	0	0	0	0	0	0	0	0	0	0	0	0	0	0	0	0	0	0	0	0	0	0	0	0	0	0	0	0	0	0	0	0	0	0	0	0	0	0	0	0	0	0	0	0	0	0	0	0	0	0	0	0	0	0	0	0	0	0	0	0	0	0	0	0	0	0	0	0	0	0	0	0	0	0	0
OTU_805	OTU_805	0	0	0	0	1	0	1	0	0	1	1	0	0	0	2	0	0	0	0	1	0	0	0	0	0	1	0	0	1	0	1	0	0	0	0	0	0	3	0	2	1	0	0	1	0	3	1	0	0	0	0	1	1	0	1	1	1	0	1	1	2	2	0	1	0	3	2	0	1	0	1	2	1	3	0	0	2	0	0	0	0	0	0	0	0	0	1	1	1	0	0	0	0	3	0	2	0	1	3	0	0	0	6	0	0	0	0	0	1	0	0	0	1	0	2	4	0	0	0	1	0	0	0	0	0	3	0	2	2	1	1	2	1	0	0	0	0	0	0	0	1	2	0	1	0	0	0	0	2	1	0	0	0	2	0	4	2	2	4	0	0	0	0	2	2	0	0	0	0	0	0	0
OTU_806	OTU_806	0	1	0	0	0	0	0	0	0	0	0	0	0	0	0	0	0	0	0	1	0	0	0	0	1	1	0	0	1	1	1	0	0	0	0	0	2	1	0	0	0	0	1	0	0	0	4	0	0	0	0	0	1	4	1	1	0	0	2	0	0	0	0	0	0	1	0	0	0	0	1	0	0	1	0	2	0	0	0	0	0	1	0	0	0	3	0	0	0	4	0	0	0	3	0	0	3	1	1	0	0	0	4	0	0	1	1	0	1	1	0	0	0	0	0	4	0	0	0	1	0	0	0	0	0	0	0	1	1	2	0	0	0	2	0	1	0	0	0	0	0	0	1	1	0	0	0	0	0	1	0	0	0	1	0	2	0	0	2	0	0	0	0	0	1	0	0	0	0	0	1	0
OTU_808	OTU_808	0	0	0	1	0	0	0	0	0	0	0	0	1	0	0	0	1	0	0	0	0	0	0	0	0	0	0	0	0	0	0	0	0	0	1	0	0	0	0	0	0	0	0	0	0	0	0	0	0	0	0	0	0	0	0	0	0	0	0	0	0	0	0	0	0	0	0	0	0	0	0	0	0	0	0	0	0	0	0	0	0	0	0	0	0	0	0	0	0	1	1	0	0	0	0	0	0	0	0	0	0	0	2	0	0	0	0	0	0	0	0	0	0	0	2	0	0	0	0	0	0	0	0	0	1	0	0	0	0	0	0	0	0	1	0	0	0	0	0	6	0	0	0	0	0	0	0	0	0	0	0	0	0	0	0	0	0	0	0	0	0	0	0	2	0	2	0	0	0	0	0	1
OTU_810	OTU_810	0	0	0	0	1	1	0	0	0	0	1	0	0	0	0	0	0	0	0	0	0	0	0	0	0	2	0	0	0	0	0	0	0	0	0	0	0	0	0	0	9	0	0	0	0	0	0	0	0	0	0	0	0	0	0	0	0	0	0	0	0	0	0	0	0	0	0	0	0	0	0	0	0	0	0	0	0	0	0	0	0	0	0	0	0	0	0	0	0	0	0	0	0	0	0	0	0	0	0	0	0	0	0	0	0	0	0	0	0	0	0	0	0	0	0	0	0	0	0	0	0	0	0	0	0	0	0	1	0	0	0	0	0	0	0	0	0	0	0	1	0	0	0	0	0	0	0	0	0	0	0	0	0	2	0	0	0	0	0	0	0	1	0	3	0	1	0	0	0	0	0	30
OTU_811	OTU_811	0	1	0	0	0	0	0	0	0	0	0	0	0	0	0	0	0	0	0	0	0	0	0	0	0	0	0	0	0	0	0	12	0	0	0	0	0	0	0	0	0	0	0	0	0	0	0	0	0	0	0	0	0	0	0	0	0	0	0	1	0	0	0	0	0	0	0	1	0	0	0	0	0	0	0	0	0	0	0	0	0	0	0	0	0	0	0	0	0	0	0	0	0	0	0	0	0	0	0	0	0	0	0	0	0	0	0	0	0	0	0	0	0	0	0	0	0	0	0	0	0	0	0	0	1	0	0	0	0	0	0	0	0	0	0	0	0	0	0	0	0	0	0	0	0	0	0	0	1	0	0	0	0	0	0	0	0	0	0	0	0	0	0	0	0	0	0	0	0	0	0	0
OTU_813	OTU_813	0	0	0	1	0	2	1	0	0	0	0	0	0	0	0	1	0	0	0	0	0	0	0	0	1	0	0	0	2	0	0	0	1	0	0	0	0	0	0	2	1	0	0	0	0	1	0	1	0	0	0	0	0	1	0	0	0	0	0	0	0	0	0	1	0	1	1	0	1	0	0	0	0	0	0	0	0	0	1	0	1	0	1	0	1	0	0	0	1	1	0	0	0	0	0	0	3	0	3	0	0	0	0	0	0	0	0	0	0	0	0	0	1	0	0	0	0	0	0	0	0	0	0	0	0	0	1	0	0	0	0	2	0	0	0	0	1	0	0	0	0	1	1	0	0	4	0	1	1	0	0	0	0	1	0	1	0	0	0	0	0	1	0	6	0	0	0	0	0	0	0	0
OTU_814	OTU_814	0	0	0	0	0	0	0	0	0	0	0	0	0	0	0	0	0	1	2	0	0	0	0	0	0	0	0	0	0	0	2	0	0	0	0	0	0	0	0	0	0	0	2	0	0	0	0	0	0	0	0	0	0	0	0	0	2	0	2	0	0	0	0	0	0	0	0	0	0	0	0	0	0	0	0	0	0	0	0	0	0	0	0	0	0	0	2	0	0	0	0	0	0	0	0	0	0	0	0	0	0	3	0	0	0	0	0	0	0	0	0	0	0	0	0	0	0	0	0	0	0	0	0	0	0	0	0	0	1	0	0	0	0	0	0	2	0	0	0	0	0	0	0	0	0	0	0	0	0	0	0	0	2	0	0	0	2	0	0	0	0	1	0	0	0	0	0	0	0	0	0	0
OTU_815	OTU_815	0	3	1	0	0	0	2	0	0	0	0	0	1	3	5	0	0	4	0	0	0	0	0	0	1	0	0	0	0	0	0	0	79	0	0	0	0	1	0	0	0	0	0	0	0	0	2	0	0	0	3	10	0	0	0	2	0	0	0	1	0	0	0	0	1	0	1	0	0	0	0	16	1	0	0	0	0	0	30	0	0	0	0	0	1	0	0	0	0	0	0	0	0	1	0	0	0	0	0	0	0	0	0	0	0	0	0	0	1	0	0	0	0	3	0	0	0	0	0	0	0	0	0	1	33	0	2	0	0	0	0	0	1	0	0	0	0	0	0	0	0	0	7	0	0	0	0	0	0	0	0	1	1	0	0	1	0	0	0	0	0	0	0	0	0	3	0	1	1	0	0	0
OTU_816	OTU_816	0	0	0	0	0	0	0	0	0	0	0	0	0	0	0	0	0	0	0	0	0	0	0	0	0	0	0	0	0	0	0	0	0	0	0	0	0	0	0	0	0	0	0	0	0	0	0	0	0	0	0	0	0	0	0	0	0	0	0	0	0	0	0	0	0	0	0	0	0	0	0	0	0	0	0	0	0	0	0	0	0	0	0	0	0	0	0	0	0	0	0	0	0	0	0	0	0	0	0	0	0	0	0	0	0	0	0	0	0	0	0	0	0	0	0	0	0	0	0	0	0	0	0	0	0	0	0	0	0	0	0	0	0	0	0	0	0	0	0	0	0	0	0	0	0	0	0	0	2	0	0	0	0	0	0	0	0	0	0	0	0	0	0	0	0	0	0	0	0	0	0	0
OTU_817	OTU_817	1	1	2	2	1	0	6	21	18	6	0	1	0	0	3	2	22	6	7	0	1	2	0	0	0	0	0	1	0	4	2	1	2	0	3	2	0	0	1	0	1	0	2	2	6	2	3	15	0	4	1	2	2	3	0	1	2	0	7	6	9	2	1	37	1	2	0	0	0	3	4	0	0	1	0	0	7	0	0	7	11	0	0	3	3	1	0	0	0	0	2	0	0	4	1	0	0	0	1	0	0	0	0	1	0	0	0	0	0	0	1	0	1	0	0	0	1	1	0	1	1	1	0	12	10	1	10	0	1	0	0	0	0	1	0	0	0	0	0	3	2	1	1	1	0	0	0	0	0	0	2	0	3	1	0	0	2	0	0	0	0	0	0	1	0	5	0	6	1	0	1	4
OTU_818	OTU_818	0	0	0	0	0	0	0	0	0	0	0	0	0	0	0	0	0	0	0	0	0	0	0	0	0	0	0	0	0	0	0	0	0	0	0	0	0	0	0	0	0	0	0	0	0	0	0	0	0	0	0	0	3	1	0	0	0	0	0	0	0	0	0	0	0	0	0	0	0	0	0	0	0	0	0	0	0	0	0	0	0	0	0	0	0	0	0	0	0	0	0	0	0	0	0	0	0	0	0	0	0	0	0	0	0	0	0	0	0	0	0	0	0	0	0	0	0	0	0	0	0	0	0	0	0	0	0	0	0	0	0	0	0	0	0	0	0	0	0	0	0	0	0	0	0	0	0	0	0	0	0	0	0	0	0	0	0	0	0	0	0	0	0	0	0	0	0	0	0	0	0	0
OTU_819	OTU_819	15	3	10	10	7	1	8	63	28	3	1	2	10	11	13	7	2	4	54	13	11	31	5	7	2	9	8	3	3	11	29	1	7	13	72	70	8	4	17	7	0	18	6	7	45	2	6	4	8	41	0	3	7	4	1	3	16	15	4	18	12	2	19	0	9	11	2	15	10	4	12	0	1	26	4	2	3	8	22	4	9	24	3	5	24	33	5	1	2	0	21	23	0	0	4	3	0	3	21	1	3	0	0	78	0	0	0	9	2	1	34	6	2	5	1	0	15	4	1	7	3	1	3	4	28	1	7	7	5	3	4	1	1	2	0	1	6	0	41	57	4	13	1	4	3	2	0	1	0	1	71	31	1	0	6	11	11	7	1	2	2	0	1	10	0	5	2	35	15	6	0	5
OTU_822	OTU_822	0	0	0	0	0	0	0	0	0	0	0	0	0	0	0	0	0	0	0	0	0	0	0	0	0	0	0	0	0	0	0	0	0	0	0	0	0	0	0	0	0	0	0	0	0	0	0	0	0	0	0	0	0	0	0	0	0	0	0	0	0	0	0	0	0	0	0	0	0	0	0	0	0	0	0	0	0	0	0	0	0	0	0	0	0	0	0	0	0	0	0	0	0	0	0	0	0	0	491	0	0	0	0	0	0	0	0	0	0	0	20	0	0	0	0	0	0	0	0	0	0	0	0	0	0	0	0	0	0	0	0	0	0	0	1	0	0	0	0	0	0	0	0	0	0	0	0	0	0	0	0	0	0	0	0	0	0	0	0	0	0	0	0	1	0	0	0	0	0	0	0	0
OTU_823	OTU_823	0	0	0	0	0	0	0	0	0	0	0	0	0	0	0	0	0	0	0	0	0	0	0	0	0	0	0	0	0	0	0	0	0	0	0	0	0	0	0	0	0	0	0	0	0	0	0	1	0	0	0	0	0	0	0	0	0	0	0	1	0	0	0	0	0	0	0	0	0	0	0	0	0	0	0	0	0	0	1	0	0	0	0	0	0	0	0	0	0	0	0	0	0	0	0	0	0	0	0	0	0	0	0	0	0	0	0	0	0	0	0	0	0	0	0	0	0	0	0	0	0	0	0	0	0	0	0	0	0	0	0	0	0	0	0	0	0	0	0	0	0	0	0	0	0	0	0	0	0	0	0	0	0	0	0	0	0	0	0	0	0	1	0	0	0	0	0	0	0	0	0	0
OTU_824	OTU_824	0	0	0	0	0	0	0	0	0	0	0	0	0	0	0	0	0	0	0	0	0	0	0	0	0	0	0	0	0	0	0	0	0	0	0	0	0	0	0	0	0	0	0	0	0	0	0	0	0	0	0	0	0	0	0	0	0	0	0	0	0	0	0	0	0	0	0	0	0	0	0	0	0	0	0	0	0	0	0	0	0	0	0	0	0	0	0	0	0	0	0	0	0	0	0	0	0	0	0	0	0	0	0	0	0	0	0	0	0	0	0	0	0	0	0	0	0	0	0	1	0	0	0	0	0	0	0	0	0	0	0	0	0	0	0	0	0	0	0	0	0	0	0	0	0	0	0	0	0	0	0	0	0	0	0	0	0	0	0	0	0	0	0	0	0	0	0	0	0	0	0	0
OTU_825	OTU_825	0	0	0	0	0	0	0	0	0	0	0	0	0	0	0	0	0	0	0	0	0	0	0	0	0	0	0	0	0	0	0	0	0	0	0	0	0	0	0	0	0	0	0	0	0	0	0	0	0	0	0	0	0	0	0	0	0	0	0	0	0	0	0	0	0	0	0	0	0	0	0	0	0	0	0	0	0	0	0	0	0	0	0	0	0	0	0	0	0	0	0	0	0	0	0	0	0	0	0	0	0	0	0	0	0	0	0	0	0	0	0	0	0	0	0	24	0	0	0	0	0	0	0	0	0	0	0	0	0	0	0	0	0	0	0	181	0	0	0	0	0	0	0	0	0	0	0	0	0	0	0	0	0	2	0	0	0	0	0	0	0	0	0	0	0	0	0	0	0	0	0	0
OTU_829	OTU_829	0	0	0	0	0	0	0	0	0	0	0	0	0	0	0	0	0	0	0	0	0	0	0	0	0	0	0	0	0	0	0	0	0	0	0	0	0	0	0	0	0	0	0	0	0	0	0	0	0	0	0	0	0	0	0	0	0	0	0	0	0	0	0	0	0	0	0	0	0	0	0	0	0	0	0	0	0	0	0	0	0	0	0	0	0	0	0	0	0	0	0	0	0	0	1	0	0	0	0	0	0	0	0	0	0	0	0	0	0	0	0	0	0	0	0	0	0	0	0	0	0	0	0	0	0	0	0	0	0	0	0	0	0	0	0	0	0	0	0	0	0	0	0	0	0	0	0	0	0	0	0	0	0	0	0	0	0	0	0	0	0	0	0	0	0	0	0	0	0	0	0	0
OTU_831	OTU_831	0	0	0	0	0	0	0	0	0	0	0	0	0	0	0	0	0	0	0	0	0	0	0	0	0	0	0	0	0	0	0	0	0	0	0	0	0	0	0	0	0	0	0	0	0	0	0	0	0	0	0	0	0	0	0	0	0	0	0	0	0	0	0	0	0	0	0	0	0	0	0	0	0	0	0	0	0	0	0	0	0	0	0	0	0	0	0	0	0	0	0	0	0	0	0	0	0	0	0	0	0	0	0	0	0	0	0	0	0	0	0	0	0	0	0	0	0	0	0	0	0	0	0	0	0	0	0	0	0	0	0	0	0	0	0	0	0	46	0	0	0	0	0	0	0	0	0	0	0	0	0	0	0	0	0	0	0	0	0	0	0	0	0	0	0	0	0	0	0	0	0	0
OTU_833	OTU_833	0	3	0	0	0	1	2	0	1	1	0	9	0	11	0	0	4	9	2	0	0	0	0	4	0	0	0	0	0	0	6	0	0	0	0	0	2	7	1	0	0	0	0	1	6	1	0	0	0	0	0	1	0	0	1	1	2	0	0	1	0	0	0	6	2	0	0	1	0	14	33	1	0	1	0	0	1	0	2	0	0	5	1	0	1	0	1	0	0	0	0	0	0	0	1	0	7	0	5	1	0	35	1	42	0	1	7	0	0	4	1	0	1	0	0	2	0	0	0	0	0	3	0	3	0	0	10	0	3	1	6	8	0	1	0	3	0	1	0	1	7	1	0	0	0	0	0	0	7	0	0	0	0	0	11	2	7	42	1	3	0	0	0	0	0	2	0	0	0	0	0	0
OTU_834	OTU_834	9	2	5	3	0	0	0	34	11	2	0	1	6	28	3	5	9	0	7	1	1	10	3	2	1	4	1	1	1	3	0	0	3	13	9	20	1	1	3	0	1	2	4	1	12	1	1	1	0	6	1	0	0	4	2	3	4	7	1	1	1	0	5	11	10	2	0	7	2	1	8	2	3	2	2	0	2	3	2	7	1	0	2	2	12	4	0	0	0	0	1	0	0	0	3	0	0	0	1	0	0	0	0	13	0	0	0	0	0	0	5	1	0	3	0	0	4	0	1	1	1	1	6	6	33	0	5	0	0	0	0	0	0	0	1	1	2	0	5	4	2	3	0	0	0	0	1	0	0	0	19	6	3	0	1	0	1	3	0	0	0	0	0	1	0	2	0	8	8	4	0	4
OTU_838	OTU_838	0	0	0	1	0	0	0	0	0	0	0	0	0	0	0	0	0	0	0	0	0	0	0	5	0	0	1	0	0	0	0	0	0	0	0	0	0	0	0	0	0	0	0	0	0	0	0	0	0	0	0	0	7	1	1	0	0	0	0	0	0	0	0	0	0	0	0	0	0	0	0	0	0	0	0	0	0	0	0	0	0	0	0	0	0	0	1	0	0	0	0	0	0	0	0	0	0	0	0	0	0	0	0	0	0	1	0	0	0	0	0	0	0	17	0	0	0	0	0	0	0	0	0	0	0	0	0	0	44	0	0	0	0	0	0	0	0	0	0	0	0	0	0	0	0	22	0	0	6	0	0	2	0	0	0	0	37	0	18	0	8	10	0	4	0	1	0	0	35	0	0	0
OTU_839	OTU_839	0	0	0	0	0	0	0	0	0	0	0	0	0	0	0	0	0	0	0	0	0	0	0	0	0	0	0	0	0	0	0	0	0	0	0	0	0	0	0	0	0	0	0	0	0	0	0	0	0	0	0	0	0	0	0	0	0	0	0	0	0	0	0	0	0	0	0	0	0	0	0	0	0	0	0	0	0	0	0	0	0	0	0	0	0	0	0	0	0	0	0	0	0	0	0	1	0	0	0	0	0	0	0	0	0	0	0	0	0	0	0	0	0	0	0	0	0	0	0	0	0	0	0	0	0	0	0	0	0	0	0	0	0	0	0	0	0	0	0	0	0	0	0	0	0	0	0	0	0	0	0	0	0	0	0	0	0	0	0	0	0	0	0	0	0	0	0	0	0	0	0	0
OTU_840	OTU_840	0	0	0	0	0	0	0	0	0	0	0	0	0	0	0	0	0	0	0	0	0	0	0	0	0	0	1	0	0	0	0	0	0	0	0	0	0	0	0	0	0	0	0	0	0	0	0	0	0	0	0	0	0	0	0	0	0	0	0	0	0	0	0	0	0	0	0	0	0	0	0	0	0	0	0	0	0	0	0	0	0	0	0	0	0	0	0	0	0	0	0	0	1	0	0	0	0	0	0	0	0	0	0	0	0	0	0	0	0	0	0	0	0	0	0	0	0	0	0	0	0	0	0	0	0	0	0	0	0	0	0	0	0	0	0	0	0	0	0	0	0	0	0	0	0	0	0	0	0	0	0	0	0	0	0	0	0	0	0	0	0	0	0	0	0	0	0	0	0	0	0	0
OTU_842	OTU_842	0	0	0	0	1	0	0	0	1	0	0	0	0	0	0	0	0	0	0	1	0	0	0	0	0	0	0	0	1	0	0	0	0	0	0	0	0	0	0	0	0	0	0	0	0	0	0	0	1	0	0	0	0	1	0	0	0	0	0	0	2	0	0	0	0	0	0	0	1	0	0	1	0	0	0	2	0	0	0	0	0	0	0	0	0	0	0	0	0	0	0	1	0	0	0	0	0	0	0	0	0	0	0	0	0	1	0	0	0	1	0	0	0	0	0	0	0	0	0	0	0	0	0	0	0	0	0	0	0	1	0	1	0	1	0	0	0	0	0	0	0	2	0	0	0	1	0	0	0	0	0	0	0	0	0	0	0	0	0	0	0	0	0	0	0	0	0	0	0	0	0	0
OTU_843	OTU_843	0	0	0	0	0	0	0	0	0	0	0	0	0	0	0	0	0	0	0	0	0	0	0	0	0	0	0	0	0	0	0	0	0	0	0	0	0	0	0	0	0	0	0	0	0	0	0	0	0	0	0	0	0	0	0	0	0	0	0	0	0	0	0	0	0	0	0	0	0	0	0	0	0	0	0	0	0	0	0	0	0	0	0	0	0	0	0	0	0	0	0	0	0	0	0	0	0	0	0	0	0	0	0	0	0	0	0	0	0	0	0	0	0	0	0	0	0	0	0	0	0	0	0	0	0	0	0	0	0	0	0	0	0	0	0	0	0	0	0	0	0	0	0	0	0	0	0	0	0	0	0	0	0	0	0	0	0	0	0	0	0	0	0	0	0	0	0	0	0	0	0	1
OTU_844	OTU_844	0	0	0	0	0	0	0	0	0	0	0	0	0	0	0	0	0	0	0	0	0	0	0	0	0	0	0	0	0	0	0	0	0	0	0	0	0	0	0	0	0	0	0	0	0	0	0	0	0	0	0	0	0	0	0	0	0	0	0	0	0	0	0	0	0	0	0	0	0	0	0	0	0	0	0	0	0	0	0	0	0	0	0	0	0	0	0	0	0	0	0	0	0	0	0	0	0	0	0	0	0	0	0	0	0	0	0	0	0	0	0	0	0	0	0	0	0	0	0	0	0	0	0	0	0	0	0	0	0	0	0	0	0	0	0	0	0	0	0	0	0	0	0	0	0	0	0	0	0	0	0	0	0	0	0	0	0	0	0	0	0	1	0	0	0	0	0	0	0	0	0	0
OTU_846	OTU_846	0	0	0	0	0	0	1	0	0	1	1	0	0	0	0	0	0	0	0	0	0	0	0	0	0	0	0	0	1	0	0	0	0	0	0	0	0	0	0	0	0	0	0	0	0	1	0	0	1	0	0	0	0	0	1	0	0	0	0	0	0	0	0	0	0	0	0	0	1	0	0	1	0	0	0	0	0	0	0	1	0	0	0	0	0	0	0	0	1	0	0	1	0	0	0	0	0	0	1	0	1	0	0	0	0	0	0	0	0	0	0	0	0	0	0	0	0	0	0	0	0	0	0	0	0	0	0	0	1	0	0	1	0	1	0	0	0	0	0	0	0	0	0	0	1	0	0	0	0	0	0	0	0	0	0	2	0	1	0	0	0	0	0	2	0	0	0	0	0	0	0	0
OTU_849	OTU_849	0	0	0	0	0	0	0	0	0	0	0	0	11	0	0	0	0	0	0	0	0	0	0	0	0	0	0	0	0	0	0	0	0	0	0	1	0	0	0	0	0	0	0	0	0	0	0	0	0	0	0	0	0	0	0	0	0	0	0	0	0	0	0	0	0	0	0	0	0	0	0	0	0	0	0	0	0	0	0	0	0	0	0	0	0	0	0	0	0	0	0	0	0	0	0	0	0	0	0	0	0	0	0	0	0	0	0	0	0	0	0	0	0	0	0	0	0	0	0	0	0	0	0	0	0	0	0	0	0	0	0	0	0	0	0	0	0	0	0	0	0	0	0	0	0	0	0	0	0	0	0	0	0	0	0	0	0	0	0	0	0	0	0	0	0	0	0	0	0	0	0	0
OTU_850	OTU_850	0	2	0	0	0	0	0	0	0	0	0	0	0	0	0	0	0	0	0	0	0	0	0	0	0	0	0	0	0	0	0	0	0	0	0	0	0	0	0	0	0	0	0	0	0	0	0	0	0	0	0	0	0	0	0	0	0	0	0	0	0	0	0	0	0	0	0	0	0	0	0	0	0	0	0	0	0	0	0	0	0	0	0	0	0	0	0	0	1	0	0	0	0	0	0	0	0	0	0	0	0	0	0	0	0	0	0	0	0	0	0	0	0	0	0	0	0	0	0	0	0	0	0	0	0	0	0	0	0	0	0	0	0	0	0	0	2	0	0	0	0	0	0	0	0	0	0	0	0	0	0	0	0	0	0	0	0	0	1	0	0	0	0	0	0	0	0	0	0	0	0	0
OTU_851	OTU_851	0	0	0	1	0	0	0	0	0	0	0	1	0	0	1	0	0	0	0	2	0	1	0	0	1	0	0	0	2	0	0	0	0	0	0	0	2	0	3	0	1	0	0	1	0	0	1	0	1	0	0	1	1	2	0	1	0	0	1	0	0	1	0	0	0	0	0	0	0	0	0	0	0	0	2	2	0	0	0	0	0	0	0	0	0	1	0	1	1	0	0	2	0	1	0	0	2	1	4	0	1	0	0	0	1	2	1	0	0	1	0	0	0	0	0	1	0	1	0	1	0	0	0	0	0	0	1	1	0	0	2	1	0	0	0	0	0	0	0	0	0	0	2	0	0	1	0	0	0	1	0	0	0	0	0	2	0	0	3	0	0	0	0	1	1	3	0	0	0	0	0	0
OTU_853	OTU_853	7	27	9	15	5	0	31	59	73	0	38	163	4	553	11	13	18	75	7	0	4	189	5	181	36	12	38	142	1	3	12	4	20	1	168	396	2	80	12	5	0	3	14	172	5	1	4	7	3	22	5	70	26	5	1	5	4	53	3	12	53	11	8	2	65	7	1	57	59	285	131	2	5	162	13	2	4	2	10	1	0	1	17	184	33	21	54	308	8	9	4	1	13	37	16	37	7	34	668	221	120	20	29	41	92	201	206	125	132	55	60	71	8	876	2	23	41	30	6	12	57	41	6	54	24	21	22	41	11	34	138	117	80	37	81	3	20	125	39	648	66	86	0	103	46	58	18	41	5	181	17	44	8	19	1197	23	73	31	17	238	191	14	19	351	10	45	51	108	332	8	131	5
OTU_855	OTU_855	0	0	0	0	0	0	0	0	0	0	0	0	0	0	0	0	0	0	0	0	0	0	0	0	0	0	0	0	0	0	0	0	0	0	0	0	0	2	0	0	0	0	0	0	0	0	0	0	0	0	0	0	0	0	0	0	0	0	0	0	0	0	0	0	0	0	0	0	0	0	0	0	0	0	0	0	0	0	0	0	0	0	0	0	0	0	0	0	0	0	0	0	0	0	0	0	0	0	0	0	0	0	0	0	0	0	0	0	0	0	0	0	0	0	0	0	0	0	0	0	0	0	0	0	0	0	0	0	0	0	0	0	0	0	0	0	0	0	0	0	0	0	0	0	0	0	0	0	0	0	0	0	0	0	0	0	0	0	0	0	0	0	0	0	0	0	0	0	0	0	0	0
OTU_856	OTU_856	0	1	0	0	0	0	0	1	1	0	0	1	0	4	0	0	0	1	2	0	2	0	0	5	0	0	0	0	0	0	0	0	0	0	10	1	0	0	0	3	0	0	2	0	33	4	6	0	2	0	0	1	1	2	0	0	0	0	0	0	0	0	0	0	0	0	0	0	0	0	0	0	0	0	0	0	0	0	0	0	2	0	0	2	0	0	1	0	0	0	0	0	0	0	5	3	0	0	0	0	0	0	0	0	0	0	0	0	0	0	4	0	4	0	0	0	0	0	0	0	0	0	0	0	7	0	0	0	24	0	0	1	0	0	0	1	0	0	1	0	0	0	0	0	0	0	0	0	0	0	0	0	0	1	0	4	1	0	4	0	0	0	0	0	0	10	0	25	0	0	0	0
OTU_858	OTU_858	0	0	0	0	0	0	0	0	0	0	0	0	0	4	0	0	0	0	0	0	0	0	0	0	0	0	0	0	0	0	0	0	0	0	0	0	0	0	0	0	0	0	0	0	28	0	0	0	0	0	0	0	0	0	0	0	0	0	0	0	0	0	0	0	0	0	0	0	0	0	0	0	0	0	0	0	0	0	0	0	0	0	0	0	0	0	0	0	0	0	0	0	0	0	0	0	0	0	0	0	0	1	0	0	0	0	0	0	0	0	0	0	0	0	0	0	0	0	0	0	0	0	0	0	1	0	1	0	0	0	0	0	0	0	0	0	0	0	0	0	0	0	0	0	0	0	0	0	0	0	0	0	0	0	0	0	0	0	0	0	0	0	0	0	0	0	0	1	0	0	0	0
OTU_859	OTU_859	0	0	0	0	0	1	0	0	0	0	0	0	0	0	0	0	0	0	0	0	0	0	0	0	0	0	0	0	0	0	0	0	0	0	0	0	0	0	0	0	0	0	0	0	0	1	0	0	0	0	0	0	0	0	0	0	0	1	0	0	0	0	0	0	0	0	0	0	0	0	0	0	0	0	0	0	0	0	0	0	0	0	0	0	0	0	0	0	0	0	0	0	0	0	0	0	0	0	0	0	0	0	0	0	0	0	0	0	0	0	0	0	0	0	0	0	0	0	0	0	0	1	0	0	0	0	0	0	0	0	0	0	0	0	0	0	0	0	0	0	0	0	0	0	0	0	0	0	0	0	0	0	0	0	0	0	0	0	0	0	0	0	0	0	0	0	0	0	0	0	0	0
OTU_860	OTU_860	3	2	6	0	2	8	1	5	1	1	0	0	0	2	0	1	0	2	0	4	6	0	1	1	1	8	0	3	8	3	0	1	2	7	2	2	3	5	17	0	0	6	3	0	3	5	1	8	0	2	2	0	0	0	1	6	4	2	0	0	2	0	8	0	0	0	2	7	0	3	1	12	1	0	2	0	36	9	0	8	7	3	8	2	3	18	2	1	0	1	3	2	0	0	2	2	1	2	2	3	1	1	0	1	0	2	0	1	4	0	0	1	0	0	0	0	1	1	2	0	0	15	2	0	6	1	4	0	1	0	1	0	0	1	0	0	4	0	3	2	0	0	0	0	0	1	0	0	0	0	0	0	0	1	0	3	0	27	0	1	0	5	0	0	1	23	0	1	5	4	0	0
OTU_864	OTU_864	0	0	0	0	0	0	0	0	0	0	0	1	0	0	0	0	0	0	0	0	0	0	0	0	0	0	0	0	0	0	0	0	0	0	0	0	0	0	0	0	0	0	0	0	0	0	0	0	0	0	0	0	0	1	0	0	0	0	0	0	0	0	0	0	0	0	0	0	0	0	0	0	0	0	0	0	0	0	0	0	0	0	0	0	0	0	0	0	0	0	0	0	0	0	0	0	0	0	0	0	0	0	0	0	0	0	0	0	0	0	0	0	0	0	0	0	0	0	0	0	0	0	0	0	0	0	0	0	1	0	0	0	0	0	0	0	0	0	0	0	0	0	0	0	0	1	0	0	0	0	0	0	0	0	0	0	0	0	0	0	0	0	0	0	0	3	0	0	0	0	0	0
OTU_865	OTU_865	0	0	2	0	0	0	2	0	1	0	0	0	0	0	3	0	0	1	1	0	0	0	0	2	0	0	0	0	0	0	0	0	0	0	0	0	0	0	0	0	0	0	0	0	0	0	0	0	0	0	0	0	13	4	0	0	0	0	0	0	0	0	0	0	0	0	0	0	0	0	0	0	0	6	0	0	0	0	0	0	0	0	0	0	0	0	0	0	0	0	0	0	0	0	0	0	0	0	0	0	0	0	0	0	0	0	4	0	0	0	0	0	0	0	0	0	0	0	0	0	0	0	0	0	0	0	0	0	0	0	0	0	0	0	0	0	0	0	0	0	0	0	0	1	0	0	0	0	0	0	0	0	0	0	2	0	0	0	0	0	1	0	0	0	0	1	0	0	0	0	0	0
OTU_866	OTU_866	360	43	16	670	108	7	371	106	27	6	235	157	2	137	692	165	474	159	118	239	948	29	37	255	4	173	218	173	51	158	519	10	11	12	126	56	24	173	12	9	12	745	469	8	102	153	431	153	331	42	38	7	111	23	7	4	3	16	68	47	4	16	159	1821	184	373	94	26	126	140	273	10	13	15	3	8	229	495	75	1	2739	9	499	51	246	97	134	3	5	2	7	1	1	20	105	4	3	3	94	18	75	47	11	46	8	5	4	120	252	25	270	17	1	11	3	1	36	298	0	19	17	14	128	123	470	6	418	3	23	0	29	0	17	12	58	103	37	0	325	74	119	16	347	31	13	0	1	4	110	0	25	20	158	28	10	39	125	68	20	4	22	12	17	9	8	42	2	126	2	13	10	201
OTU_867	OTU_867	0	0	0	0	0	0	0	0	0	0	0	0	0	0	0	0	0	0	0	0	0	0	0	0	1	0	0	0	0	0	0	0	0	0	0	0	0	0	0	0	0	0	0	0	0	0	0	0	0	0	0	0	0	0	0	0	0	0	0	0	0	0	0	0	0	0	0	0	0	0	0	0	0	0	0	0	0	0	0	0	0	0	0	0	0	0	0	0	0	0	0	0	0	0	0	0	0	0	0	0	0	0	0	0	0	0	0	0	0	0	0	0	0	0	0	0	0	0	0	0	0	0	0	0	0	0	0	0	0	0	0	0	0	0	0	0	0	0	0	0	0	0	0	0	0	0	0	0	0	0	0	0	0	0	0	0	0	0	0	0	0	0	0	0	0	0	0	0	0	0	0	0
OTU_868	OTU_868	0	0	0	0	0	0	2	0	0	0	0	0	0	0	0	0	0	0	0	0	0	0	0	0	0	0	0	0	0	0	0	0	0	0	1	0	0	0	0	0	0	0	0	0	0	0	0	0	0	0	0	0	0	0	0	0	0	0	0	0	0	0	0	0	0	0	0	0	0	0	0	0	0	0	0	0	0	0	0	0	0	0	0	0	0	0	0	0	0	0	0	0	1	0	0	0	0	0	0	0	0	0	0	0	0	0	0	0	0	0	0	0	0	0	0	0	0	0	0	0	0	0	0	0	0	0	0	0	85	0	0	0	0	0	0	0	0	0	0	0	0	0	0	0	0	0	0	0	5	0	0	0	0	0	0	0	33	0	7	0	0	0	0	0	0	0	0	0	0	0	0	0
OTU_869	OTU_869	0	0	0	0	0	0	0	0	0	0	0	0	0	0	0	0	0	0	0	0	0	0	0	0	0	0	0	0	0	0	0	0	0	0	0	0	0	1	0	0	0	0	0	0	0	0	0	1	0	0	0	0	0	0	0	0	0	0	0	0	0	0	0	0	0	0	0	0	0	0	0	0	0	0	0	0	0	0	0	0	0	0	0	0	0	0	0	0	0	0	0	0	0	0	0	0	0	0	0	0	0	0	0	0	0	0	0	0	0	0	0	0	0	0	0	0	0	0	0	0	0	0	0	0	0	0	0	0	0	0	0	0	0	0	0	0	0	0	0	0	0	0	0	0	0	0	0	0	0	0	0	0	0	0	0	0	0	0	0	0	0	2	0	0	0	0	0	0	0	0	0	0
OTU_873	OTU_873	0	0	0	0	0	0	0	0	0	0	0	0	0	0	0	0	0	0	0	0	0	0	0	0	0	0	0	0	0	0	1	0	0	0	0	0	0	0	0	0	0	0	0	0	0	0	0	0	0	0	0	0	0	0	0	0	0	0	0	0	0	0	0	0	0	0	0	0	0	0	0	0	0	0	0	0	0	0	0	0	0	0	0	0	0	0	0	0	0	0	0	0	0	0	0	10	0	0	0	0	0	0	0	0	0	0	0	0	0	0	0	0	0	0	0	0	0	0	0	0	0	0	0	0	0	0	0	0	1	0	0	0	0	0	0	0	0	0	0	0	0	0	0	0	0	0	0	1	0	0	0	0	0	0	0	0	0	0	0	0	0	0	0	0	0	0	0	0	0	0	0	0
OTU_874	OTU_874	0	0	0	0	0	0	0	0	0	0	0	0	0	0	0	0	0	0	0	0	0	0	0	0	0	0	0	0	0	0	0	0	0	0	0	0	0	1	0	0	0	0	0	0	0	0	0	0	0	0	0	1	0	0	0	8	0	1	0	1	0	0	0	0	0	2	0	0	0	0	0	0	0	0	0	0	0	0	0	0	0	0	0	0	0	0	0	0	0	0	0	4	0	0	0	0	0	2	0	0	0	0	0	0	0	0	0	0	57	0	0	0	0	0	0	0	0	0	0	0	0	0	0	0	0	0	0	0	0	0	0	0	0	0	0	0	0	0	0	0	0	0	0	0	0	0	0	0	0	0	0	0	0	0	0	0	0	0	0	0	0	0	0	0	0	0	0	0	0	1	0	0
OTU_876	OTU_876	4	1	0	0	0	0	0	0	0	1	0	0	0	1	0	2	2	0	1	0	0	0	1	0	0	47	0	1	1	0	1	0	0	0	0	0	0	1	1	0	0	1	1	2	0	6	0	13	0	0	0	0	0	0	0	0	1	0	0	0	0	0	0	0	0	0	2	1	0	0	0	0	0	0	0	1	0	0	0	0	0	1	0	0	5	0	0	0	0	0	1	2	1	0	0	0	0	0	1	3	1	0	0	0	0	0	1	0	1	0	0	0	4	0	0	0	0	4	0	0	0	0	0	0	0	0	0	0	1	0	1	0	0	0	1	0	0	0	0	1	0	0	0	0	0	0	0	0	1	0	0	0	18	1	1	0	7	0	0	0	1	0	0	0	0	1	0	3	0	0	0	2
OTU_877	OTU_877	0	0	0	0	0	0	0	0	0	0	0	0	0	0	0	0	0	0	0	0	0	0	0	0	0	0	0	0	0	0	0	0	0	0	0	0	0	0	0	0	0	0	0	0	0	0	0	0	0	0	0	0	0	0	0	0	0	0	0	0	0	0	0	0	0	0	0	0	0	0	0	0	0	0	0	0	0	0	0	0	0	0	0	0	0	0	1	0	0	0	0	0	0	0	0	0	0	0	2	0	0	0	0	0	0	0	0	0	0	0	0	0	0	0	0	0	0	0	0	0	0	0	0	0	0	0	0	0	0	0	0	0	0	0	0	0	0	0	0	0	0	1	0	0	0	0	0	0	0	0	0	0	0	0	0	0	0	0	0	0	0	0	0	0	0	0	0	0	0	13	0	0
OTU_878	OTU_878	22	0	8	4	0	74	0	0	11	0	0	5	2	3	0	18	0	1	0	0	8	0	0	0	1	2	0	0	3	0	6	22	1	5	3	40	7	0	25	6	0	13	6	6	1	1	1	100	5	0	2	0	0	5	1	0	0	0	2	29	0	4	0	20	6	3	2	7	0	2	1	0	0	0	1	0	8	0	0	0	1	4	0	0	3	4	3	0	6	0	5	0	2	0	10	3	2	0	2	1	0	4	1	5	0	1	0	10	0	2	8	0	0	1	2	0	1	4	0	0	0	18	3	0	7	1	1	0	377	4	0	1	1	6	13	6	1	0	4	1	1	7	0	0	1	0	3	4	227	0	0	2	5	0	2	0	77	2	106	0	0	0	0	3	0	0	0	3	4	20	4	4
OTU_879	OTU_879	0	0	0	0	0	0	0	0	0	0	0	0	0	0	0	0	0	0	0	0	0	0	0	0	0	0	0	0	0	0	22	0	0	0	0	0	0	0	0	0	0	0	0	0	0	0	0	0	0	0	0	0	0	0	0	0	0	0	0	0	0	0	0	0	0	0	0	0	0	0	0	0	0	20	0	0	0	0	0	0	0	0	0	0	0	0	0	0	0	0	0	0	1	0	0	0	0	0	0	0	0	0	0	0	0	0	0	0	0	0	0	0	0	0	0	0	0	0	0	0	0	0	0	0	0	0	0	0	0	0	0	0	0	0	0	0	0	0	0	0	0	0	0	0	0	0	0	0	0	0	0	0	0	0	0	0	0	0	0	0	0	0	0	0	0	0	0	0	0	0	0	0
OTU_880	OTU_880	0	0	0	0	0	0	0	0	2	0	0	1	0	1	0	0	0	4	1	0	0	0	0	4	0	0	0	0	0	0	0	0	0	0	9	0	0	2	0	1	0	0	0	0	9	0	0	0	0	0	0	0	2	1	0	0	0	0	0	0	0	0	0	0	0	0	1	0	0	0	0	0	0	0	0	0	0	0	0	0	0	0	0	0	0	0	5	0	0	0	0	0	0	0	1	0	0	0	0	0	0	4	4	0	0	0	1	0	0	1	0	0	0	0	0	2	0	3	0	1	0	0	0	0	5	0	0	0	4	0	0	0	0	1	0	0	0	1	0	10	0	0	0	1	0	0	0	0	1	0	0	0	0	0	2	0	9	0	0	0	0	0	1	0	0	4	0	0	0	0	0	0
OTU_881	OTU_881	0	0	0	1	0	0	0	0	0	1	0	2	0	0	0	0	0	0	0	0	0	1	0	0	0	0	0	0	1	0	1	0	0	0	0	0	2	0	0	0	4	0	0	0	0	1	0	0	0	0	0	1	0	3	0	0	0	0	0	2	1	0	0	0	0	0	0	0	0	0	0	0	1	0	0	0	0	2	0	2	0	0	0	0	0	0	0	4	0	0	0	2	0	0	0	0	0	0	2	0	0	0	0	0	1	0	0	0	0	2	0	0	1	0	0	0	0	0	2	0	1	0	0	0	0	0	1	0	0	1	0	2	0	1	0	0	0	0	0	0	0	0	1	0	0	0	0	0	0	0	0	0	0	1	0	0	0	0	1	0	0	0	0	0	0	0	0	0	0	0	0	0
OTU_882	OTU_882	0	0	0	0	0	0	7	0	0	0	0	0	0	0	0	0	0	1	0	0	0	0	0	0	0	0	0	0	0	0	24	0	0	0	0	0	0	0	0	0	0	0	0	0	0	0	0	0	0	0	0	0	0	0	0	1	0	0	0	0	0	0	0	0	0	0	0	0	0	0	0	0	0	0	0	0	0	0	0	0	0	0	0	0	0	0	0	0	0	0	0	0	0	0	0	0	0	0	0	0	0	0	0	0	0	0	0	0	0	0	0	0	0	0	0	0	0	0	0	1	0	0	0	0	0	0	0	0	0	0	0	0	0	0	0	0	0	0	0	0	0	0	0	0	0	0	0	0	0	0	0	0	4	0	2	0	1	0	0	0	0	0	0	0	0	0	0	0	0	0	0	0
OTU_883	OTU_883	0	0	0	0	0	0	0	0	0	0	0	0	0	0	0	0	0	0	0	0	0	0	0	0	0	0	0	0	0	0	0	0	0	0	0	0	0	0	0	0	0	0	0	0	1	0	0	0	0	0	0	0	0	0	0	0	0	0	0	0	0	0	0	0	0	0	0	0	0	0	0	0	0	0	0	0	0	0	0	0	0	0	0	0	0	0	0	0	0	0	0	0	0	0	0	0	0	0	0	0	0	0	0	0	0	0	0	0	0	0	0	0	0	0	0	0	0	0	0	0	0	0	0	0	0	0	0	0	0	0	0	0	0	0	0	0	0	0	0	0	0	0	0	0	0	0	0	0	0	0	0	0	0	0	0	0	0	0	0	0	0	0	0	0	0	0	0	0	0	0	0	0
OTU_885	OTU_885	0	0	0	0	0	0	0	0	0	0	0	0	0	0	0	0	0	0	0	0	0	0	0	0	0	0	0	0	0	0	0	0	0	0	0	0	0	0	0	0	0	0	0	0	0	0	0	0	0	0	0	0	0	0	0	0	0	0	0	0	0	0	0	0	0	0	0	0	0	0	0	0	0	0	0	0	0	0	0	0	0	0	0	0	0	0	0	0	0	0	0	0	0	0	0	0	0	0	8	0	0	350	0	0	0	0	145	0	0	0	0	0	1	0	0	0	0	0	0	0	0	0	0	0	0	0	0	0	0	1	0	0	0	0	18	0	0	0	0	0	0	0	0	0	0	0	0	0	0	0	0	0	0	0	0	0	0	0	0	0	0	0	0	0	0	0	0	0	0	0	0	0
OTU_886	OTU_886	0	0	0	0	0	0	0	1	0	0	0	0	0	0	0	0	0	0	0	0	0	0	0	0	0	0	0	0	0	0	103	0	0	0	0	0	0	0	0	0	0	0	0	0	0	0	0	0	0	0	0	0	0	0	0	0	0	0	0	0	0	0	0	0	0	0	0	0	0	0	0	0	0	0	0	0	0	0	0	0	0	0	0	0	0	0	0	0	0	0	0	0	0	0	0	0	0	0	0	0	0	0	0	0	0	0	0	0	0	0	0	0	0	0	0	0	0	0	0	0	0	0	0	0	0	0	0	0	0	0	0	3	0	0	0	0	0	0	0	0	0	0	0	0	0	0	0	0	0	0	0	0	0	0	0	0	0	0	0	0	0	0	0	0	0	0	0	0	0	0	0	0
OTU_887	OTU_887	0	0	0	0	1	1	0	0	0	0	0	0	0	0	0	0	1	0	0	0	0	0	0	0	2	0	0	0	0	0	0	0	0	0	0	0	0	0	0	0	1	1	0	0	0	0	0	0	2	0	0	0	0	1	0	0	0	0	0	0	0	0	1	0	0	0	0	1	0	0	0	0	2	0	0	0	0	0	0	0	0	0	0	0	0	0	0	0	0	0	0	0	0	1	0	0	0	0	2	0	0	0	0	0	2	1	0	0	0	0	3	2	0	0	15	0	2	0	0	0	0	0	0	0	0	0	0	0	0	0	0	0	0	0	2	0	0	0	0	0	0	9	0	0	0	0	0	0	0	2	0	0	0	0	0	1	0	0	0	1	0	0	0	0	0	0	0	0	0	0	0	0
OTU_888	OTU_888	0	0	0	0	0	0	0	1	0	0	0	0	0	0	3	0	0	0	0	0	0	0	0	0	0	0	0	0	0	0	43	0	0	0	0	0	0	0	0	0	0	0	0	0	0	0	0	0	0	0	0	0	0	0	0	0	0	0	0	0	0	0	0	0	0	0	0	0	0	0	0	0	0	0	0	0	0	0	0	0	0	0	0	0	10	0	0	0	0	0	0	0	0	0	0	0	0	0	0	0	0	2	0	0	0	0	0	0	0	0	0	0	0	0	0	11	0	0	0	7	0	0	0	0	0	0	0	0	0	0	0	0	0	0	0	0	0	0	0	0	5	0	0	0	0	0	0	0	0	0	0	0	0	0	0	0	9	0	0	0	0	0	0	0	0	0	0	2	0	0	0	0
OTU_891	OTU_891	0	0	0	0	0	0	0	0	0	0	0	0	0	0	0	0	0	0	0	0	0	0	0	0	0	0	0	0	0	0	0	0	0	0	0	0	0	0	0	0	0	0	0	0	0	0	0	0	0	0	0	0	0	0	0	0	0	0	0	0	0	0	0	0	0	0	0	0	0	0	0	0	0	0	0	0	0	0	0	0	0	0	0	0	0	0	0	0	0	0	0	0	0	0	0	0	0	0	0	0	0	0	0	0	0	0	0	0	0	31	0	0	0	0	0	0	0	0	0	1	0	0	0	0	0	1	0	0	0	0	0	0	0	0	0	0	0	0	0	0	0	0	0	0	0	0	0	0	0	0	0	0	0	0	0	0	0	0	0	0	0	0	0	0	0	0	0	0	0	0	0	0
OTU_892	OTU_892	0	0	0	0	0	0	0	0	0	0	0	0	0	0	0	0	0	0	0	0	0	0	0	0	0	0	0	0	0	0	2	0	0	0	1	0	0	0	0	0	0	0	0	0	0	0	0	0	0	1	0	0	0	0	0	0	0	0	0	0	0	0	0	0	0	0	0	0	0	0	0	0	0	0	0	0	0	0	0	0	0	0	0	0	0	0	0	0	0	0	0	0	0	0	0	0	0	0	0	1	0	0	0	0	0	0	0	0	0	0	0	0	0	0	0	0	0	0	0	0	0	0	0	0	0	0	0	0	1	0	0	0	0	0	0	0	0	0	0	0	0	0	0	0	0	0	0	0	0	0	0	0	0	0	0	0	4	2	0	0	0	0	0	0	0	0	0	1	0	0	0	0
OTU_893	OTU_893	1	1	13	7	8	136	2	0	5	14	1	29	0	30	2	0	9	3	23	0	5	0	17	1	0	22	7	3	21	1	3	0	0	12	9	3	0	5	1	3	1	14	18	2	14	7	0	5	0	29	1	0	5	1	3	1	9	0	42	7	2	0	2	3	0	1	3	72	0	14	2	0	0	0	0	0	2	10	0	0	0	9	0	0	9	3	2	2	9	0	0	0	0	1	12	1	9	0	0	4	1	7	11	2	1	1	0	0	3	0	0	0	9	2	0	1	2	2	0	2	0	14	0	3	33	4	3	0	9	12	0	1	2	2	0	10	26	0	6	2	5	0	0	0	0	2	0	2	2	1	17	0	23	7	5	26	4	0	8	3	3	4	1	10	0	2	0	1	8	7	0	1
OTU_894	OTU_894	0	0	0	0	0	0	0	0	0	0	0	0	0	0	0	0	0	0	0	0	0	0	0	0	0	0	0	0	0	0	0	0	0	0	0	0	0	0	0	0	0	0	0	0	0	0	0	0	0	0	0	0	0	0	0	0	0	0	0	0	0	0	0	0	0	0	0	0	0	0	0	0	0	0	0	0	0	0	0	0	0	0	0	0	0	0	0	0	0	0	0	0	0	0	0	0	0	0	0	0	0	0	0	0	0	0	0	0	0	0	0	0	0	0	0	0	0	0	0	0	0	0	0	0	0	0	0	0	0	0	0	0	0	0	0	0	0	1	0	0	0	0	0	0	0	0	0	0	0	0	0	0	0	0	0	0	0	0	0	0	0	0	0	0	0	0	0	0	0	0	0	0
OTU_895	OTU_895	0	0	0	0	0	0	0	0	0	0	0	0	0	0	0	0	0	0	0	0	0	0	0	0	0	0	0	0	0	0	0	0	0	0	0	0	0	0	0	0	0	0	0	0	0	0	0	0	0	0	0	0	0	0	0	0	0	0	0	0	0	0	0	0	0	0	0	0	0	0	0	0	0	0	0	0	0	0	0	0	0	0	0	0	0	0	0	0	0	0	0	0	0	0	0	0	0	0	0	0	0	0	0	0	0	0	0	0	0	4	0	0	0	0	0	0	0	0	0	0	0	0	0	0	0	1	0	0	0	1	0	0	0	0	0	0	0	0	0	0	0	0	0	0	0	0	0	0	0	0	0	0	0	0	0	0	0	0	0	0	0	0	0	0	0	0	0	0	0	0	0	0
OTU_897	OTU_897	3	5	3	2	0	0	2	0	3	4	0	2	0	1	0	0	37	0	5	0	4	121	0	1	0	0	0	0	0	0	2	0	93	32	2	3	23	0	4	0	0	21	0	3	2	1	0	1	0	5	25	5	0	4	2	1	3	0	0	0	0	0	2	2	0	1	0	0	0	24	11	6	2944	0	0	5	0	0	277	0	0	0	0	0	0	18	1	0	0	0	30	0	0	0	1	3	3	0	18	0	8	2	1	2	0	0	9	2	0	0	1	0	1	0	0	2	28	1	0	0	0	4	11	17	515	0	6	0	10	0	1	1	33	1	3	0	0	6	11	183	0	2	7	0	0	0	7	12	1	0	3	1	0	30	0	0	21	0	5	0	0	0	0	4	0	2	0	1	7	0	0	1
OTU_898	OTU_898	0	0	0	0	0	0	0	0	0	1	0	0	0	0	0	0	0	0	0	0	3	0	0	0	0	0	0	0	0	0	0	1	0	0	0	0	0	0	0	0	0	0	0	0	0	0	0	1	0	0	0	0	0	0	0	0	1	0	0	0	0	0	0	0	0	1	1	0	0	0	0	1	0	0	0	2	0	0	0	0	0	0	0	0	0	0	0	0	2	0	0	1	0	0	0	0	0	1	2	0	0	0	0	1	0	0	1	0	0	0	0	0	0	0	1	0	0	0	0	4	0	0	0	0	0	0	0	0	0	0	0	0	1	0	0	0	0	1	0	0	0	0	0	1	0	2	0	0	0	0	0	0	0	0	0	0	0	1	0	0	0	1	0	0	0	0	0	0	0	0	0	0
OTU_899	OTU_899	0	0	0	0	0	0	0	0	0	0	0	0	0	0	0	0	0	0	0	0	0	0	0	0	0	0	0	0	0	0	0	0	0	0	0	0	0	0	0	0	1	0	0	0	0	0	0	0	0	0	0	0	0	0	0	0	0	0	0	0	0	0	0	0	0	0	0	0	0	0	0	0	0	0	0	0	0	0	0	0	0	0	0	0	0	0	0	0	0	0	0	0	0	0	0	0	0	0	0	0	0	0	0	0	0	0	0	0	0	0	0	0	0	0	0	0	0	0	0	0	0	0	0	0	0	0	0	0	0	0	0	0	0	0	0	0	0	0	0	0	0	0	0	0	0	0	0	0	0	0	0	0	0	0	0	0	0	0	0	0	0	0	0	0	0	0	0	0	0	0	0	0
OTU_900	OTU_900	0	0	0	0	0	0	0	0	0	0	0	0	0	0	0	0	0	0	0	0	0	0	0	0	0	0	0	0	0	1	0	0	2	1	0	0	0	0	0	0	0	0	0	0	0	0	0	0	0	0	0	0	0	0	0	0	1	0	0	0	0	0	0	0	0	0	0	0	0	0	0	1	0	0	0	0	0	0	0	0	0	0	0	0	0	0	0	0	0	0	0	0	0	0	0	0	0	0	0	0	0	0	0	0	0	0	0	0	0	0	0	0	0	1	0	0	0	0	0	0	0	0	0	0	0	0	0	0	0	0	0	0	1	0	0	0	0	0	1	0	0	1	0	0	0	0	0	0	0	0	0	0	0	0	0	0	0	0	0	1	0	0	0	0	0	0	0	0	0	0	0	3
OTU_902	OTU_902	0	0	0	0	0	0	0	0	0	0	0	0	0	0	0	0	0	0	0	0	0	0	0	0	0	0	0	0	0	0	4	0	0	0	0	0	0	0	0	0	0	0	0	0	0	0	0	0	0	0	0	0	0	0	0	0	0	0	0	0	0	0	0	0	0	0	0	0	0	0	0	0	0	0	0	0	0	0	0	0	0	0	0	0	0	0	0	0	0	0	0	0	0	0	0	0	0	0	0	0	0	3	0	0	0	0	0	0	0	0	0	0	0	0	0	4	0	0	0	0	0	0	0	0	0	0	0	0	0	0	0	0	0	0	0	0	0	0	0	0	0	0	0	0	1	0	0	0	0	0	0	0	0	0	0	0	0	0	0	0	0	0	0	0	0	0	0	0	0	0	1	0
OTU_903	OTU_903	0	0	0	0	0	0	0	0	0	0	0	0	0	0	0	0	0	0	0	0	0	0	1	0	0	0	0	2	0	0	0	0	0	0	0	0	0	0	0	0	0	0	2	0	1	0	0	0	0	0	0	1	1	0	0	0	0	0	0	0	0	0	0	0	0	0	0	0	0	0	0	0	0	0	0	0	0	0	0	0	0	0	0	0	0	0	0	0	0	0	0	0	0	0	0	0	0	0	0	0	0	0	0	0	0	0	0	0	0	0	0	0	0	0	0	0	0	0	0	0	0	0	0	0	0	0	0	0	0	0	0	0	0	0	0	0	0	0	0	0	0	0	0	0	0	0	0	0	0	0	0	0	0	0	0	0	0	0	0	0	0	0	0	0	0	0	0	0	0	0	0	0
OTU_904	OTU_904	2	109	6	6	1	0	103	1	136	0	0	94	2	85	2	2	134	802	4	0	1	1	0	7	0	0	403	0	0	0	147	0	3	3	273	4	5	160	1	4	2	0	155	13	111	46	42	0	19	0	4	24	342	71	1	5	0	1	23	2	1	0	12	34	1	5	1	3	0	42	15	3	3	8	0	0	0	18	1	1	5	1	1	3	113	0	213	15	22	1	2	0	2	6	1	2	0	3	13	7	7	139	30	11	1	1	49	5	33	4	14	0	1	5	0	53	17	108	0	0	1	6	0	41	56	2	6	0	133	0	27	1	13	9	8	8	3	0	2	10	22	3	0	4	5	124	0	1	8	12	4	5	395	1	100	0	436	33	79	0	7	98	8	1	4	6	0	56	150	2	0	4
OTU_905	OTU_905	0	0	0	0	0	0	0	0	0	0	0	0	0	0	0	0	0	0	0	0	0	0	0	0	0	0	0	0	0	0	0	0	0	0	0	0	0	0	0	0	0	0	0	0	0	0	0	0	0	0	0	0	0	0	0	0	0	0	0	0	0	0	0	0	0	0	0	0	0	0	0	0	0	0	0	0	0	0	0	0	0	0	0	0	0	0	0	0	0	0	0	0	0	1	0	0	0	0	0	0	0	0	0	0	0	0	0	0	0	0	0	0	0	0	0	0	0	0	0	0	0	0	0	0	0	0	0	0	0	0	0	0	0	0	0	0	0	0	0	0	0	0	0	0	0	0	0	0	0	0	0	0	0	0	0	0	0	0	0	0	0	0	0	0	0	0	0	0	0	0	0	0
OTU_906	OTU_906	0	1	0	0	0	0	690	0	3	0	0	0	0	0	0	1	1	12	0	0	0	0	0	1	0	0	0	0	1	0	19	1	1	1	2	2	1	3	10	0	0	0	0	1	0	0	0	0	0	3	0	0	3	0	0	53	0	0	1	0	0	0	0	1	1	2	0	1	0	1	0	0	0	3	0	0	0	1	1	0	0	0	5	1	11	0	0	0	0	0	2	0	0	0	0	0	0	0	1	0	1	3	9	0	0	0	19	3	7	24	1	0	0	1	0	5	0	4	0	2	0	2	0	0	4	9	0	0	1	1	3	2	4	6	2	19	0	0	0	9	1	1	0	2	0	0	0	1	87	3	1	1	0	0	0	0	72	0	1	3	0	0	0	3	0	65	0	7	0	0	3	0
OTU_907	OTU_907	0	0	0	0	0	0	0	0	0	0	0	0	0	0	0	0	0	0	0	0	0	0	0	0	0	0	0	0	0	0	0	0	0	0	0	0	0	0	0	0	0	0	0	0	0	0	0	0	0	0	0	0	0	0	0	0	0	0	0	0	0	0	0	0	0	0	0	0	0	0	0	0	0	0	0	0	0	0	0	0	0	0	0	0	0	0	0	0	0	0	0	0	0	0	0	0	0	0	0	0	0	0	0	0	0	0	0	0	0	0	0	0	0	0	0	0	0	0	1	0	0	0	0	0	0	0	0	0	0	0	0	0	0	0	0	0	0	0	0	0	0	0	0	0	0	0	0	0	0	0	0	0	0	0	0	0	0	0	0	0	0	0	0	0	0	0	0	0	0	0	0	0
OTU_909	OTU_909	0	0	0	0	0	0	0	0	0	0	0	0	0	0	0	0	0	0	0	0	0	0	0	0	0	0	0	0	0	0	0	0	0	0	0	0	0	0	0	0	0	0	0	0	0	0	0	0	0	0	0	0	0	0	0	0	0	0	0	0	0	0	0	0	0	0	0	0	0	0	0	0	0	0	0	0	0	0	0	0	0	0	0	0	0	0	0	0	0	0	0	0	0	0	0	0	0	0	0	0	0	0	0	0	0	0	0	0	0	0	0	0	0	0	0	0	0	0	0	0	0	0	0	0	0	0	0	0	0	0	0	0	0	0	0	0	0	0	0	0	0	1	0	0	0	0	0	0	0	0	0	0	0	0	0	0	0	0	0	0	0	0	0	0	0	0	0	0	0	0	0	0
OTU_910	OTU_910	0	0	0	0	0	0	0	0	0	0	0	0	0	0	0	0	0	0	0	0	0	0	0	0	0	0	0	0	0	0	0	0	0	0	0	0	0	0	0	0	0	0	0	0	0	0	0	0	0	0	0	0	0	0	0	0	0	0	0	0	0	0	0	0	0	0	0	0	0	0	0	0	0	0	0	0	0	0	0	0	0	0	0	0	0	0	0	0	0	0	0	0	1	0	0	0	0	0	0	0	0	0	0	0	0	0	0	0	0	0	0	0	0	0	0	58	0	0	0	0	0	0	0	0	0	0	0	0	0	0	0	0	0	0	0	0	0	0	0	0	0	0	0	0	6	0	0	0	0	0	0	0	0	0	5	0	3	0	0	0	0	0	0	0	0	0	0	0	0	0	0	0
OTU_911	OTU_911	0	0	0	0	0	0	0	0	0	0	0	0	0	0	0	0	0	2	7	0	0	0	0	0	0	0	0	0	0	0	1	0	0	0	0	0	0	0	0	0	0	0	0	0	0	0	0	0	0	0	0	0	0	0	0	0	0	0	0	0	0	0	0	0	0	0	0	0	0	0	0	0	0	0	0	0	0	0	0	0	0	0	0	0	3	0	0	0	0	0	0	0	0	0	0	0	0	0	0	0	0	7	0	0	0	0	0	0	0	0	0	0	0	0	0	0	0	0	0	0	0	0	0	0	0	0	0	0	0	0	0	0	0	0	0	0	0	0	0	0	17	0	0	0	0	0	0	0	0	0	0	0	0	0	0	0	0	0	0	0	0	0	0	0	0	0	0	6	0	0	0	0
OTU_914	OTU_914	0	0	0	0	0	0	0	0	0	0	0	0	0	0	0	0	0	0	0	0	0	0	0	0	0	0	0	0	0	0	0	0	0	0	0	0	0	0	0	0	0	0	0	0	0	0	0	0	0	1	0	0	0	0	0	0	0	0	0	0	0	0	0	0	0	0	0	0	0	0	0	0	0	0	0	0	0	0	0	0	0	0	0	0	0	0	0	0	0	0	0	0	0	0	0	0	0	0	5	0	0	0	0	0	0	0	66	0	0	0	0	0	0	0	0	0	0	0	0	0	0	0	0	0	0	0	0	0	0	0	0	0	0	0	7	0	0	0	0	0	0	0	0	0	0	0	0	0	0	0	0	0	0	0	0	0	0	0	0	0	0	0	0	0	0	2	0	0	0	0	0	0
OTU_915	OTU_915	0	0	0	0	0	0	0	0	0	0	0	0	0	0	0	0	0	0	0	0	0	0	0	0	0	0	0	0	0	0	0	0	0	0	0	0	0	0	0	0	0	0	0	0	0	0	0	0	0	0	0	0	0	0	0	0	0	0	0	0	0	0	0	0	0	0	0	0	0	0	0	0	0	0	0	0	0	0	0	0	0	0	0	0	0	0	0	0	0	0	0	0	0	0	0	0	0	0	0	0	0	0	0	0	0	0	0	0	0	0	0	0	0	0	0	0	0	0	0	0	0	0	0	0	0	0	0	0	0	0	0	0	0	0	0	0	0	0	0	0	0	0	0	0	0	0	0	0	1	0	0	0	0	0	0	0	0	0	0	0	0	0	0	0	0	0	0	0	0	0	0	0
OTU_917	OTU_917	0	0	0	1	0	3	9	1	3	0	0	4	0	25	0	5	0	0	1	0	0	0	0	0	0	1	0	0	0	0	0	0	0	0	1	100	0	0	1	6	0	0	4	0	0	0	0	0	0	1	0	0	0	0	0	0	7	0	2	1	0	0	0	0	0	0	0	2	0	1	0	0	0	0	1	0	1	0	0	0	0	0	0	0	0	1	3	0	0	0	0	0	0	0	9	0	1	0	0	0	30	0	0	0	0	0	0	8	0	0	0	0	1	0	0	0	0	5	3	0	0	0	0	0	1	0	1	2	0	0	0	0	0	0	0	0	1	0	1	0	0	1	0	0	11	0	0	0	0	1	0	0	0	0	1	2	0	0	0	0	2	1	0	1	0	18	1	0	0	0	0	0
OTU_920	OTU_920	1	0	0	0	0	0	0	0	0	0	0	0	0	0	0	0	0	0	3	0	0	0	0	0	0	0	0	0	0	0	0	0	0	0	0	0	0	0	0	0	0	0	0	0	0	0	0	0	0	0	0	0	0	0	0	0	0	0	0	0	0	0	0	0	0	0	0	0	0	0	0	0	0	0	0	0	0	0	0	0	0	0	0	0	0	0	0	0	0	0	0	0	0	0	0	0	0	0	0	0	0	0	0	0	0	0	0	0	0	0	0	0	0	0	0	0	2	0	0	0	0	0	0	0	0	0	0	0	0	0	0	0	0	0	0	0	0	0	0	0	0	0	0	0	0	0	0	0	0	0	0	0	0	0	0	0	0	0	0	0	0	0	0	0	0	0	0	0	0	0	0	0
OTU_921	OTU_921	0	0	0	0	0	10	0	0	0	0	0	0	0	0	0	0	0	0	0	0	0	0	0	0	0	0	0	0	1	0	0	0	0	0	0	0	0	0	0	0	0	0	0	0	0	0	0	0	0	0	0	0	0	0	0	0	0	0	0	0	0	0	0	0	0	0	0	0	0	0	0	0	0	0	0	0	0	0	0	0	0	0	0	0	0	0	0	0	0	0	0	0	0	0	0	0	0	0	0	0	0	0	0	0	0	0	0	0	0	0	0	0	0	0	0	0	0	1	0	0	0	0	0	0	0	0	0	0	0	0	0	0	0	0	0	0	0	0	0	0	0	0	0	0	0	0	0	0	0	0	0	0	0	0	0	0	0	0	1	0	0	0	0	0	0	0	0	1	0	0	0	0
OTU_922	OTU_922	0	0	0	0	0	0	0	0	0	0	0	0	0	0	0	0	0	0	0	0	0	0	0	0	0	0	0	0	0	0	0	0	0	0	0	0	0	0	0	0	0	0	0	0	0	0	0	0	0	0	0	0	0	0	0	0	0	0	0	0	0	0	0	0	0	0	0	0	0	0	0	0	0	0	0	0	0	0	0	0	0	0	0	0	0	0	0	0	0	0	0	0	0	0	0	0	0	0	0	0	0	1	0	0	0	0	0	0	0	0	0	0	4	0	0	312	0	0	0	0	0	0	0	0	0	0	0	0	0	0	0	0	0	0	0	0	0	0	0	0	0	0	0	0	10	0	0	0	0	0	0	0	0	0	0	0	0	0	0	0	0	0	0	0	0	0	0	0	0	0	0	0
OTU_923	OTU_923	0	0	0	0	0	0	0	0	0	0	0	0	0	0	0	0	0	0	0	0	0	0	0	0	0	0	0	0	0	0	0	1	0	0	0	0	0	0	0	0	0	0	0	0	0	0	0	0	0	0	0	0	0	0	0	0	0	0	0	0	1	0	0	0	0	0	0	0	0	0	0	0	0	0	0	0	0	0	0	0	0	0	0	0	0	0	0	0	0	2	1	0	0	0	0	0	0	0	0	0	0	0	0	0	0	0	0	0	0	0	0	0	0	0	0	0	0	0	0	0	0	0	0	0	0	0	0	0	8	0	0	0	1	0	0	0	0	0	0	0	0	0	0	0	0	0	0	0	0	0	0	0	0	0	0	0	0	0	2	0	0	0	0	0	0	0	0	0	0	0	1	0
OTU_924	OTU_924	0	0	0	0	0	0	5	0	2	0	0	1	0	0	0	0	0	2	0	0	0	0	0	0	0	0	0	0	0	0	3	0	0	0	0	0	0	0	0	0	0	0	0	0	0	0	0	0	0	0	0	0	0	0	0	0	0	0	0	0	0	0	0	0	0	0	0	0	0	0	2	0	0	0	0	0	0	0	0	0	0	0	0	0	0	0	0	0	0	0	0	0	0	0	0	0	0	0	0	0	0	0	0	0	0	0	0	0	0	0	0	0	0	0	0	0	0	1	0	0	0	0	0	1	0	0	0	0	0	0	0	0	0	0	0	0	0	0	0	0	0	0	0	0	0	0	0	0	1	0	0	0	0	0	0	0	7	0	0	0	0	0	0	0	0	1	0	0	0	0	0	10
OTU_925	OTU_925	29	1	8	1	0	0	0	0	1	0	0	0	0	12	1	1	8288	0	3	0	0	0	0	3	0	0	5	2	30	2	0	1	9	2	4	3	44	1	2	0	7	1	0	0	25	11	0	0	2	14	0	2	0	0	0	0	14	1	121	1	0	0	0	0	8	1	0	10	0	0	0	41	5	11	313	2	0	0	2	1	2	0	0	0	0	4	0	0	0	16	1	2	0	0	11	0	9	2	20	0	1	1	0	16	0	0	2	0	0	0	8	1	2	36	0	0	11	0	0	0	0	0	0	2648	20	376	43	1	0	1	0	0	3	3	173	0	4	0	10	4	0	21	0	1	0	1284	11	1	0	0	14	118	0	0	3	5	0	15	0	0	0	0	4	42	0	238	0	36	1826	2	0	9
OTU_926	OTU_926	0	0	0	0	0	0	0	0	0	0	0	0	0	0	0	0	0	0	0	0	0	0	0	0	0	0	0	0	0	0	0	0	0	0	0	0	0	0	0	0	0	0	0	0	0	0	0	0	0	0	0	0	0	0	0	0	0	0	0	0	0	0	0	0	0	0	0	0	0	0	0	0	0	0	0	0	0	0	0	0	0	0	0	0	0	0	0	0	0	0	0	0	0	0	0	0	0	0	0	0	0	0	0	0	0	0	0	0	0	0	0	0	0	0	0	0	0	0	0	0	0	0	0	0	0	0	0	0	0	0	0	0	0	0	0	0	0	0	0	0	0	0	0	0	0	0	0	0	0	0	0	0	0	0	0	0	0	0	0	0	0	0	0	0	0	0	2	0	0	0	0	0
OTU_929	OTU_929	0	0	0	0	0	0	0	0	0	0	0	0	0	0	0	0	0	0	0	0	0	0	0	0	0	0	0	0	0	0	5	0	0	0	0	0	0	0	0	0	0	0	0	0	0	0	0	0	0	0	0	0	1	0	0	0	0	0	0	0	0	0	0	0	0	0	0	0	0	0	0	0	0	0	0	0	0	0	0	0	0	0	0	0	0	0	0	0	0	0	0	0	0	0	0	0	0	1	1	0	0	0	0	0	0	0	0	0	0	0	1	0	0	0	0	0	0	0	0	0	0	0	0	0	0	0	0	0	0	0	0	0	0	0	2	0	0	0	0	0	0	0	0	0	0	0	0	0	0	0	0	0	0	0	0	0	0	0	0	0	0	0	0	0	0	0	0	0	0	0	0	0
OTU_931	OTU_931	0	0	0	0	0	0	0	0	1	0	0	0	0	0	0	0	0	0	0	0	0	0	0	0	0	0	0	0	0	0	0	0	0	0	0	0	0	0	0	0	0	0	0	0	0	0	0	0	0	0	0	0	0	0	0	0	0	0	0	0	0	0	0	0	0	0	0	0	0	0	0	0	0	0	0	0	0	0	0	0	0	0	0	0	0	0	0	0	0	0	0	0	0	0	0	0	0	0	0	0	0	0	0	0	0	0	0	0	0	0	0	0	0	0	0	0	0	0	0	0	0	0	0	0	0	0	0	0	0	0	0	0	0	0	0	0	0	0	0	0	0	0	0	0	0	0	0	0	0	0	0	0	0	0	0	0	0	0	0	0	0	0	0	0	0	0	0	0	0	0	0	0
OTU_932	OTU_932	0	0	0	0	0	0	0	0	0	0	0	0	0	0	0	0	0	0	0	0	0	0	0	0	0	0	0	0	0	0	0	0	0	0	0	0	0	0	0	0	0	0	0	0	0	0	0	0	0	0	0	0	0	0	0	0	0	0	0	0	0	0	0	0	0	0	0	0	0	0	0	0	0	0	0	1	0	0	0	0	0	0	0	0	0	0	0	0	0	0	0	0	0	0	0	0	0	0	0	0	0	0	0	0	0	0	0	0	0	0	0	0	0	0	0	0	0	0	0	0	0	0	0	0	0	0	0	0	0	0	0	0	0	0	0	0	0	0	0	0	0	0	0	0	0	0	0	0	0	0	0	0	0	0	0	0	0	0	0	0	0	0	0	0	0	0	0	0	0	0	0	0
OTU_933	OTU_933	0	0	0	0	0	0	0	0	0	0	0	0	0	0	0	0	0	0	0	0	0	0	0	0	0	0	0	0	0	0	0	0	0	0	0	0	0	0	0	0	0	0	0	0	0	0	0	0	0	0	0	0	0	0	0	0	0	0	0	0	0	0	0	0	0	0	0	0	0	0	0	0	0	0	0	0	2	0	0	0	0	0	0	0	0	0	0	0	0	0	0	0	0	0	0	0	0	0	0	0	0	0	0	0	0	0	0	0	0	0	0	0	0	0	0	0	0	0	0	0	0	0	0	0	0	0	0	0	0	0	0	0	0	0	0	0	0	0	0	0	0	0	0	0	0	0	0	0	0	0	0	0	0	0	0	0	0	0	0	0	0	0	0	0	0	0	0	0	0	0	0	0
OTU_934	OTU_934	0	2	1	4	0	0	141	0	0	0	0	40	0	43	0	4	0	0	1	0	1	0	4	0	0	0	0	0	0	0	0	1	61	0	2	52	45	0	0	0	0	0	0	0	80	0	0	0	0	1	0	7	0	1	0	10	0	0	0	0	0	1	0	0	1	0	0	0	0	38	0	0	0	8	1	0	1	0	0	0	0	0	0	0	0	1	0	0	0	0	0	0	0	0	0	0	0	0	1	0	0	25	0	0	0	0	10	33	0	3	0	0	0	0	0	0	1	44	2	5	0	3	1	0	0	1	220	0	0	0	0	1	0	0	1	51	0	3	0	0	0	0	0	0	0	0	0	0	0	0	1	0	0	42	12	0	41	721	0	0	0	1	0	0	0	1	0	0	0	0	0	7
OTU_936	OTU_936	0	0	0	0	0	0	0	0	0	0	0	0	0	0	0	0	0	0	0	0	0	0	0	0	0	0	0	0	0	0	0	0	0	0	0	0	0	0	0	0	0	0	0	0	0	0	0	0	0	0	0	0	0	0	0	0	0	0	0	0	0	0	0	0	0	0	0	0	0	0	0	0	0	0	0	0	0	0	0	0	0	0	0	0	0	0	0	0	0	0	0	0	0	0	0	0	0	0	0	0	0	0	0	0	0	0	0	0	0	0	0	0	0	0	0	0	0	0	1	0	0	0	0	0	0	0	0	0	0	0	0	0	0	0	0	0	0	0	0	0	0	0	0	0	0	0	0	0	0	0	0	0	0	0	0	0	0	0	0	0	0	0	0	0	0	0	0	0	0	0	0	0
OTU_939	OTU_939	0	0	0	0	0	0	0	0	0	0	0	0	0	0	0	0	0	1	0	0	0	0	0	0	0	0	0	0	0	0	0	0	0	0	0	0	0	0	0	0	0	0	0	0	0	0	0	0	0	0	0	0	0	0	0	0	0	0	0	0	0	0	0	0	0	0	0	0	0	0	0	0	0	0	0	0	0	0	0	0	0	0	0	0	0	0	0	0	0	0	0	0	0	0	0	0	0	0	0	0	0	2	0	0	0	0	0	0	0	0	0	0	0	0	0	0	0	0	0	0	0	0	0	0	0	0	0	0	0	0	0	0	0	0	0	0	0	0	0	0	0	0	0	0	0	0	0	0	0	0	0	0	0	0	0	0	0	0	0	0	0	0	0	0	0	0	0	0	0	0	0	0
OTU_940	OTU_940	0	0	0	0	0	0	0	0	0	0	0	0	0	0	0	0	0	0	0	0	0	0	0	0	0	0	0	0	0	0	0	0	0	0	0	0	0	0	0	0	0	0	0	0	0	0	0	0	0	0	0	0	0	0	0	0	0	0	0	0	0	0	0	0	0	0	0	0	0	0	0	0	0	0	0	0	0	0	0	0	0	0	0	0	0	0	0	0	0	0	0	0	0	0	0	0	0	0	0	0	0	0	0	0	0	0	0	0	0	0	0	0	0	0	0	0	0	0	0	0	0	0	0	0	0	0	0	0	2	0	0	0	0	0	0	0	0	9	0	0	0	0	0	0	0	0	0	0	0	0	0	0	0	0	0	1	0	0	0	0	0	0	0	0	0	0	0	0	0	0	0	0
OTU_945	OTU_945	3	4	5	3	0	97	0	4	3	56	0	1	2	10	0	0	1	0	1	12	0	1	49	1	1	149	0	3	2	3	0	27	5	0	5	6	0	0	158	0	9	11	1	5	1	1	4	161	8	0	35	59	2	0	245	221	5	16	2	29	0	1	234	29	221	6	47	100	7	4	1	44	0	9	0	2	6	5	13	4	28	11	497	195	0	129	2	1	1	0	20	59	458	9	9	3	0	4	27	0	0	10	1	21	4	1	0	2	20	0	11	15	11	3	16	0	39	3	0	6	7	1	1	0	4	4	7	1	1	2	1	0	0	10	122	0	16	0	15	2	1	245	583	0	0	1	24	0	0	2	9	88	0	2	6	1	9	0	1	0	0	1	0	52	0	0	2	3	4	0	3	3
OTU_947	OTU_947	0	0	0	0	0	0	0	0	0	0	0	0	0	0	0	0	0	0	0	0	0	0	0	0	0	0	0	0	0	0	0	0	0	0	0	0	0	0	0	0	0	0	0	0	0	0	0	0	0	0	0	0	0	0	0	0	0	0	0	0	0	0	0	0	0	0	0	0	0	0	0	0	0	0	0	0	0	0	0	0	0	0	0	0	0	0	0	0	0	0	0	0	0	0	0	0	0	0	0	0	0	0	0	0	0	0	0	0	0	0	0	0	0	0	0	0	0	0	0	0	0	0	0	0	0	0	0	0	1	0	0	0	0	0	0	0	0	0	0	0	0	0	0	0	0	0	0	0	0	0	0	0	0	0	0	0	1	0	2	0	0	0	0	0	0	0	0	0	0	0	0	0
OTU_949	OTU_949	0	0	0	0	0	0	0	0	0	0	0	0	0	0	0	0	0	0	0	0	0	0	0	0	0	0	0	0	0	0	0	0	0	0	0	0	0	0	0	0	0	0	0	0	0	0	0	0	0	0	0	0	0	0	0	0	0	0	0	0	0	0	0	0	0	0	0	0	0	0	0	0	0	0	0	0	0	0	0	0	0	0	0	0	0	0	0	0	0	0	0	0	0	0	1	1	0	0	0	0	0	0	0	1	0	0	0	0	0	0	0	0	0	0	0	0	0	0	0	0	0	0	0	0	0	0	0	0	0	0	0	0	0	0	0	0	0	0	0	0	0	1	0	0	0	0	0	0	0	0	0	0	0	0	0	0	0	0	0	0	0	0	0	0	0	0	0	0	2	0	0	0
OTU_950	OTU_950	0	0	0	0	0	0	0	0	0	0	0	1	0	1	0	0	0	0	0	0	0	0	0	0	0	0	0	0	0	0	0	0	0	0	0	0	0	0	0	0	0	0	0	0	0	1	0	0	0	0	0	0	0	0	0	0	0	0	0	0	0	0	0	0	0	0	0	0	0	0	0	0	0	0	0	0	0	0	0	0	0	0	0	0	0	0	0	0	0	0	0	0	0	0	0	0	0	0	0	0	0	2	0	0	0	0	0	0	0	0	0	0	0	0	0	0	0	0	0	0	0	0	0	0	0	0	0	0	0	0	0	0	0	0	0	0	0	0	0	0	0	0	0	0	0	0	0	0	0	0	0	0	0	0	0	0	0	0	0	0	0	0	0	0	0	0	0	0	0	0	0	0
OTU_952	OTU_952	0	0	0	0	0	0	0	1	0	0	0	0	0	0	0	0	0	0	0	0	0	0	0	0	0	0	0	0	0	0	0	0	0	0	0	0	0	0	0	0	0	0	0	0	0	0	0	0	0	0	0	0	0	0	0	0	0	0	0	0	0	1	0	0	0	0	0	0	0	0	0	0	0	0	0	0	0	0	1	0	0	0	0	0	0	0	0	0	0	0	0	0	0	0	0	0	0	0	0	0	0	0	0	0	0	0	0	0	0	0	0	0	0	0	0	0	0	0	0	0	0	0	0	0	0	0	0	0	0	0	0	0	0	0	0	0	0	0	0	0	0	0	0	0	0	0	0	0	0	0	0	0	0	0	0	0	0	0	0	0	0	0	0	0	0	0	0	0	0	0	0	0
OTU_955	OTU_955	0	0	0	0	0	0	0	0	0	0	0	0	0	0	0	0	0	0	0	0	0	0	0	0	0	0	1	0	0	0	0	0	0	0	0	0	0	0	0	0	0	0	0	0	0	0	0	0	0	0	0	0	0	0	0	0	0	0	0	0	0	0	0	0	0	0	0	0	0	0	0	0	0	0	0	0	0	0	0	0	0	0	0	0	0	0	0	0	0	0	0	0	0	0	0	0	0	0	0	0	0	0	0	0	0	0	0	0	0	0	0	0	0	0	0	0	0	0	0	0	0	0	0	0	0	0	0	0	0	0	0	0	0	0	0	0	0	0	0	0	0	0	0	0	0	0	0	0	0	0	0	0	0	0	0	0	1	0	0	0	0	0	0	0	0	0	0	0	0	0	0	0
OTU_956	OTU_956	0	0	0	0	0	0	0	0	0	0	0	0	0	0	0	0	0	0	0	0	0	0	0	0	0	0	0	1	0	0	0	0	0	0	0	0	0	0	0	0	0	0	0	0	0	0	0	0	0	0	0	0	0	0	0	0	0	0	0	0	0	0	0	0	0	0	0	0	0	0	0	0	0	0	0	0	0	0	0	0	0	0	0	0	0	0	0	0	0	0	0	0	0	0	0	0	0	0	2	0	0	0	0	0	0	0	0	0	0	0	0	0	0	0	0	0	0	0	0	0	0	0	0	0	0	1	0	0	0	0	0	0	0	0	0	0	0	0	0	0	1	0	0	0	0	0	0	0	0	0	0	0	0	0	0	0	0	1	0	0	0	0	0	0	0	0	0	0	0	0	0	0
OTU_958	OTU_958	0	0	0	0	0	0	0	0	0	0	0	0	0	0	0	0	0	0	0	0	0	0	0	0	0	0	0	0	0	0	0	0	0	0	0	0	0	0	0	0	0	0	0	0	0	0	0	0	0	0	0	0	0	0	0	0	0	0	0	0	0	0	0	0	0	0	0	0	0	0	0	0	0	0	0	0	0	0	0	0	1	0	0	0	0	0	0	0	0	0	0	0	0	0	0	0	0	0	0	0	0	0	0	0	0	0	0	0	0	0	0	0	0	0	0	0	0	0	0	0	0	0	0	0	0	0	0	0	0	0	0	0	0	0	0	0	0	0	0	0	0	0	0	0	0	0	0	0	0	0	0	0	0	0	0	0	0	0	0	0	0	0	0	0	0	0	0	0	0	0	0	0
OTU_959	OTU_959	2	6	0	0	0	0	0	0	0	0	1	0	0	0	32	0	0	0	0	0	1	0	1	0	0	0	0	0	0	0	1	0	0	0	2	1	0	0	0	0	1	0	0	0	0	77	1	0	0	0	0	0	0	0	0	1	0	0	2	0	0	0	0	0	0	0	0	2	0	0	0	0	0	0	4	0	0	0	0	0	0	0	0	0	1	0	0	0	0	0	0	0	0	0	0	0	0	0	0	1	37	0	0	0	0	0	20	0	2	2	0	0	0	6	0	0	44	0	0	0	0	0	0	1	0	1	0	1	0	0	0	0	0	0	1	0	1	11	0	0	0	3	0	0	0	0	0	0	0	0	0	0	0	0	0	0	0	0	0	0	0	38	13	0	0	0	0	2	0	0	0	0
OTU_961	OTU_961	0	0	0	0	0	0	0	0	0	0	0	0	1	0	0	0	0	0	0	0	0	0	0	0	0	0	0	0	0	0	0	0	0	0	0	0	0	0	0	0	0	0	0	0	0	0	0	0	0	0	0	0	0	0	0	0	0	0	0	0	0	0	0	0	0	0	0	0	0	0	0	0	0	0	0	0	0	0	0	0	0	0	0	0	0	0	0	0	0	0	0	0	0	0	0	0	0	0	0	0	0	0	0	0	0	0	0	0	0	0	0	0	0	0	0	0	0	0	0	0	0	0	0	0	0	0	0	0	0	0	0	5	0	0	0	0	0	0	0	0	0	0	0	0	0	0	0	0	0	0	0	0	0	0	0	0	0	0	0	0	0	0	0	0	0	0	0	0	0	0	0	0
OTU_962	OTU_962	0	0	0	0	1	0	0	0	0	0	0	0	0	0	0	0	0	0	0	0	0	0	0	0	0	0	0	0	0	0	0	0	0	0	0	0	0	0	0	0	0	0	0	0	0	0	0	0	0	0	0	0	0	0	0	0	0	0	0	0	0	0	0	0	0	0	0	0	0	0	0	0	0	0	0	0	0	0	0	0	0	0	0	0	0	0	0	0	0	0	0	0	0	0	0	0	0	0	0	0	0	0	0	0	0	0	0	0	0	0	0	0	0	0	0	0	0	0	0	0	0	0	0	0	0	0	0	0	0	0	0	0	0	0	0	0	0	0	0	0	0	0	0	0	0	0	0	0	0	0	0	0	0	0	0	0	0	0	0	0	0	0	0	0	0	0	0	0	0	0	0	0
OTU_963	OTU_963	9	0	0	0	0	0	0	1	0	1	0	0	0	9	1	0	0	0	0	0	0	0	0	0	0	0	0	0	0	0	0	0	0	0	0	1	0	0	0	0	1	0	0	0	0	0	0	4	0	0	0	0	0	0	0	6	0	0	1	0	0	0	0	0	3	0	0	0	0	0	0	2	0	0	0	0	0	0	0	0	0	0	0	0	0	0	0	0	0	0	0	1	0	0	6	0	0	0	0	0	0	0	0	1	0	0	0	0	0	0	0	0	0	1	0	0	1	0	0	0	0	0	0	0	2	0	0	0	0	0	0	0	0	0	0	0	0	0	0	1	0	2	1	0	0	0	0	0	0	0	9	0	0	0	0	0	1	4	0	0	0	0	0	0	0	0	0	0	0	0	0	0
OTU_964	OTU_964	0	0	0	0	0	0	0	0	0	0	0	0	0	0	0	0	2	0	0	0	0	0	0	0	0	0	0	0	0	0	0	0	0	1	0	0	0	0	0	0	0	0	0	0	0	0	0	0	0	0	0	0	0	0	0	0	0	0	0	0	0	0	1	0	0	0	0	0	0	0	0	2	0	0	0	0	0	0	0	0	0	0	0	0	0	0	0	0	0	0	1	0	0	0	0	0	0	0	0	0	0	0	0	0	0	0	0	0	0	0	0	0	0	0	0	0	0	0	0	0	0	0	0	1	1	0	0	0	0	0	0	0	0	0	0	0	0	0	0	0	0	0	0	0	0	0	0	0	0	0	0	0	0	0	0	0	0	0	0	0	0	0	0	0	0	0	0	0	0	0	0	0
OTU_965	OTU_965	0	0	0	0	0	0	0	0	0	0	0	0	0	0	0	0	0	0	0	0	0	0	0	0	0	0	0	0	0	0	0	0	0	0	0	0	0	0	0	0	0	0	0	0	0	0	0	0	0	0	0	0	0	0	0	0	0	0	0	0	0	0	0	0	0	0	0	0	0	0	0	0	0	0	0	0	0	0	0	0	0	0	0	0	0	0	0	0	0	0	0	0	0	0	0	0	0	0	0	0	0	0	0	0	0	0	0	0	0	0	0	0	0	0	0	0	0	0	0	0	0	0	0	0	0	0	0	0	0	0	0	0	0	0	0	0	0	0	0	2	0	0	0	0	0	0	0	0	0	0	0	0	0	0	0	0	0	0	0	0	0	0	0	0	0	0	0	0	0	0	0	0
OTU_967	OTU_967	0	0	0	0	0	0	0	0	0	0	0	0	0	0	0	0	0	0	0	0	0	0	0	0	0	0	0	0	0	0	0	0	0	0	0	0	0	0	0	0	0	0	0	0	0	0	0	0	0	0	0	0	0	0	0	0	0	0	0	0	0	0	0	0	0	0	0	0	0	0	0	0	1	0	0	0	0	0	0	0	0	0	0	0	0	0	0	0	0	0	0	0	0	0	0	0	0	0	0	0	0	0	0	0	0	0	0	0	0	0	0	0	0	0	0	0	0	0	0	0	0	0	0	0	0	0	0	0	0	0	0	0	0	0	0	0	0	0	0	0	0	0	0	0	0	0	0	0	0	0	0	0	0	0	0	0	0	0	0	0	0	0	0	0	0	0	0	0	0	0	0	0
OTU_968	OTU_968	0	0	0	0	0	0	0	0	0	0	0	0	0	0	0	0	0	0	0	0	0	0	0	0	0	0	0	0	0	0	0	0	0	0	0	0	0	0	0	0	0	0	0	0	0	0	0	0	0	0	0	0	0	0	0	0	0	0	0	0	0	0	0	0	0	0	0	0	0	0	0	0	0	0	0	0	0	0	0	0	0	0	0	0	0	0	0	0	0	0	0	0	0	0	0	0	0	0	0	0	0	0	0	0	0	0	0	0	0	0	0	0	0	0	0	0	0	0	0	0	0	0	0	0	0	0	0	0	0	0	0	0	0	0	0	0	0	0	0	0	0	0	0	0	0	0	0	0	0	0	0	0	0	0	0	0	1	0	0	0	0	0	0	0	0	0	0	0	0	0	0	0
OTU_970	OTU_970	322	495	119	68	11	32	30	171	87	156	1	55	37	57	18	72	189	29	51	46	328	276	116	159	206	72	162	53	565	109	162	433	186	81	80	39	368	54	101	77	30	33	189	182	55	41	115	450	139	94	207	79	10	492	651	3005	164	100	205	180	51	2	30	293	120	59	21	109	391	56	119	1331	34	767	165	15	1	380	195	199	257	17	2	169	83	311	14	8	9	4	66	171	2	6	185	4	21	9	346	12	27	2	22	44	20	7	0	7	67	0	126	5	31	0	9	0	18	14	1	34	3	63	9	77	1513	84	38	26	2	92	0	0	6	1	26	14	49	3	26	16	4	364	189	4	9	1	11	0	41	2	43	13	133	6	10	7	39	50	4	0	0	13	5	21	3	34	29	52	7	87	10	655
OTU_973	OTU_973	0	0	0	0	0	0	2	0	0	0	0	0	0	0	0	0	0	0	0	0	0	0	0	0	0	0	0	0	0	0	0	0	0	0	0	0	0	0	0	0	0	0	0	0	0	0	0	0	0	0	0	0	4	0	0	0	0	0	0	0	0	0	0	0	0	0	0	0	0	0	0	0	0	0	0	0	0	0	0	0	0	0	0	0	0	0	0	0	0	0	0	0	0	0	0	0	0	0	0	5	0	4	0	0	0	0	0	0	0	0	0	0	0	0	0	0	0	0	0	0	0	0	0	0	0	0	0	0	0	0	0	0	0	0	0	0	0	0	0	0	0	0	0	0	0	0	0	0	0	0	0	0	0	0	0	0	9	0	0	1	0	0	0	0	0	2	0	0	0	0	0	0
OTU_974	OTU_974	2	3	1	4	10	2	3	0	1	1	1	0	1	0	1	0	0	0	0	2	3	1	4	0	0	9	0	0	8	3	3	2	3	1	0	0	9	1	3	1	3	1	5	4	0	2	3	1	4	0	2	3	10	9	0	7	5	0	3	6	1	2	0	0	0	4	3	0	2	1	0	6	1	1	0	9	1	2	0	1	2	0	0	3	1	9	2	1	0	5	3	3	0	15	1	2	1	3	12	2	3	0	10	0	0	3	1	1	4	7	0	3	4	0	1	6	0	2	5	6	2	1	2	0	0	13	2	3	0	3	0	2	0	4	1	7	4	1	0	0	4	4	9	0	1	5	1	0	4	3	0	0	1	3	0	9	0	1	3	2	1	3	7	0	16	0	1	0	0	1	1	0
OTU_975	OTU_975	0	0	0	0	0	0	0	0	0	0	0	0	0	0	0	0	0	0	0	0	0	0	0	0	0	0	0	0	0	0	0	0	0	0	0	0	0	0	0	0	0	0	0	0	0	0	0	0	0	0	0	0	0	0	0	0	0	0	1	0	0	0	0	0	0	0	0	0	0	1	0	0	0	0	0	0	0	0	0	0	0	0	0	0	0	0	0	0	0	0	0	0	0	0	0	0	6	0	1	0	0	0	0	0	0	0	0	1	0	0	0	0	0	0	0	0	0	0	0	0	0	0	0	0	0	0	0	0	1	7	0	0	0	0	0	0	0	0	0	0	0	0	0	0	0	0	0	0	0	0	0	0	0	0	0	0	0	0	0	0	0	0	0	0	0	2	0	0	0	0	0	0
OTU_976	OTU_976	1	0	0	0	0	0	0	0	1	0	0	0	0	0	0	0	0	0	0	0	0	0	0	0	0	6	0	0	0	0	0	0	0	0	0	3	0	0	6	0	0	0	0	0	0	0	0	3	0	0	0	0	0	0	0	0	0	0	0	0	0	0	9	0	2	0	0	1	0	0	0	0	0	0	0	0	0	0	0	0	2	0	0	0	0	0	0	0	0	0	0	0	0	1	0	1	0	0	0	0	0	1	0	4	3	0	0	0	0	0	4	3	0	2	0	0	6	0	0	1	0	0	0	4	0	0	0	0	0	0	1	0	1	0	2	0	3	0	1	3	0	2	0	0	0	0	1	17	0	0	1	15	0	0	0	0	0	0	0	0	0	0	0	4	0	0	0	3	0	0	0	0
OTU_977	OTU_977	0	0	0	0	0	1	0	1	3	1	0	0	0	0	0	0	0	0	0	0	0	0	0	0	0	1	0	0	3	0	0	0	0	0	0	0	0	0	0	0	0	0	0	0	0	0	1	5	0	0	0	0	0	0	0	0	0	0	0	1	0	0	0	0	0	0	0	0	1	0	0	0	1	0	0	1	1	0	0	0	0	0	0	0	0	0	0	0	0	0	0	0	0	2	0	0	0	0	2	0	0	0	1	0	0	0	0	1	0	0	0	0	0	0	0	2	0	0	0	0	0	0	0	0	0	0	0	0	0	0	0	0	1	1	0	0	1	0	0	0	0	0	0	0	0	2	0	0	1	0	0	0	0	0	0	0	0	0	1	0	0	0	0	0	0	0	1	0	0	0	1	0
OTU_978	OTU_978	0	0	0	0	0	0	0	0	0	0	0	0	0	0	0	0	0	0	0	0	0	0	0	0	0	0	0	0	0	0	0	0	0	0	0	0	0	10	0	0	0	0	0	0	0	1	0	0	0	0	0	0	0	0	0	0	0	0	0	0	0	0	0	0	0	0	0	0	0	0	0	0	0	0	0	0	0	0	0	0	0	0	0	0	0	0	0	0	0	0	0	0	0	0	0	0	0	0	0	0	0	0	0	0	0	0	0	0	0	1	0	0	0	0	0	0	0	0	0	0	0	0	0	0	0	0	0	0	0	0	0	0	0	0	2	0	0	0	0	0	0	0	0	0	0	0	0	0	0	0	0	0	0	0	0	0	0	0	0	0	0	0	0	0	0	0	0	0	0	0	0	0
OTU_979	OTU_979	0	0	0	0	0	0	0	0	0	0	0	0	0	0	0	0	0	0	0	0	0	0	0	0	0	0	0	0	0	0	1	0	0	0	0	0	0	0	0	0	0	0	0	0	0	0	0	0	0	0	0	0	0	0	0	0	0	0	0	0	0	0	0	0	0	0	0	0	0	0	0	0	0	0	0	0	0	0	0	0	0	0	0	0	0	0	0	0	0	0	0	0	0	0	0	0	0	0	0	0	0	0	0	0	0	0	0	0	0	0	0	0	0	0	0	0	0	0	0	0	0	0	0	0	0	0	0	0	0	0	0	0	0	0	0	0	0	0	0	0	0	0	0	0	0	0	0	0	0	0	0	0	0	0	0	0	0	0	0	0	0	0	0	0	0	0	0	0	0	0	0	0
OTU_981	OTU_981	0	0	0	0	0	0	0	0	0	0	0	0	0	0	0	0	0	0	0	0	0	0	0	0	0	0	0	0	0	0	0	0	0	0	0	0	0	0	0	0	0	0	0	0	0	0	0	0	0	0	0	0	0	0	0	0	0	0	0	0	0	0	0	0	0	0	0	0	0	0	0	0	0	0	0	0	0	0	0	0	0	0	0	0	0	0	0	0	0	0	0	0	0	0	0	0	0	0	0	0	0	0	0	0	0	0	0	0	0	0	0	0	1	0	0	0	0	0	0	0	0	0	0	0	0	0	0	0	0	0	0	0	0	0	0	0	0	1	0	0	0	0	0	0	0	0	0	0	0	0	0	0	0	0	0	0	0	0	0	0	0	0	0	0	1	0	0	0	0	0	0	0
OTU_982	OTU_982	0	0	0	0	0	0	0	0	0	0	0	0	0	0	0	0	0	4	0	0	0	0	0	0	0	0	0	0	0	0	0	0	0	0	0	0	0	0	0	0	0	0	0	0	1	0	0	0	0	0	0	0	0	0	0	0	0	0	0	0	0	0	0	0	0	0	0	0	0	0	0	0	0	0	0	0	0	0	0	0	0	0	0	0	0	0	0	0	0	0	0	0	0	0	0	0	0	0	1	0	0	2	0	0	0	0	5	0	0	0	0	0	0	0	0	0	0	2	0	0	0	0	0	0	0	0	0	0	0	0	0	0	0	0	0	0	0	0	0	0	0	0	0	0	0	0	0	0	3	0	0	0	0	0	0	0	1	0	0	0	0	0	0	0	0	2	0	0	0	0	0	0
OTU_983	OTU_983	0	0	1	0	0	0	0	0	0	0	0	0	0	0	0	0	0	0	0	0	0	0	0	0	0	0	0	0	0	0	0	0	0	0	0	0	0	0	0	0	0	0	0	0	0	0	0	3	0	0	0	0	0	0	0	0	0	0	0	0	0	0	0	0	0	0	0	0	0	0	0	0	0	0	0	0	0	0	0	0	0	0	0	0	0	0	0	0	0	0	0	0	0	0	0	0	0	0	0	0	0	0	0	0	0	0	0	0	0	0	0	0	0	0	0	0	0	0	0	0	0	0	0	0	0	0	0	0	0	0	0	0	0	0	0	0	0	0	0	0	0	0	0	0	0	0	0	0	0	0	0	0	0	0	0	0	0	0	0	0	0	0	0	0	0	0	0	0	0	0	0	0
OTU_984	OTU_984	0	0	0	0	1	0	0	0	0	1	0	0	0	0	0	0	0	0	0	0	0	0	0	0	0	0	0	0	0	0	0	0	0	0	0	0	0	0	0	0	0	0	0	0	0	0	0	0	0	0	0	0	0	0	0	1	0	0	2	0	0	0	0	0	0	0	3	0	0	0	0	0	0	0	0	0	0	0	0	0	0	0	0	0	0	0	0	0	0	0	0	1	0	5	0	1	0	0	0	0	1	0	0	0	0	0	0	0	0	1	0	0	0	0	0	1	0	0	1	0	0	0	0	0	0	0	0	0	0	0	0	0	0	1	0	0	0	0	0	0	0	0	1	0	0	0	0	0	0	1	0	0	1	0	0	0	0	0	0	0	0	0	0	0	0	0	0	0	0	0	0	0
OTU_988	OTU_988	0	0	0	0	0	0	0	0	0	0	0	0	0	0	0	0	0	0	0	0	0	0	0	0	0	0	0	0	0	0	0	0	0	0	0	0	0	0	0	0	0	0	0	0	0	0	0	0	0	0	0	0	0	0	0	0	0	0	0	0	0	0	0	0	0	0	0	0	0	0	0	0	0	0	0	0	0	0	0	0	0	0	0	0	0	0	0	0	0	0	0	0	0	0	0	0	0	0	0	0	0	0	0	0	0	0	0	0	0	0	0	0	0	0	0	0	0	0	0	0	0	0	0	0	0	0	0	0	0	0	0	0	0	0	0	0	0	0	0	0	0	0	0	0	0	0	0	0	2	0	0	0	0	0	0	0	0	0	0	0	0	0	0	0	0	0	0	0	0	0	0	0
OTU_989	OTU_989	1	0	5	0	0	1	0	0	4	0	0	7	0	6	1	0	5	8	2	0	0	0	0	0	0	0	0	0	0	0	0	0	0	0	0	1	0	0	0	0	0	0	0	0	2	1	0	0	0	0	0	0	0	0	0	0	3	0	0	0	0	0	0	1	0	0	0	0	0	0	0	0	0	0	0	0	0	0	0	0	0	0	0	0	0	87	1	0	1	0	0	0	0	0	0	0	0	0	3	0	0	0	0	1	0	0	0	0	0	0	0	0	0	0	1	2	0	8	0	0	0	0	0	1	0	0	0	1	33	0	0	0	0	0	0	0	0	1	0	1	3	0	0	0	0	5	0	1	0	0	0	1	0	0	0	0	0	0	6	0	3	0	0	0	0	1	0	0	3	0	0	0
OTU_990	OTU_990	0	5	0	1	0	0	2	0	1	0	4	0	0	0	1	4	1	3	6	0	1	0	0	11	0	0	5	0	0	8	1	0	0	0	1	0	1	2	2	0	0	0	8	0	2	0	2	0	0	0	0	1	9	0	0	1	3	0	0	0	6	0	0	0	1	2	0	0	0	0	20	0	0	3	0	0	0	5	1	0	3	0	0	0	2	0	5	4	0	0	0	0	0	0	4	1	0	0	25	1	1	2	0	1	0	1	1	3	0	3	1	1	0	1	0	0	2	7	0	0	0	0	0	0	2	0	0	0	6	0	4	0	2	0	0	3	0	1	0	0	2	0	0	0	0	0	0	3	1	0	1	0	4	0	1	0	17	0	3	0	4	4	0	0	0	0	0	0	1	0	0	0
OTU_992	OTU_992	0	0	0	0	0	0	0	0	0	0	0	0	0	0	0	0	0	0	0	0	0	0	0	0	0	0	0	0	0	0	0	0	0	0	0	0	0	0	0	0	0	0	0	0	0	0	0	0	0	0	0	0	0	0	0	0	0	0	0	0	0	0	0	0	0	0	0	0	0	0	0	0	0	0	0	0	0	0	0	0	0	0	0	0	0	0	0	0	0	0	0	0	0	0	0	0	0	0	0	0	0	0	0	0	0	0	0	0	0	38	0	0	0	0	0	0	0	0	0	1	0	0	0	0	0	4	0	0	0	0	0	0	0	0	0	0	0	0	0	0	0	0	0	0	0	0	0	0	0	0	0	0	0	0	0	0	0	0	0	0	0	0	0	0	0	0	0	0	0	0	0	0
OTU_993	OTU_993	0	0	0	0	0	0	0	0	0	0	0	0	0	0	0	0	0	0	0	0	0	0	0	0	0	0	0	0	0	0	0	0	0	0	0	0	0	0	0	0	0	0	0	0	0	0	0	0	0	0	0	0	0	0	0	0	0	0	0	0	0	0	0	0	0	0	1	0	0	0	0	0	0	0	0	0	0	0	0	0	0	0	0	0	0	0	0	0	0	0	0	0	0	0	0	0	0	0	0	0	0	0	0	0	0	0	0	0	0	0	0	0	0	0	0	0	0	0	0	0	0	0	0	0	0	0	0	0	0	0	0	0	0	0	0	0	0	0	0	0	0	0	0	0	0	1	0	0	0	0	0	0	0	0	0	0	0	0	0	0	0	0	0	0	0	0	0	0	0	0	0	0
OTU_994	OTU_994	2	0	1	0	0	0	0	0	0	0	0	0	0	0	0	1	0	0	0	0	0	0	0	0	0	0	0	1	0	0	0	0	4	1	0	0	0	0	0	0	0	0	0	0	0	0	0	0	0	0	0	0	0	0	0	1	0	0	0	0	1	0	0	0	0	1	0	0	0	0	0	0	0	4	0	0	0	0	0	1	0	0	0	0	0	0	0	0	0	0	0	0	0	0	0	0	0	0	0	0	0	0	0	0	0	0	0	0	0	0	0	0	0	0	0	0	0	0	0	0	0	0	0	0	0	0	0	0	0	0	0	0	0	0	0	0	0	0	0	0	0	0	0	0	0	1	0	0	0	0	0	0	0	0	0	0	0	0	0	0	0	0	0	0	0	0	1	0	0	0	0	0
OTU_996	OTU_996	0	0	0	0	0	0	0	0	0	0	0	0	0	8	0	0	0	0	0	0	0	0	0	0	0	0	0	0	0	0	0	0	0	0	1	0	0	0	0	0	0	0	0	0	120	0	0	0	0	0	0	0	0	0	0	0	0	0	0	0	0	0	0	0	0	0	0	0	0	0	0	0	0	0	0	0	0	0	0	0	0	0	0	0	0	0	0	0	0	0	0	0	0	0	0	0	0	0	0	0	0	0	0	0	0	0	0	0	0	0	0	0	0	0	0	0	0	0	0	0	0	0	0	0	0	0	0	0	0	0	0	0	0	0	0	0	0	0	0	0	0	0	0	0	0	0	0	1	0	0	0	0	0	0	0	0	0	0	0	0	0	0	0	0	0	0	0	0	0	0	0	0
OTU_997	OTU_997	0	0	0	0	0	0	0	0	0	0	0	0	0	0	0	0	0	0	0	0	0	0	0	0	0	0	0	0	0	0	0	0	0	0	0	0	0	0	0	0	0	0	0	0	0	0	0	0	0	0	0	0	0	0	0	0	0	0	0	0	0	0	0	0	0	0	0	0	0	0	0	0	0	0	0	0	0	0	0	0	0	0	0	0	0	0	0	0	0	0	0	0	0	0	0	0	0	0	0	0	0	0	0	0	0	0	0	0	0	0	0	0	0	0	0	0	0	0	0	0	0	0	0	0	0	0	0	0	32	0	0	0	0	0	0	0	0	0	0	0	0	0	0	0	0	0	0	0	0	0	0	0	0	0	0	0	0	0	15	0	0	0	0	0	0	0	0	0	0	0	0	0
OTU_999	OTU_999	0	0	0	0	0	0	0	0	0	0	0	0	0	0	0	0	1	0	0	0	0	0	0	0	2	0	0	0	0	0	0	0	0	0	0	0	1	0	0	0	8	0	0	0	0	0	0	0	0	0	0	0	0	0	0	0	0	0	0	0	0	1	0	0	0	0	0	0	0	0	0	0	0	1	0	0	1	0	0	0	0	0	0	0	0	0	0	0	0	0	0	0	0	0	0	0	0	0	0	0	0	0	0	0	0	0	0	0	0	0	0	0	0	1	1	0	0	0	0	0	0	0	1	0	0	0	0	0	0	0	0	0	0	0	0	0	0	0	0	0	0	0	0	0	0	0	0	0	0	0	0	0	0	0	0	0	0	3	0	0	0	1	0	0	0	2	0	0	0	0	0	0
OTU_1000	OTU_1000	1	0	0	1	0	0	0	0	0	0	0	0	0	0	0	0	0	0	0	0	0	0	0	0	0	0	0	0	0	0	0	0	0	0	0	0	0	0	0	0	0	0	0	0	0	0	0	0	0	0	0	0	0	0	0	0	0	0	0	0	0	0	0	0	0	0	0	0	0	0	0	0	0	0	1	0	1	0	0	0	0	0	0	0	0	0	0	0	0	0	0	0	0	0	0	0	0	0	0	0	0	0	0	0	0	0	0	0	0	0	0	0	0	0	0	0	0	0	0	0	0	0	0	0	0	1	0	0	0	1	0	0	0	0	0	0	0	0	0	0	0	0	0	0	0	0	0	0	0	0	0	0	0	0	0	0	0	0	0	0	0	0	1	0	0	0	0	0	0	0	1	0
OTU_1001	OTU_1001	0	0	0	0	0	0	0	0	0	0	0	0	0	0	0	0	0	1	0	0	0	0	0	0	0	0	0	0	0	0	0	0	0	0	0	0	0	0	0	0	0	0	0	0	0	0	0	0	0	0	0	0	0	0	0	0	0	0	0	0	0	0	0	0	0	0	0	0	0	0	0	10	0	0	0	0	0	0	0	0	0	0	0	0	0	0	0	0	0	0	0	0	0	0	0	0	0	0	0	0	0	0	0	0	0	0	0	0	0	0	0	0	0	0	0	0	0	0	0	0	0	0	0	0	0	0	0	0	1	0	0	0	0	0	0	0	0	0	0	0	0	0	0	0	0	0	0	0	0	0	0	0	0	0	0	0	0	0	0	0	0	0	0	0	0	0	0	0	0	0	0	0
OTU_1002	OTU_1002	0	0	0	0	0	0	0	0	0	0	0	0	0	0	0	0	0	0	0	0	0	0	0	0	0	0	0	0	0	0	0	0	0	0	0	0	0	0	0	0	0	0	0	0	0	0	0	0	0	0	0	0	0	0	0	0	0	0	0	0	0	0	0	0	1	0	0	0	0	0	0	0	0	0	0	0	0	0	0	0	0	0	0	0	0	0	0	0	0	0	0	0	0	0	0	0	0	0	0	0	0	0	0	0	0	0	0	0	0	0	0	0	0	0	0	0	0	0	0	0	0	0	0	0	0	0	0	0	3	0	0	0	0	0	0	0	0	0	0	0	0	0	0	0	0	0	0	0	0	0	0	0	0	0	0	0	0	0	0	0	0	0	0	0	0	0	0	0	0	0	0	0
OTU_1003	OTU_1003	25	81	1	23	104	0	2	14	4	0	3	13	13	60	52	0	3	10	2	12	6	1327	5	1165	702	0	3	2150	1	6	3	4	215	7	229	42	1	614	2	2	2	0	163	1291	4	0	5	0	26	3	48	1082	853	205	3	6	8	16	7	36	39	2	8	8	69	6	2	58	2817	19	22	3	5	1884	4	1	25	1	2	12	0	2	12	8	108	18	3	13	0	2	8	0	17	6	12	11	1	506	124	1099	125	6	5	6	1572	1566	587	495	7	6	38	272	6	1065	15	10	14	12	0	7	7	3	1	5	21	10	29	5	1	15	93	1796	67	63	91	0	10	4	8	124	15	6	2	1679	7	2	15	301	34	10	7	2	91	1763	1247	13	22	5	10	905	6	2	2	90	3	21	86	95	12	4	125	4
OTU_1004	OTU_1004	0	0	0	1	0	0	0	1	0	0	0	0	0	0	0	0	0	0	0	0	0	0	0	0	0	0	0	0	0	0	0	0	0	0	0	0	0	0	0	0	0	0	0	0	0	0	0	0	0	0	0	0	0	0	0	0	0	0	0	0	0	0	0	0	0	0	0	0	0	0	0	0	0	0	0	0	0	0	0	0	0	0	0	0	0	0	0	0	0	0	0	0	0	0	0	0	0	0	0	0	0	0	0	0	0	0	0	0	0	0	0	0	163	0	0	0	0	0	2	0	0	0	0	0	1	0	0	0	0	0	1	0	0	0	0	0	0	2	0	0	0	0	0	0	0	0	0	0	0	0	0	0	0	0	0	0	0	0	0	0	0	0	0	0	0	0	0	0	0	0	0	0
OTU_1005	OTU_1005	0	0	0	0	0	0	0	0	0	0	0	0	0	0	0	0	0	0	0	0	0	0	0	0	0	0	0	0	0	0	0	0	0	0	0	0	0	0	0	0	0	0	0	0	0	1	0	0	0	0	0	0	0	0	0	0	0	0	0	0	0	0	0	0	0	0	0	0	0	0	0	0	0	0	0	0	0	0	0	0	0	0	0	0	0	0	0	0	0	0	0	0	0	0	0	0	0	0	0	0	0	0	0	0	0	0	0	0	0	0	0	0	0	0	0	0	0	0	0	0	0	0	0	0	0	0	0	0	0	0	0	0	0	0	0	0	0	0	0	0	0	0	0	0	0	0	0	0	0	0	0	0	0	0	0	0	0	0	0	0	0	0	0	1	0	0	0	0	0	0	0	0
OTU_1006	OTU_1006	0	0	0	0	0	0	0	0	0	1	0	0	0	0	0	0	0	0	0	0	0	0	0	0	0	0	0	0	0	0	0	0	0	0	1	0	0	0	0	0	0	0	0	0	0	0	0	0	0	0	0	0	0	0	0	0	0	0	0	0	0	0	0	0	0	0	0	0	0	0	0	0	0	0	0	0	0	0	0	0	0	0	0	0	0	0	1	0	0	0	0	0	0	0	0	0	0	0	0	0	0	5	0	2	0	0	0	0	0	0	0	0	0	0	0	0	0	0	0	0	0	0	0	0	0	0	0	0	0	0	0	0	0	1	0	0	0	0	0	0	0	0	0	0	0	0	0	0	0	0	0	0	0	0	1	0	3	0	2	0	0	0	0	0	0	0	0	0	0	0	0	0
OTU_1008	OTU_1008	0	0	0	0	0	0	0	0	0	0	0	0	0	0	0	0	0	0	0	0	0	0	0	0	0	0	0	0	0	0	24	0	0	0	0	0	0	0	0	0	0	0	0	0	0	0	0	0	0	0	0	0	0	0	0	0	0	0	0	0	0	0	0	0	0	0	0	0	0	0	0	0	0	0	0	1	0	0	0	0	0	0	0	0	0	0	0	0	1	0	0	0	0	0	0	0	0	0	0	0	0	0	0	0	0	0	0	0	0	12	0	0	0	0	0	0	0	0	0	0	0	0	0	0	0	0	0	0	0	0	0	0	0	0	0	0	0	0	0	0	0	0	0	0	0	0	0	0	0	0	0	0	0	0	0	0	0	0	0	0	0	0	0	0	0	0	0	0	0	0	0	0
OTU_1009	OTU_1009	0	20	4	2	0	0	5	51	0	2	1	0	24	8	10	2	7	5	0	0	3	5	1	1	0	8	0	0	1	13	2	56	4	2	3	8	14	2	58	1	1	1	6	1	3	2	1	981	4	1	1	4	2	5	0	0	2	5	0	3	5	1	1	29	43	3	1	2	0	0	1	1	2	6	5	1	39	3	32	3	3	1	2	0	4	34	0	0	0	0	0	2	0	2	0	0	1	0	24	0	1	0	1	4	1	0	0	3	1	1	2	0	0	0	0	0	5	1	0	0	0	0	1	6	15	125	4	0	0	0	0	0	1	0	0	3	10	0	1	4	2	23	120	0	0	0	1	1	0	0	7	2	3	4	0	2	3	25	2	1	0	1	0	2	0	3	0	3	2	0	4	3
OTU_1010	OTU_1010	0	0	0	0	0	0	0	0	0	0	0	0	0	0	0	0	0	0	0	0	0	0	0	0	0	0	0	0	0	0	0	0	0	0	0	0	0	0	0	0	0	0	0	0	0	0	0	0	0	0	0	0	0	0	0	0	0	0	0	0	0	0	0	0	0	0	0	0	0	0	0	0	0	0	0	0	0	0	0	0	0	0	0	0	0	0	0	0	0	0	0	0	0	0	0	0	0	0	0	0	0	0	0	0	0	0	0	0	0	1	0	0	0	0	0	0	0	0	0	0	0	0	0	0	0	0	0	0	0	0	0	0	0	0	0	0	0	0	0	0	0	0	0	0	0	0	0	0	0	0	0	0	0	0	0	0	0	0	0	0	0	0	0	0	0	0	0	0	0	0	0	0
OTU_1017	OTU_1017	0	0	0	0	0	0	0	0	0	0	0	0	0	0	0	0	0	0	0	0	0	0	0	0	0	0	0	0	0	0	0	0	0	0	0	0	0	0	0	0	0	0	0	0	0	0	0	0	0	0	0	0	0	0	0	0	0	0	0	0	0	0	0	0	0	0	0	0	0	0	0	0	0	0	0	0	0	0	0	0	0	0	0	0	0	0	10	0	0	0	0	0	0	0	1	0	0	0	1	0	0	0	0	0	0	0	0	0	0	0	0	0	0	0	0	0	0	0	0	0	0	0	0	0	0	0	0	0	0	0	0	0	0	0	0	0	0	0	0	0	0	0	0	0	4	0	0	0	0	0	0	0	0	0	0	0	0	0	0	0	0	0	0	0	0	0	0	0	0	0	0	0
OTU_1018	OTU_1018	3	5	3	2	4	0	2	206	3	1	0	0	0	24	4	2	2	1	74	0	2	92	5	3	2	4	3	0	0	2	5	1	5	0	47	31	1	2	2	3	0	1	7	1	57	5	3	12	0	20	0	1	1	0	0	3	8	12	0	5	2	3	10	0	6	0	4	8	0	3	16	0	1	0	3	0	1	4	1	11	0	4	1	4	30	5	6	0	0	2	5	3	0	0	13	0	0	3	4	0	0	1	0	7	0	0	0	1	7	0	9	1	0	2	0	0	12	1	0	2	1	30	3	7	23	0	3	2	1	0	0	0	0	0	0	1	4	0	10	14	0	4	0	1	0	3	0	0	0	0	5	18	0	1	4	3	0	7	0	1	0	0	0	4	0	0	1	46	69	5	1	7
OTU_1021	OTU_1021	1	3	1	1	1	1	62	0	7	0	0	17	0	19	17	4	77	21	0	0	0	0	1	42	2	0	0	1	0	0	3	0	5	8	0	35	3	0	4	1	0	27	1	1	40	0	0	0	0	6	1	1	0	0	0	22	1	0	102	0	0	0	1	1	0	3	0	2	0	23	11	0	0	7	0	0	1	0	1	0	0	19	1	0	189	0	52	0	7	0	1	0	1	0	1	0	0	0	0	26	0	18	314	4	0	0	1	0	0	13	0	0	1	7	0	78	0	78	0	1	1	6	1	27	3	5	303	1	21	1	19	1	10	25	2	257	0	0	11	22	118	3	0	4	1	0	1	0	142	0	3	1	10	190	11	0	376	1	68	5	0	7	0	1	0	85	0	79	0	0	2	0
OTU_1022	OTU_1022	1	0	0	0	0	0	0	0	0	0	0	0	1	0	0	0	0	0	0	0	0	0	0	0	0	0	0	0	0	0	0	0	0	0	0	0	0	0	0	0	0	0	0	0	0	0	0	0	0	0	0	0	0	0	0	0	0	0	0	0	0	0	0	0	0	0	0	0	0	0	0	0	0	0	0	0	0	0	0	0	0	0	0	0	0	0	0	0	0	0	0	0	0	0	0	0	0	0	0	0	0	0	0	0	0	0	0	0	0	0	0	0	0	0	0	0	0	0	0	0	0	0	0	0	0	0	0	0	0	0	0	0	0	0	0	0	0	0	0	0	0	0	0	0	0	0	0	0	0	0	0	0	0	0	0	0	0	0	0	0	0	0	0	0	0	0	0	0	0	0	0	0
OTU_1023	OTU_1023	1	0	4	8	1	0	6	0	4	0	64	0	0	5	4	0	0	0	0	0	14	10	1	12	30	7	3	6	0	0	0	1	1	0	9	6	0	14	0	42	0	27	5	5	2	1	10	2	0	9	1	0	17	4	0	8	38	3	0	15	3	0	0	1	3	3	16	1	23	4	1	0	0	3	0	1	0	0	0	1	1	9	0	0	2	5	4	1	0	1	1	0	1	3	31	42	3	0	7	5	6	0	1	139	1	0	1	2	0	4	4	0	4	4	0	6	7	9	6	0	2	0	0	1	0	1	0	0	4	0	3	3	0	2	2	0	13	1	13	6	5	103	0	3	1	6	0	3	1	2	0	0	0	0	21	10	14	0	0	0	10	12	18	3	5	5	0	0	5	0	4	0
OTU_1024	OTU_1024	4	2	1	1	2	0	1	48	5	1	4	3	0	12	4	2	4	0	9	5	6	26	7	6	0	2	4	2	0	10	1	1	5	2	16	13	0	2	5	1	0	4	1	0	7	3	1	2	0	13	1	0	2	1	1	5	4	39	3	3	3	2	4	1	5	2	3	16	0	1	7	1	0	3	0	0	1	4	1	5	1	3	2	0	9	3	0	0	0	3	2	2	4	0	6	0	2	0	5	1	2	0	0	32	0	3	0	2	2	0	19	4	2	13	3	0	16	5	0	9	4	0	3	1	13	0	2	1	1	0	3	0	0	0	1	1	11	0	26	35	1	5	0	0	4	0	3	2	0	0	12	91	0	1	11	2	7	2	1	3	0	0	0	17	0	1	2	10	5	2	3	1
OTU_1025	OTU_1025	0	0	0	0	0	0	0	0	0	0	0	0	0	0	0	0	0	0	0	0	0	0	0	0	0	0	0	0	0	0	0	0	0	0	0	0	0	0	0	0	0	0	0	0	0	0	0	0	0	0	0	0	0	0	0	0	0	0	0	0	0	0	0	0	0	0	0	0	0	0	0	0	1	0	0	0	0	0	0	0	0	0	0	0	0	0	0	0	0	0	0	0	0	0	0	0	0	0	0	0	0	0	0	0	0	0	0	0	0	0	0	0	0	0	0	0	0	0	0	0	0	0	0	0	0	0	0	0	0	0	0	0	0	0	0	0	0	0	0	0	0	0	0	0	0	0	0	0	0	0	0	0	0	0	0	0	0	0	0	0	0	0	0	0	0	0	0	0	0	0	0	0
OTU_1026	OTU_1026	0	0	0	0	0	0	0	0	0	0	0	0	0	0	0	0	0	0	0	0	0	0	0	0	0	0	0	0	0	0	0	0	0	0	0	0	0	0	0	0	0	0	0	0	0	0	0	0	0	0	0	0	0	0	0	0	0	0	0	0	0	0	0	0	0	0	0	0	0	0	0	0	0	0	0	0	0	0	0	0	0	0	0	0	0	0	0	0	0	0	0	0	0	0	0	0	0	0	0	0	0	0	0	0	0	0	0	0	0	0	0	0	0	0	0	0	0	0	0	0	0	0	0	0	0	0	0	0	0	0	0	0	0	0	0	0	0	0	0	0	0	0	0	0	0	0	0	0	0	0	0	0	0	0	0	0	2	0	0	0	0	0	0	0	0	0	0	0	0	0	0	0
OTU_1027	OTU_1027	3	24	233	7	3	3	87	190	12	1	24	193	37	141	86	3	44	78	23	40	325	29	2	29	0	130	66	29	44	222	163	1	67	15	64	5	28	142	2	12	1	698	175	59	8	52	56	75	263	85	20	14	2	8	3	2	29	15	34	72	75	1	124	1	3	2	12	4	3	14	70	2	0	34	1	0	504	0	2	0	1	0	5	3	33	294	9	15	30	1	5	6	0	144	4	1	82	132	964	218	155	37	38	63	30	97	119	15	27	51	379	1602	4	43	15	4	46	128	23	297	20	1	2	18	109	4	6	2	7	60	13	15	7	7	10	4	4	1	391	147	45	7	1	29	0	2	2	237	2	14	2	3	184	57	89	130	144	444	41	83	129	85	11	11	2	85	3	24	8	94	9	87
OTU_1028	OTU_1028	263	8	122	30	0	12	0	25	7	3	0	7	1	12	1	0	0	3	4	9	2	0	0	0	0	1055	0	3	1	0	2	22	1	13	4	6	706	1	0	2	0	1	2	0	0	0	0	496	0	1	2416	13	2	52	8	203	0	25	2	2	1	55	68	46	7	1	0	6	2	0	0	1	456	64	1	100	21	4	0	118	290	0	8	11	0	24	0	1	4	8	47	2	0	1	3	1	1	0	14	0	0	1	0	7	1	0	0	3	2	0	10	3	0	7	79	0	9	1	0	3	0	1	1	4	17	1	5	0	21	5	0	0	106	1	110	1	3	1	4	8	0	53	15	0	0	0	8	1	0	0	26	2	2	0	1	0	0	2	6	0	0	1	1	6	0	1	0	2	1	0	2	7
OTU_1029	OTU_1029	0	0	0	0	0	0	0	0	0	0	0	0	0	0	0	0	0	0	0	0	0	0	0	0	0	0	0	0	0	0	0	0	0	0	0	0	0	0	0	0	0	0	0	0	0	0	0	0	0	0	0	0	0	0	0	0	0	0	0	0	0	0	0	0	0	0	0	0	0	0	0	0	0	0	0	0	0	0	0	0	0	0	0	0	0	0	0	0	0	0	0	0	0	0	0	0	0	0	0	0	0	0	0	0	0	0	0	0	0	0	0	0	0	0	0	0	0	0	0	0	0	0	0	1	0	0	0	0	0	0	0	0	0	0	0	0	0	0	0	0	0	0	0	0	0	0	0	0	0	0	0	0	0	0	0	0	0	0	0	0	0	0	0	0	0	0	0	0	0	0	0	0
OTU_1033	OTU_1033	6	176	6	463	2	0	47	91	13	226	57	14	4	14	23	10	1	4	12	121	29	463	56	63	186	189	32	2	0	2	16	4	3	2	15	72	6	61	7	1504	83	17	20	4	5	20	73	59	29	6	71	39	39	12	1	6	16	608	8	190	17	10	158	7	60	69	101	311	39	52	26	0	1	160	17	1409	23	56	8	5	7	16	1014	252	26	452	18	21	6	0	37	0	5	3	24	43	6	10	25	41	27	19	2	15	6	15	9	11	45	32	29	25	3	12	0	25	33	61	14	2	19	44	178	5	18	4	9	2	8	2	11	4	3	5	3	0	4	1	17	54	4	142	116	16	1	27	3	5	0	9	48	16	0	11	3	19	20	3	1	2	4	6	25	42	7	18	1	18	33	9	12	9
OTU_1034	OTU_1034	0	0	0	0	0	0	0	0	0	0	0	0	0	0	0	0	0	0	0	0	0	0	0	0	0	0	0	0	1	0	0	0	0	0	0	0	0	0	0	0	0	0	0	0	0	0	0	0	0	0	0	0	0	0	0	0	0	0	0	0	0	0	0	0	0	0	0	0	0	0	0	0	1	0	0	0	0	0	0	0	1	0	0	0	0	0	0	0	0	0	0	0	0	0	0	0	0	0	0	0	0	0	0	0	0	0	0	0	0	0	0	0	0	0	0	0	0	0	0	1	0	0	0	0	0	0	0	0	0	0	0	0	0	0	0	0	1	0	0	0	0	0	0	0	0	1	0	0	0	0	0	0	0	0	0	0	0	0	0	0	0	0	0	0	0	0	0	0	0	0	0	0
OTU_1037	OTU_1037	0	0	0	0	0	0	0	0	0	0	0	0	0	0	0	0	0	0	0	0	0	0	0	0	0	0	0	0	0	0	0	0	0	0	0	0	0	0	0	0	0	0	0	0	0	0	0	0	0	0	0	0	0	0	0	0	0	0	0	0	0	0	0	0	0	0	0	0	0	0	0	0	0	0	0	0	0	0	0	0	0	0	0	0	0	0	0	0	0	0	0	0	0	0	0	0	0	0	0	0	0	0	0	0	0	0	1	0	0	0	0	0	0	0	0	0	0	0	0	0	0	0	0	0	0	0	0	0	0	0	0	0	0	0	0	0	0	0	0	0	0	0	0	0	0	0	0	0	0	0	0	0	0	0	0	0	0	0	0	0	0	0	0	0	0	53	0	0	0	0	0	0
OTU_1038	OTU_1038	1	0	0	0	0	0	0	0	1	0	0	0	0	0	0	0	0	3	0	0	0	0	0	0	0	0	0	0	0	0	4	0	0	0	0	0	0	0	0	0	0	0	0	0	0	0	0	0	0	1	0	0	0	0	0	0	0	0	0	0	0	1	1	0	0	0	0	1	0	1	0	0	0	0	0	0	1	0	0	0	0	0	0	0	0	0	0	0	0	0	0	0	0	0	0	0	0	1	0	0	0	0	0	0	0	0	0	0	0	0	1	0	0	1	0	0	0	0	0	0	0	0	0	2	0	0	0	0	9	0	0	0	0	0	0	0	0	0	2	0	0	0	0	0	0	0	0	0	0	0	0	1	0	0	0	0	0	11	0	0	0	0	0	0	0	0	0	0	1	0	0	0
OTU_1041	OTU_1041	0	0	0	0	0	0	0	0	0	0	0	0	0	0	0	0	0	0	0	0	0	0	0	0	0	0	0	0	0	0	0	0	0	0	0	0	0	0	0	0	0	0	0	0	0	0	0	0	0	0	0	0	0	0	0	0	0	0	0	0	0	0	0	0	0	0	0	0	0	0	0	0	0	5	0	0	0	0	0	0	0	0	0	0	0	0	0	0	0	0	0	0	0	0	0	0	0	0	0	2	0	0	0	0	0	0	0	0	0	0	0	0	0	0	0	0	0	0	0	0	0	0	0	0	0	0	0	0	0	0	0	0	0	0	0	0	0	0	0	0	0	0	0	0	0	0	0	0	0	0	0	0	0	0	0	0	0	0	0	0	0	0	0	0	0	0	0	0	0	0	0	0
OTU_1044	OTU_1044	0	0	9	3	0	1	1	2	2	2	0	7	0	8	0	1	17	8	0	0	3	2	21	2	0	4	2	0	15	0	0	0	0	5	3	12	0	8	2	0	0	46	0	34	5	11	2	1	0	0	0	0	4	0	0	12	1	0	34	2	0	0	1	3	1	0	2	0	0	3	3	0	1	16	0	0	18	0	0	0	4	13	0	0	22	2	5	17	66	0	0	5	1	1	12	21	109	50	427	28	56	0	6	13	1	0	6	67	2	13	12	8	0	18	0	1	0	2	3	198	0	2	0	12	1	1	0	38	43	2	5	1	0	6	14	1	6	23	28	62	13	6	0	12	1	70	94	16	1	7	2	7	1	8	7	0	70	0	26	2	11	23	73	6	0	0	206	11	91	7	14	0
OTU_1045	OTU_1045	2	110	28	14	1	95	4	24	16	15	1	149	1	146	2	124	632	23	22	8	12	5	91	96	4	3	111	4	4	0	7	1	7	10	54	94	14	122	24	2	1	116	43	48	147	144	12	6	5	99	5	20	2	7	1	6	48	8	370	26	27	2	4	19	40	1	11	14	0	89	87	3	1	15	0	2	25	9	2	3	5	26	4	2	377	222	38	96	1	5	12	15	11	17	16	107	579	76	291	15	333	79	180	525	5	23	48	412	11	66	28	154	35	182	0	17	58	90	28	36	32	5	0	269	249	33	59	16	290	613	136	20	48	12	8	162	6	35	75	1017	339	8	0	64	68	319	17	108	31	95	8	33	5	125	144	55	1263	124	143	79	127	451	129	29	4	97	14	239	456	160	35	7
OTU_1047	OTU_1047	0	0	0	0	0	0	0	0	0	0	0	0	0	0	0	0	0	0	0	0	0	0	0	0	0	0	0	0	0	0	0	0	0	0	0	0	0	0	0	0	0	0	0	0	0	0	0	0	0	0	0	0	0	0	0	0	0	0	0	0	0	0	0	0	0	0	0	0	0	0	0	0	0	0	0	0	0	0	0	0	0	0	0	0	0	0	0	0	0	0	0	0	0	0	0	0	0	0	0	0	0	0	0	0	0	0	0	0	0	0	0	0	0	0	0	0	0	0	0	0	0	0	0	0	0	0	0	0	0	0	0	0	0	0	0	0	0	0	0	0	0	0	0	0	0	0	0	0	0	0	0	0	0	0	0	0	0	0	0	0	0	0	0	0	0	0	0	0	0	0	0	1
OTU_1048	OTU_1048	0	0	0	0	0	0	0	0	0	0	0	0	0	0	0	0	0	0	0	0	0	0	0	0	0	0	0	0	0	0	0	0	0	0	0	1	0	0	0	0	0	0	0	0	0	0	0	0	0	0	0	0	0	0	0	0	0	0	0	0	0	0	0	0	0	0	0	0	0	2	0	0	0	0	0	0	0	0	0	0	0	0	0	0	0	0	0	0	0	0	0	0	0	0	0	0	0	0	0	0	0	0	0	0	0	0	0	0	0	0	0	0	0	0	0	0	0	0	0	0	0	0	0	0	0	0	0	0	0	0	0	0	0	0	0	0	0	0	0	0	0	0	0	0	0	0	0	0	0	0	0	0	0	0	0	0	0	0	0	0	0	0	0	0	0	0	0	0	0	0	0	0
OTU_1053	OTU_1053	0	0	0	0	0	0	0	0	0	0	0	0	0	0	0	0	0	0	0	0	0	0	0	0	0	0	0	0	0	0	0	0	0	0	0	0	0	0	0	0	0	0	0	0	0	0	0	0	0	0	0	0	0	0	0	0	0	0	0	0	0	0	0	0	0	0	0	0	0	0	0	0	0	0	0	0	0	0	0	0	0	0	0	0	0	0	0	0	0	0	0	0	0	0	0	0	0	0	0	0	0	0	0	0	0	0	0	0	0	0	0	0	0	0	0	0	0	0	0	0	0	0	0	0	0	0	0	0	0	0	0	0	0	0	0	0	0	0	0	0	0	0	0	0	0	6	0	0	0	0	0	0	0	0	0	0	0	0	0	0	0	0	0	0	0	0	0	0	12	0	0	0
OTU_1057	OTU_1057	0	0	0	0	0	0	0	0	0	0	1	0	0	0	0	0	0	0	0	0	0	0	0	0	0	0	0	0	0	0	0	0	0	0	0	0	0	0	0	0	0	0	0	0	0	0	0	0	0	0	0	0	0	0	0	0	0	0	0	0	0	0	0	1	0	0	0	0	0	0	0	0	0	0	0	0	0	0	0	0	0	0	0	0	0	0	0	0	0	0	0	1	0	0	0	0	0	0	0	0	0	0	0	0	0	0	0	0	0	0	0	0	0	0	0	0	0	0	0	0	0	0	0	0	0	0	0	0	0	0	0	0	0	0	0	0	0	0	1	0	1	0	0	0	0	0	0	0	0	0	0	0	0	0	0	0	0	0	0	0	0	0	0	0	0	0	0	0	0	0	0	0
OTU_1059	OTU_1059	0	0	0	0	0	0	0	0	0	0	0	0	0	0	0	0	0	0	0	0	0	0	0	0	0	0	0	0	0	0	0	0	0	0	0	0	0	0	0	0	0	0	0	0	0	0	0	0	1	0	0	0	0	0	0	0	0	0	0	1	0	0	0	0	0	0	0	0	1	0	0	1	0	0	0	0	0	0	0	0	1	1	0	0	0	0	0	0	0	0	0	0	0	0	0	0	0	0	0	0	0	0	1	0	0	0	0	0	0	0	0	0	0	0	0	1	0	0	2	0	0	0	0	0	0	1	0	0	0	0	0	0	0	2	0	0	0	0	0	0	0	0	0	0	1	1	0	0	0	0	0	0	0	1	0	0	1	0	0	0	0	0	0	0	0	0	0	0	0	0	0	0
OTU_1062	OTU_1062	0	0	0	0	0	0	0	0	0	0	0	0	0	0	0	0	0	0	0	0	0	0	0	0	0	0	0	0	0	0	0	0	0	0	0	0	0	119	0	0	0	0	0	0	0	0	0	0	0	0	0	0	0	0	0	0	0	0	0	0	0	0	0	0	0	0	0	0	0	0	0	0	0	0	0	0	0	0	0	0	0	0	0	0	0	0	0	0	0	0	0	0	0	0	0	0	0	0	0	0	0	0	0	0	0	0	0	0	0	0	0	0	0	0	0	0	0	0	0	0	0	0	0	0	0	0	0	0	0	0	0	0	0	0	0	0	0	0	0	0	0	0	0	0	0	0	0	0	0	0	0	0	0	0	0	0	0	0	0	0	0	0	0	0	0	0	0	0	0	0	0	0
OTU_1064	OTU_1064	1	0	0	0	0	0	0	0	0	0	0	0	0	0	0	0	0	0	0	0	0	0	0	0	0	11	0	0	0	0	0	0	0	0	0	0	0	0	0	0	0	0	0	0	0	0	0	2	0	0	0	0	0	0	0	0	0	0	0	1	0	0	0	0	0	0	0	0	0	0	0	0	0	0	0	0	0	0	0	0	0	0	0	0	0	0	0	0	0	0	0	1	0	0	0	0	0	0	0	0	0	0	0	0	0	0	0	0	0	0	0	0	0	0	0	0	0	0	0	0	1	0	0	0	0	0	0	0	1	0	0	0	0	0	0	0	1	0	0	0	0	0	0	0	0	0	0	0	0	0	0	0	0	0	0	0	0	0	0	1	1	0	0	0	0	0	0	0	0	0	0	0
OTU_1066	OTU_1066	2	33	0	3	0	0	11	4	17	0	0	0	0	1	2	9	2	146	3	0	0	0	0	50	1	0	186	0	0	0	13	1	87	0	153	69	2	12	0	1	0	0	1	10	0	0	14	0	0	0	0	10	41	17	1	0	6	1	2	1	0	0	0	24	0	9	0	5	0	8	2	1	0	3	0	0	0	0	0	0	3	0	5	1	1	3	1	23	3	0	0	0	0	1	2	0	2	0	0	4	0	2	0	2	0	0	3	0	1	1	0	0	0	0	0	2	11	8	0	2	0	0	0	1	16	2	5	0	1	2	10	0	4	89	0	6	1	117	0	3	2	2	0	1	1	0	0	0	0	0	1	0	8	0	5	2	15	13	0	0	5	7	6	0	2	1	0	1	0	0	2	0
OTU_1067	OTU_1067	0	0	0	0	0	0	0	0	0	0	0	0	0	0	0	0	0	0	0	0	0	0	0	0	0	0	0	0	0	0	0	0	0	0	0	0	0	0	0	0	0	0	0	0	0	0	0	0	0	0	0	0	0	0	0	0	0	0	0	0	0	0	0	0	0	0	0	0	0	0	0	0	0	0	0	0	0	0	0	0	0	0	0	0	0	0	0	0	0	0	0	0	0	0	0	0	0	0	1	0	0	0	0	0	0	0	5	0	0	0	0	0	0	0	0	3	0	0	0	0	0	0	0	0	0	0	0	0	0	0	0	0	0	0	1	0	0	0	0	0	0	0	0	0	0	0	0	0	0	0	0	0	0	0	0	0	0	0	0	0	0	0	0	0	0	0	0	0	0	0	0	0
OTU_1070	OTU_1070	0	0	0	0	0	0	0	0	4	0	0	0	0	0	0	0	0	0	0	0	0	0	0	0	0	0	0	0	0	0	0	0	0	0	0	0	0	0	0	0	0	0	0	0	0	0	0	0	0	0	0	0	0	0	0	0	0	0	0	0	0	0	0	0	0	0	0	0	0	0	0	0	0	0	0	0	0	0	0	0	0	0	0	0	0	0	0	0	0	0	0	0	0	0	0	0	0	0	0	0	0	0	0	0	0	0	0	0	0	0	0	0	0	0	0	0	0	0	0	0	0	0	0	0	0	0	0	0	0	0	0	0	0	0	0	0	0	0	0	0	0	0	0	0	0	0	0	0	0	0	0	0	0	0	0	0	0	0	0	0	0	0	0	0	0	0	0	0	0	0	0	0
OTU_1071	OTU_1071	2	0	0	0	0	0	0	0	0	0	0	0	0	0	0	0	0	0	0	0	1	0	0	0	0	0	1	0	0	0	0	0	0	0	0	0	0	0	1	0	0	0	1	0	0	0	0	0	0	0	0	0	0	0	0	0	0	0	0	0	0	0	0	0	0	0	0	0	0	0	0	0	0	0	1	0	0	0	0	0	0	0	0	0	0	0	0	0	0	0	0	0	0	1	0	0	0	0	0	0	0	0	0	0	0	0	0	0	0	0	0	0	0	0	1	2	0	0	0	0	2	1	0	0	0	0	0	0	0	0	0	0	0	0	0	0	0	0	0	0	0	0	0	0	0	1	0	0	1	0	0	0	0	0	0	1	0	0	0	0	0	0	0	0	1	0	0	0	0	0	0	0
OTU_1072	OTU_1072	6	5	2	2	0	0	6	19	6	0	19	26	2	86	2	3	1	29	2	3	1	19	0	30	8	1	16	39	1	1	1	0	7	3	979	76	0	14	0	1	2	0	3	55	5	0	0	1	0	6	3	23	14	7	4	1	0	8	2	0	9	0	1	2	5	16	1	5	44	26	28	0	1	55	0	0	0	0	0	1	7	0	8	20	101	8	7	64	1	2	0	0	0	16	8	87	1	29	44	49	294	31	914	4	20	1854	23	26	20	13	11	681	5	183	4	42	7	5	2	1	1297	9	0	4	4	5	21	24	3	6	34	1094	19	171	21	0	8	54	2	398	42	10	0	25	6	6	16	14	30	2279	3	2	3	17	73	14	13	3	1	43	53	40	1335	33	0	5	87	91	37	0	13	4
OTU_1076	OTU_1076	0	0	1	0	0	0	0	0	0	0	0	0	0	0	0	0	0	0	0	0	0	0	0	0	0	0	0	0	0	0	0	0	0	0	0	0	0	0	0	0	0	0	0	0	0	0	0	0	0	0	0	0	0	0	0	0	0	0	0	0	0	0	0	0	0	0	0	0	0	0	0	0	0	0	0	0	0	0	0	0	0	0	0	0	0	0	0	0	0	0	0	0	0	0	0	0	0	0	0	0	0	1	0	0	0	0	0	0	0	1	0	0	0	0	0	0	0	0	0	0	0	0	0	0	0	0	0	0	1	0	0	0	0	0	0	0	0	0	0	0	0	0	0	0	0	0	0	0	0	0	0	0	0	0	0	0	0	0	0	0	0	0	0	0	0	0	0	0	0	0	0	0
OTU_1077	OTU_1077	3	71	4	6	1	0	1473	21	36	2	122	2	0	63	247	2	1	252	5	1	11	480	1	0	6	5	0	9	4	1	4306	2	3	73	5	4	40	17	4	3	12	0	4	0	669	24	11	313	1	38	12	8	2	1361	2	4	4	1	1	3	0	4	4	2816	22	1274	30	158	11	590	2	4	19	3374	0	5	1257	3	3	6	25	0	5	16	2001	110	3	0	0	1	15	0	0	23	9	1	2	0	14	3	0	91	7	9	27	24	16	104	2	13	13	127	1	25	5	33	6	2	1	0	2	47	2	39	13	1	6	0	0	0	129	1	33	41	1	13	2	0	45	8	0	5	7	73	107	0	1	0	2749	0	5	6	0	0	7	3	577	762	0	9	0	2	0	6	0	1362	0	2028	3	3	0	7
OTU_1078	OTU_1078	0	0	0	0	0	0	0	0	0	0	0	0	0	0	0	0	0	0	0	0	0	0	0	0	0	0	0	0	0	0	0	0	0	0	0	0	0	0	0	0	0	0	0	0	0	0	0	0	0	0	0	0	0	0	0	0	0	0	0	0	0	0	0	0	0	0	0	0	0	0	0	0	0	0	0	0	0	0	0	0	0	0	0	0	0	0	0	0	0	0	0	0	0	0	0	0	0	0	0	0	0	0	0	0	0	0	0	0	0	0	0	0	0	0	0	0	0	0	0	0	0	0	0	0	0	0	0	0	0	0	0	0	0	0	0	0	0	0	0	0	0	0	0	0	0	0	0	0	0	0	0	0	0	0	0	0	0	1	0	0	0	0	0	0	0	0	0	0	0	0	0	0
OTU_1081	OTU_1081	0	0	0	0	0	0	0	0	0	0	0	0	0	0	0	0	0	0	0	0	0	0	0	0	0	0	0	0	0	0	0	0	0	0	0	0	0	0	0	0	0	0	0	0	0	0	0	0	0	0	0	0	0	0	0	0	0	0	0	0	0	0	0	0	0	0	0	0	0	0	0	0	0	0	0	0	0	0	0	0	0	0	0	0	0	0	0	0	0	0	0	0	0	0	0	0	0	0	0	0	0	0	0	0	0	0	0	0	0	0	0	0	0	0	0	0	0	0	0	0	0	0	0	0	0	0	0	0	0	0	0	0	0	0	0	0	0	0	0	0	0	0	0	0	0	0	0	0	0	0	0	0	0	0	0	0	0	0	0	0	0	0	0	0	0	0	0	0	0	4	0	0
OTU_1084	OTU_1084	0	0	0	0	0	0	0	0	0	0	0	0	0	0	0	0	0	0	0	0	0	0	0	0	0	0	0	0	0	0	0	0	0	0	0	0	0	0	0	0	0	0	0	0	0	0	0	0	0	0	0	0	0	0	0	0	0	0	0	0	0	0	0	0	0	0	0	0	0	0	0	0	0	0	0	0	0	0	0	0	0	0	0	0	0	0	0	0	0	0	0	0	0	0	0	0	0	0	0	0	0	0	0	0	0	0	0	0	0	0	0	0	0	0	0	0	0	0	0	0	0	0	0	0	0	0	0	0	0	0	0	0	0	0	0	0	0	0	0	0	0	0	0	0	0	0	0	0	3	0	0	0	0	0	0	0	0	0	0	0	0	0	0	0	0	0	0	0	0	0	0	0
OTU_1086	OTU_1086	0	0	0	0	0	0	0	1	4	0	0	10	0	1	0	0	0	0	0	0	0	0	0	0	1	2	0	0	0	0	0	0	0	7	0	0	0	0	3	0	0	0	1	0	0	0	0	1	0	0	1653	0	0	0	1	0	0	0	1	0	0	0	1	48	1	0	0	0	0	0	0	0	1	9	0	0	0	0	0	0	0	0	0	0	0	0	0	0	1	0	0	1	0	0	0	0	0	0	0	0	0	0	0	2	0	0	0	0	0	0	3	0	0	0	0	0	2	0	0	1	0	1	0	3	0	0	0	0	0	0	0	0	0	0	0	0	0	0	1	6	0	525	0	0	0	6	2	0	0	0	0	0	0	0	0	0	19	0	0	0	0	0	0	306	0	1	0	1	2	0	0	0
OTU_1088	OTU_1088	0	0	0	0	0	2	0	0	0	0	0	0	0	0	0	0	0	0	0	0	26	0	0	0	0	0	0	0	0	0	0	0	0	0	1	0	0	0	0	0	0	0	0	0	0	0	0	0	0	0	0	0	0	0	0	0	0	0	0	0	0	0	0	0	0	0	0	0	0	0	0	0	0	0	0	0	0	0	0	0	0	0	0	0	0	0	0	0	0	0	0	0	14	0	0	0	0	0	1	0	0	0	0	7	0	0	0	0	0	0	0	0	20	0	0	0	0	0	0	0	0	28	0	0	0	0	0	0	0	0	0	0	0	0	0	0	0	0	0	3	0	175	0	0	0	0	0	0	0	0	0	0	0	0	1	0	0	0	1	0	0	0	0	1	0	0	0	0	0	0	0	0
OTU_1089	OTU_1089	5	1	14	2	0	0	1	2	6	1	0	0	0	4	8	0	16	0	12	0	1	0	0	2	1	2	0	2	0	2	3	0	1	2	3	2	0	1	4	0	0	1	3	1	7	0	2	1	0	6	2	0	2	0	3	2	1	0	2	2	2	2	6	11	4	0	3	5	0	1	3	1	0	3	1	0	3	1	2	1	0	0	2	1	7	1	2	0	0	1	1	1	0	0	3	0	0	0	2	0	1	0	0	5	0	0	0	0	0	0	6	0	1	3	1	0	1	2	0	0	1	1	0	14	2	1	4	0	1	0	5	0	0	0	0	1	1	0	1	5	5	1	0	0	0	0	0	0	0	0	7	2	0	0	0	2	1	1	0	0	0	0	0	2	0	0	0	10	0	0	0	12
OTU_1090	OTU_1090	4	124	143	22	1	0	471	65	49	7	0	102	1	85	145	16	136	297	22	0	19	5	4	50	23	119	20	4	33	0	116	2	65	7	52	10	5	4	4	1	2	21	131	4	20	19	79	70	0	1	8	19	21	163	0	8	15	6	22	4	34	2	20	443	6	33	42	12	0	33	52	1	11	11	20	2	173	31	1	0	4	0	1	2	72	106	16	0	0	0	1	0	0	2	1	0	0	0	14	22	27	9	40	6	0	0	8	10	54	21	4	2	7	3	0	16	7	69	0	0	0	23	2	37	296	0	250	1	4	0	59	0	14	2	0	12	1	0	9	7	32	3	1	4	5	15	0	22	8	1	7	1	84	47	1	1	223	16	5	5	17	3	3	1	0	66	0	48	9	40	0	110
OTU_1094	OTU_1094	12	157	90	15	29	1	76	147	24	308	123	1339	104	925	331	45	198	37	65	9	116	59	204	318	52	136	726	598	31	301	75	205	237	42	155	32	70	141	13	7	3	1060	4134	67	133	184	29	80	69	773	39	53	619	150	6	8	59	42	175	14	146	10	19	304	8	15	12	59	2	218	1839	1	11	39	53	4	10	80	3	32	460	121	37	4	324	156	279	23	56	0	10	33	16	14	8	41	11	43	350	99	183	11	58	62	21	53	24	1491	458	337	96	11	45	8	3	10	302	134	6	77	18	25	162	79	750	31	652	3	66	53	437	21	145	7	45	65	30	4	459	61	20	18	3	21	92	110	438	130	58	10	219	8	232	124	70	75	783	655	46	23	47	139	14	496	23	83	4	155	117	657	90	19
OTU_1095	OTU_1095	5	5	4	4	0	3	0	4	8	4	1	0	3	1	3	1	5	1	1	4	3	2	2	1	6	10	1	2	1	2	6	2	1	14	1	0	17	2	5	3	3	6	1	0	1	3	6	4	1	1	9	4	2	1	11	3	4	2	2	7	1	3	2	13	1	5	4	0	2	1	1	22	20	14	6	5	4	12	4	17	10	0	1	1	4	11	0	1	0	0	5	3	1	0	2	1	0	0	1	0	0	0	1	0	0	0	0	1	3	0	3	0	1	0	0	0	0	1	0	2	1	3	1	4	2	2	5	3	1	0	0	0	0	1	1	0	1	0	1	0	1	1	8	0	2	0	2	0	1	0	2	0	3	0	1	0	2	2	0	0	0	0	0	0	0	1	1	1	0	0	0	11
OTU_1096	OTU_1096	0	0	0	0	0	0	0	0	0	0	0	0	0	0	0	0	0	0	0	0	0	0	0	0	0	0	0	0	0	0	0	0	0	0	0	0	0	0	0	0	0	0	0	0	0	0	0	0	1	0	0	0	0	0	0	0	0	0	0	0	0	0	0	0	0	0	0	0	0	0	0	0	0	0	0	0	0	0	0	0	0	0	0	0	0	0	0	0	0	0	0	0	0	0	0	0	0	0	0	0	0	0	0	0	1	0	0	0	0	0	0	0	0	0	0	0	0	0	0	0	0	0	0	0	0	0	0	0	0	0	0	0	1	0	0	0	0	0	0	0	0	0	0	0	0	0	0	0	0	0	0	0	0	0	0	0	0	0	0	0	0	0	0	0	0	0	0	0	0	0	0	1
OTU_1097	OTU_1097	2	0	2	0	3	1	0	0	2	0	0	0	0	0	385	4	0	1	0	0	0	0	25	2	0	1	0	3	0	0	318	0	0	23	1	0	0	0	3	1	1	0	0	0	2	1	377	0	11	2	0	1	0	0	1	3	0	0	158	0	0	0	1	0	0	2	0	0	0	1	0	0	0	59	1031	0	1	1	1	0	0	0	0	2	384	0	52	0	1	0	0	0	0	0	1	0	1	0	0	202	41	0	0	0	0	0	0	0	184	45	10	1	2	0	0	39	16	0	0	0	0	3	1	1	2	1	0	0	0	0	146	3	31	0	0	0	0	0	4	0	0	0	0	1	2	0	0	0	1	0	0	1	0	0	0	1	0	0	0	0	49	49	67	0	1	0	1	235	0	2	0	0
OTU_1098	OTU_1098	0	0	0	0	0	0	0	1	0	0	0	4	1	7	0	0	1	1	0	1	0	1	0	1	0	0	0	0	0	0	0	0	1	0	4	5	0	0	0	0	0	1	6	0	1	0	0	1	1	2	0	0	1	0	0	0	0	0	2	1	1	0	0	0	3	0	0	1	0	1	8	0	0	0	0	0	0	1	0	0	0	0	1	1	1	0	1	0	0	0	1	0	0	0	0	0	2	0	2	2	1	0	1	8	0	0	6	5	1	0	0	0	0	23	0	1	8	1	0	0	0	0	1	1	6	0	2	1	0	0	2	0	0	0	1	0	2	0	2	2	0	2	0	0	0	0	1	0	0	1	2	0	1	0	73	2	4	0	0	4	1	0	1	2	1	0	4	2	6	2	0	0
OTU_1099	OTU_1099	0	0	0	0	0	0	0	0	0	0	0	0	0	0	0	0	0	0	0	0	0	0	0	0	0	0	0	0	0	0	0	0	1	0	0	0	0	0	0	0	0	0	0	0	0	0	0	0	0	0	0	0	0	0	0	0	0	0	0	0	0	0	0	0	0	1	0	0	0	0	0	0	0	0	0	0	0	0	0	0	0	0	0	0	0	0	0	0	0	0	0	0	0	0	0	0	0	0	0	0	0	0	0	0	0	0	0	0	0	0	0	0	0	0	0	0	0	0	0	0	0	0	0	0	0	0	0	0	0	0	0	0	0	0	0	0	0	0	0	0	0	0	0	0	0	0	0	0	0	0	0	0	0	0	0	0	0	0	0	0	0	0	0	0	0	0	0	0	0	0	0	0
OTU_1102	OTU_1102	0	0	0	0	0	0	0	0	0	0	0	0	0	0	0	0	0	0	0	0	0	0	0	0	0	0	0	0	0	0	0	0	0	0	0	0	0	0	0	0	0	0	0	0	0	0	0	0	0	0	0	0	0	0	0	0	0	0	0	0	0	0	0	0	0	0	0	0	0	0	0	0	0	0	0	0	0	0	0	0	0	0	0	0	0	0	0	0	0	0	0	0	0	0	0	0	0	0	0	0	0	0	0	0	0	0	0	0	0	0	0	0	0	0	0	0	0	0	0	0	0	0	0	0	0	0	0	0	0	0	0	0	0	0	0	0	0	0	0	0	0	0	0	0	0	0	0	0	0	0	0	0	0	0	0	1	0	0	1	0	0	0	0	0	0	0	0	0	0	0	0	0
OTU_1103	OTU_1103	0	0	0	0	0	0	0	0	0	0	0	0	0	0	0	0	1	4	0	0	0	0	0	0	0	0	0	0	0	0	0	2	0	2	0	0	0	0	0	0	0	0	0	0	0	0	0	0	0	10	0	0	0	0	0	0	0	0	0	0	0	0	0	0	0	0	0	0	0	0	0	0	0	1	0	0	0	0	0	1	0	0	0	0	0	0	0	0	0	0	0	0	0	0	0	0	0	0	0	0	0	41	0	0	0	0	0	0	0	6	0	0	1	0	0	92	0	11	0	0	0	0	0	0	0	2	0	0	0	0	0	0	0	0	0	0	0	0	0	0	0	0	0	0	2	0	0	0	0	0	0	0	0	0	0	0	0	0	0	0	0	0	0	0	0	311	0	0	0	0	18	0
OTU_1104	OTU_1104	25	3	10	79	23	1	2	9	6	5	18	2	5	2	9	3	32	0	3	6	16	3	11	0	9	11	0	1	17	2	4	7	11	5	4	3	9	0	3	2	109	25	3	3	5	4	3	10	7	0	10	6	8	4	16	11	5	7	0	3	3	4	5	3	7	35	35	4	4	3	2	3	49	5	12	241	0	6	5	6	14	1	3	3	6	6	9	1	0	0	9	1	0	1	6	4	1	2	3	3	6	2	3	1	1	3	5	12	3	4	13	8	1	1	9	0	0	4	3	11	3	18	3	11	8	8	31	0	2	1	1	0	0	7	3	0	2	0	19	3	3	10	10	0	4	4	8	2	1	3	4	1	0	2	4	1	3	10	0	5	1	0	0	11	2	6	1	6	4	1	1	17
OTU_1105	OTU_1105	0	0	0	0	0	0	0	0	0	0	0	0	0	0	0	0	0	0	0	0	0	0	0	0	0	0	0	0	0	0	0	0	0	0	0	0	0	0	0	0	0	0	0	0	0	0	0	0	0	0	0	0	0	0	0	0	0	0	0	0	0	0	0	0	0	0	0	0	0	0	0	0	0	0	0	0	0	0	0	0	0	0	0	0	0	0	0	0	0	0	0	0	0	0	0	0	0	0	0	0	0	0	0	0	0	0	0	0	0	0	0	0	0	0	0	0	0	0	0	0	0	0	0	0	0	0	0	0	0	0	0	0	7	0	0	0	0	0	0	0	0	0	0	0	0	0	0	0	0	0	0	0	0	0	0	0	0	0	0	0	0	0	0	0	0	0	0	0	0	0	0	0
OTU_1106	OTU_1106	0	0	0	0	0	0	0	0	0	0	0	0	0	0	0	0	0	0	0	0	0	0	0	0	0	0	0	0	0	0	0	0	0	0	0	0	0	0	0	0	0	0	0	0	0	0	0	1	1	0	0	0	0	0	0	0	0	0	0	0	0	0	0	0	0	0	0	0	0	0	0	0	0	0	0	0	0	0	0	0	0	0	0	0	0	0	0	0	0	0	0	0	0	0	0	0	0	0	0	0	0	0	0	0	0	0	0	0	0	0	0	0	0	0	0	0	0	0	0	0	0	0	0	0	0	0	0	0	0	0	0	0	0	0	0	0	0	0	0	0	0	0	0	0	0	1	0	0	0	0	0	0	0	0	0	0	0	0	0	0	0	0	0	0	0	0	0	0	0	0	0	0
OTU_1108	OTU_1108	0	1	0	3	1	3	3	0	2	0	0	0	0	0	18	49	22	0	2	0	0	7	0	25	0	1	1	0	0	1	1	0	1	3	0	2	4	12	2	0	3	4	1	2	2	0	2	0	1	3	3	1	14	5	0	0	0	0	35	0	0	0	0	347	10	0	12	3	0	4	0	0	0	16	0	0	0	27	0	0	0	2	0	0	0	1	2	2	0	0	0	0	0	0	0	0	0	0	0	0	0	4	0	0	0	0	2	27	0	1	1	0	0	0	0	3	1	1	0	0	0	1	4	9	0	0	200	0	1	0	2	0	1	0	0	1	0	0	2	0	2	0	1	0	0	0	0	0	0	0	1	0	17	1	4	0	24	0	4	0	2	0	0	0	0	2	0	3	0	1	0	0
OTU_1109	OTU_1109	0	0	0	13	0	0	0	0	0	0	0	0	0	0	0	0	0	0	0	0	0	0	0	631	0	0	0	0	0	0	6	0	0	0	0	0	0	0	1	0	0	0	0	0	0	0	20	0	0	0	0	0	0	0	0	0	0	0	0	0	0	0	0	0	0	1	0	42	0	0	0	0	0	0	0	1	0	1	0	0	0	0	0	0	0	0	75	0	0	0	0	0	0	0	0	0	0	0	8	0	0	0	0	0	0	0	78	0	0	0	0	0	0	0	0	1	20	0	0	0	0	3	0	0	0	0	0	0	0	0	1	0	0	0	13	0	0	0	0	0	0	1	0	0	0	0	0	37	0	0	0	0	0	0	24	0	0	0	0	0	0	0	0	0	0	6	0	0	0	0	0	1
OTU_1113	OTU_1113	1	3	2	10	1	0	0	0	7	0	0	0	0	1	0	0	0	0	3	0	13	0	0	11	2	0	0	0	3	12	1	2	33	52	2	0	0	9	1	0	3	1	0	1	3	29	3	0	0	12	0	3	1	5	0	1	2	0	0	0	0	0	0	1	0	8	0	15	0	25	0	0	1	13	0	0	0	3	0	5	0	15	2	0	1707	0	3771	1	1	18	0	0	0	1	1	0	0	0	0	3	32	46	0	58	0	0	0	9	0	0	3	2	1	3	0	33	0	0	0	0	0	67	6	4	361	0	2	0	2	0	0	0	32	0	0	0	1	0	1	8	4	0	0	0	1	1	0	0	0	0	17	2	0	0	0	2	0	4	1	0	0	0	0	7	0	113	0	839	0	0	0	2823
OTU_1114	OTU_1114	0	0	0	0	0	0	0	0	0	0	0	0	0	0	0	0	0	0	0	0	0	0	0	0	0	0	0	0	0	0	0	0	0	0	0	0	0	0	0	0	0	0	0	0	0	0	0	0	0	0	0	0	0	0	0	0	0	0	0	0	0	0	0	0	0	0	0	0	0	0	0	0	0	0	0	0	0	0	0	0	0	0	0	0	0	0	0	0	0	0	0	0	0	0	0	0	0	0	0	0	0	0	0	0	0	0	0	0	0	0	0	0	0	0	0	0	0	0	0	0	0	0	0	0	0	0	0	0	6	0	0	0	0	0	0	0	0	0	0	0	0	0	0	0	0	0	0	0	0	0	0	0	0	0	0	0	0	0	0	0	0	0	0	0	0	0	0	0	0	0	0	0
OTU_1115	OTU_1115	0	0	0	1	0	0	0	0	0	0	0	0	0	0	0	0	0	0	0	0	0	0	0	0	0	0	0	0	2	0	0	0	0	0	0	0	0	0	0	0	0	0	0	0	0	0	0	0	0	0	0	0	0	1	0	0	0	0	0	0	0	0	0	0	0	0	0	0	0	0	0	0	0	0	0	0	0	0	0	0	0	0	0	0	0	0	0	0	0	0	0	0	0	0	0	0	0	0	0	0	0	0	0	0	0	0	0	0	0	0	0	0	0	0	0	0	0	0	0	0	0	0	0	0	0	0	0	0	0	0	0	0	0	0	0	0	0	1	0	0	0	0	0	0	0	0	0	0	0	0	0	0	0	0	0	0	0	0	0	0	0	1	0	0	0	0	0	0	0	0	0	0
OTU_1116	OTU_1116	0	0	0	0	0	0	0	0	0	0	0	0	0	0	0	0	0	0	0	0	0	0	0	0	0	0	0	0	0	0	0	0	0	0	0	0	0	0	0	0	0	0	0	0	0	0	0	1	0	0	0	0	0	0	0	0	0	0	0	0	0	0	0	0	0	1	0	0	0	0	0	0	0	0	0	0	0	0	0	0	0	0	0	0	0	0	0	0	0	0	0	0	0	0	0	0	0	0	0	0	0	0	1	0	0	0	0	0	0	0	0	0	1	0	0	1	0	0	0	0	0	0	0	0	0	0	0	0	0	0	0	0	0	0	0	0	0	0	0	0	0	0	0	0	0	0	0	0	0	0	0	0	0	0	0	0	0	0	0	0	0	0	0	1	0	0	0	0	0	0	0	0
OTU_1118	OTU_1118	1	0	0	1	1	0	0	0	5	0	0	0	0	2	0	2	2	2	4	0	0	0	0	0	0	6	0	1	2	0	0	0	0	0	5	2	0	0	0	0	0	0	0	1	1	2	0	1	0	5	0	0	0	2	0	0	0	0	3	1	0	0	0	12	0	2	0	2	0	0	2	0	0	0	0	1	0	36	0	0	2	0	0	0	0	1	0	0	0	0	0	0	3	3	0	0	0	0	6	0	2	1	0	1	1	1	0	4	1	0	1	0	217	0	0	0	0	0	0	0	0	0	0	2	3	0	11	0	18	0	0	0	0	0	0	5	0	0	0	33	1	0	0	2	0	1	0	1	10	0	0	1	4	0	0	0	6	6	0	0	0	0	0	1	0	0	0	0	0	0	0	4
OTU_1119	OTU_1119	2	48	49	3	2	0	1	15	26	6	2	97	3	93	1	109	59	55	17	0	118	2	2	2	0	5	7	3	3	0	4	0	4	37	6	56	11	82	2	7	4	82	3	4	30	41	107	2	1	23	0	10	2	3	5	4	19	4	35	0	26	0	5	0	38	3	9	5	1	1	30	1	1	12	0	0	20	18	0	1	0	5	2	0	65	28	0	10	1	1	3	0	2	46	9	2	82	62	214	1	2	92	49	33	74	17	38	42	12	8	9	9	2250	183	6	23	23	3	0	0	0	33	0	48	23	11	39	17	124	59	83	3	32	11	2	3	109	12	74	24	304	6	0	4	1	458	1	181	3	7	2	36	24	162	20	5	112	11	64	56	38	500	0	13	1	24	28	62	699	329	4	3
OTU_1121	OTU_1121	2	10	1	2	0	0	3	27	3	5	0	13	5	40	0	1	4	3	5	0	8	6	18	1	7	1	173	3	1	26	9	1	2	2	29	32	3	4	5	2	0	0	33	4	27	3	0	1	1	41	0	1	2	0	2	0	4	4	1	6	12	1	19	1	3	0	6	3	0	4	7	1	0	2	2	2	0	1	0	1	5	6	1	0	13	46	2	0	10	1	2	5	1	5	3	8	7	8	14	2	12	1	1	16	0	4	4	5	3	1	7	4	2	25	0	0	82	5	0	1	3	1	4	11	32	3	5	73	2	6	4	1	0	3	19	3	16	2	12	59	3	12	3	1	1	9	8	12	55	11	16	24	6	6	19	3	32	3	2	0	1	14	1	2	0	0	118	21	30	7	3	2
OTU_1124	OTU_1124	0	0	0	0	0	0	0	0	1	1	0	2	0	6	0	0	1	14	1	0	0	0	0	0	0	0	0	0	0	0	3	0	0	0	1	0	0	1	0	0	0	2	0	0	4	0	0	0	0	0	0	0	0	0	0	0	0	0	0	0	0	0	0	0	0	0	1	0	0	3	3	0	0	1	0	0	0	0	0	2	0	0	0	0	3	0	0	0	0	0	0	0	1	0	0	1	0	0	1	1	0	1	4	83	0	0	4	2	0	0	0	0	0	0	0	0	0	0	0	0	1	0	0	0	0	0	1	0	26	1	0	0	0	3	0	28	0	0	2	1	4	0	0	4	0	1	1	0	1	0	0	0	1	0	0	0	552	0	13	4	2	0	0	0	0	0	0	5	0	0	0	0
OTU_1125	OTU_1125	0	0	0	0	0	0	0	0	0	0	0	0	0	0	6	0	0	0	0	0	0	0	0	0	0	0	0	0	0	0	0	0	0	0	0	0	0	4	0	0	0	0	0	0	0	0	0	0	0	0	0	0	0	0	0	0	0	0	0	0	0	0	0	0	0	0	0	0	0	0	0	0	0	0	0	0	0	0	0	0	0	0	0	0	0	0	0	0	0	0	0	0	0	0	0	0	0	0	0	0	0	0	0	0	0	0	0	0	0	0	0	0	0	0	0	0	0	0	0	0	0	0	0	0	0	0	0	0	0	0	0	0	0	0	0	0	0	0	0	0	0	0	0	0	0	0	0	0	0	0	0	0	0	0	0	0	0	0	0	0	0	0	0	0	0	0	0	0	0	0	0	0
OTU_1126	OTU_1126	0	0	0	0	0	0	0	0	0	0	0	0	0	0	0	0	0	0	0	0	0	0	0	0	0	0	0	0	0	0	0	0	0	0	0	0	0	0	0	0	0	0	0	0	0	0	0	0	0	0	0	0	0	0	0	0	0	0	0	0	0	0	0	0	0	0	0	0	0	0	0	0	0	0	0	0	0	0	0	0	0	0	0	0	0	0	0	0	0	0	0	0	0	0	0	0	0	0	0	0	0	0	0	0	0	0	0	0	0	0	0	0	0	0	0	0	0	0	0	0	0	0	0	0	0	0	0	0	0	0	0	0	0	0	0	0	0	0	0	0	0	1	0	0	0	0	0	0	0	0	0	0	0	0	0	0	0	0	0	0	0	0	0	0	0	0	0	0	0	0	0	0
OTU_1127	OTU_1127	0	0	0	0	0	0	0	0	0	0	0	0	0	0	0	0	0	0	0	0	0	0	0	0	0	0	0	0	0	0	0	0	0	0	0	0	0	0	0	0	0	0	0	0	0	0	0	0	0	0	0	0	0	0	0	0	0	0	0	0	0	0	0	0	0	0	0	0	0	0	0	0	0	0	0	0	0	0	0	0	0	0	0	0	0	0	0	0	0	0	0	0	0	0	0	0	0	0	0	0	0	0	0	0	0	0	0	0	0	0	0	0	0	0	0	0	0	0	0	0	0	0	0	0	0	0	0	0	7	0	0	0	0	0	0	0	0	0	0	0	0	0	0	0	0	0	0	0	0	0	0	0	0	0	0	0	0	0	0	0	0	0	0	0	0	0	0	0	0	0	0	0
OTU_1129	OTU_1129	0	0	0	0	0	72	0	2	1	0	0	0	0	1	0	0	0	0	0	0	0	0	1	0	0	1	1	0	0	1	0	0	0	0	0	0	0	0	3	2	1	0	0	1	0	0	0	5	0	1	3	1	2	0	7	0	0	0	0	0	0	0	7	0	11	0	1	3	0	0	0	0	0	0	0	0	0	0	0	0	0	0	9	0	0	7	0	0	0	0	0	0	24	1	1	0	0	1	1	0	0	0	0	3	0	0	0	0	0	0	0	0	0	2	0	0	0	1	0	0	1	0	2	1	1	0	0	0	1	0	0	0	0	0	5	0	0	0	1	2	0	3	24	0	0	2	0	0	0	0	0	2	0	0	0	2	0	0	0	0	0	0	1	0	0	0	0	0	1	0	0	0
OTU_1130	OTU_1130	0	0	0	1	0	0	0	0	0	0	0	0	0	1	0	0	2	0	0	0	1	1	0	3	0	0	0	0	0	0	0	0	2	0	0	0	0	3	0	0	0	0	4	1	0	0	0	0	0	0	0	0	0	0	3	0	0	0	0	0	0	0	0	0	0	0	0	0	0	2	9	0	0	0	0	0	0	0	0	0	0	0	0	3	4	0	3	0	1	3	0	1	0	2	0	12	0	3	0	0	8	0	3	18	0	1	0	0	0	0	2	0	0	4	0	0	4	0	0	0	5	1	0	0	1	1	0	0	0	0	1	0	0	0	0	5	0	0	0	1	1	0	0	0	0	3	0	0	0	0	0	40	0	3	0	0	1	0	0	0	4	12	10	0	0	1	0	2	3	0	6	0
OTU_1132	OTU_1132	0	0	0	0	0	0	0	0	0	0	0	0	0	0	0	0	0	0	0	0	0	0	0	0	0	0	0	0	0	0	0	0	0	0	0	0	0	0	0	0	0	0	0	0	0	0	0	0	0	0	0	0	0	0	0	0	0	0	0	0	0	0	0	0	0	0	0	0	0	0	0	0	0	0	0	0	0	0	0	0	0	0	0	0	0	0	0	0	0	0	0	0	0	0	0	0	0	0	0	0	0	0	0	0	0	0	0	0	0	0	0	0	0	0	0	0	0	0	0	0	0	0	0	0	0	0	0	1	0	0	0	0	0	0	0	0	0	0	0	0	0	0	0	0	0	0	0	0	0	0	0	0	0	0	0	0	0	0	0	0	0	0	0	0	0	0	0	0	0	0	0	0
OTU_1134	OTU_1134	0	0	0	0	0	0	0	0	0	0	0	0	0	0	0	0	0	0	0	0	0	0	0	0	0	0	0	0	0	0	0	0	0	0	0	0	0	0	0	0	0	0	0	0	0	0	0	0	0	0	0	0	0	0	0	0	0	0	0	0	0	0	0	0	0	0	1	0	0	0	0	0	0	0	0	0	0	0	0	0	0	0	0	0	1	0	0	0	0	0	0	0	0	0	0	0	0	0	0	0	0	0	0	0	0	0	0	0	0	0	0	0	0	0	0	0	0	0	0	0	0	0	0	0	0	0	0	0	0	0	0	0	0	0	0	0	0	0	0	0	0	0	0	0	0	0	0	0	0	0	0	0	0	0	0	1	0	0	0	0	0	0	0	1	0	0	0	0	0	0	0	0
OTU_1135	OTU_1135	0	0	0	0	0	0	0	0	1	0	0	0	0	1	0	0	0	0	1	0	0	0	0	0	0	0	0	0	0	0	0	0	0	0	1	1	0	0	0	0	0	0	0	0	0	0	0	0	0	0	0	0	0	0	0	0	0	0	0	0	0	0	1	0	0	0	1	0	0	0	0	0	0	0	0	0	24	0	0	0	0	0	0	0	0	0	0	0	0	0	0	0	0	0	0	0	0	0	1	0	0	0	0	0	0	0	0	5	0	0	1	0	0	0	0	0	1	0	0	0	0	0	0	0	0	0	0	0	0	0	0	0	0	0	0	0	0	0	0	0	0	0	0	0	0	0	0	0	0	0	0	0	0	0	0	0	0	0	0	0	1	0	0	1	0	0	0	0	0	0	0	0
OTU_1136	OTU_1136	0	0	0	0	0	0	0	0	0	0	0	1	0	0	0	0	2	0	2	0	0	0	0	2	0	3	0	0	0	0	3	0	0	0	3	5	0	0	0	1	0	0	0	0	0	1	1	0	0	1	0	0	0	0	0	0	0	0	0	2	0	0	0	0	0	2	0	3	0	0	1	0	0	0	0	0	44	0	0	0	0	0	0	0	0	0	1	0	0	0	0	0	0	0	0	0	0	0	0	1	1	0	0	0	0	0	0	0	0	0	0	0	0	2	0	0	3	1	0	0	0	0	1	1	0	0	0	0	0	0	0	0	0	0	0	0	0	0	0	0	0	0	0	0	0	0	0	1	0	0	0	0	1	0	0	0	2	0	0	0	0	0	2	0	0	2	0	0	0	0	0	0
OTU_1137	OTU_1137	12	2	14	10	1	0	4	12	32	2	1	2	0	25	1	14	10	3	37	0	2	19	0	1	3	0	10	9	4	0	7	2	3	8	23	4	0	0	5	2	0	16	2	1	26	3	3	2	0	28	0	2	1	0	0	3	5	6	2	2	2	2	9	17	34	5	2	7	0	4	5	0	1	12	7	1	5	5	1	3	3	2	1	10	23	4	5	0	0	0	4	2	0	0	2	0	0	0	3	1	1	2	0	14	0	0	0	0	3	0	4	1	0	2	0	0	4	3	0	0	1	3	1	8	63	0	12	2	3	0	0	0	2	1	0	1	0	0	27	9	4	0	0	0	0	0	0	1	0	0	8	0	4	0	2	1	5	3	0	0	0	0	1	3	0	2	0	18	23	6	0	55
OTU_1138	OTU_1138	0	2	1	0	1	2	0	2	2	1	0	2	0	1	0	2	0	1	0	1	0	0	0	0	1	1	5	5	1	1	2	3	0	1	0	2	6	0	10	0	0	3	0	3	1	0	1	0	0	0	0	0	0	0	0	3	0	0	2	4	5	32	0	0	2	0	0	2	0	2	3	0	1	0	0	0	5	2	0	0	2	2	5	0	6	2	0	0	1	0	0	2	0	1	0	0	1	0	7	0	5	0	1	1	1	0	0	2	0	0	0	0	25	4	0	0	1	2	1	0	0	0	2	0	1	0	2	18	1	0	1	0	1	2	11	9	3	0	1	0	1	1	0	1	0	1	1	2	4	2	1	4	0	0	0	1	5	0	0	0	1	2	2	3	0	1	12	5	1	0	1	0
OTU_1139	OTU_1139	0	0	1	1	0	6	0	0	0	1	0	1	0	1	0	0	0	0	6	0	0	0	0	0	0	1	0	1	0	0	0	0	1	0	5	0	0	1	0	1	0	0	1	0	1	3	1	0	0	5	0	0	0	0	0	0	0	0	1	0	0	3	1	1	0	0	0	1	0	1	2	0	0	0	0	0	0	0	0	1	0	1	0	0	5	0	1	0	0	0	0	2	2	0	2	1	0	0	0	0	1	0	1	4	0	0	1	0	1	0	2	0	1	0	0	0	0	0	0	0	0	2	0	0	3	0	0	1	0	1	0	0	1	0	0	2	0	0	0	0	0	0	0	0	0	0	0	0	0	1	6	0	0	0	1	0	0	1	0	0	0	0	0	0	0	1	0	1	1	0	0	1
OTU_1141	OTU_1141	0	0	0	0	0	0	0	0	0	0	1	0	0	0	0	0	0	0	0	0	0	0	0	0	0	0	0	0	1	0	0	0	0	0	0	0	0	0	0	0	0	0	0	0	0	0	0	0	0	0	0	0	1	1	0	0	0	0	0	0	0	0	0	0	0	0	0	0	2	0	0	0	0	0	1	0	0	0	0	0	0	0	0	0	0	0	0	1	0	0	0	2	0	1	0	0	0	0	0	0	0	0	2	0	0	2	0	0	0	0	0	0	0	0	0	1	0	0	0	0	0	0	0	1	0	1	0	0	0	0	0	0	1	0	0	0	0	0	0	0	0	1	0	1	0	2	0	0	0	0	0	0	0	0	0	0	0	0	0	0	0	0	0	0	0	0	0	0	0	0	0	0
OTU_1142	OTU_1142	0	0	0	0	0	0	0	0	0	0	0	0	0	0	0	0	0	0	0	0	0	0	0	0	0	0	0	0	0	0	0	0	0	0	0	0	0	0	0	0	0	0	0	0	0	0	0	0	0	0	0	0	0	0	0	0	0	0	0	0	0	0	0	0	0	0	0	0	1	0	0	0	0	0	0	0	0	0	0	0	0	0	0	0	0	0	0	0	0	0	0	0	0	0	0	1	0	0	0	0	0	0	0	0	0	0	0	0	0	0	0	0	0	0	0	0	0	0	1	0	0	0	0	0	0	0	0	0	0	0	0	0	0	0	0	0	0	0	0	0	0	0	0	0	0	0	0	0	0	0	0	0	0	0	0	0	0	0	0	0	0	0	0	0	0	0	0	0	0	0	0	0
OTU_1143	OTU_1143	0	0	0	0	0	0	0	0	0	0	0	0	0	0	0	0	0	0	1	0	0	0	0	0	0	0	0	0	0	0	0	0	0	0	0	0	0	0	0	0	0	0	0	0	0	0	0	0	0	0	0	0	0	0	0	0	0	0	0	0	0	0	0	0	0	0	0	0	0	0	0	0	0	0	0	0	0	0	0	0	0	0	0	0	0	0	0	0	0	0	0	0	0	0	0	0	0	0	0	0	0	0	0	0	0	0	0	0	0	0	0	0	0	0	0	0	0	0	0	0	0	0	0	0	0	0	0	0	0	0	0	0	0	0	0	0	0	0	0	0	0	0	0	0	0	0	0	0	0	0	0	0	0	0	0	0	0	0	0	0	0	0	0	0	0	0	0	0	0	0	0	0
OTU_1144	OTU_1144	0	0	0	0	0	0	0	10	1	0	0	0	0	0	0	0	0	0	0	0	1	0	0	0	0	0	0	2	0	0	0	1	2	1	0	2	1	0	0	0	12	0	0	0	0	0	0	5	0	0	0	0	0	0	3	1	0	0	0	0	0	1	0	0	0	2	0	0	0	0	0	1	1	0	0	2	3	0	0	0	1	15	0	0	1	0	0	0	0	1	0	0	0	0	1	0	0	0	0	1	1	0	0	0	0	0	0	2	0	0	1	0	0	0	0	0	0	0	0	0	0	0	0	0	0	1	2	0	0	1	0	0	0	0	0	0	1	0	1	1	1	1	0	0	0	0	2	0	0	0	0	1	2	0	0	0	0	0	0	0	0	0	0	2	0	2	0	0	0	0	0	4
OTU_1145	OTU_1145	0	0	0	0	0	0	0	4	0	0	1	0	0	0	0	0	0	0	0	0	4	0	0	0	0	0	0	0	0	0	0	0	1	0	0	0	0	9	0	0	0	0	0	0	0	0	0	0	0	0	1	0	0	0	0	0	1	0	0	0	0	0	0	0	0	0	0	0	0	0	0	0	0	0	0	1	0	0	0	0	0	0	0	0	0	0	0	0	0	0	0	0	0	0	0	0	0	0	0	0	0	0	0	0	0	0	0	1	0	0	0	0	0	0	0	0	0	0	0	0	0	0	0	0	0	0	0	0	0	0	0	0	0	0	0	0	0	0	0	0	0	0	0	0	0	0	0	0	1	0	0	0	0	0	0	0	0	0	0	0	0	0	0	0	0	0	0	0	0	0	0	0
OTU_1146	OTU_1146	6	115	103	2057	2	2	101	542	33	309	4	163	5	116	193	78	762	78	40	426	589	746	57	111	6	19	143	20	233	316	38	824	540	4	33	75	24	83	32	6	7	294	465	3	172	643	1048	95	561	214	12	82	221	83	3	18	2	171	15	28	368	10	166	187	128	96	56	54	5	30	366	3	9	450	250	16	10	182	6	2	829	0	4	12	37	97	279	9	19	2	5	272	1	7	7	52	9	48	219	1	31	159	8	76	1	26	16	99	361	50	465	96	249	7	0	11	28	78	4	520	142	12	279	211	163	21	14	1	19	0	155	1	48	0	1	176	111	0	126	65	106	9	394	32	178	130	1	135	41	18	19	9	162	21	58	88	170	10	16	2	38	85	5	43	3	31	0	26	128	26	5	130
OTU_1147	OTU_1147	25	20	11	44	9	0	240	58	206	21	471	231	9	194	377	40	124	267	140	1091	631	86	301	1508	16	12	29	35	28	568	163	402	175	33	44	571	482	102	102	9	20	116	156	573	56	23	70	9	265	95	80	47	30	14	671	12	302	291	106	79	10	16	39	47	11	20	7	269	40	522	126	2	40	51	7	12	566	24	6	15	46	859	12	5	60	24	37	609	15	42	5	0	0	26	3	632	36	224	250	110	183	13	42	537	6	51	260	489	246	767	202	500	234	31	89	8	78	163	34	1975	132	83	132	38	203	112	40	16	38	49	235	6	124	187	31	10	394	5	69	222	58	386	4	62	3	98	16	518	5	77	27	29	34	11	45	214	154	163	27	82	134	37	158	31	13	220	13	38	112	132	70	24
OTU_1148	OTU_1148	0	0	0	0	0	0	0	0	0	0	0	0	0	0	0	0	0	0	0	0	0	0	0	0	0	0	0	0	0	1	0	0	0	0	0	0	0	0	0	0	0	0	0	2	0	0	0	0	0	0	0	0	0	0	0	0	0	0	0	0	0	0	0	0	0	0	0	0	1	0	0	0	0	0	0	0	0	0	0	0	0	0	0	0	0	0	0	0	0	0	0	0	0	0	0	0	0	0	2	0	1	0	2	0	0	0	0	0	0	0	0	0	0	0	0	0	0	0	0	0	0	0	0	0	0	0	0	0	0	0	0	0	0	0	0	0	0	0	0	0	0	0	0	0	0	0	0	0	0	0	0	0	0	1	0	0	0	0	1	0	1	0	0	0	1	0	0	0	0	0	0	0
OTU_1149	OTU_1149	0	0	0	0	0	0	0	0	0	0	0	0	0	0	0	0	0	0	0	0	0	0	0	0	0	0	0	0	0	0	0	0	0	0	0	0	0	0	0	0	0	0	0	0	0	0	0	0	0	0	0	0	0	0	0	0	0	0	0	0	0	0	0	0	0	0	0	0	0	0	0	0	0	0	0	0	0	0	0	0	0	0	0	0	0	0	0	0	0	0	0	0	0	0	0	0	0	0	0	0	0	0	0	0	0	0	0	0	0	0	0	0	0	0	0	0	0	0	0	0	0	0	0	0	0	0	0	0	0	0	0	0	0	0	0	0	0	0	0	0	0	0	0	0	0	0	0	0	0	0	0	0	0	0	0	0	1	0	0	0	0	0	0	0	0	0	0	0	0	0	0	0
OTU_1150	OTU_1150	0	0	0	0	0	0	0	0	0	0	0	0	0	0	0	0	0	0	0	0	0	0	0	0	0	0	0	0	0	0	0	0	0	0	0	0	0	0	0	0	0	0	0	0	0	0	0	0	0	0	0	0	0	0	0	0	0	0	0	0	0	0	0	0	0	0	0	0	0	0	0	0	0	0	1	0	0	0	0	0	0	0	0	0	0	0	0	0	0	0	0	0	0	0	0	0	0	0	0	0	0	0	0	0	0	0	0	0	0	0	1	0	0	0	0	0	0	0	0	0	0	0	0	0	0	0	0	0	0	0	0	0	0	0	0	0	0	0	0	0	0	0	0	0	0	0	0	0	0	0	0	0	0	0	0	0	0	0	0	0	0	0	0	0	0	0	0	0	0	0	0	0
OTU_1151	OTU_1151	2	12	2	1	2	39	0	4	20	10	0	8	15	5	0	5	5	3	6	0	17	8	31	1	20	6	11	17	4	58	1	14	6	4	9	3	0	0	30	4	2	21	4	26	7	9	3	3	1	22	4	18	3	0	1	2	40	12	7	14	21	0	15	1	9	1	12	11	5	2	14	0	2	2	3	4	1	2	3	3	0	68	83	8	12	26	5	12	22	0	0	8	0	10	4	22	28	29	19	1	11	3	0	33	4	0	0	14	2	4	3	34	89	20	8	1	13	2	5	41	23	0	0	2	2	4	0	22	14	30	4	0	2	2	97	7	35	0	17	3	2	3	11	3	0	25	33	27	0	2	17	43	3	7	2	1	15	0	10	0	8	17	24	14	4	8	35	5	22	1	17	0
OTU_1153	OTU_1153	0	0	0	0	0	0	0	0	0	0	0	0	0	0	1	0	0	5	0	0	0	0	0	0	0	0	0	0	0	0	0	0	1	0	0	0	0	0	0	0	0	0	0	0	0	0	0	0	0	0	0	0	0	0	0	0	0	0	0	0	0	0	0	0	0	0	0	0	0	0	0	0	0	1	0	0	0	0	0	0	0	0	0	0	0	0	0	0	0	0	0	0	0	0	0	0	0	0	0	0	0	2	0	0	0	0	0	6	0	0	0	0	0	0	0	0	0	0	0	0	0	0	0	0	0	0	0	0	0	0	1	0	0	0	0	0	0	0	0	0	23	0	0	0	0	0	2	0	0	0	0	0	0	0	0	0	0	0	0	0	0	0	0	0	0	0	0	0	0	0	2	0
OTU_1154	OTU_1154	0	0	0	0	0	0	0	0	0	0	0	0	0	0	0	0	0	0	0	0	0	0	0	0	0	0	0	0	0	0	0	0	0	0	0	0	0	0	0	0	0	0	0	0	0	0	0	0	0	0	0	0	0	0	0	0	0	0	0	0	0	0	0	0	0	0	0	0	0	0	0	0	0	0	0	0	0	0	1	0	0	0	0	0	0	0	0	0	0	0	0	0	0	0	0	0	0	0	0	0	0	0	0	0	0	0	0	0	0	0	0	0	0	0	0	0	0	0	0	0	0	0	0	0	4	0	0	0	0	0	0	0	0	0	0	0	0	0	0	0	0	0	0	0	0	0	0	0	0	0	0	0	0	1	0	0	0	0	0	0	0	0	0	0	0	0	0	0	0	0	0	0
OTU_1155	OTU_1155	4	53	5	5786	2259	1	14	7	9	12	45	71	3	44	18	1	269	9	9	135	135	41	17	14	106	4	0	4	49	97	4	12	107	1	17	22	113	5	12	4	33	459	29	48	6	31	40	6	139	266	12	19	3	4	3	72	25	83	7	7	2	118	7	1	20	28	4	780	3	17	46	231	266	6	136	303	26	22	13	143	81	2	198	67	53	35	67	5	14	222	397	36	0	5	119	117	24	50	105	4	90	60	38	39	12	35	9	6	8	23	167	345	12	16	554	4	188	32	8	258	9	268	8	67	15	11	2	18	2	14	11	5	4179	0	245	1	77	4	208	183	1	626	27	8	73	0	169	4	3	28	26	13	14	19	10	46	1	261	2	11	3	4	96	80	21	16	8	11	10	44	85	12
OTU_1157	OTU_1157	2	0	2	2	1	0	0	3	1	0	3	2	0	5	0	0	0	0	4	0	0	3	1	0	0	0	0	0	0	0	0	0	0	0	3	2	0	0	0	1	0	2	0	0	0	0	0	0	1	7	0	0	0	0	0	0	1	0	0	0	0	0	0	0	0	2	0	5	0	0	0	0	1	0	0	0	0	0	1	0	0	0	0	0	3	0	1	0	0	0	0	0	0	0	2	0	0	0	1	0	0	0	0	3	0	0	1	0	0	0	38	0	0	5	0	0	0	1	0	1	0	0	0	1	2	0	0	0	0	0	0	0	0	0	0	0	4	0	4	0	0	2	0	0	0	0	0	0	0	0	2	3	0	0	2	1	0	1	0	0	0	1	0	2	0	0	0	2	0	0	0	1
OTU_1159	OTU_1159	13	53	8	53	7	1	227	103	69	42	56	24	81	21	83	56	173	96	56	36	61	36	44	17	6	136	104	9	49	45	128	1	159	21	45	11	25	22	37	14	3	24	99	47	25	100	64	107	87	20	5	15	34	38	2	9	37	19	11	44	85	3	37	194	21	67	25	23	2	48	84	0	1	98	54	2	3	91	7	87	87	51	2	15	104	287	41	0	0	0	51	0	0	23	9	0	3	4	38	11	18	14	7	10	6	3	9	7	59	2	75	6	8	4	2	17	8	58	2	5	3	39	12	68	69	3	191	0	15	4	13	0	4	7	2	93	4	0	25	6	19	1	4	8	21	13	1	5	22	3	5	5	193	19	2	9	37	175	2	4	4	9	4	8	1	75	0	46	17	27	1	205
OTU_1160	OTU_1160	1	0	8	2	0	0	3	0	3	0	0	0	0	0	2	9	9	6	6	0	0	0	0	0	0	0	0	0	0	0	2	0	0	1	4	0	0	0	0	0	0	0	0	5	6	5	0	0	1	3	0	0	1	0	0	2	0	0	3	0	0	0	0	0	0	0	0	0	0	0	0	1	0	1	0	0	0	0	0	0	0	0	0	0	29	0	2	0	2	0	0	0	0	4	0	0	0	0	0	2	0	3	19	0	0	0	0	0	0	2	1	0	0	0	0	0	0	14	0	0	1	0	0	2	5	0	21	0	1	0	6	1	3	0	1	3	0	0	1	4	8	0	0	0	0	0	0	3	5	0	0	0	1	2	0	0	1	0	0	0	9	3	0	0	0	9	0	22	0	1	0	15
OTU_1164	OTU_1164	0	0	0	0	0	0	0	0	0	0	0	0	0	0	0	0	0	0	0	0	0	0	0	0	0	0	0	0	0	0	1	0	0	0	0	0	0	0	0	0	0	0	0	0	0	0	0	0	0	0	0	0	0	0	0	0	0	0	0	0	0	0	0	0	0	0	0	0	0	0	0	0	0	0	0	0	0	0	0	0	0	0	0	0	0	0	0	0	0	0	0	0	0	0	1	0	0	1	0	0	0	0	0	0	0	0	0	0	0	0	0	0	0	0	1	0	0	0	0	0	0	0	0	0	0	0	0	0	0	0	0	0	0	0	0	0	0	0	0	0	0	0	0	0	0	0	0	0	0	0	0	0	2	0	0	0	0	0	0	0	0	1	0	0	0	0	0	0	0	0	0	0
OTU_1165	OTU_1165	0	0	0	0	0	0	0	0	7	0	0	0	0	0	0	0	0	24	6	0	0	0	0	3	0	0	1	0	0	0	0	0	0	2	0	0	0	0	0	1	0	0	0	0	0	0	0	1	0	0	0	0	0	0	0	0	0	0	0	0	0	0	0	0	0	0	0	1	0	0	0	0	0	0	0	0	0	0	0	0	0	0	0	0	0	0	0	0	0	0	0	0	0	0	0	0	0	0	3	0	0	16	0	0	0	0	24	0	0	0	0	0	0	0	0	6	0	0	0	0	0	0	0	0	0	0	0	0	0	0	0	0	0	0	1	37	0	0	0	0	94	0	0	1	0	0	0	0	0	0	0	0	0	0	0	0	0	0	0	0	0	0	0	0	0	23	0	0	0	0	0	0
OTU_1166	OTU_1166	0	0	0	0	0	0	0	0	0	0	0	0	0	0	0	0	0	0	0	0	0	0	0	0	0	0	0	0	0	0	0	0	0	0	0	0	0	0	0	0	0	0	0	0	0	0	0	0	0	0	0	0	0	0	0	0	0	0	0	0	0	0	0	0	0	0	0	0	0	0	0	0	0	0	0	2	0	0	0	0	0	0	0	0	0	0	0	0	0	0	0	0	0	0	0	0	0	0	0	0	0	0	0	0	0	0	0	0	0	0	0	0	0	0	0	0	0	0	0	0	0	0	0	0	0	0	0	0	0	0	0	0	0	0	0	0	0	0	0	0	0	0	0	0	0	0	0	0	0	0	0	0	0	0	0	0	0	0	0	0	0	0	0	0	2	0	0	0	0	0	0	0
OTU_1167	OTU_1167	0	1	32	0	0	0	0	3	2	0	0	6	0	4	1	0	0	4	2	0	9	2	6	0	0	1	0	9	5	2	0	0	6	0	2	1	0	13	5	2	0	0	3	3	8	4	1	1	10	16	0	3	1	0	0	0	1	0	4	0	0	0	1	0	0	0	0	42	1	5	4	0	0	0	0	0	7	4	0	0	1	7	0	0	1	58	0	0	2	0	0	0	1	0	1	2	2	6	1	0	0	7	1	2	0	0	0	15	1	2	8	0	5	14	0	1	0	6	0	12	0	0	0	2	1	3	1	6	17	12	3	1	0	1	0	6	5	3	0	4	3	0	0	0	0	5	1	0	17	2	0	0	0	0	2	3	9	0	6	0	3	6	1	0	1	5	17	1	7	0	0	0
OTU_1168	OTU_1168	0	0	0	8	0	21	56	0	1	0	0	76	1	81	0	15	0	0	0	0	2	0	2	0	1	0	11	1	0	0	1	1	1	2	2	282	14	0	0	10	0	0	114	0	0	0	0	0	0	2	1	0	0	0	0	6	76	0	0	0	0	0	0	0	3	0	5	1	0	8	6	0	0	0	0	1	0	1	0	0	0	0	2	0	0	3	32	0	2	0	3	0	0	0	70	0	0	0	3	0	34	0	0	1	0	1	0	24	4	0	0	0	0	1	0	0	0	66	49	0	0	1	2	4	1	0	0	2	0	0	0	4	0	0	0	0	0	0	4	0	0	1	0	0	51	0	0	0	0	17	2	0	1	0	0	0	0	1	0	0	16	0	0	0	0	74	1	0	0	0	0	0
OTU_1171	OTU_1171	3	0	0	1	2	0	0	0	0	0	0	0	0	0	20	0	4	0	0	1	0	0	0	1	0	0	0	9	0	1	1	0	0	0	0	0	0	0	0	0	0	0	0	0	0	0	0	0	0	0	0	1	0	0	1	0	0	0	0	0	0	0	0	0	0	1	1	1	0	0	1	2	0	0	0	3	0	0	0	3	0	4	0	0	1	0	3	0	0	2	0	0	0	0	1	0	4	0	2	0	1	0	0	0	0	0	2	1	1	1	0	0	0	0	4	0	0	1	0	0	0	1	4	7	1	0	0	0	2	0	0	0	4	0	0	0	1	0	0	1	0	0	0	0	0	0	0	0	0	1	4	0	0	0	0	0	0	0	0	0	0	1	0	12	0	0	0	2	6	2	0	0
OTU_1172	OTU_1172	2	5	0	181	76	0	1	0	0	1	1	1	0	2	0	0	11	1	1	8	6	2	1	0	3	0	0	0	3	2	0	0	1	0	1	4	2	1	2	0	0	28	0	1	0	1	3	0	5	16	2	0	0	0	1	3	1	2	0	0	0	2	0	0	1	2	0	30	0	1	2	10	6	1	5	5	0	1	0	2	4	0	4	3	1	1	1	0	0	18	16	1	0	0	5	6	0	0	5	0	2	3	3	0	0	1	1	1	0	0	4	17	0	2	11	0	7	1	1	10	0	4	1	5	0	2	0	3	0	0	0	0	145	1	6	0	3	0	16	12	0	24	1	1	5	0	6	0	0	1	0	0	0	1	0	5	0	12	0	1	0	0	2	5	1	0	1	1	1	0	1	1
OTU_1174	OTU_1174	7	0	5	2	3	1	0	0	12	0	0	1	26	1	0	0	0	0	0	0	0	0	0	1	1	55	0	1	0	0	1	18	0	0	0	5	1	0	37	2	0	0	0	2	0	1	0	17	0	0	45	23	0	1	0	13	2	14	2	3	0	418	9	2	2	4	0	10	0	0	0	17	1	0	0	5	0	3	0	0	6	0	17	0	0	0	1	0	0	11	2	3	0	1	2	6	0	0	105	0	0	0	0	19	10	2	1	0	9	0	13	16	1	3	0	0	20	0	0	0	0	0	4	4	0	3	2	2	1	0	13	0	4	0	513	0	8	0	5	12	0	3	0	1	0	0	166	661	0	1	25	217	0	0	1	0	1	0	2	0	0	0	0	14	0	0	2	6	4	0	25	0
OTU_1175	OTU_1175	0	0	0	0	0	0	0	0	0	0	0	0	0	1	0	0	0	0	0	0	0	0	0	0	0	0	0	0	0	0	0	0	0	0	0	0	0	0	0	0	0	0	0	0	0	0	0	0	0	0	0	0	0	0	0	0	0	0	0	0	0	0	0	0	0	0	0	0	0	0	0	0	0	0	0	0	0	3	0	0	0	0	0	0	0	0	0	0	0	0	0	0	0	0	0	0	0	0	0	0	0	0	0	0	0	0	0	0	0	0	0	0	0	0	0	4	0	4	0	0	0	0	0	0	0	0	0	0	0	0	0	0	0	0	0	0	0	0	0	0	0	0	0	0	0	0	1	0	0	0	0	0	0	0	0	0	4	0	1	0	0	0	0	0	0	5	0	0	0	0	0	0
OTU_1177	OTU_1177	0	0	0	0	0	0	0	0	1	0	0	0	0	0	0	1	0	0	0	0	0	0	0	0	0	0	0	0	0	0	0	0	17	0	0	0	1	0	0	0	0	0	0	0	0	0	0	0	0	0	0	1	0	0	0	0	0	0	0	0	1	0	0	0	1	0	0	0	0	0	0	0	13	0	0	0	0	0	0	0	0	0	0	0	0	10	0	0	0	0	0	0	0	0	0	0	0	0	0	0	0	0	0	0	0	0	0	0	0	0	0	0	0	0	0	0	0	0	0	0	0	0	0	0	17	0	0	0	0	0	0	0	2	0	0	0	0	0	0	0	0	0	0	0	0	0	1	0	1	0	1	0	0	0	0	0	1	0	0	0	0	0	0	0	0	0	0	0	0	0	1	0
OTU_1179	OTU_1179	3	1	1	0	1	0	0	36	0	0	0	18	3	119	0	0	3	1	1	2	1	5	2	1	0	5	1	5	0	1	0	0	2	3	49	26	1	8	0	0	3	2	4	0	7	0	1	3	0	3	0	0	0	2	1	2	2	1	3	6	3	0	9	0	6	0	3	2	1	3	1	0	1	0	1	0	1	4	0	1	0	4	5	0	62	0	0	1	4	0	1	0	18	2	5	2	3	0	12	7	10	3	0	9	2	0	3	75	2	3	3	0	0	41	2	0	2	1	5	2	1	0	0	2	7	4	9	15	0	2	5	0	1	0	4	4	5	3	0	29	5	3	1	1	1	0	3	4	0	2	6	3	0	1	8	11	14	0	1	1	3	0	26	1	1	1	51	45	9	0	2	1
OTU_1180	OTU_1180	0	0	0	0	0	0	0	0	0	0	0	0	0	0	0	3	0	0	0	0	0	0	0	0	0	0	0	0	0	0	0	0	0	0	0	0	0	0	0	0	0	0	0	0	0	0	0	0	0	0	0	0	0	0	0	4	0	0	0	0	0	2	0	0	1	0	0	0	0	0	0	0	0	0	0	0	0	0	1	0	0	1	0	0	0	2	0	0	0	0	0	0	0	0	0	0	0	0	0	0	0	0	0	0	0	0	0	0	0	0	0	0	0	0	0	0	0	0	0	0	0	0	0	0	0	0	0	0	0	0	0	0	0	0	0	0	0	0	0	0	0	0	1	0	0	0	0	0	0	0	0	0	0	0	0	0	0	0	0	0	0	1	0	0	0	0	0	0	0	0	0	1
OTU_1181	OTU_1181	8	16	20	9	2	0	12	534	37	10	4	5	1	41	9	9	8	5	126	11	23	310	14	6	5	6	10	19	3	14	23	9	13	2	91	114	1	11	23	4	0	15	6	16	159	4	7	15	22	346	1	9	8	0	1	28	9	128	5	15	9	6	35	2	8	13	9	25	1	16	19	1	0	9	10	1	19	30	10	16	10	10	8	7	44	1	6	2	2	0	12	17	0	4	23	1	10	3	24	5	11	10	1	17	3	2	5	12	8	4	90	16	3	3	0	7	17	8	1	9	13	8	7	11	59	1	12	11	5	2	5	1	2	0	0	1	35	1	69	20	13	5	1	2	8	6	0	12	0	0	17	13	1	8	24	14	17	3	7	1	3	0	3	8	0	5	16	92	42	7	4	12
OTU_1182	OTU_1182	15	109	41	83	2	7	560	77	336	6	101	75	7	182	59	377	2909	1202	1077	1	12	69	4	394	4	0	44	5	8	13	621	17	17	96	553	158	117	503	27	13	13	4	23	25	2735	216	74	10	1	165	4	25	720	183	3	104	30	5	2366	29	3	1	13	802	111	29	6	46	0	66	185	15	12	173	3	1	51	19	36	8	2	5	26	6	2102	38	915	0	48	3	12	1	22	83	24	8	14	2	137	280	89	3450	928	646	76	10	183	436	155	413	13	14	23	374	6	1498	23	339	22	14	12	25	3	1015	1864	123	14	4	3966	1520	367	79	220	207	31	1079	16	227	47	765	1183	22	4	79	54	205	52	8	1332	5	27	24	301	154	335	10	5351	1289	854	492	110	267	93	27	3	1290	10	1274	274	20	47	25
OTU_1184	OTU_1184	0	0	0	0	0	0	0	0	0	0	0	0	0	0	0	0	0	0	0	0	0	0	0	0	0	0	0	0	0	0	0	0	0	0	0	0	0	0	0	0	0	0	0	0	0	0	0	0	0	0	0	0	0	0	0	0	0	0	0	0	0	0	0	0	0	0	0	0	0	0	0	0	0	0	0	0	0	0	0	0	0	0	0	0	0	0	0	0	0	0	0	0	0	0	0	0	0	0	0	0	0	0	0	0	0	0	0	0	0	0	0	0	0	0	0	0	0	0	0	0	0	0	0	0	0	0	0	0	1	0	0	0	0	0	0	0	0	0	0	0	0	0	0	0	0	0	0	0	0	0	0	0	0	0	0	0	0	0	1	0	0	0	0	0	0	0	0	0	0	0	0	0
OTU_1185	OTU_1185	1	1	0	0	0	0	0	0	1	1	0	0	0	0	0	4	0	0	0	1	2	0	0	0	2	2	0	0	1	0	0	2	1	1	2	1	3	1	0	0	0	0	0	0	0	2	5	0	3	1	0	1	0	0	0	0	3	2	0	5	1	0	0	1	1	0	0	0	0	0	0	0	0	0	1	0	0	0	1	0	0	3	0	0	2	2	1	0	0	0	0	1	0	0	0	1	0	0	0	0	1	0	2	0	0	0	0	0	0	0	2	0	0	0	1	0	0	1	0	0	0	6	0	0	0	0	2	0	0	0	0	0	7	0	0	18	0	1	0	0	2	0	3	0	0	0	0	0	3	0	0	0	4	1	0	2	1	0	0	3	0	0	0	0	0	1	0	0	0	3	0	0
OTU_1186	OTU_1186	53	129	14	61	0	2551	106	34	898	812	3	313	664	362	1	30	12	206	20	2	125	49	30	13	48	7	292	60	234	3487	20	185	68	4	85	280	7	11	2424	97	69	15	847	1030	297	159	4	22	2	1021	8	1376	5	14	136	22	242	560	285	186	801	7	24	8	24	6	333	647	10	53	107	37	3	170	2	118	3	66	6	136	1	3525	4498	8	7	17	11	180	181	2	18	6	2	242	542	21	24	77	1266	5	94	20	22	729	3	144	48	3	5	198	68	86	7453	191	64	28	37	56	18	3149	25	31	7	20	40	236	11	75	49	26	3	1	9	2	6028	7	135	2	26	48	81	38	8	8	16	21	35	13	7	3	53	184	23	5	17	12	84	4	21	45	6	7	374	72	19	16	22	29	24	100	90	32
OTU_1187	OTU_1187	5	5	1	39	20	0	1	12	126	1	17	5	28	21	0	993	0	1	3	0	5	625	0	1	10	0	6	5	62	0	1	6	1	0	6	160	137	0	1	1	10	0	1	4	8	2	23	2	0	3	0	3	7	1	4	6	4	23	2	244	69	3	5	3	416	13	111	13	0	30	2	6	15	1	7	1	1	2	24	0	0	0	0	1	0	1	1	0	0	0	112	1	0	0	4	0	0	0	0	0	1	0	0	8	0	0	0	0	0	1	6	10	1	1	0	0	5	10	1	0	0	3	0	4	342	0	2	0	0	0	0	0	0	0	0	0	1	0	13	2	0	6	1	0	0	0	1	0	32	0	7	1	0	0	4	1	0	4	0	0	0	0	1	3	0	1	0	1	0	1	1	0
OTU_1189	OTU_1189	1	0	0	0	0	0	9	5	7	1	0	1	0	0	1	4	56	18	36	0	0	1	1	2	0	1	0	1	0	1	13	0	1	4	12	2	0	14	0	1	1	0	0	1	63	2	1	0	0	3	1	0	9	3	0	1	0	0	34	1	0	0	1	12	1	0	1	4	0	1	4	1	0	0	1	0	1	0	1	0	0	1	2	0	47	0	12	0	1	0	0	0	0	1	1	0	1	0	2	7	2	70	13	38	0	0	4	2	2	6	1	0	0	11	0	24	1	5	0	0	0	1	0	26	70	3	0	0	66	23	8	0	5	1	1	16	0	4	1	21	13	0	0	1	0	0	0	1	5	0	1	1	3	1	13	0	47	8	15	15	0	3	1	0	0	17	1	39	3	0	0	5
OTU_1190	OTU_1190	0	0	0	1	0	0	0	0	0	0	0	0	23	0	0	1	0	0	0	0	0	0	0	0	0	0	0	0	0	0	0	0	0	0	0	8	0	0	0	0	1	0	0	0	0	0	0	0	0	0	0	0	0	0	1	0	0	0	0	0	0	0	0	28	0	0	0	0	0	0	0	0	0	0	0	0	0	0	0	0	0	0	0	0	0	0	0	0	0	0	0	0	0	0	0	0	0	0	0	0	0	0	0	0	0	0	0	0	0	0	0	0	0	0	0	0	0	0	0	0	0	0	0	0	0	0	0	0	0	0	0	0	0	0	0	0	0	2	0	0	0	0	0	0	0	0	0	0	0	0	0	0	0	0	0	0	0	0	0	0	0	0	0	0	0	0	0	0	0	0	0	0
OTU_1191	OTU_1191	9	7	2	12	7	0	9	40	26	3	4	1	4	8	6	8	6	2	46	12	6	46	7	12	5	6	3	11	1	4	20	2	4	5	39	35	2	10	17	16	0	25	5	6	24	1	7	4	7	53	0	5	6	1	0	5	8	23	5	17	11	2	11	0	3	12	7	6	9	5	7	0	0	17	9	1	3	9	22	1	9	19	0	1	18	13	5	1	0	0	21	14	0	0	2	2	0	2	19	2	1	2	0	59	0	0	1	0	4	1	21	5	0	5	0	1	11	8	0	1	2	5	5	3	22	0	4	3	0	2	0	3	1	2	0	0	1	1	32	29	1	12	0	8	6	2	0	1	0	0	26	9	0	0	3	1	4	13	0	0	0	0	2	4	0	2	4	22	12	5	0	6
OTU_1192	OTU_1192	0	0	0	0	0	0	0	0	0	1	0	0	0	0	0	0	0	0	0	0	0	0	0	0	0	0	0	0	0	0	0	0	0	0	0	0	0	0	0	0	0	0	0	0	0	0	0	0	0	0	0	0	0	0	0	0	0	0	0	0	0	0	0	0	0	0	0	0	0	0	0	0	0	0	0	0	0	0	0	0	0	0	0	0	0	0	0	0	0	0	0	0	0	0	0	0	0	0	0	0	0	0	0	0	0	0	0	0	0	0	0	0	0	0	0	0	0	0	0	0	0	0	0	0	0	0	0	0	0	0	0	0	0	0	0	0	0	0	0	0	0	0	0	0	0	0	0	0	0	0	0	0	0	0	0	0	0	0	0	0	0	0	0	0	0	0	0	0	0	0	0	0
OTU_1193	OTU_1193	0	0	0	0	0	0	0	0	0	0	0	0	1	0	0	0	0	0	0	0	0	0	0	0	0	0	0	0	0	0	0	0	0	0	0	0	0	0	0	0	0	0	0	0	0	0	0	0	0	0	0	0	0	0	0	0	0	0	0	0	0	0	0	0	0	0	0	0	0	0	0	0	0	0	0	0	0	0	0	0	0	0	0	0	0	0	0	0	0	0	0	0	0	0	0	0	0	0	0	0	0	0	0	0	0	0	0	0	0	0	0	0	0	0	0	0	0	0	0	0	0	0	0	0	0	0	0	0	0	0	0	0	0	0	0	0	0	0	0	0	0	0	0	0	0	0	0	0	0	0	0	0	0	0	0	0	0	0	0	0	0	0	0	0	0	0	0	0	0	0	0	0
OTU_1194	OTU_1194	1	62	25	1	0	0	0	72	2	0	0	0	0	3	2	0	25	3	3	0	11	0	0	0	0	0	0	29	2	0	0	0	1	10	13	76	0	0	2	0	0	0	1	5	1	1	233	23	0	4	0	1	0	0	2	1	0	149	1	7	836	0	6	2	1	0	1	7	0	0	2	0	0	53	0	0	50	0	0	0	0	2	2	0	404	0	0	0	1	0	1	0	0	26	1	0	8	2	3	0	0	2	0	39	0	1	0	608	0	0	0	2	0	127	5	1	4	3	0	0	2	0	1	15	1548	1	0	0	0	0	0	1	1	0	0	0	1	0	0	3	0	0	0	0	0	0	0	0	0	256	8	1	1	187	0	1	17	1	0	0	43	5	0	2	0	1	0	284	3	6	0	1
OTU_1195	OTU_1195	0	0	0	0	0	0	0	0	0	0	0	0	0	0	0	0	1	0	0	0	0	0	0	0	0	0	0	0	2	0	0	0	0	0	0	0	4	0	0	0	0	1	0	0	0	0	0	0	0	0	0	0	0	0	0	0	0	0	0	0	0	0	0	0	0	0	0	0	0	0	0	0	0	0	0	0	0	0	0	0	0	0	0	0	0	0	0	0	0	0	0	0	0	0	0	0	0	0	4	0	0	0	0	0	0	0	105	0	0	0	1	0	0	0	0	114	0	0	0	0	0	0	0	0	0	0	0	0	641	0	1	0	30	0	14	0	0	0	0	0	4	0	0	22	3	0	0	8	0	1	0	1	0	0	0	0	1	0	526	0	0	0	0	1	0	0	0	0	0	0	0	0
OTU_1196	OTU_1196	0	0	0	0	0	0	5	0	9	0	2	0	1	1	0	0	0	15	0	0	0	0	0	0	0	0	0	0	0	0	0	1	0	0	1	0	0	0	0	1	0	0	0	0	0	0	0	0	0	7	0	0	0	0	0	0	0	0	0	0	0	0	0	1	0	2	0	0	0	0	0	0	2	0	0	1	0	0	0	0	0	0	2	0	0	0	1	0	1	0	0	0	0	0	2	18	3	0	0	25	0	1	0	0	2	0	0	0	0	1	0	2	0	0	0	5	0	0	0	0	0	0	0	0	5	5	0	5	4	0	0	8	0	0	0	0	3	1	0	0	0	0	0	0	0	0	0	0	1	0	0	0	0	1	0	213	0	6	0	0	0	0	0	0	36	12	3	0	0	0	0	1
OTU_1197	OTU_1197	0	0	0	0	0	0	4	0	0	0	0	6	0	7	2	1	12	5	4	0	0	0	0	2	0	0	0	0	0	0	2	0	0	3	5	0	0	3	0	0	0	0	0	2	7	0	0	0	0	0	0	0	20	6	0	0	0	0	4	0	0	0	0	1	0	1	0	0	0	2	4	0	0	0	0	0	4	2	0	0	1	0	0	0	3	1	10	0	0	0	1	0	0	0	0	0	0	0	0	10	1	12	17	1	0	0	2	0	2	3	0	0	0	1	0	2	3	7	0	0	0	1	0	7	9	0	0	0	3	0	0	1	0	7	0	2	0	4	1	3	8	0	0	2	1	20	0	0	1	0	0	1	3	0	0	0	22	2	2	0	0	14	4	0	1	10	0	4	11	0	0	0
OTU_1198	OTU_1198	0	1	0	0	0	0	0	0	1	0	0	0	0	0	0	0	0	14	0	0	0	0	0	0	0	0	0	0	0	0	0	0	0	0	0	0	0	0	0	0	0	12	0	12	0	0	0	0	0	0	0	0	0	0	0	0	0	0	0	0	0	0	0	0	0	0	0	0	0	0	0	0	1	4	0	0	0	0	0	0	0	0	0	0	37	0	0	6	1	0	0	0	134	0	0	0	0	0	2	0	0	0	0	4	0	0	0	0	0	2	0	0	0	1	0	0	3	0	0	19	0	0	0	0	4	0	0	0	0	0	2	0	0	0	0	0	0	0	6	0	0	1	0	0	0	0	0	0	0	0	1	0	0	0	0	0	0	0	0	0	20	7	0	0	0	0	0	18	0	0	0	0
OTU_1199	OTU_1199	1	0	0	0	0	0	0	2	1	1	0	1	0	27	0	0	0	2	0	0	0	3	0	1	0	0	0	2	0	0	1	0	0	0	7	18	0	1	0	0	0	0	0	0	0	0	0	0	0	0	0	0	0	0	0	0	0	0	0	0	0	0	0	1	0	0	0	1	0	0	4	0	0	0	0	0	0	0	0	0	0	0	1	0	0	1	0	0	0	0	0	0	1	0	0	0	0	0	0	1	1	0	1	0	0	0	0	0	0	0	1	0	0	19	0	0	1	0	0	0	0	0	0	0	0	0	0	1	0	0	1	0	0	0	0	0	0	0	0	11	0	0	1	0	0	0	0	0	0	0	1	0	0	1	19	1	1	0	1	1	0	0	0	1	0	2	1	1	2	0	0	0
OTU_1200	OTU_1200	12	0	5	36	0	4	8	3	0	1	0	5	1	4	2	1	0	0	0	0	26	3	0	2187	4	2	2	2	0	0	1	6	0	0	0	6	0	1	9	48	5	0	3	0	0	1	2	0	1	0	11	0	0	3	4	0	6	8	0	1	4	0	3	1340	1	5874	4	192	0	2	2150	0	0	0	0	4	3	9	2	0	0	0	5	9	0	1	19	1	2	0	2	0	2	0	13	0	2	0	40	2	2	0	0	0	0	1	0	1	3	0	3	0	0	0	0	0	4	5	1	0	0	5	3	1	483	0	1	0	1	0	0	2	2	1	0	0	1	174	0	0	0	1	5	0	757	0	4	0	0	0	2	0	0	0	0	1	14	0	0	0	2	1	0	1	0	1	1	1	0	15	13	13
OTU_1201	OTU_1201	2	0	1	1	0	129	0	0	1	17	0	0	0	10	0	0	1	0	0	43	130	0	0	0	0	1	0	0	42	1	0	39	0	0	2	5	18	1	24	3	2	1	0	0	0	1	0	4	0	4	9	0	1	0	10	24	2	0	0	0	0	0	1	56	470	0	0	143	1	0	0	2	1	0	0	0	14	0	0	17	2	6	5	58	0	279	1	0	2	0	40	6	5	5	39	1	0	2	1	0	0	0	0	8	1	0	0	0	0	0	3	0	0	0	2	0	6	0	0	0	0	0	0	3	2	0	1	47	1	0	0	0	0	5	0	0	0	0	2	0	0	28	1267	0	0	6	0	0	0	0	0	2	0	0	3	6	0	0	0	0	0	0	0	3	1	0	55	3	1	0	0	0
OTU_1203	OTU_1203	0	0	0	0	0	0	0	1	5	2	0	3	0	1	1	0	0	1	0	0	5	2	1	0	0	1	0	14	0	0	0	2	0	0	1	0	0	0	0	0	0	3	1	0	1	1	0	0	9	2	0	1	2	0	0	23	0	0	0	0	1	0	0	2	0	0	1	1	0	0	0	0	0	4	0	0	0	7	0	0	0	1	0	0	1	0	0	0	0	0	0	0	0	0	1	0	0	0	1	1	0	0	0	2	0	0	0	0	1	0	10	0	5	2	0	0	1	0	0	2	0	0	0	0	3	0	0	3	0	0	1	0	0	0	0	3	1	0	2	3	0	4	0	0	0	0	0	0	0	0	4	0	0	0	0	0	2	0	0	0	0	2	0	0	0	0	0	0	0	1	0	0
OTU_1204	OTU_1204	0	0	0	0	0	0	0	0	0	0	0	0	0	0	1	0	0	2	1	0	0	0	0	0	0	0	0	0	0	0	0	0	0	0	0	0	0	0	0	0	0	0	0	0	0	0	0	0	0	0	0	0	0	0	0	0	0	0	0	0	0	0	0	0	0	0	0	0	0	0	0	0	0	0	0	0	0	0	0	0	0	0	0	0	0	0	0	0	0	0	0	0	0	0	0	0	0	0	0	0	0	0	0	0	0	0	0	0	0	6	0	0	0	0	0	0	0	0	0	0	0	0	0	0	0	0	0	0	0	0	0	0	0	0	0	1	0	0	0	0	0	0	0	0	0	0	0	0	0	0	0	0	0	0	0	0	0	0	0	0	0	0	0	0	0	0	0	0	0	0	0	0
OTU_1205	OTU_1205	0	0	0	0	0	0	4	0	0	0	0	0	0	0	0	6	119	0	0	0	0	0	0	0	0	0	0	0	0	0	11	0	0	0	0	0	1	1	0	0	0	0	0	0	0	0	0	0	0	3	0	0	0	0	0	0	0	0	0	0	0	0	0	0	5	0	0	0	0	0	0	2	0	0	0	0	14	0	0	0	0	0	0	0	0	0	0	0	0	0	0	0	0	0	0	0	0	0	3	26	0	12	0	12	0	0	0	0	0	0	0	1	0	0	0	1	1	0	0	0	0	0	0	36	0	0	0	0	0	0	0	0	1	0	0	0	0	0	0	1	0	1	0	0	0	0	0	0	0	0	0	0	0	0	0	2	1	0	0	0	0	0	0	1	0	68	0	0	0	0	0	0
OTU_1206	OTU_1206	1	3	0	0	0	0	1	0	0	0	0	0	0	0	0	0	0	0	0	0	0	5	0	0	0	0	0	0	0	0	0	0	0	0	1	0	0	0	0	2	0	0	0	10	1	0	0	0	0	0	0	0	0	0	0	0	1	0	1	0	1	0	0	0	0	0	0	0	3	1	0	0	0	0	1	0	0	0	0	0	0	0	0	0	1	0	1	1	9	13	0	0	0	0	1	1	0	2	0	0	2	0	0	9	6	1	0	0	0	0	0	2	0	1	0	0	0	0	0	0	1	136	0	0	0	3	0	0	0	1	0	0	0	0	0	1	0	2	0	1	0	9	0	0	0	0	0	1	0	3	0	0	0	0	0	4	0	0	0	0	3	3	0	3	0	0	0	0	0	0	4	0
OTU_1207	OTU_1207	0	0	0	0	0	0	0	0	1	0	0	0	0	0	0	0	0	1	0	0	0	0	0	0	0	0	0	0	0	0	0	2	0	0	1	0	0	0	0	0	0	0	0	0	0	0	0	0	0	0	0	0	1	0	0	0	0	0	0	0	0	0	0	0	0	0	0	0	0	0	0	0	0	0	0	0	0	0	0	0	0	0	0	0	0	0	0	0	0	0	0	0	0	0	0	0	0	0	0	0	0	0	0	0	0	0	0	0	0	0	0	0	0	0	0	0	0	0	0	0	0	0	0	0	0	0	0	0	0	0	0	0	2	0	0	0	0	0	0	0	0	0	0	0	0	0	0	0	0	0	0	0	2	0	0	0	1	0	0	0	0	0	0	0	0	0	0	1	1	0	0	0
OTU_1209	OTU_1209	6	21	3	8	7	0	7	367	24	16	50	15	4	31	10	4	23	13	57	89	31	103	66	18	6	6	10	16	10	136	10	22	9	5	103	77	6	25	21	15	9	56	4	11	36	6	9	17	33	47	5	18	15	4	33	50	43	117	5	22	9	3	23	6	9	5	9	76	8	12	29	5	0	19	12	2	18	32	7	40	13	86	2	6	44	40	7	2	8	0	31	60	71	4	22	14	22	3	31	5	7	17	12	46	5	8	19	33	11	12	92	52	33	17	27	5	22	185	7	85	50	19	18	16	31	3	3	10	38	10	28	3	17	2	8	5	37	3	61	95	9	38	1	4	35	6	110	28	1	1	24	90	3	16	56	14	61	6	21	2	11	0	1	71	1	6	11	57	15	10	22	7
OTU_1210	OTU_1210	0	0	0	0	0	0	0	0	3	1	0	0	0	0	0	0	0	7	0	0	0	0	0	0	0	0	1	0	3	0	1	0	0	0	0	0	0	0	0	0	0	0	0	0	0	8	0	0	2	1	0	0	0	0	0	0	0	0	3	0	0	0	0	0	0	0	0	0	0	0	1	0	0	0	0	0	0	0	0	0	0	1	0	0	0	0	0	0	0	0	0	0	0	0	0	0	0	0	1	0	0	0	0	0	0	0	0	0	0	6	7	0	0	0	0	0	0	0	0	0	0	0	0	0	0	0	0	0	1	0	0	0	0	0	0	0	21	0	0	0	0	0	0	0	0	0	0	0	1	0	1	0	0	0	1	0	0	2	0	0	0	0	0	0	0	1	0	1	0	0	0	0
OTU_1211	OTU_1211	0	0	4	0	0	0	2	0	20	3	0	0	1	0	0	0	8	5	54	0	0	2	0	0	0	0	1	0	1	12	0	4	0	2	6	0	1	0	1	1	0	34	1	0	29	0	0	0	0	0	1	0	0	0	0	2	4	0	0	0	2	0	3	0	2	0	1	3	0	1	2	0	0	1	0	0	0	11	1	3	0	0	0	0	12	0	0	0	0	0	1	2	1	0	11	0	0	0	9	0	0	0	0	47	0	0	1	0	1	0	3	0	0	0	0	0	0	1	0	0	0	0	0	17	2	0	0	0	0	0	0	0	0	0	1	3	1	0	92	3	0	2	0	0	0	0	0	2	2	1	0	0	0	0	0	0	0	2	0	0	0	0	0	0	0	0	0	21	0	0	0	2
OTU_1212	OTU_1212	0	0	0	0	0	0	0	0	0	0	0	0	0	0	0	0	0	0	0	0	0	0	0	0	0	0	0	0	0	0	0	0	0	0	1	0	0	0	0	0	0	1	0	0	0	0	0	0	0	0	0	0	0	0	0	0	0	0	0	0	0	0	0	0	0	0	0	0	0	0	0	0	0	0	0	0	0	0	0	0	0	0	0	0	0	0	0	0	0	0	0	0	0	0	0	0	0	0	0	0	0	0	0	1	0	0	0	0	0	0	0	0	0	0	0	0	0	0	0	0	0	0	0	0	0	0	0	0	1	0	0	0	0	0	0	0	0	0	0	0	0	0	0	0	0	0	0	0	0	0	0	0	0	0	0	0	0	0	0	0	0	0	0	0	0	0	0	0	0	0	0	0
OTU_1214	OTU_1214	5	0	1	0	0	0	0	8	6	3	0	1	0	7	0	0	0	0	0	0	0	0	1	0	0	0	0	2	0	1	0	0	1	0	2	11	0	0	1	1	0	0	0	0	3	0	0	0	0	1	0	0	0	3	0	2	2	0	0	0	2	5	2	0	1	0	0	0	0	0	4	0	0	0	0	0	0	0	0	0	0	0	0	1	2	1	0	0	0	0	1	0	0	0	4	0	0	0	2	0	1	1	0	7	1	0	2	4	0	0	2	2	1	20	1	0	7	0	1	0	2	0	0	0	5	0	0	5	0	0	1	0	0	0	2	0	5	0	0	34	0	1	1	1	0	0	0	0	0	0	74	2	0	1	6	0	2	0	0	0	0	0	0	3	0	0	21	4	5	0	0	2
OTU_1215	OTU_1215	1	32	2	61	0	0	89	116	159	143	27	17	0	16	89	81	201	82	30	16	7	27	1	22	3	5	28	3	0	51	28	0	47	0	29	21	13	19	40	5	1	0	61	34	16	23	69	225	0	20	3	17	39	122	0	3	55	12	39	109	65	0	1	389	17	54	17	6	5	44	69	8	1	8	0	1	172	0	2	166	120	0	2	68	34	16	0	0	0	0	2	0	2	30	7	4	0	1	3	5	4	9	6	4	4	0	3	9	1	10	1	0	1	4	2	1	1	42	0	25	13	49	3	68	90	38	249	0	17	0	16	1	6	3	1	32	5	0	3	8	23	1	2	5	0	9	0	10	4	0	5	2	65	11	0	1	73	0	2	1	0	4	1	5	2	47	0	24	10	0	10	7
OTU_1216	OTU_1216	0	0	0	0	0	0	2	0	2	0	0	0	0	0	0	0	0	16	0	0	0	0	0	0	0	0	0	0	0	0	20	0	0	0	0	0	0	0	0	0	0	0	0	0	0	0	0	0	0	0	0	0	0	0	0	0	0	0	0	0	0	0	0	0	0	0	0	0	0	0	0	0	0	0	0	0	0	0	0	0	0	0	0	0	0	0	0	0	0	0	0	0	0	0	0	0	0	0	0	0	0	12	0	0	0	0	4	0	0	1	0	0	0	0	0	0	0	0	0	0	0	0	0	0	0	0	0	0	0	0	0	1	0	0	0	0	0	0	0	0	0	0	0	0	0	0	0	0	0	0	0	0	19	0	0	0	4	0	1	0	0	0	0	0	0	0	0	0	0	0	0	0
OTU_1217	OTU_1217	1	1	0	1	2	0	0	0	0	0	0	0	0	0	0	0	0	0	0	0	0	0	1	0	0	1	0	0	0	0	0	0	0	0	0	0	0	0	0	0	0	0	0	0	0	0	0	0	0	0	0	0	0	0	0	0	0	0	0	0	0	0	0	0	0	1	0	0	0	0	0	0	0	0	0	0	0	0	0	0	0	0	0	0	0	0	0	0	0	0	0	0	0	0	1	0	0	0	0	0	0	0	0	0	0	0	0	0	1	0	1	0	0	0	0	0	0	0	0	0	0	0	1	0	0	0	4	0	0	0	0	0	0	0	0	0	0	0	0	0	0	0	0	0	0	0	0	0	0	0	0	0	0	0	0	0	0	0	0	0	0	0	0	0	0	0	0	0	0	0	0	0
OTU_1218	OTU_1218	0	0	0	0	0	0	0	0	0	0	0	0	0	0	0	0	0	0	0	0	0	0	0	0	0	0	0	0	0	0	0	0	0	0	0	0	0	0	0	0	0	0	0	0	0	0	0	0	0	0	0	0	0	0	0	0	0	0	0	0	0	0	0	0	0	0	0	0	0	0	0	0	0	0	0	0	0	0	0	0	0	0	0	0	0	1	0	0	0	0	0	0	0	0	0	0	0	0	0	0	0	6	0	0	0	0	0	0	0	0	0	0	0	0	0	0	0	0	0	0	0	0	0	0	0	0	0	0	0	0	0	0	0	0	0	0	0	0	0	0	0	0	0	0	0	0	0	0	0	0	0	0	15	0	0	0	0	0	0	0	0	0	0	0	0	0	0	0	0	0	0	0
OTU_1219	OTU_1219	2	0	3	0	0	0	0	0	1	0	0	1	0	0	0	0	0	1	0	0	0	0	0	0	0	0	0	0	0	0	0	0	0	1	0	0	0	0	0	0	3	0	0	2	0	0	0	0	0	0	1	0	0	0	1	0	0	0	0	0	0	0	0	1	0	0	0	0	0	2	0	4	0	1	0	0	0	0	0	0	0	0	0	0	1	0	0	0	0	0	1	0	0	0	0	0	0	0	0	0	0	0	0	0	0	0	0	0	0	0	0	0	0	0	0	0	0	0	0	0	0	1	0	0	0	1	0	0	0	0	0	0	4	0	0	0	0	0	0	0	0	0	0	0	0	0	0	0	0	0	0	0	0	0	0	0	0	0	0	0	0	0	0	0	0	4	0	0	0	0	0	26
OTU_1220	OTU_1220	0	23	0	2	1	0	104	0	41	0	12	0	0	0	59	0	38	207	0	0	0	0	1	24	0	0	0	0	0	0	62	0	0	2	0	0	0	0	0	3	0	0	0	0	0	0	12	0	0	0	0	3	0	0	0	2	0	0	0	0	0	0	0	27	0	279	0	2	0	11	29	0	0	1	0	0	0	0	0	0	0	0	1	0	44	0	30	4	0	1	0	0	0	0	0	1	1	7	3	13	35	78	0	73	3	0	16	61	0	18	0	82	2	0	0	239	8	20	0	1	0	3	0	15	1	4	8	0	0	0	62	14	19	4	1	0	0	0	0	10	34	0	0	5	5	2	0	118	4	1	0	0	15	6	0	0	80	0	0	11	9	56	0	4	1	4	0	15	0	0	6	0
OTU_1221	OTU_1221	1	0	0	0	0	0	0	0	0	0	0	0	1	0	0	0	0	0	0	0	0	0	0	0	0	0	0	0	0	0	0	0	0	0	0	0	0	1	0	0	0	0	0	0	0	0	0	0	0	0	0	0	0	0	0	0	1	0	0	0	0	0	0	0	0	0	0	0	0	0	0	0	0	0	0	0	0	0	0	0	0	0	0	0	0	0	0	0	0	0	0	0	0	0	0	0	0	0	0	0	0	0	0	0	0	0	0	0	0	0	0	0	0	0	0	0	0	0	0	0	0	0	0	0	0	0	0	0	0	0	0	0	0	0	0	0	0	0	0	0	0	0	0	0	0	0	0	0	0	0	0	0	0	0	0	0	0	0	0	0	0	0	0	0	0	0	0	0	0	0	0	0
OTU_1223	OTU_1223	0	0	0	0	0	0	28	0	8	0	1	0	0	1	0	0	0	13	2	0	1	0	0	0	0	1	0	1	1	0	84	0	2	8	3	1	0	0	0	1	0	0	0	0	22	0	0	0	0	50	0	0	1	1	0	0	0	0	0	0	0	1	0	0	2	0	0	0	0	0	4	0	1	23	0	1	0	0	0	1	1	0	0	0	0	0	46	0	0	0	0	0	0	0	0	0	0	0	6	48	0	0	0	1	0	0	38	0	0	15	2	0	1	0	0	271	0	18	0	0	0	0	0	2	2	1	0	0	2	0	22	22	15	1	6	0	0	0	1	3	0	1	0	1	13	0	0	0	0	84	1	0	0	0	24	0	3	0	2	1	0	4	0	0	0	967	0	2	0	0	2	3
OTU_1224	OTU_1224	0	24	1	0	0	0	15	62	2	0	0	722	1	452	0	1	66	1	263	0	1	10	0	0	0	0	40	0	0	0	0	0	2	0	42	0	0	0	4	45	0	0	0	0	0	2	0	10	0	1	8	1	286	58	0	0	0	0	0	0	0	0	3	0	2	0	0	7	0	1	0	0	0	5	0	0	44	0	7	1	0	1	0	0	0	1	0	0	268	1	0	0	1	3	1	0	1	0	43	18	0	31	1	1677	0	21	0	1	0	21	2	0	0	4	0	0	146	0	141	0	0	0	0	30	3	5	3	0	7	80	59	2	12	4	1	0	1	0	2	38	0	7	0	58	0	34	6	3	0	46	173	3	0	1	1	0	64	0	12	0	0	1	0	17	0	4	0	2	46	0	1	0
OTU_1225	OTU_1225	0	3	0	45	0	1	0	0	0	0	0	0	0	1	0	0	0	0	0	0	1	0	4	27	2	4	0	0	0	0	0	0	1	0	2	0	1	20	0	1	1	1	0	0	6	0	0	1	0	0	0	1	46	8	0	0	0	4	0	0	0	0	1	0	0	0	0	3	1	0	1	0	0	0	0	1	0	0	0	0	0	0	0	2	0	1	0	2	1	0	0	0	1	0	0	1	0	0	1	0	0	0	0	20	0	0	0	0	0	0	0	0	0	1	0	0	1	0	2	0	2	0	0	0	0	0	0	1	0	0	21	0	4	0	0	0	1	2	0	3	0	0	0	0	0	0	0	0	1	0	1	0	0	0	0	0	0	1	1	0	0	0	11	0	0	17	3	0	2	0	0	0
OTU_1226	OTU_1226	26	5	1	7	2	0	1	26	16	0	4	38	4	126	2	7	7	6	3	3	1	43	2	81	5	0	23	150	1	4	0	0	16	0	100	109	1	34	0	4	0	1	8	78	12	1	1	3	0	10	2	77	27	8	1	5	11	14	9	4	26	0	2	0	15	4	4	17	50	8	76	3	2	83	1	0	1	0	0	2	0	0	14	65	5	17	26	96	1	4	7	1	3	31	19	53	0	31	23	44	15	5	4	11	32	88	66	29	53	30	5	11	4	453	3	4	13	12	4	4	38	2	1	8	12	6	25	43	8	13	49	23	22	7	44	4	10	118	2	125	15	4	4	38	4	4	1	20	5	38	12	6	9	7	91	5	15	9	0	68	101	0	0	59	1	7	196	38	92	0	5	6
OTU_1228	OTU_1228	0	0	1	1	4	0	0	0	0	0	0	0	0	0	0	0	0	0	0	0	0	0	0	0	0	0	0	0	0	0	0	0	0	0	0	0	0	0	0	0	0	0	0	0	0	0	0	0	1	0	0	0	0	0	1	0	0	0	0	0	0	0	0	0	0	0	0	0	0	0	0	0	0	0	0	0	0	0	0	0	0	0	0	0	0	0	0	0	0	0	0	1	0	0	0	0	0	0	0	0	1	0	0	0	0	0	0	0	0	0	0	0	0	0	0	0	0	0	0	0	0	0	0	0	0	0	0	0	0	0	0	0	0	0	0	0	0	0	0	0	0	1	0	0	0	0	0	0	0	0	0	0	0	0	0	0	0	0	0	0	0	0	0	0	0	0	0	0	0	0	0	1
OTU_1229	OTU_1229	0	0	0	0	0	0	0	0	0	0	0	0	0	0	0	0	0	0	0	0	0	0	0	0	0	0	0	0	0	0	0	0	0	0	0	0	0	0	0	0	0	0	0	0	0	0	0	0	0	0	0	0	0	0	0	0	0	0	18	0	0	0	0	0	0	0	0	0	0	0	0	0	0	0	0	0	0	0	0	0	0	0	0	0	0	0	0	0	0	0	0	0	0	0	0	0	0	0	0	0	0	0	0	1	0	0	0	0	0	0	0	0	0	1	0	0	1	0	0	0	0	0	0	0	0	0	0	0	0	0	0	0	0	0	0	0	0	0	0	0	0	0	0	0	0	0	0	0	0	0	0	0	0	0	0	0	0	0	0	0	0	0	0	0	0	0	0	0	0	0	0	0
OTU_1231	OTU_1231	0	0	0	0	0	0	0	0	3	0	0	0	0	0	0	0	0	67	0	0	0	0	0	0	0	0	0	0	0	0	0	0	0	0	0	0	0	0	0	0	0	0	0	0	0	0	0	0	0	0	0	0	0	0	0	0	0	0	0	0	0	0	0	0	0	0	0	0	0	0	0	0	0	0	0	0	0	0	0	0	0	0	0	0	0	0	0	0	0	0	0	0	0	0	0	0	0	0	0	0	0	0	0	0	0	0	0	0	0	0	0	0	0	0	0	0	0	0	0	0	0	0	0	0	0	0	0	0	0	0	0	0	0	0	0	0	0	0	0	0	0	0	0	0	0	0	0	0	0	0	0	0	0	0	0	0	0	0	0	0	0	0	0	0	0	0	0	0	0	0	0	0
OTU_1232	OTU_1232	7	17	12	1	1	1	4	142	23	14	1	30	4	125	1	1	3	12	10	2	5	6	29	3	2	3	91	6	3	7	3	1	5	1	26	49	1	5	31	5	1	18	5	20	109	7	3	7	3	38	0	3	4	1	0	1	4	3	13	13	24	2	14	0	23	0	10	11	2	2	4	0	2	5	1	0	10	1	3	2	3	24	50	1	21	32	0	2	33	3	1	4	0	7	10	3	10	2	21	6	13	5	7	121	1	1	8	12	3	0	9	2	72	40	1	8	382	3	1	12	3	1	7	6	137	4	13	110	5	19	7	2	1	4	101	12	24	1	65	28	8	24	2	2	1	7	11	15	7	8	248	111	1	7	14	10	25	0	4	2	4	13	1	7	2	6	89	47	46	12	5	2
OTU_1233	OTU_1233	30	528	247	17	59	0	117	11	251	3	15	164	3	180	483	59	0	249	22	27	13	47	59	10	4992	274	0	32	65	248	5	3	35	24	28	99	7	6	2	2	2	1281	10	9	8	327	1870	142	537	41	27	154	0	5	1	16	10	322	8	860	145	14	4	438	18	11	27	8	18	266	5	269	3	40	20	2	81	2	5	320	18	107	3	69	237	16	17	2	9	5	8	201	0	33	18	11	1	13	60	1	8	16	40	11	43	18	127	70	8	86	623	7	30	2	64	6	37	303	3	30	71	348	192	4	739	14	88	2	48	149	3	10	41	0	17	42	4	5	716	173	12	23	4	3	417	4	13	28	61	0	7	5	247	75	15	61	55	10	25	0	5	12	1	146	2	10	4	134	7	722	8	29
OTU_1234	OTU_1234	2	2	1	0	0	0	32	0	5	0	0	0	0	1	0	0	2	0	0	0	0	3	5	0	75	0	0	0	0	0	2	2	0	0	0	0	0	3	0	0	15	1	0	0	0	1	0	0	0	0	8	0	0	0	2	0	0	1	1	0	0	0	0	0	0	1	0	1	3	4	0	0	0	2	2	0	0	0	0	1	0	0	0	0	0	0	0	1	0	0	0	0	0	0	2	0	0	0	0	0	0	0	0	2	0	9	0	1	6	2	0	0	0	3	0	0	0	0	0	0	0	0	6	0	0	1	0	0	0	0	0	0	0	0	0	0	0	0	0	0	0	0	2	0	0	0	0	0	0	0	3	0	1	0	1	1	0	0	0	0	0	2	0	0	0	0	0	0	0	0	0	0
OTU_1235	OTU_1235	0	0	0	0	0	0	0	0	0	0	0	3	1	1	0	0	1	0	0	0	0	0	1	1	0	0	0	0	0	2	0	0	0	0	1	0	0	0	1	0	0	1	0	1	0	0	0	0	1	2	0	0	2	0	0	0	0	0	0	0	0	16	0	0	0	0	0	0	0	0	1	0	0	1	0	0	0	0	0	0	0	1	0	0	2	0	0	0	0	0	0	0	6	0	0	0	0	0	0	0	0	1	0	1	0	0	0	1	0	0	2	1	0	0	0	0	0	0	0	1	0	0	0	0	0	0	0	0	0	1	1	0	0	0	0	0	0	0	0	0	0	0	0	0	0	0	0	0	0	0	0	0	0	0	0	0	1	0	0	0	1	0	0	0	0	0	0	0	0	0	0	0
OTU_1236	OTU_1236	7	122	2	26	479	1	3	140	5	1	0	0	1	19	2	598	0	0	497	0	3	0	6	1	0	6	227	376	0	149	4	1	19	0	94	1	57	1	7	3	1	0	1	2	13	5	0	22	0	4	0	228	0	0	0	8	2	21	8	418	5	3	9	0	346	4	3	305	263	27	3	2	0	12	1	5	0	1	15	0	0	0	8	2	0	1	5	0	0	1	536	0	0	0	5	0	8	0	3	0	0	0	0	13	0	0	0	0	2	0	6	3	0	7	0	0	13	1	2	0	0	3	1	4	3	0	3	0	1	0	0	0	30	0	0	0	8	2	13	5	0	7	0	0	12	0	0	0	40	0	8	3	14	0	1	3	0	2	0	0	0	0	0	2	1	0	0	80	5	2	43	4
OTU_1237	OTU_1237	0	0	0	0	0	0	0	0	0	0	0	0	0	0	0	0	0	0	0	0	0	0	0	1	0	0	0	0	0	0	0	0	0	0	0	0	0	0	0	0	0	0	0	0	0	0	0	0	0	1	0	0	0	0	0	0	0	0	0	0	0	0	0	0	0	0	0	21	0	0	0	0	0	0	13	0	0	0	0	0	0	0	0	0	0	0	0	0	0	0	0	0	0	0	0	0	0	0	0	0	0	0	0	0	0	0	0	0	0	0	0	0	0	0	0	0	0	0	0	0	0	0	0	0	0	0	0	0	0	0	0	0	0	0	0	0	0	0	0	0	0	0	0	0	0	0	0	0	0	0	0	0	0	0	0	0	0	1	0	0	0	0	0	0	0	0	0	0	0	0	0	1
OTU_1238	OTU_1238	64	48	31	1	7	0	1	50	84	3	5	6	2	12	0	23	133	2	27	4	5	66	6	9	16	1	39	22	66	5	1	17	505	48	13	26	35	7	9	0	154	32	11	12	5	3	2	4	13	41	15	55	1	0	77	53	55	7	7	25	4	277	5	34	71	2	3	71	10	10	13	94	281	42	39	15	3	42	366	60	2	0	3	28	1	67	123	0	1	3	282	57	0	9	21	2	5	0	4	0	31	199	39	5	0	5	22	3	2	1	24	0	10	3	3	42	4	1	0	2	1	26	6	46	335	0	7	0	0	8	1	1	257	1	11	6	1	0	32	51	0	4	26	0	13	0	450	3	634	10	24	11	2	27	2	5	34	125	0	3	0	0	1	4	0	448	0	4	4	121	88	58
OTU_1239	OTU_1239	0	0	0	1	0	0	0	0	0	0	0	0	2	0	0	0	1	0	1	0	0	0	0	0	0	0	0	0	0	0	0	0	0	0	0	0	0	0	0	0	2	0	0	0	0	0	0	0	4	0	0	0	0	0	0	0	0	0	0	0	0	0	0	2	0	1	0	0	0	0	0	0	0	0	0	0	0	0	0	0	0	0	0	0	0	0	0	0	0	0	0	0	0	0	0	0	0	1	0	0	0	0	0	0	0	0	0	0	0	0	1	0	0	0	0	0	0	0	0	0	0	0	0	1	0	0	0	0	0	0	0	0	0	0	0	0	0	0	0	0	0	0	1	0	0	0	0	0	0	0	0	1	0	0	0	0	0	0	0	0	0	0	0	0	0	1	0	0	0	0	0	0
OTU_1240	OTU_1240	3	2	3	0	0	15	0	16	38	9	0	3	1	19	0	5	1	0	5	1	4	15	4	0	2	3	1	3	7	29	1	0	5	0	13	23	0	2	5	3	0	4	2	7	26	3	3	1	0	29	0	0	0	1	0	3	3	7	7	5	14	2	15	0	3	0	1	2	0	3	7	0	0	2	3	0	2	2	1	2	13	7	2	3	1	13	1	0	10	3	1	0	0	2	6	6	2	1	10	2	3	1	1	57	0	1	1	1	1	0	7	0	105	46	0	2	47	0	1	0	0	0	3	5	25	3	4	136	4	2	4	3	2	1	31	1	22	1	9	35	0	17	1	4	0	1	3	5	0	4	219	17	0	1	24	3	2	0	0	0	1	1	10	12	1	1	85	6	27	2	3	3
OTU_1242	OTU_1242	12	2	7	2	1	1	0	19	66	0	0	5	1	20	1	1	13	1	31	0	7	11	6	2	1	2	1	9	1	15	7	0	2	2	29	14	1	1	3	4	1	22	1	0	16	0	3	2	0	56	0	0	0	2	0	2	18	27	11	13	1	4	25	5	44	2	7	19	2	2	4	1	0	3	2	0	0	4	1	3	2	2	9	2	14	3	0	0	1	1	2	0	2	1	10	2	3	2	12	0	1	2	0	37	0	2	1	0	1	1	15	1	1	5	2	0	26	1	2	1	3	1	1	27	15	0	2	0	0	1	0	1	0	0	4	1	18	3	64	21	0	13	0	2	0	1	1	2	2	2	121	22	0	0	5	9	5	0	0	0	0	1	0	10	0	2	2	14	23	3	0	10
OTU_1243	OTU_1243	0	0	0	0	0	0	0	0	0	0	0	0	0	0	0	0	0	0	0	0	0	0	0	0	0	0	0	0	0	0	0	1	0	0	3	0	0	0	0	0	0	0	0	0	3	0	0	0	0	0	0	0	0	0	0	0	0	0	0	0	0	0	0	0	0	0	0	0	0	0	0	0	0	0	0	0	0	0	0	0	0	0	0	0	0	0	1	0	0	0	0	0	0	0	0	0	0	0	0	0	0	0	0	0	0	0	0	0	0	0	0	0	4	0	0	0	0	2	0	0	0	0	0	0	0	0	0	0	5	0	0	0	0	0	0	0	0	0	0	0	0	0	0	0	0	0	0	0	0	0	0	0	0	0	0	0	0	0	1	0	0	0	0	0	0	0	0	0	0	0	0	0
OTU_1244	OTU_1244	0	0	0	0	0	0	0	0	0	0	0	0	0	0	0	0	0	0	0	0	0	0	0	0	0	0	0	0	0	0	0	0	0	0	0	0	0	0	0	0	0	0	0	0	0	0	0	0	0	0	0	0	0	0	0	0	0	0	0	0	0	0	0	0	0	1	0	0	0	0	0	0	0	0	0	0	0	0	0	0	0	0	0	0	0	0	0	0	0	0	0	1	0	0	0	0	0	0	0	0	0	0	0	0	0	0	0	0	1	0	0	0	0	0	0	0	0	0	0	0	0	0	0	0	0	0	0	0	0	0	0	0	0	0	0	0	0	0	0	0	0	0	0	0	0	0	0	0	0	0	0	0	0	0	0	0	0	0	0	0	0	0	0	0	0	0	0	0	0	0	0	0
OTU_1245	OTU_1245	1	100	0	1	0	0	8	2	40	0	0	52	0	55	6	0	127	204	233	0	3	2	0	69	5	4	1	0	0	0	0	0	4	1	4	4	0	14	0	1	3	0	26	0	0	0	14	2	0	28	2	17	1	0	1	6	0	1	8	0	0	0	1	54	2	0	4	3	0	167	154	0	3	24	0	0	13	0	6	1	0	0	0	1	121	3	19	1	1	0	0	0	0	2	2	12	0	0	3	93	2	576	54	1039	22	1	10	328	25	10	3	285	0	115	1	12	4	28	0	0	66	13	0	61	1	15	0	2	109	2	57	7	15	4	0	92	2	167	5	2	269	6	0	0	3	43	0	3	5	16	0	6	0	156	141	2	149	2	93	0	0	584	0	8	2	7	9	97	69	100	5	2
OTU_1246	OTU_1246	0	0	0	0	0	0	0	0	0	0	0	0	0	0	0	0	0	0	1	0	0	0	0	0	0	0	0	0	0	0	0	0	0	0	0	0	0	0	0	0	0	0	0	0	0	0	0	0	0	0	0	0	0	0	0	0	0	0	0	0	0	0	0	0	0	0	0	0	0	0	0	0	0	0	0	0	0	0	0	0	0	0	0	0	0	0	0	0	1	0	0	0	0	0	0	0	0	0	0	0	0	0	0	13	0	0	0	0	0	0	0	0	0	0	0	4	0	0	0	0	0	0	0	0	0	0	0	0	0	0	0	0	0	0	0	0	0	0	0	0	0	1	0	0	0	0	0	0	0	0	0	0	0	0	0	0	0	0	0	0	0	0	0	0	0	0	0	0	0	0	0	0
OTU_1247	OTU_1247	10	2	3	1	0	0	0	7	4	10	0	2	2	4	1	0	0	0	1	0	606	1	3	0	0	287	0	2	1	0	0	17	4	0	0	0	0	0	101	3	0	1	9	0	1	2	1	75	5	1	0	0	1	0	2	143	6	0	0	2	1	0	28	0	1	0	0	2	1	1	4	0	0	50	0	0	20	1	0	10	7	5	2	25	0	1	0	0	0	0	0	0	108	8	1	1	1	29	5	1	5	3	0	5	3	0	0	1	21	1	5	0	1	0	0	0	9	0	0	9	0	1	0	2	0	137	0	1	0	1	0	0	1	0	5	1	5	0	0	0	0	238	0	5	0	11	0	1	1	5	2	19	0	0	2	1	0	0	0	3	0	0	0	4	0	0	0	0	17	0	40	0
OTU_1249	OTU_1249	5	1	1	8	0	0	1	0	1	0	0	0	0	5	1	0	10	0	0	0	1	0	2	7	0	1	1	72	0	9	0	0	25	0	1	0	0	1	0	1	0	1	0	0	0	2	0	0	0	2	0	3	0	0	0	0	0	0	0	2	1	4	0	0	2	5	1	3	0	0	0	10	0	1	0	34	0	2	0	3	0	18	6	0	3	0	3	0	1	0	1	1	0	0	1	0	2	0	3	0	9	0	0	2	0	0	0	2	10	0	0	0	0	2	1	1	3	1	1	0	0	1	1	3	0	1	0	0	0	0	4	0	12	0	0	0	1	1	2	1	0	1	0	0	26	0	0	0	0	0	6	0	0	0	0	0	1	4	0	0	0	0	0	6	0	2	0	2	2	0	0	0
OTU_1250	OTU_1250	0	1	0	2	0	1	2	1	26	1	1	1	0	5	0	0	0	213	0	1	0	1	0	1	0	0	0	1	2	0	0	0	1	2	3	18	3	1	1	0	1	1	0	1	0	0	0	0	0	1	1	1	0	1	6	3	0	0	0	0	0	0	1	0	1	207	2	1	0	2	4	1	1	0	1	1	0	0	1	0	1	5	0	0	2	1	0	10	1	7	1	0	0	1	6	1222	7	8	3	3	2985	1	8	2	3	1	1	1	0	20	1	1	3	21	0	2	0	16	1	2	4	1	0	0	4	18	1	4	3	4	0	4	2	2053	2	2	4	2	1	12	20	5	0	2	2	3	99	0	4	9	2	1	1	5	7	6	10	69	3	4	1	2	12388	3	1	0	55	7	9	0	0	1
OTU_1251	OTU_1251	0	0	0	0	0	0	0	0	11	0	0	0	0	0	0	0	0	71	0	0	0	0	0	0	0	0	0	0	0	0	251	0	0	0	0	0	0	66	0	0	0	0	0	0	0	0	0	0	0	0	0	0	0	0	0	0	0	0	0	0	0	0	0	0	0	0	0	1	0	0	0	0	0	0	0	0	0	0	0	0	0	0	0	0	0	0	0	0	0	0	0	0	0	0	0	0	0	0	3	0	0	0	0	0	0	0	53	0	0	3	1	0	0	0	0	7	0	0	0	0	0	0	0	0	0	0	0	2	0	0	0	2	0	0	10	0	0	0	0	1	0	0	0	0	0	0	0	0	0	0	0	0	0	0	0	0	0	0	0	0	0	0	0	0	0	0	0	0	0	0	0	0
OTU_1252	OTU_1252	1	4	0	0	0	21	0	3	4	5	0	0	2	3	0	0	0	2	1	0	1	0	1	0	0	1	1	1	1	6	1	1	0	0	1	3	0	0	9	0	0	0	5	6	3	1	0	0	0	3	0	3	0	0	1	0	3	7	1	1	4	1	0	0	2	1	3	3	0	1	0	0	0	2	0	0	0	1	0	0	0	20	22	0	1	0	0	0	0	0	0	0	0	0	3	0	0	0	2	10	0	0	0	12	0	0	0	0	0	2	2	0	27	1	1	0	1	0	1	4	1	1	0	0	5	0	1	0	0	0	0	0	0	0	22	0	0	0	2	2	0	0	0	0	0	0	0	0	1	0	13	0	0	0	4	1	0	0	0	0	1	0	2	1	2	0	0	1	2	0	0	2
OTU_1253	OTU_1253	0	0	0	0	0	0	0	2	1	1	0	0	0	0	0	0	0	3	1	0	0	0	0	1	0	0	0	0	0	0	1	0	0	0	0	0	0	0	0	0	1	0	3	0	6	0	0	1	0	0	0	0	0	0	0	0	0	0	0	0	0	0	0	0	0	0	0	0	0	0	0	0	0	0	0	0	0	0	0	0	0	0	0	0	1	0	0	0	0	0	0	0	0	0	0	0	0	0	0	0	0	0	0	0	0	0	0	0	0	0	0	0	0	0	0	0	0	5	0	0	0	0	0	0	0	0	0	0	0	0	0	0	0	0	0	0	0	0	0	0	0	0	0	0	0	0	0	0	0	0	2	0	0	0	0	0	16	0	0	0	0	0	0	0	1	7	0	1	0	0	0	12
OTU_1254	OTU_1254	0	0	0	0	0	0	0	0	0	0	0	0	0	0	0	0	0	0	0	0	0	0	0	0	0	0	0	0	0	0	0	0	0	0	1	0	0	0	0	0	0	0	0	0	0	0	0	0	0	0	0	0	0	0	0	0	0	0	0	0	0	0	0	0	0	0	0	0	0	0	0	0	1	0	0	0	0	0	0	0	0	0	0	0	0	0	0	0	0	0	0	0	0	0	0	0	0	0	0	0	0	0	0	1	0	0	0	0	0	0	0	0	0	0	0	0	0	0	0	1	0	0	0	0	0	0	0	0	0	0	0	0	0	0	0	0	0	0	0	0	0	1	0	0	0	0	0	0	0	0	0	0	0	0	0	0	0	1	0	0	0	0	0	0	0	0	0	0	0	0	0	0
OTU_1255	OTU_1255	0	0	0	0	0	1	0	0	0	0	0	0	0	0	0	0	0	0	0	0	0	0	0	0	0	0	0	0	0	0	0	0	0	0	0	0	0	0	0	0	0	0	0	0	0	0	0	0	0	0	0	1	0	0	0	0	0	0	0	0	0	0	0	0	0	0	0	0	0	0	0	0	0	0	0	6	0	0	0	0	0	0	0	0	0	0	0	0	0	0	0	0	0	0	0	0	1	1	0	0	0	0	0	0	0	0	0	0	0	0	0	0	0	0	0	0	0	0	0	0	0	0	0	0	0	0	0	0	0	0	0	0	1	0	0	0	0	0	0	0	0	0	0	0	0	0	0	0	0	0	0	0	0	0	0	0	0	0	0	0	0	0	0	1	0	2	0	0	0	0	0	0
OTU_1256	OTU_1256	0	0	0	0	0	0	0	0	0	0	0	0	0	2	0	0	0	0	0	1	0	0	0	0	0	0	2	0	0	0	0	1	0	0	0	0	0	0	0	0	0	0	0	0	0	0	0	0	0	0	0	0	0	0	0	0	0	0	1	0	0	0	0	0	0	0	0	0	0	0	0	0	0	0	0	0	0	0	0	0	0	1	0	0	0	0	0	0	0	0	0	0	0	1	0	0	0	0	1	0	0	0	0	0	0	0	0	0	0	0	0	1	0	0	0	0	0	0	0	0	1	0	0	0	0	1	0	0	0	0	0	0	0	0	3	261	0	0	0	0	0	0	0	1	0	0	0	0	3	0	0	0	0	2	0	0	0	0	0	0	0	0	0	1	0	0	0	0	0	0	0	0
OTU_1257	OTU_1257	0	0	0	0	0	0	2	0	0	0	0	0	0	0	0	0	0	0	0	0	0	0	0	0	0	0	0	0	0	0	0	0	0	0	0	0	0	0	0	0	0	0	0	0	0	0	0	0	0	0	0	0	0	0	0	0	0	0	0	0	0	0	0	0	0	0	0	0	0	0	3	0	0	0	0	0	0	0	0	0	0	0	0	0	0	0	0	0	0	0	0	0	0	0	0	0	0	0	0	0	0	0	0	1	0	0	0	0	0	2	0	0	0	0	0	0	0	0	0	0	0	0	0	0	0	0	0	0	0	0	0	0	0	0	0	0	0	0	0	0	0	0	0	0	0	0	0	0	0	0	0	0	0	0	1	1	0	0	0	0	0	1	0	0	0	3	0	0	0	0	0	0
OTU_1258	OTU_1258	0	1	0	0	0	0	5	0	0	0	0	2	0	6	0	0	0	1	0	0	0	0	0	0	0	0	0	1	0	0	5	0	0	0	0	0	0	0	0	0	1	0	0	0	1	1	0	1	0	0	0	0	0	0	0	4	0	0	1	0	0	0	0	0	0	0	0	0	0	0	1	0	0	0	0	0	0	1	0	0	0	0	1	0	1	0	1	0	0	0	0	0	0	0	2	0	0	0	1	0	0	21	0	0	0	0	0	1	1	0	0	0	0	4	0	2	0	0	0	0	0	1	0	1	3	0	0	1	0	0	1	0	0	0	0	1	0	0	0	0	97	3	0	0	0	0	0	0	0	7	0	1	2	0	2	0	1	0	0	0	0	0	0	1	0	1	0	2	0	1	0	0
OTU_1260	OTU_1260	0	1	2	0	0	0	1	0	4	1	0	2	0	6	0	0	0	0	0	0	0	18	0	4	1	0	4	2	0	0	0	0	0	0	1	0	0	7	0	0	0	0	0	6	1	0	5	0	18	0	1	0	0	0	13	0	0	1	14	0	0	0	1	0	1	0	2	1	1	2	70	0	0	1	2	0	14	0	0	0	10	0	0	0	6	0	1	1	10	7	1	0	0	51	0	7	0	5	0	0	2	0	1	250	11	1	0	0	9	0	39	2	0	72	10	0	7	0	5	0	45	0	0	4	2	1	0	6	0	14	0	0	0	1	0	3	1	2	4	6	1	27	0	12	0	3	0	1	2	18	0	2	0	8	2	4	0	0	0	0	45	15	0	42	5	0	4	5	2	0	9	0
OTU_1261	OTU_1261	0	4	2	13	1	202	0	14	1	0	2	1	1	2	1	4	1	3	9	6	49	5	156	21	92	2	6	9	0	6	3	2	6	0	4	39	3	0	0	17	1	34	2	38	5	0	1	3	0	21	3	3	24	5	3	0	0	5	0	11	19	0	27	1	4	4	8	3	10	11	3	0	0	24	2	2	0	0	4	2	10	13	0	8	2	8	5	38	5	0	2	37	20	1	0	56	1	0	6	10	7	3	5	352	0	0	26	16	25	14	4	9	0	77	0	8	17	5	14	1	31	3	3	2	0	2	1	5	17	0	31	8	14	1	1	0	51	69	27	21	0	4	0	3	3	6	0	8	7	26	26	2	0	2	18	27	14	0	5	10	23	2	22	12	13	2	3	1	5	0	1	0
OTU_1262	OTU_1262	3	0	0	0	0	0	0	0	0	0	0	0	0	0	0	0	0	0	0	0	0	0	0	0	0	0	0	0	0	0	0	2	0	0	0	0	0	0	0	1	0	0	0	1	0	1	0	1	1	1	0	0	0	0	0	2	0	0	0	0	0	1	0	0	0	0	5	0	0	1	0	0	0	5	0	0	1	0	0	0	0	0	0	0	0	0	0	0	0	0	0	15	0	4	0	0	0	0	1	0	0	2	0	0	0	0	0	0	0	0	0	0	0	0	0	0	0	0	0	0	0	0	0	0	4	0	0	1	0	0	0	0	0	0	0	0	0	0	0	4	0	0	0	0	2	0	0	0	0	0	1	0	0	0	0	0	0	0	0	0	0	0	0	0	0	23	1	0	0	0	0	0
OTU_1263	OTU_1263	8	1	13	3	6	0	2	9	3	1	3	0	7	4	1	2	18	3	2	1	4	1	1	0	1	0	0	3	4	1	0	0	3	8	5	5	1	1	1	1	18	4	0	0	2	12	5	1	2	2	16	2	0	2	5	3	2	2	0	0	3	0	1	5	1	12	2	4	0	2	1	4	25	2	3	1	6	0	3	3	2	1	0	2	5	1	4	0	0	0	3	3	0	0	0	0	0	0	2	2	0	0	3	0	0	0	0	0	2	0	5	0	0	0	2	0	0	0	0	0	1	2	0	7	9	0	11	0	0	1	2	0	2	0	0	0	0	0	1	2	2	0	0	0	3	1	0	0	2	0	1	0	4	3	0	0	3	4	0	0	0	0	0	0	0	13	0	3	0	1	0	46
OTU_1264	OTU_1264	0	0	0	0	0	0	0	0	0	0	0	0	0	0	0	0	0	0	0	0	0	0	0	0	0	0	0	0	0	0	0	0	0	0	0	0	0	0	0	0	0	0	0	0	0	0	1	0	0	0	0	0	0	0	0	0	0	0	0	0	0	0	0	0	0	0	0	0	0	0	0	0	1	0	1	0	0	0	0	0	0	0	0	0	0	0	0	0	0	0	1	0	0	0	0	0	0	0	0	0	0	0	0	0	0	0	0	0	0	0	0	0	0	0	0	0	0	0	0	1	0	0	0	0	0	0	0	0	0	0	0	0	2	0	0	0	0	0	0	0	0	0	0	0	0	0	0	0	0	1	0	0	0	0	0	0	0	0	0	0	0	2	0	1	0	0	0	0	0	0	0	0
OTU_1265	OTU_1265	1	0	0	0	0	0	0	0	0	0	0	0	0	0	0	0	0	0	0	0	0	0	0	0	1	0	0	0	0	0	0	0	0	0	0	0	0	0	0	0	0	0	0	0	0	0	0	0	0	0	0	0	0	0	0	0	0	0	0	0	0	0	0	0	0	0	0	0	0	0	0	0	0	0	0	0	0	0	0	0	0	0	0	0	0	0	0	0	0	0	0	0	0	0	0	0	0	0	0	0	0	0	0	0	0	0	0	0	0	0	0	0	0	0	0	0	0	0	0	0	0	0	0	0	0	0	7	0	0	0	0	0	0	0	0	0	0	0	0	0	0	0	0	0	0	0	0	0	0	0	1	0	0	0	0	0	0	0	0	0	0	0	0	0	0	0	0	0	0	0	0	0
OTU_1267	OTU_1267	32	73	20	8	5	503	15	222	25	37	1	24	234	40	9	30	37	85	53	1	12	107	1148	11	21	75	3	13	0	271	20	6	6	9	123	42	9	6	102	92	4	78	98	247	275	7	18	175	0	96	18	22	92	25	32	47	16	46	178	62	175	4670	393	14	30	7	3	47	22	82	54	10	11	130	22	8	49	13	8	19	50	244	534	12	216	104	94	152	1	161	9	89	1115	43	5	254	143	15	405	124	545	163	145	39	113	119	17	530	7	158	16	8	7	68	2	7	332	159	56	1253	118	22	159	31	122	227	4	1169	199	548	12	30	10	30	1409	2	38	18	82	38	906	233	0	3	8	122	558	170	247	111	228	799	3	139	102	39	487	8	55	8	109	26	2	464	7	1	1563	152	183	91	67	14
OTU_1268	OTU_1268	13	1	0	4	1	0	0	2	8	0	0	1	0	1	44	1	30	0	7	0	2	0	1	26	0	0	0	419	1	40	0	2	3	11	1	0	0	0	1	0	1	0	0	0	3	1	0	0	0	2	0	0	0	0	0	1	3	8	0	8	44	0	1	0	0	5	0	9	1	2	0	47	0	0	0	17	0	1	0	5	0	17	1	1	19	1	2	0	5	13	13	5	0	0	9	1	560	1	6	0	25	5	0	1	0	1	4	10	1	4	5	6	0	1	1	1	8	1	0	2	5	5	19	17	8	1	3	0	0	0	2	0	17	2	2	0	2	0	3	0	0	4	0	0	1	4	0	0	11	0	33	1	0	0	0	5	1	3	1	0	2	0	13	45	0	5	0	14	18	3	0	9
OTU_1269	OTU_1269	0	0	0	0	0	0	0	0	0	0	0	0	0	0	0	0	0	0	0	0	0	0	0	0	0	0	0	0	0	0	0	0	0	0	0	0	0	0	0	0	4	0	0	0	0	0	0	0	0	0	0	0	0	0	186	0	0	0	0	0	0	0	0	0	0	0	0	0	0	0	0	0	0	0	0	0	0	0	0	0	0	0	0	0	0	0	0	0	0	0	0	0	0	0	0	0	0	0	0	0	0	0	0	0	0	0	0	0	0	0	0	0	0	0	0	0	0	0	0	0	0	0	0	1	0	0	0	0	0	0	0	0	0	0	0	0	0	0	0	0	0	0	0	0	0	0	0	0	0	0	0	0	0	0	0	0	0	0	0	0	0	0	0	0	0	0	0	0	1	0	0	0
OTU_1270	OTU_1270	0	0	0	0	0	0	0	0	0	0	0	0	0	0	0	0	0	0	0	0	0	0	0	0	0	0	0	0	0	2	0	0	0	0	0	0	0	0	0	0	0	0	0	0	0	0	0	0	0	0	0	0	0	0	0	0	0	0	0	0	0	0	0	0	0	0	0	0	0	0	0	0	0	0	0	0	0	0	0	0	0	1	0	0	0	0	0	0	0	0	0	0	0	0	0	0	0	0	1	0	0	0	0	0	0	0	0	0	0	0	0	0	0	0	0	0	0	0	0	0	0	0	0	0	0	0	0	0	0	0	0	0	0	0	0	0	0	0	0	0	0	0	0	0	0	0	0	0	0	0	0	0	0	0	0	2	0	0	0	0	0	0	0	0	0	0	0	0	0	0	0	0
OTU_1271	OTU_1271	0	0	0	0	0	0	0	0	0	0	0	0	0	0	0	0	0	0	0	0	0	0	0	0	0	0	0	0	0	0	0	0	0	0	0	0	0	0	0	0	0	0	0	0	0	0	0	0	0	0	0	0	0	0	0	0	0	0	0	0	0	0	0	0	0	0	0	0	0	0	0	0	0	2	0	0	0	0	0	0	0	0	0	0	0	0	0	0	0	0	0	0	0	0	0	0	0	0	0	0	0	0	0	0	0	0	0	0	0	0	0	0	0	0	0	0	0	0	0	0	0	0	0	0	0	0	0	0	0	0	0	0	0	0	0	0	0	0	0	0	0	0	0	0	0	0	0	0	0	0	0	0	0	0	0	0	0	0	0	0	0	0	0	0	0	0	0	0	0	0	0	0
OTU_1273	OTU_1273	0	0	0	0	1	0	0	0	1	0	0	0	0	0	0	0	0	7	0	0	1	0	0	0	0	0	1	0	0	0	0	0	0	1	0	0	0	0	0	0	0	1	0	0	2	0	0	0	0	0	0	0	1	0	0	0	0	0	0	0	0	0	0	0	0	0	0	0	0	0	0	0	0	3	0	0	0	0	0	0	0	0	0	0	8	0	0	0	0	0	0	0	0	0	0	0	0	0	3	0	0	165	0	0	0	0	51	0	0	1	0	0	0	0	0	1	0	9	0	1	0	0	0	0	0	0	1	0	1	0	15	0	2	0	10	0	0	0	0	0	0	0	0	0	0	0	0	0	0	0	0	0	0	0	0	0	0	0	0	0	3	0	0	0	0	1	0	11	8	0	1	0
OTU_1274	OTU_1274	0	0	0	0	0	0	0	0	0	0	0	0	0	0	0	0	0	0	2	0	0	0	0	0	0	0	0	0	0	0	0	0	0	0	0	0	0	0	0	0	0	0	0	0	0	0	0	0	0	0	0	0	0	0	0	0	0	0	0	0	0	0	0	0	0	0	0	0	0	0	0	0	0	0	0	0	0	0	0	0	0	1	0	0	0	0	1	0	0	0	0	0	0	0	0	0	0	0	0	0	0	2	0	0	0	0	0	0	0	0	0	0	0	0	0	0	0	0	0	0	0	0	0	0	0	0	0	0	1	0	0	0	0	0	0	0	0	0	0	0	0	0	0	0	0	0	0	0	0	0	0	0	0	0	0	0	0	0	1	0	0	0	0	0	0	0	0	0	1	0	0	0
OTU_1276	OTU_1276	0	0	0	0	0	0	0	0	0	0	0	0	0	0	0	0	0	0	0	0	0	0	0	0	0	0	0	0	0	0	0	0	0	0	0	0	0	0	0	0	0	0	0	0	0	0	0	0	0	0	0	0	0	0	0	0	0	0	0	0	0	0	2	0	0	0	0	0	0	1	0	0	0	0	0	0	0	0	0	0	0	0	0	0	0	0	0	0	0	1	0	0	0	0	0	0	0	0	0	0	0	0	0	1	0	0	0	0	0	0	0	0	0	0	0	0	0	0	0	0	2	0	0	0	0	0	0	0	0	0	0	0	0	0	0	3	0	0	0	1	0	4	0	0	0	0	0	3	0	1	0	0	0	0	0	0	0	0	0	0	0	0	0	0	0	0	0	0	0	0	0	0
OTU_1277	OTU_1277	0	0	0	0	0	0	4	0	0	0	0	0	0	0	3	0	5	3	0	0	0	0	0	1	0	0	1	0	0	0	5	0	0	1	0	0	0	0	0	2	0	0	0	0	0	0	0	0	0	0	0	0	0	0	0	0	0	0	0	0	0	0	0	0	0	0	0	0	0	0	0	0	0	0	0	0	0	0	1	0	0	0	0	0	7	0	0	0	0	0	0	0	0	0	0	0	0	0	0	0	1	26	0	0	0	0	14	0	0	0	1	0	0	0	0	3	0	8	0	0	0	0	0	0	0	0	0	0	0	0	0	0	2	0	5	0	0	0	0	0	0	0	0	0	1	0	0	0	0	0	0	0	0	0	1	1	2	0	0	0	0	3	0	0	0	7	0	7	0	1	0	0
OTU_1278	OTU_1278	0	0	0	0	0	0	0	0	0	0	0	0	0	0	0	0	0	0	0	0	0	1	0	0	0	0	0	0	0	0	0	0	0	0	0	0	0	0	0	0	0	0	0	0	0	0	0	0	0	0	0	0	0	0	0	0	0	0	0	4	0	0	0	0	0	0	0	1	0	0	0	0	0	0	1	0	0	0	0	0	0	0	0	0	0	0	0	0	0	0	0	0	0	0	0	0	0	0	0	0	0	0	0	0	0	0	0	0	0	0	1	0	0	0	0	0	0	0	0	0	0	0	0	0	0	0	0	0	0	0	0	0	0	0	0	0	0	0	0	0	0	0	0	0	0	0	0	0	0	0	0	0	0	0	0	0	0	0	0	0	0	0	0	0	0	0	0	0	0	0	0	0
OTU_1280	OTU_1280	0	0	1	0	0	0	0	0	0	0	0	0	0	0	0	0	0	0	0	0	0	0	0	0	0	0	0	0	0	0	0	0	1	0	0	0	0	0	0	0	0	0	0	0	0	0	0	0	0	0	0	0	0	0	0	0	0	0	0	0	0	0	0	0	0	0	0	0	0	0	0	0	0	0	0	0	0	0	0	0	0	0	0	0	0	0	0	0	0	0	10	0	0	0	0	0	0	0	0	0	0	0	0	0	0	0	0	0	0	0	0	0	0	0	0	0	0	0	0	0	0	0	0	0	0	0	0	0	0	0	0	0	0	0	0	0	0	0	0	0	0	0	0	0	0	1	0	0	0	0	0	0	0	0	0	0	0	0	0	0	0	0	0	0	0	0	0	0	2	0	0	0
OTU_1281	OTU_1281	0	44	43	2	2	0	10	0	27	1	0	46	1	32	0	1	9	7	12	0	11	1	0	23	1	9	45	1	4	0	11	0	81	1	20	1	0	51	0	3	0	105	2	2	12	31	5	3	0	44	8	10	0	23	0	3	34	1	1	5	2	0	2	0	13	1	2	6	0	27	8	0	2	11	0	0	12	1	0	0	0	10	1	0	47	1	4	0	2	0	0	0	1	3	0	6	1	80	42	30	160	10	29	26	0	0	2	0	0	7	3	30	0	15	0	5	71	1	14	0	1	1	0	5	0	0	17	2	1	1	12	10	4	6	256	0	0	56	95	78	71	2	0	17	6	45	17	0	3	196	0	2	5	58	357	1	337	2	2	13	166	62	5	4	0	17	2	35	81	10	4	2
OTU_1282	OTU_1282	0	0	0	0	0	0	0	0	1	0	0	13	0	13	0	0	0	0	1	0	0	0	0	0	0	0	0	0	0	0	0	1	0	2	0	0	0	0	0	0	0	0	0	0	0	0	0	0	0	0	0	0	0	0	0	0	0	0	1	0	0	0	0	3	0	0	4	2	0	0	0	0	1	0	0	0	0	0	0	0	0	0	0	0	56	0	0	0	0	0	0	0	0	0	1	0	0	0	232	1	6	0	0	0	0	0	0	0	0	2	13	0	0	0	0	0	3	0	0	0	1	0	0	2	0	0	0	0	0	0	0	0	0	0	1	14	0	0	0	0	0	1	0	0	0	0	0	0	0	2	0	0	0	0	0	1	0	1	0	0	0	376	34	0	0	0	0	35	0	0	0	0
OTU_1283	OTU_1283	0	0	0	0	0	0	0	0	0	0	0	0	0	0	0	0	0	0	0	0	0	0	0	0	0	0	0	2	0	0	0	1	0	0	0	0	0	0	0	0	0	0	0	0	0	0	0	0	0	0	0	0	0	0	0	0	0	0	0	0	0	0	0	0	0	0	0	0	0	0	0	0	0	0	0	0	4	0	0	0	0	0	0	0	0	0	0	0	0	0	0	0	0	0	0	0	0	0	0	0	0	0	0	0	0	0	0	0	0	0	0	0	0	0	0	0	0	0	0	0	0	0	0	0	0	0	0	0	1	0	0	0	0	0	0	0	0	0	0	0	0	0	0	0	0	0	0	0	0	0	0	0	0	0	0	0	0	0	0	0	0	0	0	0	0	1	0	0	0	0	0	0
OTU_1285	OTU_1285	0	238	0	11	1	0	2	2	2	2	0	0	1	4	2	0	622	0	0	0	0	2	0	5	5	0	3	0	0	0	1	1	7	10	0	1	0	1	8	1	0	0	2	0	89	0	80	1	0	0	0	44	439	98	0	5	3	0	4	0	0	1	1	0	0	1	8	2	0	329	0	2	0	113	0	26	0	1874	0	2	0	0	5	0	142	3	59	308	0	1	2	0	1	2	0	0	0	0	38	0	0	131	0	0	0	1	0	13	0	6	1	0	0	2	0	20	21	19	0	0	1	22	0	232	14	7	0	0	0	1	0	0	5	1	0	2	3	0	0	1	1	1	0	205	0	0	0	0	0	1	1	0	758	0	0	6	1233	1	0	14	21	216	0	0	0	29	0	79	0	6	2	2
OTU_1286	OTU_1286	20	0	9	4	0	0	5	1	32	9	0	135	1	93	2	3	2	153	3	1	19	0	0	0	0	4	21	2	3	0	532	0	0	0	29	43	3	16	0	7	0	0	82	0	0	2	1	1	0	37	4	0	14	5	0	1	9	1	2	0	1	0	7	91	8	1	3	2	1	0	31	1	0	2	0	2	2	0	0	0	2	4	1	0	0	1	18	7	3	0	3	0	5	1	6	6	3	46	174	60	4	17	2	16	1	2	15	4	6	14	16	0	0	62	0	44	0	58	0	0	2	13	0	9	5	1	1	0	70	40	4	5	5	0	2	2	4	29	3	50	108	8	0	4	2	28	116	1	77	21	11	1	0	5	219	6	549	11	8	2	18	25	0	2	4	108	0	2	29	23	18	12
OTU_1287	OTU_1287	0	0	0	0	0	0	0	0	0	0	0	0	0	0	0	0	0	0	0	0	0	0	0	0	0	0	0	0	0	0	0	0	0	0	0	0	0	0	0	0	0	0	0	0	0	0	0	0	0	0	0	0	0	0	0	0	0	0	0	0	0	0	0	0	0	0	0	0	0	0	0	0	0	0	0	0	0	0	0	0	0	0	0	0	3	0	0	0	0	0	0	0	0	0	0	0	0	0	1	0	0	7	0	0	0	0	9	0	0	0	0	0	0	0	0	0	0	0	0	0	0	0	0	0	0	0	0	0	6	0	0	0	0	2	2	2	0	0	0	0	0	0	0	0	0	0	0	0	0	0	0	0	0	0	0	0	0	0	0	0	0	0	0	0	0	0	0	0	0	0	0	0
OTU_1288	OTU_1288	0	0	0	0	0	1	0	0	6	0	0	0	0	0	0	0	0	0	1	1	0	0	0	0	0	0	0	1	0	0	0	0	0	0	0	0	0	1	0	0	0	0	0	0	1	0	0	0	0	0	0	0	6	0	0	0	1	0	0	46	0	0	2	0	0	0	0	0	0	0	0	0	0	0	0	0	0	0	0	0	0	0	1	0	0	0	0	0	0	0	1	0	0	0	0	0	0	0	0	0	0	0	0	1	0	0	0	0	0	0	0	0	0	0	0	0	1	0	0	0	0	0	0	0	0	0	1	0	0	0	0	0	0	0	0	0	0	0	0	0	0	0	0	0	0	0	0	0	0	0	175	0	0	0	0	0	0	0	0	0	0	0	0	0	0	0	0	0	0	0	0	0
OTU_1289	OTU_1289	0	0	0	0	0	0	0	0	0	0	0	0	0	0	0	0	0	0	0	0	0	4	0	0	0	0	0	0	0	0	0	0	0	0	0	0	0	0	0	0	0	0	0	0	0	0	0	0	0	0	0	0	13	2	0	0	0	0	0	0	0	0	0	0	0	0	0	0	0	0	0	0	0	0	0	0	0	0	0	0	0	0	0	0	0	0	0	0	0	0	0	0	0	0	0	0	0	0	14	0	0	25	0	0	0	0	0	0	0	0	1	0	0	0	0	0	0	0	0	0	0	0	0	0	0	0	0	0	3	0	0	0	0	0	0	0	1	0	0	0	21	0	0	0	0	0	0	0	0	0	0	0	0	0	0	0	0	0	0	0	0	0	0	0	0	0	0	0	0	0	0	0
OTU_1290	OTU_1290	1	3	1	0	0	0	0	1	2	0	0	10	0	8	0	0	1	0	0	0	1	0	0	1	0	1	0	1	3	1	0	1	0	2	14	4	1	1	0	0	0	0	0	0	1	99	0	1	2	3	0	1	0	0	0	2	0	462	5	21	26	233	0	0	0	5	3	5	0	0	0	0	0	5	1	1	1	1	3	2	0	1	2	0	58	0	1	0	2	1	1	28	0	2	2	3	5	0	7	0	29	34	5	1	0	1	0	0	2	1	4	0	0	3	1	0	8	12	1	61	1	62	0	0	2	9	1	0	48	223	1	2	13	0	0	18	1	43	2	27	0	1	0	1	53	0	11	0	25	0	3	13	1	0	0	4	6	3	6	0	0	10	9	673	0	0	0	22	2	152	6	23
OTU_1291	OTU_1291	0	5	35	0	0	4	4	0	4	0	0	4	28	1	1	9	2	2	2	0	3	0	0	1	0	11	7	0	6	0	6	0	5	22	1	1	1	0	2	3	0	0	1	0	0	3	0	0	22	1	0	2	0	1	0	3	1	0	1	1	2	0	1	17	0	4	1	2	0	0	1	0	3	2	0	0	17	7	0	1	3	2	0	0	8	3	1	0	1	0	1	0	0	0	0	0	0	0	0	0	0	1	1	0	0	0	0	0	2	0	10	1	0	0	0	1	1	0	0	0	0	0	0	2	1	0	15	0	7	2	0	1	0	0	0	0	0	0	0	1	1	0	0	0	1	0	0	0	2	0	1	1	1	2	0	0	7	4	0	0	0	2	0	0	0	2	0	2	0	1	0	24
OTU_1292	OTU_1292	0	0	0	2	6	0	1	0	0	0	0	0	0	0	0	0	0	0	0	9	0	1	5	3	2	0	2	3	0	0	1	1	0	0	2	2	1	0	0	23	0	0	0	3	0	0	0	1	0	0	0	0	3	2	0	15	4	27	0	7	1	0	6	0	0	0	6	1	0	0	0	0	0	3	0	0	1	0	0	0	0	0	0	0	0	1	1	12	0	0	0	0	47	2	5	14	0	7	0	3	3	0	0	15	3	9	4	6	0	0	0	2	0	4	0	0	3	0	2	2	2	0	2	0	0	0	0	0	1	0	0	0	0	0	0	0	12	0	1	2	0	1	0	0	0	1	13	3	0	0	0	3	0	5	13	3	0	0	0	1	3	0	8	1	2	0	0	1	0	0	1	1
OTU_1293	OTU_1293	0	0	0	0	0	1	0	0	0	0	0	0	0	0	0	0	0	0	0	0	0	0	0	0	0	0	0	0	0	0	0	0	0	0	0	0	0	0	0	0	0	0	0	0	0	0	0	1	0	0	0	0	0	0	0	0	0	0	0	0	0	0	0	0	0	0	0	0	0	0	0	0	0	0	0	0	0	0	0	0	0	0	0	0	0	0	0	0	0	0	0	0	0	0	0	0	0	0	1	0	0	0	0	0	0	0	0	0	0	0	0	0	0	0	0	0	0	0	0	0	0	0	0	0	0	0	0	0	0	0	0	0	0	0	0	0	0	0	0	0	0	0	0	0	0	0	0	0	0	0	0	0	0	0	0	0	0	0	0	0	0	0	0	0	0	0	0	0	0	1	0	0
OTU_1294	OTU_1294	0	0	0	0	0	0	0	0	0	0	0	0	0	0	0	0	0	0	0	0	0	0	0	0	0	0	0	0	0	0	92	0	0	0	0	0	0	0	0	0	0	0	0	0	0	0	0	0	0	0	0	0	0	0	0	0	0	0	0	0	0	0	0	0	8	0	0	0	0	0	0	0	0	0	0	0	0	0	0	0	0	0	0	0	0	0	0	0	0	0	0	0	0	0	0	0	0	0	0	0	0	0	0	0	0	0	0	0	0	0	0	0	0	0	0	0	0	0	0	0	0	0	0	0	0	0	0	0	0	0	0	0	0	0	0	0	0	0	0	0	0	0	0	0	0	0	0	0	0	0	0	0	0	0	241	0	0	0	0	0	0	0	0	0	0	0	0	0	0	0	0	0
OTU_1295	OTU_1295	0	0	0	0	0	0	0	0	0	0	0	2	1	2	0	0	0	0	0	2	2	1	17	0	0	5	0	0	0	0	0	0	0	0	5	1	1	0	16	0	0	2	0	14	3	0	0	4	0	3	0	0	3	2	0	6	0	0	1	0	2	1	1	0	0	0	1	0	0	0	0	2	0	1	0	0	4	0	2	0	0	2	0	1	1	42	0	1	2	0	2	14	31	2	0	9	0	5	3	2	0	8	0	1	0	1	6	5	0	1	0	0	13	15	0	0	7	0	1	1	0	1	0	0	0	0	0	5	5	1	2	0	0	0	6	1	0	1	3	7	0	0	0	0	0	2	32	1	3	1	0	0	0	0	2	1	3	5	7	0	0	0	0	1	0	1	14	0	2	1	2	0
OTU_1296	OTU_1296	0	3	55	2	0	1	0	0	3	1	0	1	14	0	0	23	0	2	2	0	16	2	4	0	0	2	0	6	1	2	1	0	15	11	3	3	3	4	3	0	0	2	0	1	2	3	1	16	4	4	0	3	0	11	4	26	1	1	1	1	0	1	1	9	12	0	1	25	0	2	2	0	0	0	0	0	19	3	0	0	6	0	0	1	10	16	5	0	2	0	2	12	2	0	1	2	0	3	2	1	1	0	2	2	0	0	0	0	0	0	3	4	1	0	0	0	0	1	0	0	0	7	0	1	25	0	29	2	0	1	1	0	1	3	3	30	3	0	2	1	1	0	0	0	0	4	2	7	1	1	16	1	2	7	0	1	1	7	2	0	2	0	0	1	0	0	0	2	4	11	0	7
OTU_1297	OTU_1297	3	1	25	6	5	0	4	0	2	1	2	0	0	2	36	4	5	0	2	4	4	0	1	0	0	1	0	1	0	0	1	0	7	3	0	2	0	1	3	3	2	2	3	1	2	0	3	3	4	1	5	3	0	1	1	9	1	0	0	4	0	6	0	11	3	2	0	7	0	2	0	10	12	1	1	1	1	2	4	3	2	0	1	1	5	0	0	0	0	1	1	1	0	5	2	0	1	0	0	0	0	4	0	1	0	0	0	1	1	0	2	1	1	2	6	0	1	1	0	0	0	4	1	1	12	4	3	0	0	5	0	0	6	1	1	1	0	1	1	2	1	1	13	1	1	7	0	0	2	0	0	1	2	2	1	0	0	2	0	0	0	2	0	0	0	7	0	2	5	7	0	4
OTU_1298	OTU_1298	0	0	0	5	0	0	0	0	0	0	0	0	0	0	0	0	0	0	0	0	0	0	0	0	0	0	0	3	0	1	0	0	1	1	0	0	0	0	0	2	1	0	0	0	0	0	0	0	0	0	5	0	0	0	0	0	0	0	0	1	0	0	0	0	0	0	0	0	0	0	0	0	0	0	0	0	0	0	0	0	0	0	0	0	0	0	0	0	0	0	0	0	0	0	0	0	0	0	0	0	0	0	0	0	0	0	0	0	0	0	0	0	0	0	0	0	2	0	0	0	0	0	0	0	0	0	0	0	0	0	0	0	0	0	0	0	0	0	0	0	0	0	0	0	0	0	0	0	0	0	0	0	0	0	0	0	0	0	0	0	0	0	0	0	0	0	0	0	0	0	0	0
OTU_1299	OTU_1299	0	0	0	2	0	0	0	0	0	0	0	0	0	0	1	0	0	0	0	0	0	0	0	2	0	0	0	37	0	0	2	0	2	0	6	0	0	0	0	0	0	0	0	0	0	0	0	0	0	0	0	0	0	0	0	0	0	0	0	0	0	0	0	1	0	0	0	0	0	0	4	0	0	4	0	0	0	0	1	0	0	0	0	0	0	0	0	0	0	0	0	0	0	1	0	0	0	0	1	0	0	0	6	3	0	0	1	4	0	1	0	0	0	0	0	0	0	1	0	0	0	0	0	0	0	0	0	0	0	0	3	0	1	0	0	0	0	0	0	0	1	0	0	0	0	0	0	0	0	0	0	0	0	0	0	0	5	0	0	9	0	0	0	0	0	2	0	0	0	0	0	0
OTU_1300	OTU_1300	0	0	0	0	0	0	0	0	0	0	0	0	0	0	0	0	0	0	0	0	0	0	0	0	0	0	0	0	0	0	0	0	0	0	0	0	0	0	0	0	0	0	0	0	0	0	0	0	0	0	0	0	0	0	0	0	0	0	0	0	0	0	0	0	0	0	0	0	0	0	0	0	0	0	0	0	0	0	0	0	0	0	0	0	0	0	0	0	0	0	0	0	0	0	0	0	0	0	1	0	0	0	0	0	0	0	0	0	0	0	0	0	0	0	0	0	0	1	0	0	0	0	0	0	0	0	0	0	0	0	0	0	0	0	0	0	0	0	0	0	0	0	0	0	0	0	0	0	0	0	0	0	0	0	0	0	0	0	0	0	0	0	0	0	0	0	2	0	0	0	0	0
OTU_1301	OTU_1301	0	0	0	0	0	0	0	0	0	0	0	0	0	0	0	0	0	0	0	0	0	0	0	0	0	0	0	0	0	0	0	0	0	0	0	0	0	0	0	0	0	0	0	0	0	1	0	0	0	0	0	0	0	0	0	0	0	0	0	0	0	0	0	0	0	0	0	0	0	0	0	0	0	0	0	0	0	0	0	0	0	0	0	0	0	0	0	0	0	0	0	0	0	0	1	0	0	0	0	0	0	0	0	0	0	0	0	0	0	0	0	0	0	0	0	0	0	0	0	0	0	0	0	0	0	0	0	0	0	0	0	0	0	0	0	30	0	0	0	0	0	1	0	0	0	0	0	0	0	0	0	0	0	0	0	0	0	0	0	0	0	0	0	0	0	0	0	0	0	0	0	0
OTU_1302	OTU_1302	4	0	0	0	0	0	0	0	0	0	0	0	0	0	0	0	0	0	0	0	0	0	0	0	0	0	0	0	0	0	0	0	0	0	0	0	0	0	0	0	0	0	0	0	0	0	0	0	0	0	0	0	0	0	0	0	0	0	0	0	0	0	0	0	0	0	0	0	0	0	0	0	0	0	0	0	0	0	0	0	0	0	0	0	0	0	0	0	0	0	0	0	0	0	0	0	0	0	0	0	0	0	0	0	0	0	0	0	0	0	0	0	0	0	0	0	0	0	0	0	0	0	0	0	0	0	0	0	0	0	0	0	0	0	0	0	0	0	0	0	0	0	0	0	0	0	0	0	0	0	0	0	0	0	0	0	0	0	0	0	0	0	0	0	0	0	0	0	0	0	0	0
OTU_1303	OTU_1303	1	0	4	0	0	0	0	18	8	0	0	0	0	0	0	3	1	0	10	0	1	2	0	0	0	0	0	1	0	0	0	0	0	0	3	0	0	0	1	0	1	1	1	0	0	2	1	0	0	3	0	0	0	1	3	0	0	2	0	1	1	0	0	0	11	0	2	1	0	1	0	0	1	0	0	0	0	2	1	0	0	0	0	0	0	1	0	0	0	0	0	0	0	0	0	0	0	0	0	0	0	0	0	2	0	0	0	0	0	0	0	0	0	1	0	0	0	0	0	0	0	0	0	1	8	0	0	0	0	0	0	0	0	0	0	0	0	0	5	0	0	0	0	0	0	0	0	0	0	0	3	2	0	0	1	0	0	0	0	0	0	0	0	0	0	0	0	0	0	0	0	1
OTU_1304	OTU_1304	0	0	1	0	0	0	0	0	2	0	0	2	0	1	0	0	1	0	1	5	0	3	0	0	0	0	0	0	0	82	0	0	0	0	0	0	0	0	0	0	0	35	0	0	0	0	0	0	0	67	1	0	0	0	0	0	1	2	0	0	0	0	0	3	0	0	0	0	0	0	0	0	0	0	0	0	0	0	0	0	0	18	0	0	0	0	0	77	21	0	0	0	0	4	0	0	0	0	0	0	0	0	0	0	0	0	0	0	0	0	0	0	0	1	0	0	10	5	0	0	0	0	0	0	0	0	0	0	0	0	0	0	0	0	0	3	0	2	16	0	1	0	0	0	0	0	0	4	1	0	114	1	0	0	0	0	0	0	0	0	0	0	0	0	0	0	0	0	0	1	0	0
OTU_1305	OTU_1305	0	0	0	0	0	0	0	0	1	0	0	0	0	0	0	0	1	6	0	0	0	0	0	0	0	0	0	0	0	0	0	0	0	0	0	0	0	0	0	0	0	0	0	0	0	0	0	0	0	0	0	0	0	0	0	0	0	0	0	0	0	0	0	4	0	0	0	0	0	0	0	0	0	2	0	0	0	0	0	0	0	0	0	0	0	0	0	0	0	0	0	0	0	0	0	0	0	0	0	8	3	0	0	0	0	0	1	0	0	1	1	0	0	0	0	6	0	7	0	0	1	0	0	1	0	1	4	0	4	0	0	3	0	1	0	0	0	0	0	0	0	0	0	0	0	0	0	0	0	0	0	0	3	0	7	0	22	0	4	0	0	0	0	0	0	2	0	0	0	0	0	0
OTU_1306	OTU_1306	0	0	0	0	0	0	0	1	0	0	11	1	0	0	0	0	0	0	0	0	0	0	2	0	0	0	0	0	0	1	0	0	0	0	2	0	0	0	0	0	0	0	0	0	0	0	0	0	12	1	0	0	0	0	0	0	0	0	0	0	0	0	4	0	0	0	0	0	0	0	0	0	0	0	0	0	0	0	0	0	0	0	0	0	0	0	0	0	0	0	0	0	1	1	2	2	0	0	4	0	0	0	0	0	0	0	86	0	0	1	10	0	0	2	0	2	1	0	188	0	0	0	0	0	0	2	0	16	17	5	0	0	2	0	7	0	1	0	0	142	0	0	0	0	0	0	0	239	0	0	0	2	0	0	0	175	0	2	9	90	0	0	0	1	114	3	1	0	0	0	14	0
OTU_1308	OTU_1308	1	0	3	2	0	0	0	0	27	1	0	0	0	0	0	2	8	2	51	0	0	1	0	2	0	0	0	1	0	16	1	4	0	0	9	2	2	0	0	0	0	14	0	0	32	1	0	0	0	12	0	0	0	0	0	0	5	2	0	1	0	0	1	2	2	2	0	1	0	1	1	2	0	0	1	2	0	13	1	0	0	0	2	0	8	2	3	0	0	0	0	2	2	1	13	0	0	0	5	0	0	0	0	134	0	0	0	0	0	0	3	0	0	3	0	0	4	0	0	0	0	1	2	5	1	1	3	0	0	0	0	0	0	1	0	4	3	0	73	1	0	1	0	0	0	0	0	0	0	1	18	1	0	0	0	0	0	1	0	0	0	0	0	4	0	0	0	19	0	1	0	6
OTU_1309	OTU_1309	0	0	0	0	0	0	0	0	0	0	0	0	0	1	0	0	1	0	0	0	0	0	0	0	0	0	0	0	0	0	0	0	0	0	0	1	0	0	0	0	0	0	0	0	0	0	0	0	0	0	0	0	0	0	0	0	1	0	0	0	0	0	0	5	94	0	0	0	1	0	0	0	0	0	0	0	0	0	0	0	0	0	0	0	0	20	0	0	0	0	0	0	0	0	0	0	0	0	0	0	0	0	0	1	0	0	0	0	0	0	1	0	0	2	0	0	2	0	0	0	0	0	0	0	0	0	0	0	0	0	0	0	0	0	0	0	0	0	0	1	0	0	89	0	0	0	0	0	0	0	0	2	0	0	0	0	0	0	0	0	0	0	0	0	0	0	0	1	0	0	0	0
OTU_1310	OTU_1310	0	0	6	8	5	0	1	2	2	0	0	9	1	11	57	1	12	33	5	290	1	5	34	22	0	5	4	1	1	32	0	1	0	0	0	1	2	52	4	0	0	5	0	18	7	27	9	6	53	3	1	0	251	54	1	2	1	81	22	29	0	3	0	3	0	6	30	102	0	0	29	0	0	74	0	39	0	8	1	0	0	392	0	0	13	0	31	0	0	0	2	0	57	1	0	0	2	0	51	1	2	1	0	4	13	5	79	0	415	122	41	0	0	1	1	0	4	2	26	218	223	1	135	6	6	11	0	0	26	0	1	0	2	0	5	6	3	1	3	8	0	1	0	0	0	0	119	6	0	22	46	6	0	1	1	6	4	1	20	0	92	9	6	0	8	2	1	9	1	1	20	0
OTU_1311	OTU_1311	0	0	0	0	0	0	0	0	0	0	0	0	0	0	0	0	0	0	0	0	0	0	0	0	0	0	0	0	0	0	0	1	0	0	0	0	0	0	0	0	0	0	0	0	0	0	0	0	0	0	0	0	0	0	0	0	0	0	0	0	0	0	0	0	0	0	0	0	0	0	0	0	0	0	0	0	0	0	0	0	1	0	0	1	0	0	0	0	0	0	0	0	0	0	0	0	0	0	0	0	0	0	0	0	0	0	0	0	0	0	0	0	0	0	0	0	0	0	0	0	0	0	0	0	2	0	0	0	0	0	0	0	0	0	0	0	0	0	0	0	0	0	0	0	0	0	0	0	0	0	0	0	0	0	0	0	0	0	0	0	0	0	0	0	0	0	0	0	0	0	1	1
OTU_1312	OTU_1312	0	0	1	0	0	114	4	0	3	0	0	0	0	3	1	0	1	0	4	0	106	0	0	0	1	0	13	0	0	0	0	0	0	0	0	1	0	10	0	0	0	0	0	0	32	19	1	0	0	1	0	0	0	0	4	2	9	6	0	3	2	0	0	0	0	0	2	0	0	87	1	0	0	3	0	0	1	17	1	0	3	0	1	0	0	10	0	0	0	0	0	1	15	1	0	0	0	0	5	8	76	63	1	3	0	0	0	0	1	0	2	0	216	3	0	0	10	92	8	0	0	2	0	0	0	0	2	7	7	1	0	0	1	0	0	0	2	0	0	0	84	0	0	0	12	0	2	0	0	0	0	0	0	0	0	0	4	0	1	0	1	1	0	1	0	1	0	3	0	0	0	1
OTU_1314	OTU_1314	1	0	5	0	0	0	0	1	0	1	0	0	0	3	0	0	0	0	3	0	0	0	0	0	0	0	1	0	0	0	2	0	0	17	6	7	0	0	0	28	0	0	3	0	0	3	0	1	0	14	0	1	0	3	0	19	0	0	0	1	0	0	6	16	1	0	0	5	0	0	1	0	1	0	0	0	0	0	0	0	0	0	1	0	0	0	0	0	1	0	3	0	0	1	1	0	0	0	2	0	0	0	1	1	0	0	0	0	0	0	4	0	0	0	0	0	1	1	0	0	0	0	0	1	0	0	0	0	0	0	0	0	0	0	0	0	0	0	1	0	0	0	0	0	0	0	0	0	4	0	0	1	1	0	0	0	3	0	0	0	0	0	0	0	0	0	0	1	0	0	0	4
OTU_1315	OTU_1315	5	47	4	25	1	0	59	15	21	0	23	16	0	23	61	247	149	15	21	39	33	14	0	18	7	2	26	1	27	2	34	1	585	5	19	10	27	23	3	29	1	1	18	68	14	0	48	104	0	11	4	71	6	4	1	2	44	1	0	63	1	1	1	281	57	82	2	12	1	32	18	0	5	4	0	2	1	25	2	56	0	1	0	1	62	5	21	0	0	1	1	27	1	131	3	8	0	25	1	4	20	26	9	6	10	5	1	25	1	6	3	0	0	2	17	5	24	39	0	1	1	6	2	52	570	4	36	1	7	1	9	5	7	1	1	24	1	9	4	25	71	6	1	8	34	165	0	2	84	2	3	7	27	2	5	6	11	128	3	2	4	65	11	8	6	131	1	34	142	2	21	3
OTU_1316	OTU_1316	0	0	0	0	0	0	0	2	2	0	0	2	0	2	0	0	2	6	0	0	0	0	0	1	0	3	0	6	0	0	1	0	0	0	0	0	0	0	0	0	0	1	0	0	1	0	0	0	0	0	0	0	0	1	0	0	2	0	0	0	0	0	1	1	0	0	0	0	0	1	1	0	0	0	0	0	2	0	0	1	0	1	0	0	3	0	1	0	0	0	0	0	0	0	0	0	0	0	2	0	1	0	0	0	0	0	0	0	0	1	0	0	0	0	0	2	0	2	0	0	1	0	0	1	9	0	9	0	4	0	0	0	0	1	0	0	0	0	2	2	5	0	0	2	0	0	0	1	4	0	1	0	1	0	0	0	3	1	0	1	0	1	0	0	0	2	0	0	2	0	0	0
OTU_1317	OTU_1317	385	1	210	32	0	24	1	32	7	2	0	35	2	14	0	2	0	0	2	3	1	0	0	1	0	1207	1	2	5	2	1	30	1	17	3	1	924	1	0	1	3	0	3	0	3	3	0	818	0	0	3392	25	0	109	10	290	0	51	0	2	3	119	115	77	12	1	1	10	1	0	0	0	607	106	0	137	42	11	0	137	430	2	6	9	1	35	1	1	2	12	88	1	0	3	2	1	0	3	25	0	0	0	0	14	1	1	0	10	15	1	7	11	5	6	121	0	11	0	0	6	0	5	1	3	26	2	1	0	26	5	0	2	161	0	148	0	4	0	1	8	0	108	16	0	1	0	17	2	0	1	32	6	0	0	1	0	5	18	9	0	1	0	0	11	0	0	0	1	3	58	1	8
OTU_1318	OTU_1318	0	0	0	0	0	0	0	0	0	0	0	0	0	0	0	0	0	0	0	0	0	0	0	0	0	0	0	0	0	0	0	0	0	0	0	0	0	0	0	1	0	0	0	0	0	0	0	0	0	0	0	0	0	0	0	0	0	0	0	0	0	0	0	0	0	0	0	0	0	0	0	0	0	0	0	0	0	0	0	0	0	0	0	0	0	0	0	1	0	0	0	0	2	0	0	0	1	0	0	0	0	106	0	0	0	0	0	0	1	0	0	0	0	0	0	6	0	0	0	4	0	0	0	0	0	0	0	0	36	0	0	0	0	0	0	0	1	0	0	0	0	0	0	0	0	0	0	2	0	0	0	0	0	0	0	0	0	0	36	0	0	1	0	0	0	0	0	0	0	1	0	0
OTU_1320	OTU_1320	0	0	0	0	0	0	0	15	0	0	0	0	1	0	0	0	0	0	0	0	0	2	0	0	0	0	0	0	0	2	0	0	2	0	0	0	0	0	0	0	0	7	0	0	0	0	0	3	0	0	0	0	0	0	0	0	1	0	0	1	0	0	0	0	0	0	0	0	0	0	0	0	0	0	0	0	0	0	0	0	1	0	6	0	0	0	0	0	0	0	0	0	0	2	1	0	0	0	0	0	1	0	3	12	0	0	1	0	0	0	1	0	0	0	188	0	0	0	0	0	0	0	0	0	0	0	0	0	7	0	0	0	0	0	1	0	0	0	5	0	1	261	0	0	0	0	0	1	0	1	0	2	0	0	0	0	0	0	3	0	0	0	0	1	0	0	0	1	1	0	0	1
OTU_1323	OTU_1323	0	0	0	0	0	0	0	0	0	0	0	0	0	0	0	0	0	0	0	0	0	0	0	0	0	0	0	0	0	0	0	0	0	0	0	0	0	0	0	0	0	0	0	0	0	0	0	0	0	0	0	0	0	0	0	0	0	0	0	0	0	0	0	0	0	0	0	0	0	0	0	0	0	0	0	0	0	0	0	0	0	0	0	0	0	0	0	0	0	0	0	0	0	0	0	0	0	0	0	0	0	0	0	0	0	0	0	0	0	0	0	0	0	0	8	0	0	0	0	0	0	0	0	0	0	0	0	0	0	0	0	0	1	0	0	0	0	0	0	0	0	0	0	0	0	0	0	0	0	0	0	0	0	0	0	0	0	0	0	0	0	0	0	0	0	0	0	0	0	0	0	0
OTU_1324	OTU_1324	0	0	0	0	0	0	0	0	0	0	0	0	0	0	0	0	0	0	2	0	0	0	0	0	0	0	0	0	0	0	0	0	0	0	0	0	0	0	0	0	0	0	0	0	0	0	0	0	0	0	0	0	0	0	0	1	0	0	0	0	0	0	0	0	0	0	0	0	0	0	0	0	0	0	0	0	0	0	0	0	0	0	0	0	0	0	0	0	0	0	0	0	0	0	0	0	0	0	0	0	0	0	0	0	0	0	0	0	0	0	0	0	0	0	0	0	0	0	0	0	0	0	0	0	0	0	0	0	2	0	0	0	0	0	0	0	0	0	0	0	0	0	0	0	0	0	0	0	0	0	0	1	0	0	0	0	0	0	0	0	0	0	0	0	0	0	0	0	0	0	0	0
OTU_1325	OTU_1325	529	32	69	1274	306	4	11	141	33	24	135	24	53	24	78	16	810	30	36	27	78	26	45	21	98	56	14	28	115	44	11	21	414	68	27	16	70	8	45	24	868	429	14	26	17	41	24	30	71	20	128	71	42	28	30	41	39	66	2	9	31	26	32	40	19	461	126	34	18	48	158	68	300	34	39	4742	35	126	31	43	133	64	90	17	43	45	121	4	8	11	457	70	1	32	52	10	4	18	123	5	83	5	57	6	13	11	64	49	48	21	96	17	9	12	27	2	10	27	6	16	5	150	71	279	42	27	327	0	5	7	5	2	161	2	16	3	17	1	222	176	13	39	32	4	29	11	134	4	2	13	45	19	15	70	17	12	30	385	4	119	4	9	1	10	4	38	2	26	21	4	17	855
OTU_1326	OTU_1326	0	3	2	0	0	0	0	0	0	2	0	0	0	0	0	1	0	0	1	0	0	3	0	1	0	0	0	2	4	0	0	0	14	0	41	25	0	2	1	0	0	0	2	12	218	0	1	0	0	29	0	3	0	0	0	0	0	0	5	0	1	0	15	0	2	0	4	0	0	2	0	0	0	0	4	0	0	0	0	0	0	0	41	0	0	0	0	0	1	1	0	5	0	1	2	0	3	0	2	0	1	0	1	45	1	0	0	0	0	1	0	1	0	1	0	0	0	0	1	4	1	0	0	1	2	0	3	0	0	0	0	0	0	0	0	1	2	0	0	0	0	1	0	0	1	0	1	1	0	0	2	5	0	0	14	8	0	0	0	1	0	2	0	9	1	0	1	3	1	1	0	1
OTU_1328	OTU_1328	0	2	0	2	0	4	1	0	0	0	0	2	2	1	0	1	0	0	0	1	0	1	7	0	0	1	0	0	0	3	0	0	1	0	0	2	2	1	0	0	0	1	0	0	5	0	1	1	1	0	0	0	1	0	0	0	0	2	0	0	0	15	1	0	0	0	0	1	0	0	0	0	0	0	1	0	1	0	0	0	0	1	1	0	0	0	0	0	1	2	0	1	9	0	0	1	0	2	0	0	3	0	1	1	0	0	0	4	0	0	0	0	0	1	0	2	2	1	0	1	1	0	0	0	0	1	0	3	0	0	0	0	0	1	4	1	0	2	1	1	2	0	0	0	0	0	1	1	1	0	0	0	0	0	0	0	5	0	0	0	0	4	3	4	0	0	4	0	2	1	0	0
OTU_1329	OTU_1329	0	0	0	0	3	0	0	0	0	0	0	0	1	0	0	0	0	1	0	0	0	0	0	0	0	1	0	0	0	0	0	0	1	0	0	0	0	0	0	0	0	0	0	0	0	0	0	0	2	0	0	0	0	0	0	0	0	0	0	0	0	0	0	0	1	0	0	0	0	0	0	1	0	0	0	0	0	0	0	0	0	0	0	0	1	0	0	0	0	0	0	0	0	0	0	0	0	0	1	0	0	0	0	0	0	0	0	0	0	0	0	0	0	0	0	0	0	0	0	0	0	1	0	0	0	0	0	0	0	0	0	0	6	0	0	0	0	0	0	0	0	0	0	0	0	0	0	0	0	0	0	0	0	0	0	0	0	0	1	0	0	0	0	0	0	1	0	0	0	0	0	6
OTU_1330	OTU_1330	0	2	0	2	0	0	4	0	0	0	0	0	1	0	0	0	0	2	3	5	0	1	0	0	5	0	0	0	0	0	0	0	1	0	4	0	1	1	0	0	50	0	0	2	0	0	0	0	0	0	0	0	0	0	3	0	0	0	0	0	0	1	0	1	3	3	1	0	0	0	0	0	7	0	23	5	0	2	0	1	0	0	1	0	1	1	1	0	0	0	1	0	1	0	1	0	0	0	0	0	3	0	0	0	0	1	0	1	1	0	0	0	0	0	0	0	3	1	0	0	0	0	2	0	0	0	0	0	0	3	0	0	2	0	0	0	1	0	0	1	0	0	0	0	0	0	0	0	0	0	4	0	0	0	0	0	0	0	0	0	0	0	0	1	0	0	1	0	0	0	0	0
OTU_1331	OTU_1331	0	10	2	2	45	0	1	46	16	4	0	0	2	7	0	40	0	0	70	0	3	18	1	1	0	2	29	23	1	14	2	1	3	2	8	20	7	1	3	0	7	0	0	1	6	2	2	2	0	14	0	14	0	0	3	2	4	1	2	33	3	1	1	2	38	2	1	27	32	5	2	3	0	2	4	2	1	1	13	1	1	0	3	7	0	2	1	0	0	0	40	0	0	0	4	0	1	0	1	0	0	0	0	4	0	0	0	0	2	0	0	1	1	2	0	0	4	0	0	0	0	0	0	1	13	0	3	1	0	1	0	0	4	0	0	0	0	0	7	0	0	2	2	0	1	0	0	0	2	0	6	3	0	0	0	1	0	0	0	0	0	0	0	2	0	0	0	10	2	0	4	4
OTU_1332	OTU_1332	0	5	0	0	0	0	25	0	0	0	0	33	0	27	0	0	82	0	0	0	0	0	0	0	0	0	0	0	0	0	138	1	0	0	0	0	0	0	0	0	0	0	0	0	0	0	0	0	0	0	0	0	0	0	0	1	0	0	0	0	0	0	0	0	0	1	0	0	0	0	1	2	0	0	0	0	0	0	0	0	0	0	1	1	0	0	0	0	0	0	0	0	0	0	0	0	1	0	2	0	0	411	0	0	7	0	0	0	0	6	0	0	0	1	0	2	0	0	0	0	0	0	0	42	157	1	1	1	0	0	0	0	0	152	0	5	0	0	0	0	84	0	0	11	0	0	0	62	0	0	0	0	0	0	0	0	1	0	0	3	0	0	0	0	0	6	0	0	0	0	0	0
OTU_1333	OTU_1333	0	0	0	0	0	0	0	0	1	0	0	0	0	0	0	0	0	0	0	0	0	0	0	0	0	0	0	0	0	0	0	5	0	0	0	0	0	0	0	0	0	0	0	0	0	0	0	0	0	0	0	0	0	0	0	0	0	0	0	0	0	0	0	0	0	0	0	0	0	0	0	0	0	0	0	0	0	0	0	0	0	0	0	0	0	0	0	0	0	0	0	0	0	0	0	0	0	0	0	0	0	0	0	1	0	0	0	0	13	0	0	0	0	0	0	0	0	0	0	0	0	0	0	0	0	0	0	0	0	0	0	0	0	0	0	0	0	0	0	0	0	0	0	0	0	2	0	0	0	0	0	0	0	0	0	1	0	0	0	0	0	0	0	0	0	0	0	0	0	0	0	0
OTU_1334	OTU_1334	23	1	7	4	3	0	4	25	1	0	0	2	2	32	26	1	77	1	10	1	0	4	2	2	0	1	0	11	0	3	2	1	1	1	1	4	1	2	0	5	4	1	1	0	27	2	11	1	0	9	0	0	0	3	0	2	5	28	2	5	1	9	4	1	39	3	1	8	0	0	2	1	0	1	0	1	0	3	5	7	0	0	1	8	17	0	5	0	1	0	6	0	0	0	4	0	0	0	3	0	0	1	0	2	0	0	0	0	6	0	1	0	0	4	1	1	8	5	0	1	0	6	14	62	45	0	0	3	2	0	0	0	2	0	0	1	0	0	4	11	1	0	0	0	0	0	0	0	0	1	13	31	1	0	4	19	0	16	0	0	0	0	0	7	0	1	6	25	75	28	0	7
OTU_1335	OTU_1335	0	6	1	67	0	0	26	0	12	0	56	4	0	4	17	8	22	3	17	0	26	23	0	10	1	16	15	0	0	0	8	1	11	0	11	6	3	6	3	33	0	0	18	1	4	34	16	2	0	3	0	2	11	5	0	3	16	0	0	7	0	1	0	9	2	59	17	2	0	7	18	0	0	9	12	0	0	11	1	53	0	0	1	0	20	9	5	1	0	0	18	0	0	2	0	0	9	0	6	4	2	11	0	3	0	0	1	10	0	1	0	2	0	0	1	1	3	20	3	0	0	1	0	5	16	0	17	0	4	0	0	0	3	1	1	10	0	0	1	3	4	0	0	1	2	1	0	1	5	0	0	0	6	1	1	0	9	39	1	0	0	4	0	0	0	10	0	5	1	16	0	2
OTU_1336	OTU_1336	0	0	0	0	2	0	0	0	0	0	0	0	0	0	0	0	0	0	0	0	0	0	0	0	0	0	0	0	0	0	0	0	0	0	0	0	0	0	0	0	0	0	0	0	0	0	0	0	0	0	0	0	0	0	0	0	0	0	0	0	0	0	0	0	0	0	0	0	0	0	0	0	0	0	0	0	0	0	0	0	0	0	0	0	0	0	0	0	0	0	0	0	0	0	0	0	0	0	0	0	0	0	0	0	0	0	0	0	0	0	0	0	0	0	0	0	0	0	0	0	0	0	0	0	0	0	0	0	0	0	0	0	0	0	0	0	0	0	0	0	0	0	0	0	0	0	0	0	0	0	0	0	0	0	0	0	0	0	0	0	0	0	0	0	0	0	0	0	0	0	0	0
OTU_1337	OTU_1337	1	0	12	2	0	0	22	1	37	10	0	0	1	2	0	1	12	10	138	2	1	10	0	3	1	0	0	2	0	40	6	25	1	4	24	1	1	0	1	0	1	92	0	1	53	1	0	0	0	29	6	1	0	0	2	1	17	3	2	2	2	2	5	0	2	5	4	11	1	8	1	0	0	3	4	2	0	47	3	20	4	1	4	0	36	1	8	3	0	0	1	24	2	1	39	1	2	0	41	1	0	0	0	115	0	0	0	0	0	0	5	0	1	1	1	0	3	1	0	3	0	5	2	7	3	15	2	2	0	0	0	0	0	0	4	26	5	0	178	6	4	4	0	0	0	0	0	17	1	0	19	2	0	4	0	0	2	1	0	0	0	0	0	4	0	1	3	33	2	1	0	13
OTU_1338	OTU_1338	0	3	6	2	0	0	2	0	5	1	0	7	0	13	0	0	0	1	4	1	2	13	0	1	1	0	0	0	0	0	0	2	0	0	2	2	0	13	3	1	3	0	0	2	1	2	258	1	24	28	0	0	0	1	14	1	4	1	83	0	0	0	3	0	1	11	1	1	0	244	112	0	0	1	118	0	2	0	0	2	17	1	2	1	7	6	0	3	7	18	5	0	0	49	1	5	1	14	8	0	2	0	3	322	10	0	0	43	1192	0	37	126	1	179	19	0	8	0	2	0	43	12	1	4	7	1	1	15	1	14	0	0	0	0	0	0	2	1	1	14	0	3601	0	12	0	3	6	3	0	21	2	2	0	10	8	10	1	2	0	0	31	36	1	59	1	0	27	10	4	1	18	2
OTU_1339	OTU_1339	0	1	1	0	1	0	0	1	1	0	2	0	0	1	0	4	1	3	0	0	0	0	0	0	0	0	1	0	0	0	0	0	0	1	1	4	2	0	1	0	0	0	0	0	6	0	0	0	0	2	0	2	7	0	0	1	2	0	3	0	0	0	0	4	4	0	0	0	0	5	5	0	0	1	0	0	0	0	0	0	0	0	0	0	0	2	6	0	0	0	0	0	0	0	0	0	0	0	0	0	0	2	1	0	0	0	1	9	0	0	0	0	0	0	0	11	2	0	0	0	0	0	0	0	0	0	1	0	0	0	0	1	0	0	0	6	1	0	0	20	3	1	0	0	0	2	0	0	28	1	0	0	0	2	2	0	63	19	0	0	4	1	1	0	0	25	0	0	4	0	0	0
OTU_1340	OTU_1340	0	0	0	1	0	0	0	0	1	0	0	0	0	0	0	1	0	0	1	0	0	1	0	0	2	0	0	0	0	0	0	0	0	0	1	0	0	0	1	0	0	0	0	0	0	0	0	0	0	1	0	0	0	0	0	0	0	0	0	1	0	2	0	0	0	0	0	1	0	1	0	0	0	0	0	0	0	0	0	0	0	0	0	0	0	0	0	0	0	0	0	0	1	0	0	0	0	0	1	0	0	0	0	0	0	0	0	0	0	0	1	0	0	0	0	0	1	0	0	0	0	0	0	1	0	0	0	1	0	0	0	0	0	0	0	0	0	0	0	0	0	0	0	0	0	0	0	0	0	0	8	2	0	0	0	0	0	0	0	0	0	0	0	0	0	0	0	0	0	2	0	0
OTU_1341	OTU_1341	0	0	0	0	0	0	0	0	1	0	0	0	0	1	0	0	57	0	0	0	0	0	0	0	0	0	0	0	0	0	0	0	0	0	0	0	0	0	0	0	0	0	0	0	2	0	0	0	0	1	0	1	0	0	0	0	0	0	2	0	0	0	0	0	0	0	0	0	0	0	0	0	1	0	4	1	0	0	0	0	0	0	0	0	0	0	0	0	0	1	0	0	0	0	0	0	0	0	0	0	0	0	0	0	0	0	0	0	0	0	0	0	0	1	0	0	0	0	0	0	0	0	0	25	0	2	1	0	0	0	0	0	0	0	1	0	0	0	0	1	0	0	0	0	0	7	1	0	0	0	0	3	0	0	0	0	0	0	0	0	0	0	0	1	0	4	0	0	29	0	0	0
OTU_1342	OTU_1342	0	0	0	0	0	0	0	0	0	0	0	0	0	0	0	0	0	0	0	0	0	0	0	0	0	0	0	0	0	0	0	0	0	0	0	0	0	0	0	0	0	0	0	0	0	0	0	0	0	0	0	0	0	0	0	0	0	0	0	0	0	0	0	0	0	0	0	0	0	0	0	0	0	0	0	0	0	0	0	0	0	0	0	0	0	0	0	0	0	0	0	0	0	0	0	1	0	0	0	0	0	0	2	0	0	0	0	0	0	0	0	0	0	0	0	0	0	0	0	0	0	0	0	0	0	0	0	0	1	0	0	0	0	0	0	0	0	0	0	0	0	0	0	0	0	0	0	0	0	0	0	0	0	0	0	0	0	0	0	0	0	0	0	0	0	0	0	0	0	0	0	0
OTU_1344	OTU_1344	0	2	0	4	0	0	0	1	2	0	0	0	0	0	0	1	0	0	8	2	1	1	4	0	4	0	3	2	3	0	0	0	2	0	2	0	0	6	0	9	0	0	0	1	0	1	0	0	6	7	0	1	2	0	0	2	3	0	1	2	0	0	0	1	0	0	1	1	0	7	0	0	0	0	0	0	0	5	1	0	0	3	32	1	1	0	2	1	0	0	0	0	3	1	0	4	2	0	10	1	0	6	0	2	0	1	0	4	1	0	2	4	0	0	0	0	1	0	0	2	0	2	2	0	6	0	1	0	0	0	1	0	0	2	0	0	0	0	1	5	18	19	0	0	1	3	11	0	0	0	0	0	0	1	0	10	1	1	0	0	0	0	0	4	1	0	0	0	1	0	1	0
OTU_1345	OTU_1345	9	2	2	0	1	1	3	33	6	5	2	1	13	5	3	3	4	2	4	0	3	5	2	3	2	2	5	2	2	4	1	3	1	11	6	2	8	1	1	0	1	5	5	1	4	2	0	8	2	6	1	0	1	2	8	6	2	5	0	1	1	2	2	9	7	5	2	4	0	2	1	0	0	5	9	0	5	7	6	4	2	0	1	1	1	1	1	0	1	0	3	2	0	1	2	0	0	0	5	0	3	0	0	4	0	0	0	1	0	1	7	0	1	1	0	0	2	1	0	0	0	3	1	6	15	0	2	2	0	0	0	0	0	1	2	0	2	0	5	2	0	1	1	0	0	0	0	0	0	0	6	4	9	1	1	3	1	6	0	0	0	0	0	1	0	4	0	4	2	3	0	8
OTU_1346	OTU_1346	0	0	0	2	0	0	0	0	0	0	0	0	0	0	6	0	1	0	0	0	0	0	0	0	0	0	0	0	0	0	0	0	0	0	0	0	0	0	0	0	0	0	0	0	0	0	0	0	0	1	0	0	0	0	0	0	0	0	0	1	0	0	0	0	0	0	0	0	0	0	4	0	0	0	0	0	0	0	0	0	0	0	0	0	0	0	0	0	0	0	0	0	0	0	0	0	0	0	0	0	0	1	0	0	0	0	0	0	0	0	0	0	0	0	0	2	0	0	0	0	0	0	0	0	0	0	0	0	5	0	0	0	0	1	0	0	0	0	0	0	0	0	0	0	0	0	0	0	0	0	0	0	0	0	0	0	0	0	2	0	0	0	0	0	0	0	0	0	0	0	0	0
OTU_1348	OTU_1348	0	0	0	1	0	0	0	0	0	0	0	0	0	0	0	0	0	0	0	0	0	0	0	0	0	0	0	0	0	0	0	0	0	1	0	0	0	0	0	0	0	1	0	0	0	0	0	0	0	0	0	0	0	0	0	0	0	0	0	0	0	0	0	0	0	1	0	0	0	0	0	0	1	0	0	0	0	0	4	0	0	0	0	0	0	0	0	0	0	0	0	0	0	0	0	0	0	0	0	0	0	0	0	0	0	0	0	0	0	0	0	0	0	0	0	0	0	0	0	0	0	0	0	0	13	0	0	0	0	0	0	0	0	0	0	0	0	0	1	1	0	0	0	0	0	0	0	0	0	0	0	0	0	2	0	0	0	0	0	0	0	0	0	0	0	0	0	0	0	0	0	0
OTU_1349	OTU_1349	0	0	0	0	0	0	0	0	0	0	0	0	0	0	0	0	0	0	0	0	0	0	0	0	0	0	0	0	0	0	0	0	0	0	0	0	0	0	0	0	0	0	0	0	0	0	0	0	0	0	0	0	0	0	0	0	0	0	0	0	0	0	0	0	0	0	0	0	0	0	0	0	0	0	0	0	0	0	0	0	0	0	0	0	0	0	0	0	0	0	0	0	0	1	0	0	0	0	0	0	0	0	0	0	0	0	0	0	0	0	0	0	0	0	0	0	0	0	0	0	0	0	0	0	0	0	0	0	0	0	0	0	0	0	0	0	0	0	0	0	0	0	0	0	0	0	0	0	0	0	0	0	0	0	0	0	0	0	0	0	0	0	0	0	0	0	0	0	0	0	0	0
OTU_1350	OTU_1350	0	0	0	0	0	0	0	0	0	0	0	0	0	0	0	0	0	0	0	0	0	0	0	0	0	0	0	0	0	0	0	0	0	0	0	0	0	0	0	0	0	0	0	0	0	0	0	0	0	0	0	0	0	0	0	0	0	0	0	0	0	0	0	0	0	0	0	0	0	0	0	0	0	0	0	0	0	0	0	0	0	0	0	0	0	0	0	0	0	0	0	0	0	0	0	0	0	0	0	0	0	0	0	0	0	0	0	0	0	0	0	0	0	0	0	0	0	0	0	0	0	0	0	0	0	0	0	0	0	0	0	0	0	0	0	0	0	0	0	0	0	0	0	0	0	0	0	0	0	0	0	0	2	0	0	0	4	0	0	0	0	0	0	0	0	0	0	0	0	0	0	0
OTU_1351	OTU_1351	0	0	0	0	0	0	0	0	0	0	0	8	0	12	46	0	0	4	0	0	0	0	0	48	0	0	0	59	0	0	0	1	0	3	0	1	0	0	0	0	0	0	1	0	51	0	33	0	0	0	0	0	37	6	0	1	0	0	0	0	0	0	0	0	0	0	1	4	0	0	0	0	0	0	0	0	0	0	0	0	0	0	0	0	27	0	0	0	0	0	0	0	0	1	0	0	0	0	0	3	0	0	0	0	0	10	1	98	0	4	0	0	0	0	0	4	0	0	0	0	0	0	0	2	0	1	0	0	0	1	28	0	7	0	0	1	0	0	0	0	4	0	1	27	0	0	0	0	0	2	1	0	24	0	0	1	1	0	0	0	0	0	0	0	0	0	0	21	0	0	0	0
OTU_1352	OTU_1352	0	1	7	1	2	0	0	3	5	2	2	0	3	2	12	0	15	1	5	0	7	1	1	1	2	1	0	8	2	1	0	8	0	4	3	2	2	4	1	0	1	2	2	0	6	2	4	3	5	2	1	0	2	0	3	3	1	2	0	0	0	1	2	14	2	0	0	2	0	1	7	4	0	1	0	0	9	1	0	0	2	2	1	0	4	7	3	0	1	0	1	9	2	0	1	0	0	0	1	1	1	2	0	10	1	0	0	0	0	0	8	0	0	0	0	0	1	0	0	0	0	3	0	7	7	5	2	1	0	1	1	0	0	0	0	0	2	0	3	3	0	0	0	0	1	0	0	2	0	0	10	1	2	0	0	2	4	3	0	0	1	1	0	0	0	1	0	8	7	0	1	2
OTU_1353	OTU_1353	0	0	1	0	0	0	0	0	1	0	0	1	0	0	0	0	0	0	0	0	3	2	0	105	0	0	0	0	0	0	0	0	0	0	0	4	0	0	2	4	0	0	0	0	0	0	1	0	0	0	1	0	0	0	0	0	0	1	0	1	1	1	0	303	0	252	2	8	0	0	116	0	0	0	0	0	0	1	0	0	0	0	0	0	0	0	2	0	0	0	0	0	0	0	3	0	0	0	4	0	0	0	0	0	0	0	0	0	2	0	0	0	0	0	0	0	2	0	0	0	0	0	0	0	18	0	0	0	0	0	0	0	0	0	0	0	0	41	0	0	0	0	2	0	45	0	0	0	0	0	1	0	0	0	0	0	0	1	0	0	0	0	0	0	1	0	0	0	0	3	1	1
OTU_1354	OTU_1354	0	0	0	0	0	0	1	0	0	0	0	0	0	0	0	0	0	0	0	0	0	0	0	0	0	0	0	0	0	0	0	0	0	0	0	0	0	0	0	0	11	0	0	0	0	0	0	0	0	0	0	0	1	0	0	0	0	0	0	0	0	0	0	0	0	0	0	0	0	0	1	0	0	0	0	2	0	1	0	0	0	0	0	0	0	0	0	0	0	0	1	0	0	0	0	0	0	0	0	0	1	0	0	0	0	0	0	0	0	0	0	0	0	0	0	0	0	0	0	0	0	0	0	0	0	0	0	0	0	0	0	0	0	0	0	0	0	0	0	0	0	1	1	0	0	0	0	0	0	0	0	0	0	1	0	0	0	0	0	0	0	0	0	0	0	0	0	0	0	0	0	0
OTU_1355	OTU_1355	0	0	101	0	0	0	0	0	1	0	0	0	0	0	0	0	0	0	1	0	0	0	0	0	0	0	0	0	0	0	0	0	0	0	0	0	0	0	0	0	0	0	0	0	0	0	0	0	0	0	0	0	0	0	0	0	0	0	0	0	0	0	0	0	0	0	0	0	0	0	0	0	0	0	0	0	0	0	0	0	0	0	0	0	0	0	0	0	0	0	0	0	0	0	0	0	0	0	0	0	0	0	0	0	0	0	0	0	0	0	0	0	0	0	0	0	0	0	0	0	0	0	0	0	0	0	1	0	0	0	0	0	0	0	0	0	0	0	0	0	0	0	0	0	0	0	0	0	0	0	0	0	0	0	0	0	0	0	0	0	0	0	0	0	0	0	0	0	0	0	0	0
OTU_1356	OTU_1356	0	1	0	1	0	0	1	12	2	1	1	1	0	1	0	0	1	9	4	1	4	4	1	2	0	0	4	2	2	5	2	0	0	0	2	1	1	5	0	0	0	2	2	2	0	3	0	1	7	2	0	0	3	1	0	0	0	0	2	0	1	0	0	0	0	0	0	0	0	2	3	0	0	3	1	0	4	5	0	0	1	4	0	2	6	0	0	0	1	0	1	2	0	0	6	0	4	0	5	1	0	0	2	0	0	0	1	6	1	0	3	3	0	0	0	3	1	3	0	3	2	1	0	1	2	1	0	0	5	1	1	0	1	0	0	2	1	0	0	4	2	0	0	0	0	0	1	12	1	0	1	0	0	2	0	0	8	1	1	0	3	0	0	0	0	0	0	1	1	0	4	2
OTU_1357	OTU_1357	4	0	0	1	1	0	0	1	0	0	52	0	0	0	37	0	0	0	0	0	0	0	1	0	0	0	0	0	0	0	1	0	0	0	4	0	7	0	0	0	0	0	0	0	0	0	0	0	0	0	0	0	0	0	0	0	0	0	3	0	0	0	0	0	0	0	0	0	0	0	0	0	1	1	0	0	0	0	0	0	0	3	0	0	0	3	0	4	0	7	0	0	0	0	2	4	0	3	114	5212	7	2	0	1	2	6	914	0	2	0	4	33	0	0	0	15	0	4	17606	0	0	0	0	0	2	0	4	12	0	3	0	1219	0	6	120	0	8	1	0	2	3	1	0	0	4	0	1	0	4	4	0	2	0	2	0	546	0	41	2	0	0	9	0	3	321	0	50	0	0	0	0	0
OTU_1358	OTU_1358	3	2	1	5	0	0	5	1166	12	20	2	0	2	1	20	0	1	0	0	0	65	2	0	1	0	0	0	0	0	0	22	4	1	1	1	2	7	0	2	0	0	0	1	0	2	57	0	265	0	30	0	0	2	0	0	3	0	1	2	0	0	6	1	0	0	1	226	0	0	4	166	0	1	0	0	0	1	0	1	1232	1	55	0	4	1	0	56	0	0	0	0	0	0	1	6	1	0	8	3	2	27	0	0	0	1	41	0	1	18	7	0	65	0	0	0	5	0	1	0	72	0	1824	0	0	278	5	4	0	1	1	3	0	7	0	0	0	1	0	0	14	0	2	0	0	15	220	0	1	29	1	1	24	0	2	2	5	10	61	1	4	0	0	0	73	2	0	0	3	356	0	3	207
OTU_1359	OTU_1359	2	0	0	0	1	2	0	0	1	20	0	0	3	0	0	0	0	0	0	2	32	0	0	0	0	5	0	0	0	0	0	8	0	0	0	0	19	0	0	0	0	0	0	0	0	0	0	0	1	0	10	0	0	1	0	0	1	0	0	4	0	0	1	0	0	0	0	1	0	0	1	255	3	0	0	0	0	0	0	0	2	1	0	0	0	0	1	0	0	0	15	23	7	0	0	0	0	4	5	0	0	1	0	1	0	0	0	0	25	0	1	0	0	0	0	0	0	0	1	0	0	7	0	0	0	0	2	0	0	0	0	0	0	0	19	0	1	0	1	0	0	9	0	0	0	0	0	0	0	0	19	1	0	0	0	0	0	0	0	0	0	0	0	0	0	0	0	1	0	0	0	3
OTU_1361	OTU_1361	0	0	0	0	0	0	0	0	12	0	0	0	0	0	1	0	2	58	0	1	0	0	2	0	0	0	0	1	0	2	4	0	0	2	0	0	0	0	0	0	0	5	0	0	0	1	0	0	0	1	0	0	15	1	0	0	1	0	0	0	0	2	0	0	0	0	0	0	0	0	0	0	0	63	0	0	0	1	0	0	0	0	0	0	45	0	0	0	1	0	0	0	1	1	0	2	2	0	41	0	1	1646	0	0	0	1	551	0	0	1	1	0	3	0	0	70	0	67	0	2	3	0	0	0	19	0	0	0	1	0	27	1	6	0	61	1	0	0	4	0	1	0	0	1	2	0	0	2	0	0	0	0	1	0	0	0	2	1	0	0	8	0	0	0	0	9	0	21	1	1	10	0
OTU_1362	OTU_1362	0	0	0	1	0	0	0	0	0	0	0	0	0	0	0	0	0	0	0	1	0	0	0	0	0	0	1	0	0	0	0	0	0	0	0	0	1	1	0	0	0	0	0	0	0	0	0	1	1	0	0	2	0	1	0	0	0	0	0	0	0	0	0	0	0	0	0	0	0	0	0	0	0	0	0	0	0	0	0	0	0	0	0	0	0	0	0	0	0	0	0	0	0	0	0	1	0	0	2	0	0	0	0	0	0	0	0	0	0	0	0	0	0	0	0	0	0	0	0	0	0	0	0	0	1	1	0	0	0	0	0	0	0	0	0	0	0	0	0	0	0	0	0	0	0	0	0	0	0	1	0	0	0	0	0	0	0	0	0	0	0	1	0	0	0	0	0	0	0	0	0	0
OTU_1363	OTU_1363	0	0	0	0	0	0	0	0	0	0	0	0	0	0	0	0	0	0	0	0	0	0	0	0	0	0	0	0	0	0	0	0	0	0	0	0	0	0	0	0	0	0	0	0	0	0	0	0	0	0	1	0	0	0	0	0	0	0	0	0	0	0	0	0	0	0	0	0	0	0	0	0	0	0	0	0	0	0	0	0	0	0	0	0	0	0	0	0	0	0	0	0	0	0	0	0	0	0	0	0	0	0	0	0	0	0	0	0	0	0	0	0	0	0	0	0	0	0	0	0	0	0	0	0	0	0	0	0	0	0	0	0	0	0	0	0	0	0	0	0	0	0	0	0	0	0	0	0	0	0	0	0	1	0	0	0	0	0	0	0	0	0	0	0	0	0	0	1	0	0	0	0
OTU_1364	OTU_1364	0	0	0	0	0	0	0	0	0	0	0	0	0	0	0	0	0	0	1	0	0	0	0	0	0	0	0	0	0	0	0	0	0	0	0	0	0	0	0	0	0	0	0	0	3	0	0	0	0	0	0	0	0	0	0	0	0	0	0	0	0	0	0	0	0	0	0	0	0	0	0	0	0	0	0	0	0	0	0	0	0	0	0	0	0	0	0	0	0	0	0	0	0	0	0	0	0	0	0	0	0	0	0	0	0	0	0	0	0	0	0	0	0	0	0	0	0	0	0	0	0	0	0	0	0	0	0	0	0	0	0	0	0	0	0	0	0	0	0	0	0	0	0	0	0	0	0	0	0	0	0	0	0	0	0	0	0	0	0	0	0	0	0	0	0	0	0	0	0	0	0	0
OTU_1366	OTU_1366	0	0	0	0	0	0	0	0	1	0	0	0	0	0	1	0	18	0	0	0	0	0	0	0	0	0	0	0	0	0	4	0	0	0	5	0	2	0	0	0	0	0	3	0	0	3	0	0	0	3	0	0	4	1	0	1	0	0	0	0	0	0	0	0	0	0	0	0	0	3	2	0	0	0	0	0	0	0	0	0	0	0	1	0	0	0	8	0	0	0	0	0	0	0	0	0	0	0	0	1	1	3	0	1	0	0	1	0	0	0	0	0	0	3	0	2	0	0	0	1	0	0	0	10	0	0	0	0	3	0	1	0	0	4	0	1	0	0	0	0	6	0	0	2	0	4	0	0	0	0	0	0	0	0	0	0	1	0	0	0	0	1	0	0	0	5	0	1	1	0	0	0
OTU_1367	OTU_1367	0	0	0	0	0	0	0	0	0	0	0	0	0	0	0	0	0	0	0	0	0	0	0	0	0	0	0	0	0	0	0	0	0	1	0	0	0	0	0	0	0	0	0	0	10	10	0	0	0	1	0	0	0	0	0	0	0	0	0	0	0	0	0	0	0	0	0	0	0	0	0	0	0	0	0	0	0	0	0	0	0	0	0	0	4	0	0	0	0	0	0	0	0	0	0	0	0	0	0	0	0	1	0	0	0	0	0	0	0	0	0	0	0	0	0	0	0	1	0	0	0	0	0	0	0	0	0	0	0	0	0	0	0	0	0	0	0	0	0	0	0	0	0	0	0	0	0	0	2	0	0	0	0	0	0	0	0	0	0	0	0	0	0	0	0	0	0	2	0	0	0	0
OTU_1368	OTU_1368	0	4	1	0	0	0	38	0	8	0	2	0	0	2	3	0	0	101	1	0	0	8	0	0	0	0	0	0	0	0	108	0	0	2	0	0	1	1	0	0	0	0	0	0	13	1	0	6	0	2	2	0	0	24	0	0	0	0	1	0	1	0	2	392	1	34	1	2	1	11	0	0	0	63	0	0	31	0	1	0	0	0	0	0	39	3	0	0	1	0	0	0	0	0	1	0	0	0	1	1	0	1	0	0	2	0	0	3	0	0	0	0	0	0	0	0	1	0	0	0	0	0	0	2	0	0	0	0	0	0	3	0	2	1	0	2	0	0	0	0	0	0	5	2	4	0	0	0	74	0	0	0	0	0	1	0	13	18	0	0	0	0	0	0	0	47	0	28	0	0	0	0
OTU_1369	OTU_1369	0	0	0	0	0	0	0	0	1	0	0	0	0	0	0	0	0	0	0	0	0	0	0	0	0	0	0	0	0	0	0	0	0	0	0	0	0	0	0	0	0	0	0	0	0	0	0	0	0	0	0	0	0	0	0	0	0	0	0	0	0	1	0	0	0	0	0	0	0	0	0	0	0	0	1	0	0	0	0	0	0	0	0	0	0	0	0	0	0	0	0	0	0	0	0	0	0	0	3	0	0	0	0	0	0	0	0	0	0	0	0	0	0	0	0	0	0	0	0	0	0	0	0	0	0	0	0	0	0	0	0	0	0	0	0	0	1	0	0	0	0	0	0	0	0	0	0	0	1	0	0	0	0	0	0	0	0	0	0	0	0	0	0	0	0	0	0	0	0	0	1	0
OTU_1371	OTU_1371	0	0	0	1	4	0	0	0	0	0	0	0	0	0	1	0	0	0	0	0	0	0	0	6	0	0	0	5	2	1	0	2	0	0	1	0	0	0	0	0	0	1	0	1	0	0	0	0	0	0	0	1	0	0	0	0	0	0	0	2	0	0	0	0	0	0	0	0	0	0	2	1	0	0	0	4	0	0	1	5	1	7	0	0	0	0	1	0	2	5	3	0	0	0	5	0	2	0	0	0	0	1	0	0	0	0	0	0	0	0	0	0	0	1	2	0	0	4	0	0	1	3	0	0	0	0	0	0	0	0	1	0	1	0	0	0	0	0	0	0	0	0	0	0	3	0	0	0	0	0	0	0	0	0	0	0	0	4	0	0	0	0	2	2	0	1	0	0	0	0	0	0
OTU_1372	OTU_1372	0	0	0	0	0	0	0	0	0	0	0	0	0	0	0	0	0	0	0	0	0	0	0	0	0	0	0	0	0	0	0	0	0	0	0	0	0	0	0	0	0	0	0	0	0	0	0	0	0	0	0	0	0	0	0	0	0	0	0	0	0	0	0	0	0	0	0	0	0	0	0	0	0	0	0	0	0	0	0	0	0	0	0	0	0	0	0	0	0	0	0	0	0	0	0	0	0	0	0	0	32	0	0	0	0	0	0	0	0	0	0	0	0	0	0	0	0	0	0	0	0	0	0	0	0	0	0	0	0	0	0	0	0	0	0	0	0	0	0	0	0	0	0	0	0	0	0	0	0	0	0	0	0	0	0	0	0	0	0	0	0	0	157	0	0	0	0	0	0	0	0	0
OTU_1373	OTU_1373	0	0	0	0	0	0	0	0	0	0	0	0	0	1	0	0	0	2	0	0	0	0	0	0	0	0	0	4	0	0	0	0	0	0	0	0	0	0	2	0	0	0	0	0	1	4	0	0	0	0	0	0	0	2	0	0	0	0	0	0	0	0	0	0	0	0	0	0	0	0	0	0	0	0	0	0	1	0	0	1	0	0	0	0	0	0	0	0	0	0	0	0	0	0	2	0	0	0	0	0	1	10	0	3	0	0	0	0	2	0	0	0	0	0	0	0	0	1	0	0	0	0	0	0	2	0	0	0	0	0	0	0	0	0	0	0	0	0	0	0	0	0	0	0	0	2	0	0	0	0	0	0	0	0	0	0	0	0	0	0	0	0	0	0	0	0	0	1	5	0	0	0
OTU_1375	OTU_1375	0	0	0	0	0	0	0	0	0	0	0	0	0	0	0	0	0	0	0	0	0	0	0	0	0	0	0	0	0	0	0	0	0	0	0	0	0	0	0	0	0	0	0	0	0	0	0	0	0	0	0	0	0	0	0	0	0	0	0	0	0	0	0	0	0	0	0	0	0	0	0	0	0	0	0	0	0	0	0	0	0	0	0	0	0	0	0	0	0	0	0	0	0	0	0	0	0	0	0	0	0	0	0	0	0	0	0	0	0	0	0	0	0	0	0	0	0	0	0	0	0	0	0	0	0	0	0	0	0	0	0	0	4	0	0	0	0	0	0	0	0	0	0	4	0	0	0	0	0	0	0	0	0	0	0	0	0	0	0	0	0	0	0	0	0	0	0	0	0	0	0	0
OTU_1376	OTU_1376	0	1	1	0	0	2	0	1	1	0	0	0	0	0	0	0	2	0	0	0	7	0	0	0	0	20	0	0	12	0	0	0	3	0	0	1	0	0	2	0	0	0	1	0	3	0	0	4	0	4	0	0	0	15	1	0	0	0	0	6	0	0	0	4	1	0	3	27	0	0	1	0	0	0	0	1	0	4	0	0	0	0	0	0	7	1	0	0	3	0	0	0	0	0	0	0	1	4	9	0	0	3	0	0	0	0	0	0	1	0	0	0	0	0	0	0	0	1	0	0	2	0	0	0	0	3	12	0	0	0	0	0	0	0	1	0	0	0	0	0	0	0	0	0	0	0	0	6	0	0	0	0	1	0	0	0	6	1	0	0	0	0	0	0	0	0	0	2	0	8	0	3
OTU_1377	OTU_1377	70	19	37	8	21	1	2	47	18	2	2	1	1142	8	0	71	0	1	21	17	14	130	0	1	1	6	19	3	74	15	0	115	11	0	7	52	12	4	6	1	28	5	12	2	73	37	6	5	20	8	2	17	0	36	110	125	109	10	7	58	18	89	1	2	40	0	39	16	18	9	6	8	1049	1	34	12	0	48	66	1	1	3	15	4	0	31	0	0	1	0	7	1	0	0	15	0	0	0	1	0	0	1	1	1	0	0	0	3	1	0	17	3	0	8	0	0	1	0	0	18	0	1	0	0	12	0	1	0	0	3	0	0	6	0	0	0	10	0	9	1	0	2	2	1	0	0	1	0	3	0	3	1	4	0	0	1	2	4	0	0	0	0	0	1	1	8	0	3	1	0	0	19
OTU_1378	OTU_1378	18	35	8	19	2	0	14	22	26	2	56	6	0	27	7	19	8	17	29	0	4	18	10	5	4	100	214	6	0	3	18	1	13	7	85	12	2	7	8	4	1	67	6	6	28	31	2	25	0	38	3	2	13	9	0	2	9	14	25	3	7	4	45	50	17	32	9	4	0	20	10	0	1	4	18	1	63	10	0	3	2	4	2	101	26	5	23	0	3	0	10	4	0	1	16	0	5	1	1	0	0	0	4	14	0	1	1	18	4	4	3	1	0	4	0	2	6	37	0	0	3	7	2	5	243	0	469	2	17	0	0	0	2	12	0	2	1	0	74	25	0	3	0	0	14	6	0	16	8	0	4	4	20	2	3	22	4	39	6	1	5	2	0	2	1	17	0	47	46	182	4	32
OTU_1379	OTU_1379	0	0	0	0	0	0	0	0	0	0	0	0	0	0	0	0	0	0	0	0	0	0	0	0	0	0	0	0	0	0	0	0	0	0	0	0	0	0	0	0	0	0	0	0	0	0	0	0	0	0	0	0	0	0	0	0	0	0	0	0	0	0	0	0	0	0	0	1	0	0	0	0	0	0	0	0	0	0	0	0	0	0	0	0	0	0	0	0	0	0	0	0	0	0	0	0	0	0	0	0	0	0	0	0	0	0	0	0	0	0	0	0	0	0	0	0	0	0	0	0	0	0	0	0	0	0	0	0	0	0	0	0	0	0	0	0	0	0	0	0	0	0	0	0	0	1	0	0	0	0	0	0	0	0	0	0	0	0	0	0	0	0	0	0	0	0	0	0	0	0	0	0
OTU_1380	OTU_1380	0	0	0	0	0	0	0	0	0	0	0	0	0	0	0	0	0	0	0	0	0	0	0	0	0	0	0	0	3	0	0	1	0	0	0	0	2	0	0	0	0	0	0	0	0	0	0	0	0	0	0	0	1	0	0	0	0	0	0	0	1	0	0	0	0	0	1	0	1	0	0	0	0	0	0	0	0	0	0	0	0	0	0	0	0	0	0	0	1	0	0	0	0	0	0	0	1	0	0	0	1	0	0	0	0	2	0	0	0	0	0	0	0	0	0	0	1	0	0	0	1	0	0	0	0	0	0	0	0	0	0	0	0	0	0	0	0	0	0	0	0	0	1	0	0	0	0	0	0	0	0	0	0	0	0	0	0	0	0	0	0	1	0	0	2	0	0	0	0	0	0	0
OTU_1381	OTU_1381	1	0	0	2	0	9	0	6	2	0	0	0	0	1	1	2	0	1	3	0	2	2	0	2	1	0	0	2	0	0	6	1	0	0	2	3	0	1	0	4	0	0	2	0	5	19	0	0	0	1	0	0	0	0	0	0	0	5	0	0	0	1	3	0	0	0	0	0	0	0	1	0	0	2	0	0	0	0	0	0	0	0	1	5	0	0	0	0	0	0	0	0	0	0	0	0	0	0	0	0	0	6	0	0	0	0	0	0	0	0	0	0	0	0	0	0	2	0	0	0	0	0	0	0	0	0	1	0	0	0	0	0	0	0	0	0	0	0	1	3	0	1	0	0	0	0	0	0	0	0	6	0	0	0	1	2	2	0	0	0	0	0	0	2	0	3	1	0	0	0	0	0
OTU_1382	OTU_1382	0	0	0	0	0	0	0	0	2	0	0	0	1	0	0	0	0	0	0	0	0	0	0	0	4	0	0	0	0	0	0	0	0	1	0	0	0	0	0	0	0	0	0	0	0	0	0	0	0	0	0	0	0	0	0	0	0	0	0	0	0	0	0	0	0	0	0	0	0	90	0	0	0	0	0	1	0	0	0	210	0	1	0	0	0	0	0	0	0	0	0	0	0	0	1	0	0	0	0	0	0	0	0	0	0	4	0	0	0	0	0	0	0	0	0	0	0	0	0	0	0	3	0	0	1	0	0	0	0	0	0	0	0	0	0	0	0	0	0	0	0	0	0	0	0	0	0	0	0	0	0	0	0	3	0	0	0	0	0	0	0	4	0	0	0	0	0	0	0	0	0	0
OTU_1383	OTU_1383	1	20	2	11	4	0	5	15	1	7	37	8	3	6	4	1	6	3	18	82	27	43	68	13	1	7	3	5	8	138	1	17	5	3	10	11	2	12	29	16	12	48	4	8	5	9	6	5	23	13	9	24	5	5	117	63	47	73	12	13	6	2	5	0	3	1	2	45	5	7	13	0	1	13	8	1	13	4	10	22	1	54	1	1	8	44	5	6	5	0	52	46	85	2	7	14	11	4	12	3	4	4	6	21	5	14	23	14	7	6	20	47	37	10	16	5	9	5	7	70	60	9	6	1	4	5	0	4	43	1	33	2	14	2	3	4	15	2	21	24	2	33	0	3	19	2	92	19	0	2	0	149	1	2	1	4	49	2	18	1	14	2	0	39	0	0	9	4	3	4	26	2
OTU_1385	OTU_1385	8	6	8	4	2	0	0	11	21	0	4	0	77	5	1	105	0	0	9	4	5	93	0	1	2	0	3	2	10	0	2	7	1	0	2	16	12	2	0	2	11	0	3	0	12	3	1	1	1	2	0	4	1	3	16	13	8	0	3	23	12	5	0	4	36	2	12	12	1	1	1	5	71	4	7	1	1	7	25	0	2	0	3	2	0	2	0	0	0	0	8	0	0	0	2	0	0	0	1	0	0	0	0	3	0	0	0	0	0	0	3	0	0	0	0	0	0	2	0	0	0	1	0	0	23	0	0	0	0	1	0	0	1	0	0	0	0	0	4	0	0	2	0	0	0	0	0	0	3	0	4	1	0	0	0	0	0	0	0	0	0	0	0	0	0	0	0	2	0	0	0	4
OTU_1387	OTU_1387	0	4	2	7	0	0	2	20	6	1	0	4	0	6	7	2	12	3	8	0	21	1	3	1	9	0	4	1	0	0	5	0	3	0	2	0	2	1	0	3	0	0	1	1	0	2	4	1	0	7	0	0	2	1	0	0	9	0	1	1	0	0	5	10	0	0	1	4	2	9	5	0	0	0	0	1	1	1	0	20	6	1	0	30	7	0	2	0	0	0	2	0	0	0	5	0	0	0	1	0	0	0	2	2	0	0	1	1	5	1	0	0	6	0	0	0	1	0	0	4	2	9	0	2	29	0	115	0	3	1	1	0	2	0	3	4	4	0	0	1	1	2	0	2	0	1	0	0	0	0	3	0	3	0	0	0	0	5	4	0	1	0	0	0	0	1	0	3	1	7	1	36
OTU_1388	OTU_1388	0	0	0	0	0	0	0	0	0	0	0	0	0	0	0	0	0	0	0	0	0	0	0	0	0	0	0	0	0	0	0	0	0	0	0	0	0	0	0	0	0	0	0	0	0	0	0	0	0	0	0	0	0	0	0	0	0	0	0	0	0	0	0	0	0	0	0	0	0	0	0	0	0	0	0	0	0	0	0	0	0	1	0	0	0	0	0	0	0	0	0	0	0	0	0	0	0	0	10	0	0	0	0	0	0	0	0	0	0	0	0	3	0	0	0	0	0	0	0	0	0	0	0	0	0	0	0	0	0	0	0	0	0	0	7	525	0	0	0	0	0	0	0	0	1	0	0	0	4	0	0	0	0	4	0	0	0	0	0	0	0	0	0	0	0	0	0	0	0	0	0	0
OTU_1389	OTU_1389	0	0	0	0	0	0	0	0	0	0	0	0	0	0	0	0	0	0	0	0	0	0	0	0	0	0	0	0	0	0	0	0	0	0	0	0	0	0	0	0	0	0	0	0	1	0	0	0	0	0	0	0	0	0	0	0	0	0	0	0	0	0	0	0	0	0	0	0	0	0	0	0	0	0	0	0	0	0	0	0	1	0	0	0	0	0	0	0	0	0	0	0	0	0	0	0	0	0	0	0	0	0	0	0	0	0	0	0	0	0	0	0	0	0	0	0	0	0	0	0	0	0	0	0	0	0	0	0	0	0	0	0	0	0	0	0	0	0	0	0	0	0	0	0	0	0	0	0	0	0	0	0	0	0	0	0	0	0	0	0	0	0	0	0	0	0	0	0	0	0	0	0
OTU_1390	OTU_1390	0	0	0	0	0	0	0	0	0	0	0	0	0	0	0	0	0	0	0	0	0	0	0	0	0	0	0	0	0	0	0	0	0	0	0	0	0	0	0	0	0	0	0	0	0	0	0	0	0	0	0	0	0	0	0	0	0	0	0	0	0	0	0	0	0	0	0	0	0	0	0	0	0	0	0	0	0	0	0	0	0	1	0	0	0	0	0	0	0	0	0	0	0	0	0	0	0	0	0	0	0	0	0	0	0	0	0	0	0	0	0	0	0	0	0	0	0	0	0	0	0	0	0	0	0	0	0	0	0	0	0	0	0	0	0	3	0	0	0	0	0	0	0	0	0	0	0	0	0	0	0	0	3	0	0	0	0	0	0	0	0	0	0	0	0	0	0	0	0	0	0	0
OTU_1391	OTU_1391	0	0	1	0	0	0	0	0	0	0	0	0	0	0	0	0	0	0	0	0	0	0	0	0	0	0	0	1	0	0	0	2	0	1	0	0	0	0	0	0	0	0	0	0	0	0	0	0	0	0	1	0	0	0	0	0	1	0	0	0	0	0	0	0	0	0	0	0	0	0	0	0	0	0	0	0	0	0	0	0	0	0	0	0	0	0	0	0	1	0	0	0	0	0	0	0	0	0	1	0	0	0	0	0	0	0	0	0	0	0	0	0	0	0	0	0	0	0	0	0	0	0	0	0	0	1	0	0	0	0	0	0	0	0	2	0	0	0	0	0	0	0	0	0	0	0	0	0	0	0	1	0	0	0	0	0	3	0	0	0	0	0	0	0	0	0	0	0	0	0	0	0
OTU_1392	OTU_1392	289	9	179	2	0	5	0	65	3	29	1	1	2	65	1	1	0	0	3	2	4	0	0	2	0	68	1	0	0	2	2	3	4	3	3	11	209	4	6	0	2047	2	3	1	1	1	1	1581	13	2	210	12	1	2	293	3576	1	8	0	4	5	0	27	28	130	0	3	9	0	1	2	2196	20	17	4	0	0	9	54	6	14	2	82	1	0	94	1	0	3	6	4	83	2	0	39	1	3	0	4	0	0	0	0	19	0	0	0	0	0	0	18	0	3	2	0	0	8	0	0	0	0	10	1	4	24	45	0	2	0	4	0	0	1	0	28	2	4	1	5	3	0	421	375	0	1	0	11	0	0	0	57	18	0	0	4	0	6	4	0	0	0	2	1	14	0	0	4	5	3	0	4	11
OTU_1393	OTU_1393	5	0	1	6	4	0	4	273	15	3	4	3	0	17	6	5	13	5	43	3	8	122	5	4	2	2	7	5	2	8	16	4	1	2	44	56	0	0	6	2	0	8	5	5	64	3	5	2	7	128	0	1	3	0	0	4	3	71	1	11	2	4	15	0	6	2	3	11	0	5	13	2	0	2	3	1	3	3	5	0	2	4	3	2	15	2	1	0	0	0	9	6	0	0	6	1	0	0	15	0	2	1	0	50	0	0	0	3	1	1	51	2	0	12	0	1	18	3	0	2	1	4	4	18	17	0	7	1	4	0	3	3	1	0	0	1	12	0	40	56	0	6	0	0	1	2	0	1	0	0	45	6	0	2	32	2	7	6	3	1	1	0	0	15	0	1	4	34	14	5	3	4
OTU_1394	OTU_1394	0	0	0	0	0	0	0	0	0	0	0	0	0	0	0	0	0	0	0	0	0	0	0	0	0	0	0	0	0	0	0	0	0	0	0	0	0	0	0	0	0	0	1	0	0	1	0	0	0	1	0	0	0	0	0	0	0	0	0	0	0	0	0	0	0	0	0	0	0	0	0	0	0	0	0	0	1	0	0	0	1	0	0	0	1	0	0	0	0	0	0	0	0	0	0	0	0	0	0	0	0	0	0	0	0	0	0	0	0	0	0	0	0	0	0	0	0	10	0	0	0	0	0	0	1	0	0	0	3	0	0	0	0	0	0	0	0	0	0	0	0	0	0	0	0	0	0	0	0	0	0	0	513	0	0	0	0	0	2	0	0	0	0	0	0	13	0	1	0	0	0	0
OTU_1395	OTU_1395	0	1	0	0	0	0	0	1	0	0	0	160	2	4	1	0	11	40	0	3	0	5	0	11	1	0	95	13	0	2	0	0	3	0	4	5	2	4	0	0	1	0	2	16	0	0	0	0	2	0	8	14	109	25	4	0	1	0	0	1	1	0	0	0	0	0	0	1	303	2	8	0	1	328	0	0	0	0	1	1	0	0	0	13	10	68	1	19	1	0	1	0	2	126	0	4	0	11	4	267	2	10	7	0	163	24	248	149	10	128	2	55	1	25	9	17	0	3	0	4	160	1	0	0	0	15	5	0	14	33	247	4	111	1	33	1	0	17	0	3	46	0	0	183	24	1	2	43	2	8	0	0	0	20	3	0	41	0	11	333	380	0	0	7	0	58	0	0	1	0	29	0
OTU_1396	OTU_1396	0	1	0	2	0	0	37	0	30	0	0	7	0	3	8	0	0	96	32	0	0	0	0	0	1	0	0	0	0	0	17	0	2	1	0	0	0	2	2	1	0	0	0	0	17	16	0	0	0	0	0	0	2	1	0	0	0	0	0	0	1	0	0	88	0	3	0	0	0	30	7	0	0	0	0	0	25	0	2	0	0	0	2	0	75	1	16	0	0	0	0	0	0	0	1	0	0	0	3	1	2	13	1	0	0	0	6	11	0	0	1	0	0	0	0	20	1	15	0	0	0	2	0	0	0	0	44	0	53	0	0	0	1	2	1	2	0	0	1	1	25	1	0	1	0	2	0	1	51	2	0	0	0	2	1	0	14	1	9	0	0	0	0	0	0	20	0	46	2	0	1	1
OTU_1397	OTU_1397	0	0	0	0	0	0	0	0	0	0	0	0	0	0	0	0	0	0	0	0	0	0	0	0	0	0	0	0	0	0	0	0	0	0	0	0	0	0	0	0	0	0	0	0	0	0	0	0	0	0	0	0	0	0	0	0	0	0	0	0	0	0	0	0	0	0	0	0	0	0	0	0	0	0	0	0	0	0	0	0	0	0	0	0	0	0	0	0	0	0	0	0	0	0	0	0	0	0	0	0	0	0	0	0	0	0	0	0	0	0	0	0	0	0	0	0	0	0	0	0	1	0	0	0	0	0	0	0	0	0	0	0	0	0	0	0	0	0	0	0	0	0	0	0	0	0	0	0	0	0	0	0	0	0	0	0	0	0	0	0	0	0	0	0	0	0	0	0	0	0	0	0
OTU_1398	OTU_1398	0	0	0	0	0	0	0	0	0	0	0	0	42	0	0	0	0	0	0	0	0	0	0	0	0	0	0	0	0	0	0	0	0	0	0	1	0	0	0	0	0	0	0	0	0	0	0	0	0	0	0	0	0	0	0	0	0	0	0	0	0	0	0	0	0	0	0	0	0	0	0	0	0	0	0	0	0	0	0	0	0	0	0	0	0	0	0	0	0	0	0	0	0	0	0	0	0	0	0	0	0	0	0	0	0	0	0	0	0	0	0	0	0	0	0	0	0	0	0	0	0	0	0	0	0	0	0	0	0	0	0	0	0	0	0	0	0	0	0	0	0	0	0	0	0	0	0	0	7	0	0	0	0	0	0	0	0	0	0	0	0	0	0	0	0	0	0	0	0	0	0	0
OTU_1399	OTU_1399	2	0	0	0	0	0	0	0	0	0	0	0	0	0	0	0	0	0	0	0	0	0	0	0	0	0	0	0	0	0	0	0	0	0	0	0	0	0	0	0	0	0	0	0	0	0	0	0	0	0	0	0	0	0	0	0	0	0	0	0	0	0	0	0	0	0	0	0	0	0	0	0	0	0	0	0	0	0	0	0	0	0	0	0	0	0	0	0	0	0	0	0	0	0	0	0	0	0	0	0	0	0	0	0	0	0	0	0	0	0	0	0	0	0	0	0	0	0	0	0	0	0	0	0	0	0	0	0	0	0	0	0	0	0	0	0	0	0	0	0	0	0	0	0	0	0	0	0	0	0	0	0	0	0	0	0	0	0	0	0	0	0	0	0	0	0	0	0	0	0	0	1
OTU_1400	OTU_1400	0	0	1	0	0	2	1	8	12	1	0	1	0	7	0	0	0	1	1	0	2	6	0	0	0	0	1	1	0	2	1	0	0	1	3	4	0	1	0	0	0	3	2	2	8	1	0	0	0	2	0	0	1	0	0	2	0	3	0	4	2	0	2	0	5	0	0	8	0	1	2	1	0	2	1	0	0	1	0	0	1	0	48	1	2	2	0	0	0	1	0	2	0	1	4	1	0	1	7	0	0	0	0	3	0	0	1	1	1	0	3	0	13	2	1	1	2	1	0	0	0	0	0	1	21	0	0	10	8	0	1	0	1	0	1	2	6	0	5	8	0	4	2	0	0	1	2	0	0	0	38	3	0	0	2	2	28	0	3	0	0	0	0	3	0	0	5	4	3	0	0	1
OTU_1401	OTU_1401	2	4	6	0	0	4	0	94	7	5	0	10	0	24	0	0	3	4	19	0	4	0	2	1	0	3	2	4	3	3	2	0	3	1	15	21	0	3	3	3	0	21	8	1	16	3	4	3	0	32	0	2	0	1	0	2	2	0	5	5	1	2	8	3	7	1	3	3	0	2	3	0	0	4	1	1	3	2	1	0	1	11	13	2	1	0	0	0	7	2	2	1	72	1	1	2	13	4	2	1	4	60	1151	36	1	0	2	6	0	0	1	1	2	9	0	0	18	142	2	5	2	1	2	9	87	4	5	10	3	7	3	2	1	0	2	5	7	2	20	11	261	1	0	0	1	1	5	4	9	0	40	1	2	0	149	3	27	0	3	1	0	2	1	4	0	1	7	3	10	2	16	15
OTU_1404	OTU_1404	0	0	0	0	0	0	0	0	0	0	0	0	0	0	0	0	0	0	0	0	2	0	1	0	0	0	0	0	0	0	1	0	0	0	0	0	0	1	0	0	0	0	1	0	0	0	0	0	0	0	0	0	2	0	0	0	0	0	0	0	0	0	0	0	0	0	1	0	0	0	0	0	0	2	0	0	0	0	0	0	0	0	0	0	0	0	0	0	0	0	0	0	0	0	0	0	0	0	0	0	0	0	0	0	0	0	0	0	0	1	0	0	0	0	0	0	2	0	0	0	0	0	0	0	0	0	0	0	0	0	0	0	0	0	0	0	0	0	0	0	0	0	0	0	0	0	0	0	0	0	0	0	0	0	0	0	0	0	0	0	0	0	0	0	0	0	0	0	0	0	0	0
OTU_1405	OTU_1405	0	0	0	15	4	0	1	0	0	0	2	1	0	0	0	0	1	0	0	0	0	5	0	1	2	0	0	0	0	27	1	0	6	0	10	1	0	0	1	0	0	6	0	0	0	3	0	0	1	1	0	0	0	0	0	0	0	0	0	0	1	3	0	0	0	3	1	0	0	0	0	0	0	0	0	0	0	0	0	0	0	0	0	0	3	0	5	0	1	2	0	8	0	0	0	15	0	0	4	0	5	0	2	0	0	12	6	2	3	2	2	1	0	0	0	0	18	1	0	29	0	0	0	0	0	1	1	0	0	0	8	0	0	0	2	0	2	0	4	0	0	0	0	0	0	0	0	1	0	0	0	2	0	1	2	0	0	0	0	0	0	0	3	0	0	0	0	2	0	0	0	0
OTU_1406	OTU_1406	0	0	0	0	0	0	0	0	0	0	0	0	0	0	0	0	0	0	0	0	0	0	0	0	0	0	0	0	0	0	0	0	0	0	0	0	0	0	0	0	0	0	0	0	0	0	0	0	0	0	0	0	0	0	0	0	0	0	0	0	0	0	0	0	0	0	0	0	0	0	0	0	0	0	0	0	0	0	0	0	0	0	0	0	0	0	0	0	0	0	0	0	0	0	0	2	0	0	0	0	0	0	0	0	0	0	0	0	0	0	0	0	0	0	0	0	0	0	0	0	0	0	0	0	0	0	0	0	0	0	0	0	0	0	0	0	0	0	0	0	0	0	0	0	0	0	0	0	0	0	0	0	0	0	0	0	0	0	0	0	0	0	0	0	0	0	0	0	0	0	0	0
OTU_1407	OTU_1407	2	54	172	2	5	0	35	6	127	1	1	303	3	310	5	3	2	40	52	3	55	433	0	51	6	1	6	1	0	2	3	6	0	4	15	3	0	420	7	18	15	0	6	88	42	10	192	4	782	3	3	0	8	7	382	6	3	20	507	6	8	0	81	0	7	3	3	6	8	89	3825	0	1	6	138	1	451	3	6	4	452	1	4	8	165	0	7	59	302	563	43	31	1	1726	1	191	4	425	20	1	56	4	7	5990	238	52	0	2	357	0	1424	13	3	3589	268	2	251	7	60	1	1747	7	19	16	24	25	3	19	13	430	7	1	8	13	0	3	18	31	11	227	1	1038	1	429	2	84	13	81	1	858	13	17	2	282	35	195	1	1	4	3	1191	1109	0	2082	95	1	35	159	10	3	516	14
OTU_1408	OTU_1408	12	0	2	2	2	0	0	2	0	1	0	1	2	1	31	1	16	0	2	0	4	1	1	1	1	0	0	7	0	0	0	1	0	3	5	2	5	0	1	8	31	0	4	0	4	0	12	1	0	1	1	1	0	0	0	2	3	0	1	0	2	2	1	0	7	4	0	8	0	0	0	4	2	3	0	8	1	0	4	8	0	0	1	10	3	1	5	0	1	6	6	0	0	0	2	0	1	0	4	1	2	4	0	0	0	0	0	2	2	0	1	3	1	4	4	1	2	2	0	1	0	0	34	7	30	1	2	1	5	2	0	1	6	1	2	0	0	0	1	2	1	2	5	0	1	14	2	0	0	0	7	6	0	0	0	2	0	7	3	0	1	0	1	6	0	5	0	4	18	14	2	1
OTU_1409	OTU_1409	1	3	0	1	0	0	3	24	2	6	4	5	1	0	2	2	1	9	0	6	20	12	9	6	2	0	13	4	3	14	15	0	1	3	20	5	0	26	0	0	0	4	4	5	3	1	3	8	27	2	0	1	7	2	1	1	2	8	0	5	0	0	12	2	0	0	2	4	0	7	4	0	0	7	1	0	12	15	1	6	8	10	1	6	9	1	4	3	2	0	6	68	3	0	3	2	14	0	9	5	4	8	3	0	1	1	2	11	6	0	19	8	4	0	0	1	2	9	2	9	12	1	3	0	4	2	1	2	4	1	4	1	1	2	2	0	4	2	1	6	7	1	0	1	5	1	2	22	3	1	0	2	1	9	5	2	26	1	12	2	8	1	3	8	6	2	1	3	2	5	3	3
OTU_1410	OTU_1410	0	0	0	0	0	0	0	0	0	0	0	0	0	0	0	0	0	0	0	0	0	0	0	0	0	0	0	0	0	0	0	0	0	0	0	0	0	0	0	0	0	0	0	0	0	0	0	0	0	0	0	0	0	0	0	0	0	0	0	0	0	0	0	0	0	0	0	0	0	0	0	0	0	0	0	0	0	0	0	0	0	0	0	0	0	0	0	0	0	0	0	0	0	0	0	0	0	0	1	0	0	0	0	0	0	0	0	0	0	0	0	0	0	0	0	0	0	0	0	0	0	0	0	0	0	0	0	0	0	0	0	0	23	0	0	0	0	0	0	0	3	0	0	11	0	0	0	0	0	0	0	0	0	0	0	0	0	0	0	0	0	0	0	0	0	0	0	0	0	0	0	0
OTU_1411	OTU_1411	28	31	3149	104	1	6	4933	11	3531	2495	41	6	15	92	7	8	1021	2560	8860	9	7	18	1	27	154	9	8	53	4	9560	1332	12218	4	88	68	15	5	6	86	9	5	16685	14	8	2144	15	8	23	3	48	364	8	173	38	18	27	3248	138	42	21	858	8	2	13	15	24	1645	40	2	3939	19	23	6	326	22	128	1	9542	267	3959	2364	70	322	3	2567	39	423	832	12	3	21	7192	585	4	6998	8	296	3	5936	3	2	140	1	3249	0	3	28	3	10	246	336	6	4	29	0	1	14	19	1	135	2	271	7	352	182	3302	34	4	16	50	22	3	38	3	200	1547	14	0	10394	49	1	32	4	1	7	37	1	2392	2004	621	103	18	9	792	7	11	32	24	24	1	6	20	2	18	6	41	57	1535	10	18	36	1552
OTU_1412	OTU_1412	0	0	0	0	0	0	0	0	0	0	0	0	0	0	0	0	0	0	0	0	0	0	0	0	0	0	0	0	0	3	0	0	0	2	1	2	4	0	0	0	0	0	0	0	0	0	0	0	0	0	0	0	0	0	0	0	0	0	1	0	0	0	0	1	0	0	0	0	0	0	0	0	0	0	0	0	0	0	0	0	2	0	0	0	67	0	0	0	30	0	0	0	0	0	0	0	1	0	3	0	0	9	0	9	0	0	7	0	0	0	0	0	0	0	0	0	0	0	0	0	0	0	0	0	65	0	0	0	1	0	0	0	80	0	0	0	0	0	1	0	0	0	0	1	0	0	1	0	0	0	0	0	0	0	1	0	0	11	0	0	0	3	0	0	1	0	0	25	0	3	0	40
OTU_1413	OTU_1413	0	0	0	2	3	0	3	5	4	0	4	0	3	0	6	1	0	0	1	0	4	6	5	2	0	3	5	3	1	1	7	0	5	2	4	4	3	8	13	4	0	5	1	0	2	1	2	2	5	8	1	1	2	0	1	0	3	1	0	8	4	0	2	0	0	6	3	0	5	1	1	0	0	7	2	0	1	4	15	0	6	6	0	1	2	7	1	0	0	0	13	6	0	0	0	0	0	1	8	0	1	1	0	3	11	0	0	1	3	1	4	6	0	0	0	0	1	4	1	2	1	1	1	0	3	0	0	1	2	0	0	2	0	1	0	0	0	0	4	2	1	1	0	3	4	1	0	0	0	0	1	5	0	0	0	3	3	2	0	0	2	0	1	1	1	0	0	1	1	1	3	0
OTU_1414	OTU_1414	0	2	2	0	0	6	0	1	12	1	0	5	0	2	0	0	1	1	1	0	1	0	0	0	2	0	1	0	4	4	0	8	1	2	1	0	9	2	16	1	0	5	1	5	2	0	0	1	0	0	0	0	0	0	2	1	1	0	0	0	2	0	5	0	0	0	1	1	0	1	2	0	4	0	0	0	1	6	0	1	2	10	0	1	1	9	2	0	2	1	0	0	0	0	4	1	1	1	12	0	0	0	0	3	0	0	0	0	0	0	0	0	16	3	0	0	0	0	1	1	1	0	1	0	1	0	0	28	1	1	0	0	0	0	13	0	0	0	3	0	0	0	0	0	0	0	0	1	0	4	6	10	0	0	0	4	3	0	1	0	2	0	3	2	0	0	24	1	0	0	1	0
OTU_1415	OTU_1415	0	0	0	1	0	0	0	0	0	0	0	0	0	0	0	0	0	0	0	0	0	0	0	0	0	0	0	0	0	1	0	0	0	0	1	1	1	0	0	0	0	0	0	0	0	0	1	0	1	0	0	0	0	0	0	0	0	0	0	0	0	1	0	1	0	0	0	0	0	0	0	0	0	0	0	0	0	0	0	0	0	0	0	0	1	0	0	0	0	4	0	0	0	0	0	0	0	0	1	0	0	0	0	1	0	0	0	0	0	0	0	0	0	0	1	0	0	0	0	0	0	2	0	0	0	0	0	0	0	0	0	0	0	0	1	1	0	2	0	0	0	1	1	0	0	0	0	0	1	0	2	0	0	0	0	0	0	0	0	0	0	0	0	1	0	0	0	0	0	0	0	1
OTU_1416	OTU_1416	0	0	0	0	0	1	2	0	0	0	0	0	0	0	0	0	0	0	0	0	0	0	0	0	0	0	2	0	0	0	0	1	0	1	3	0	0	0	0	0	0	0	0	1	1	0	0	0	0	0	0	0	0	0	0	0	0	0	0	0	0	0	0	0	0	0	0	0	0	0	0	0	0	0	0	0	0	0	0	0	0	0	0	0	0	0	0	0	0	0	0	0	0	0	0	0	0	0	0	0	0	0	0	0	0	0	0	0	0	0	0	0	0	0	0	0	0	0	0	0	0	0	0	0	1	0	0	0	0	0	0	0	0	0	0	0	0	0	0	0	0	0	0	0	0	0	0	0	2	0	0	0	0	0	0	0	0	0	0	0	0	1	0	0	0	3	0	1	0	0	0	0
OTU_1417	OTU_1417	0	0	0	0	0	0	0	0	0	0	0	1	0	0	0	0	0	0	0	0	0	1	0	0	0	0	0	0	0	0	0	0	0	0	1	0	0	0	0	0	0	0	0	0	1	1	0	0	0	0	0	0	0	0	0	0	0	0	0	0	0	0	0	0	0	0	0	0	0	0	0	0	0	0	0	0	0	0	0	0	0	0	0	0	0	0	0	0	0	0	0	0	0	0	0	0	0	0	0	0	0	0	0	0	0	0	0	0	3	0	0	0	0	0	0	0	0	0	0	0	0	0	0	0	0	0	0	0	0	0	0	0	0	1	0	0	0	0	0	0	0	0	0	0	0	0	0	0	1	0	0	0	0	0	0	0	0	0	0	0	0	0	0	0	0	0	0	1	0	0	0	0
OTU_1418	OTU_1418	0	1	2	0	0	0	0	6	3	0	0	0	8	7	0	1	0	0	2	0	0	0	1	0	0	0	13	1	0	0	0	0	2	0	1	7	0	3	0	0	0	0	0	1	90	1	0	0	0	0	0	0	0	0	0	1	1	0	6	0	0	0	0	0	2	0	0	0	0	3	0	0	0	1	0	0	0	1	0	0	0	26	0	0	1	0	0	0	0	5	0	0	0	0	0	0	0	0	1	4	6	0	0	0	0	0	0	0	2	1	0	2	1	2	1	0	99	0	0	0	0	1	0	0	1	0	0	0	0	5	0	0	0	0	1	130	1	0	1	1	0	1	0	0	1	0	1	0	2	2	1	0	0	0	0	1	6	0	0	0	0	6	0	0	0	0	0	2	1	0	0	0
OTU_1419	OTU_1419	0	6	0	0	9	0	0	6	0	0	0	0	0	0	0	0	0	0	0	1	1	0	6	0	0	6	0	0	0	2	0	0	1	0	12	0	0	0	1	1	0	1	0	0	4	0	0	5	0	0	1	19	2	0	0	1	1	0	0	0	1	0	9	1	4	0	4	3	0	4	0	0	0	0	0	0	1	0	0	0	2	0	0	0	0	9	0	0	0	2	0	5	1	1	1	0	1	0	2	0	0	0	0	0	2	0	1	0	1	0	0	2	0	1	0	1	0	1	4	0	0	0	0	0	0	1	0	1	0	0	0	0	0	1	11	0	1	0	0	0	0	4	19	0	0	0	0	0	0	1	0	1	0	0	0	65	0	0	2	0	0	0	1	0	11	0	0	0	2	0	0	0
OTU_1420	OTU_1420	0	0	0	0	0	0	0	0	1	0	0	0	1	13	20	0	0	0	0	0	0	0	0	0	0	0	0	0	0	0	0	0	0	0	1	0	0	0	1	0	0	1	0	0	123	0	0	0	0	1	0	0	0	0	0	1	0	0	0	0	0	0	0	0	0	0	0	0	0	0	0	0	0	0	0	0	0	0	0	0	0	0	0	0	1	0	0	0	2	0	0	0	0	0	0	0	0	0	0	0	0	0	0	0	0	0	21	0	0	0	0	0	0	1	0	0	2	0	0	0	0	0	0	0	5	0	1	0	0	0	0	1	1	0	5	0	0	0	1	0	0	0	0	0	0	0	0	0	0	0	0	0	0	0	0	0	0	0	0	0	0	0	0	0	0	0	2	0	0	0	0	0
OTU_1421	OTU_1421	0	0	0	0	0	0	0	0	0	0	0	0	0	0	0	0	0	0	0	0	0	0	0	0	0	0	0	0	0	0	0	0	0	0	0	0	0	0	0	0	0	0	0	0	0	0	0	0	0	0	0	0	0	0	0	0	0	0	0	0	0	0	0	0	0	0	0	0	0	0	0	0	0	0	0	0	0	0	0	0	0	0	0	0	0	0	0	0	0	0	0	0	3	0	0	0	0	0	0	0	0	21	0	1	0	0	0	0	0	0	0	0	0	0	0	2	0	0	0	0	0	0	0	0	0	0	0	0	0	1	0	0	3	0	0	0	0	0	0	0	168	0	0	2	0	0	0	0	0	0	0	0	8	0	0	0	539	1	0	0	0	0	0	0	0	0	0	0	0	0	0	0
OTU_1422	OTU_1422	4	6	8	4	0	0	1	20	30	0	0	0	3	11	0	4	10	1	23	0	4	11	6	0	2	2	1	12	0	7	0	3	0	1	28	13	1	1	1	3	1	13	0	1	20	2	1	4	0	56	1	1	1	0	0	2	24	24	0	7	4	2	22	2	22	0	0	9	0	0	2	0	0	0	2	1	2	1	2	1	0	8	7	2	9	6	1	0	1	0	0	1	0	0	2	2	0	1	2	1	1	0	0	37	1	0	0	1	0	0	7	2	0	15	2	0	24	1	1	1	1	1	0	12	7	0	2	3	1	2	0	0	0	0	7	0	22	0	45	20	1	4	5	0	0	0	0	2	0	0	114	13	0	0	12	6	5	3	0	0	1	0	0	5	0	2	2	17	28	1	0	1
OTU_1423	OTU_1423	0	0	0	4	0	0	0	0	0	0	0	0	0	1	1	0	0	0	0	0	0	1	0	2	0	0	0	0	0	0	3	0	0	0	3	0	0	1	0	0	0	0	1	0	6	0	0	0	0	3	0	0	2	0	0	0	0	0	0	0	0	0	0	0	0	0	0	0	0	0	0	0	0	0	0	0	0	0	0	0	0	0	0	0	0	0	0	0	0	0	0	0	0	0	0	0	0	0	0	0	0	0	0	0	0	0	0	0	0	0	1	0	8	0	0	1	0	12	0	0	0	0	0	0	35	0	0	0	0	0	1	0	0	0	1	19	0	0	0	0	2	0	0	0	0	0	0	0	0	0	0	0	1	1	0	0	38	0	0	0	0	0	0	1	0	0	0	0	0	0	0	0
OTU_1424	OTU_1424	0	0	0	5	0	0	8	0	0	0	0	0	0	0	0	0	0	1	0	0	0	1	0	3	0	0	0	0	0	0	0	1	0	0	0	0	1	0	8	0	0	0	0	0	0	0	0	0	0	0	0	0	0	0	0	0	0	0	0	0	0	0	0	0	0	5	0	3	0	0	0	0	0	0	0	3	0	1	4	0	2	0	0	0	0	0	4	0	0	0	0	0	0	1	0	0	0	0	0	0	0	0	0	3	0	0	0	0	0	0	0	0	0	0	0	0	0	0	0	0	0	9	0	1	8560	0	0	0	0	0	0	0	3	0	0	0	0	24	0	0	0	0	0	0	0	0	0	1	0	0	20	0	0	1	0	0	0	0	0	0	0	0	0	0	0	0	0	0	0	4	0	3
OTU_1425	OTU_1425	3	16	0	1	7	0	4	3	8	0	17	92	5	60	11	3	2	68	2	0	2	44	0	101	24	0	26	96	0	0	2	0	16	0	22	32	4	67	0	1	1	1	16	107	0	1	0	2	1	1	3	92	38	7	4	1	1	2	1	0	29	1	0	0	11	1	0	9	112	99	39	1	2	181	0	0	1	1	0	1	0	0	3	80	4	17	26	283	0	0	18	2	1	42	4	36	1	42	2685	199	83	6	25	2	115	185	198	72	64	45	124	72	3	113	1	14	3	9	0	0	50	173	2	6	1	6	23	2	3	13	907	97	307	27	23	0	0	135	6	59	55	10	0	126	36	22	5	22	26	135	0	2	11	30	207	6	26	92	2	219	150	4	1	79	0	29	4	8	22	1	70	0
OTU_1426	OTU_1426	0	0	1	0	3	0	0	0	5	0	0	0	0	0	0	0	0	16	0	2	0	0	0	0	0	0	0	1	0	0	0	0	0	0	0	0	0	2	1	0	0	0	0	0	0	0	0	0	0	1	0	0	0	0	0	0	0	0	3	0	0	1	0	0	1	0	0	0	1	50	0	0	0	3	0	0	0	0	0	3	0	0	0	0	1	0	1	0	1	0	0	0	0	0	0	0	0	0	3	0	3	0	0	1	1	0	0	0	0	2	0	1	0	0	0	0	1	0	1	0	0	2	0	0	4	1	0	0	0	0	0	0	8	0	0	0	4	0	0	0	2	1	0	1	0	0	0	0	6	0	0	16	0	0	0	2	4	0	0	0	0	0	0	0	0	0	0	0	1	1	1	1
OTU_1427	OTU_1427	0	0	1	1	0	0	0	0	0	0	0	0	0	0	0	0	0	0	0	0	0	0	0	0	0	0	0	1	0	0	0	1	0	0	0	0	1	0	0	0	1	0	0	0	0	0	0	1	0	0	1	0	0	0	0	0	1	0	0	0	0	0	0	0	0	0	0	0	0	0	0	1	0	1	0	1	0	0	1	0	0	1	0	1	0	0	0	0	0	0	0	0	0	0	4	0	0	0	0	0	0	0	0	0	0	0	0	0	0	0	0	0	0	0	1	0	0	0	0	0	0	0	0	0	0	0	0	0	0	0	0	0	0	0	0	0	0	0	0	0	0	0	0	0	0	1	0	0	0	0	0	1	0	0	0	0	0	0	0	1	0	0	2	0	0	2	0	0	0	0	0	1
OTU_1428	OTU_1428	0	1	0	0	0	0	0	0	0	1	2	0	0	0	1	0	0	0	0	0	1	0	0	0	0	1	0	0	1	0	2	0	0	0	0	0	1	0	0	1	0	0	2	0	0	0	1	0	1	0	0	1	0	5	0	0	0	0	0	0	0	0	0	0	0	0	0	0	0	0	0	1	1	0	0	1	0	1	0	0	0	0	0	0	0	1	0	0	0	2	0	0	0	4	0	0	0	0	2	0	1	0	3	0	1	1	0	0	2	2	0	0	1	0	1	0	0	1	0	3	0	0	1	0	0	3	0	0	0	0	0	0	0	1	0	0	0	0	0	0	0	1	2	0	0	1	0	0	0	0	0	0	0	2	0	0	0	0	0	1	0	0	1	0	0	0	0	0	0	0	1	0
OTU_1430	OTU_1430	5	2	6	1	0	0	0	269	14	5	2	2	0	22	7	0	16	6	38	2	8	103	5	1	1	2	3	13	0	1	10	1	1	2	75	62	0	1	3	0	0	8	3	3	45	2	2	4	5	47	0	2	1	0	0	1	5	24	2	6	5	4	9	0	3	3	3	12	1	3	11	0	0	5	3	1	1	5	2	4	6	2	1	4	24	1	1	0	0	1	4	3	0	0	18	0	0	0	6	1	0	5	0	15	0	0	0	2	5	0	49	3	0	7	1	0	8	2	0	0	0	4	5	12	23	1	3	2	1	1	0	0	1	0	0	0	18	0	24	50	1	3	0	0	1	0	1	1	0	0	25	9	0	0	31	4	5	4	0	0	1	0	0	5	0	1	1	64	22	5	0	4
OTU_1431	OTU_1431	0	0	0	0	0	0	0	0	0	0	0	2	0	1	0	0	0	2	1	0	0	0	0	0	0	0	0	0	0	0	6	0	0	0	1	0	0	0	0	0	0	0	0	0	3	0	0	0	0	1	0	0	0	0	0	0	0	0	0	0	0	0	0	0	0	0	0	0	0	0	0	0	0	0	0	0	0	0	0	0	0	0	0	0	0	0	0	0	0	0	0	0	0	0	2	0	0	3	2	0	0	0	0	0	0	0	0	0	0	0	0	0	0	1	0	0	0	0	0	1	0	1	0	0	1	0	0	0	4	0	0	0	0	0	0	0	0	0	0	0	0	1	0	0	0	0	0	0	2	0	0	0	0	0	1	0	1	0	0	0	0	0	0	0	0	0	0	0	1	0	0	0
OTU_1432	OTU_1432	0	0	0	0	0	0	1	0	0	0	0	0	0	0	0	0	0	0	0	0	0	0	0	0	0	0	0	0	0	0	0	0	0	0	0	0	0	0	0	0	0	0	0	0	0	0	0	0	0	0	0	0	0	0	0	0	0	0	0	0	0	0	0	0	0	0	0	0	0	0	0	0	0	0	0	0	0	0	0	0	0	0	0	0	0	0	0	0	0	0	0	0	0	0	0	0	0	0	0	0	0	3	0	0	0	0	0	0	0	0	0	0	0	0	0	0	0	0	0	0	0	0	0	0	0	0	0	0	0	0	0	0	0	0	0	0	0	0	0	0	0	0	0	0	0	0	0	0	0	0	0	0	0	0	0	0	1	0	0	0	0	0	0	0	0	1	0	0	0	0	0	0
OTU_1433	OTU_1433	9	4	6	7	0	311	1	1	2	3	0	0	6	1	0	15	2	1	2	0	10	2	4	0	2	1	16	5	0	5	14	22	4	1	12	0	4	1	5	30	1	6	0	3	3	5	1	2	0	3	4	0	0	6	1	38	0	0	0	2	2	64	3	1	2	1	3	5	0	5	1	3	2	4	1	7	4	0	36	2	0	5	3	3	3	22	5	0	16	1	3	13	271	7	2	4	1	3	7	0	1	10	25	7	0	1	0	13	0	0	2	0	37	9	0	0	2	3	0	0	3	32	1	0	7	5	0	8	66	3	0	0	1	0	13	54	2	1	2	4	1	16	3	0	0	2	61	3	28	0	78	9	4	0	0	4	12	6	27	0	1	3	0	6	1	5	24	2	2	7	3	1
OTU_1434	OTU_1434	6	2	3	2	0	0	1	47	13	2	0	0	18	1	0	32	0	0	11	1	1	46	1	2	1	0	3	0	7	0	0	2	2	1	0	11	5	0	3	1	4	0	1	2	9	3	1	2	2	11	0	2	0	2	2	5	4	2	1	14	6	2	0	1	15	0	4	10	0	3	0	2	20	6	1	1	1	3	13	1	0	0	2	1	0	3	0	0	0	0	8	0	0	0	1	0	0	0	0	0	0	0	0	0	0	0	0	0	0	0	1	0	0	2	0	0	1	0	0	1	0	1	0	1	14	0	0	0	0	0	0	0	0	0	0	0	0	0	4	0	0	1	1	0	0	0	0	0	0	0	2	1	1	0	0	1	0	0	0	0	0	0	0	0	0	0	0	0	0	0	0	1
OTU_1435	OTU_1435	40	4	6	114	25	0	1	11	2	4	3	1	4	5	7	4	58	3	3	4	4	6	5	0	5	4	2	0	17	0	1	1	41	8	2	1	4	3	4	0	62	44	0	0	3	5	2	2	4	4	7	10	3	2	4	8	4	7	3	1	0	1	3	3	3	47	14	4	1	5	7	2	24	0	3	416	0	9	2	0	16	3	9	1	4	6	8	0	1	0	37	2	0	4	1	1	0	4	2	0	12	2	1	3	0	1	2	1	2	0	8	0	0	0	1	0	4	0	1	0	1	4	9	19	4	0	26	0	0	0	0	0	11	1	4	0	1	0	27	16	1	2	3	0	4	0	16	0	0	1	2	0	0	9	3	1	3	38	0	7	0	0	0	1	0	2	0	1	1	0	1	44
OTU_1436	OTU_1436	44	151	2	39	170	0	2	6	0	0	0	5	19	30	28	2	2	4	2	8	10	2726	5	2071	1179	1	6	4246	1	5	13	4	449	10	465	3	6	1129	4	1	6	1	257	2146	3	3	5	2	44	4	96	1933	1544	336	9	7	1	18	4	43	59	0	7	11	12	10	6	125	4571	40	24	6	6	3443	4	1	45	1	6	8	0	0	20	6	204	26	3	11	9	8	2	0	22	2	5	6	0	887	212	1897	196	10	3	5	2631	2753	1041	804	4	15	87	494	7	2471	17	10	8	73	4	2	3	3	1	4	36	8	33	24	2	12	117	1291	76	110	138	3	3	8	2	7	15	3	1	2712	9	2	35	490	51	4	11	1	178	2900	288	15	9	8	10	1492	14	4	0	57	3	34	77	184	2	1	254	1
OTU_1437	OTU_1437	0	1	1	4	0	0	7	15	64	2	15	0	3	4	3	7	3	27	9	1	3	1	3	0	3	6	1	3	5	1	36	1	9	17	8	2	1	0	0	2	2	0	2	2	0	1	2	1	1	3	1	1	0	1	6	2	1	2	3	4	1	1	1	36	1	6	1	1	0	1	3	1	1	4	5	1	3	7	1	3	4	2	0	0	62	2	1	0	1	0	0	0	0	2	2	1	0	0	1	0	0	0	1	8	1	0	0	5	2	0	2	1	1	0	0	0	0	8	0	0	3	1	3	3	6	0	9	0	0	0	0	0	3	0	0	0	1	0	4	1	1	1	0	0	1	1	0	0	0	0	2	0	10	0	0	0	1	2	0	0	0	0	0	2	0	2	0	36	1	1	0	19
OTU_1438	OTU_1438	0	1	24	0	0	1	0	0	2	0	0	0	21	0	0	1	1	4	2	0	0	0	1	0	0	2	0	2	2	0	3	10	8	13	2	2	0	0	9	0	0	4	0	0	1	6	0	0	9	4	1	2	1	13	0	39	0	0	0	0	2	0	0	5	1	0	4	6	0	4	0	0	1	3	1	0	6	8	13	0	6	15	0	0	1	16	1	2	0	0	0	6	0	2	0	1	1	1	1	0	2	0	0	0	0	0	1	0	0	0	7	0	0	0	0	0	2	0	0	4	0	2	1	0	11	7	12	5	2	1	0	0	0	0	0	2	0	0	2	0	0	0	0	0	0	0	0	0	3	0	1	0	3	0	0	0	1	1	0	0	0	0	0	0	0	0	1	4	0	11	2	32
OTU_1439	OTU_1439	0	0	0	0	0	0	0	0	0	0	0	0	0	0	0	0	0	0	0	0	0	0	0	0	0	0	0	0	0	0	0	0	0	0	0	0	0	0	0	0	0	0	0	0	0	0	0	0	0	0	0	0	1	0	0	0	0	0	0	0	0	0	0	0	0	0	0	0	0	0	0	0	0	0	0	0	0	0	0	0	0	0	0	0	0	0	0	0	0	0	0	0	0	0	0	0	0	0	0	0	0	0	0	0	0	0	0	0	0	3	0	0	0	0	0	0	0	0	0	0	0	0	0	0	0	7	0	0	0	0	0	0	0	0	0	0	0	0	0	0	0	0	0	0	0	0	0	0	0	0	0	0	0	0	0	0	1	0	1	0	0	0	0	0	0	1	0	0	0	0	0	0
OTU_1440	OTU_1440	0	0	0	0	0	0	0	0	0	0	0	0	0	0	0	0	0	0	0	0	0	0	0	0	0	0	0	0	0	0	0	0	0	0	0	0	0	0	0	0	0	0	0	0	0	0	0	0	0	0	0	0	0	0	0	0	0	0	14	0	0	0	0	0	0	0	0	0	0	0	0	0	0	1	0	0	0	0	0	0	0	0	0	0	0	0	0	0	0	0	0	0	0	0	0	0	0	0	0	0	0	0	0	0	0	0	0	0	0	0	0	0	0	0	0	0	0	0	0	0	0	0	0	0	0	0	0	0	0	0	0	0	0	0	0	0	0	0	0	0	0	0	0	0	0	0	0	0	0	0	0	0	0	0	0	0	0	0	0	0	0	0	0	0	0	0	0	0	0	0	0	0
OTU_1441	OTU_1441	0	0	0	0	0	0	0	0	0	0	0	0	0	0	0	0	0	0	0	0	0	0	0	0	0	0	0	9	0	2	0	0	0	6	0	0	0	0	0	0	0	0	0	1	0	0	0	0	4	0	0	0	0	0	0	0	0	0	0	0	0	0	0	0	0	0	0	0	0	0	0	0	0	0	1	0	2	0	0	0	0	0	0	0	0	0	0	0	0	0	0	0	0	1	0	0	0	0	1	0	0	17	0	0	0	0	0	0	0	0	8	0	0	0	0	0	0	0	0	0	0	0	0	0	0	0	0	0	1	0	0	0	0	0	0	7	0	0	0	0	0	0	0	0	2	0	0	0	4	0	0	0	0	0	0	0	6	7	0	0	0	0	0	0	0	0	0	0	0	2	0	13
OTU_1442	OTU_1442	0	0	0	0	0	0	0	0	0	0	0	0	0	0	0	0	0	0	0	0	0	0	0	0	0	0	0	0	0	0	0	0	1	0	0	0	0	0	0	0	1	0	0	0	0	0	0	0	0	0	0	0	0	0	0	1	0	0	0	0	0	0	0	0	0	0	0	0	0	0	0	0	0	0	0	0	0	0	0	0	0	0	0	0	0	0	0	0	0	0	0	0	0	0	0	0	0	0	9	0	0	0	0	0	0	0	0	0	0	0	0	0	0	0	0	0	0	0	0	0	0	0	0	0	0	0	0	0	0	0	0	0	0	0	0	0	0	0	0	0	0	0	0	0	0	0	0	0	0	0	0	0	0	0	0	0	0	0	0	0	0	0	0	0	0	2	0	0	0	0	0	0
OTU_1443	OTU_1443	2	2	5	0	0	0	0	0	7	3	2	0	0	3	2	0	0	0	0	0	0	0	0	2	0	2	0	0	0	0	0	0	0	0	7	2	0	0	0	1	0	0	1	0	5	22	1	2	0	1	0	0	0	0	0	0	0	0	1	0	0	1	0	0	2	0	39	0	0	1	1	0	0	0	0	1	0	3	3	0	1	0	0	2	0	0	0	0	0	0	0	0	0	0	0	0	0	0	1	0	0	0	0	8	0	0	0	0	0	0	0	0	0	1	0	0	0	0	0	0	0	1	0	0	3	0	1	0	0	0	0	0	0	0	0	0	1	0	7	1	0	2	0	0	0	0	0	0	0	0	2	2	0	0	0	1	0	0	0	0	0	0	0	1	0	0	0	0	0	1	0	8
OTU_1444	OTU_1444	0	0	0	0	0	0	0	0	2	0	0	1	0	7	0	0	2	0	1	0	0	0	0	0	0	0	0	0	0	0	0	1	0	0	1	0	0	0	0	0	0	2	0	0	2	0	0	0	0	2	0	0	0	0	0	0	0	0	0	0	0	0	0	0	11	0	0	0	0	0	2	0	0	0	0	0	0	0	0	0	0	0	0	0	0	0	2	0	0	0	0	0	0	1	0	0	0	0	0	1	0	0	0	0	0	0	0	2	0	0	0	2	0	1	0	0	4	0	0	0	1	0	0	1	0	0	0	0	0	0	1	0	0	0	0	0	0	0	3	16	0	0	0	0	0	0	0	0	2	0	0	0	0	0	188	0	0	0	0	0	1	2	0	0	0	0	4	0	0	0	0	0
OTU_1445	OTU_1445	0	0	0	0	0	0	0	0	2	0	0	0	0	0	0	0	0	10	0	0	0	0	0	0	0	0	0	0	0	0	0	0	0	0	0	0	0	0	0	0	0	0	0	0	0	0	0	0	0	0	0	0	0	0	0	0	0	0	0	0	0	0	0	0	0	0	0	0	0	0	0	0	0	0	0	0	0	0	0	0	0	0	0	0	0	0	0	0	0	0	0	0	0	0	0	12	0	0	0	19	0	0	0	0	9	0	0	0	0	1	0	1	0	0	0	0	0	0	0	0	0	0	0	0	0	5	1	0	4	1	0	8	0	0	0	0	0	0	0	0	0	0	0	0	0	0	0	0	0	0	0	0	0	2	0	24	0	0	0	1	0	0	0	0	30	6	0	0	0	0	0	0
OTU_1446	OTU_1446	0	4	1	3	2	0	5	40	1	6	3	1	0	3	8	2	2	8	2	8	16	24	8	2	3	1	7	2	1	8	8	1	0	2	9	2	1	6	3	1	0	4	2	4	1	0	6	11	26	3	0	0	10	0	0	2	1	5	1	2	1	0	3	1	0	3	1	5	0	5	6	0	0	5	5	0	7	16	1	9	9	8	0	8	8	0	2	4	1	0	3	14	4	1	12	2	4	1	14	2	6	5	4	2	4	3	2	16	5	3	11	7	8	0	0	2	2	10	0	4	14	2	3	1	3	1	0	0	16	2	6	0	3	1	2	4	4	0	2	15	7	2	0	1	7	1	2	18	1	1	1	5	1	3	8	3	12	2	7	6	4	3	1	4	1	2	0	7	1	5	4	0
OTU_1447	OTU_1447	0	0	0	0	0	0	0	0	1	0	0	0	0	0	0	2	3	0	0	0	0	0	0	0	1	0	0	1	0	0	0	0	0	0	0	0	1	0	0	0	0	0	0	0	0	0	0	0	0	0	0	0	0	0	0	0	0	0	0	0	0	0	0	0	2	0	0	0	0	0	1	0	3	0	0	0	0	0	0	0	0	0	0	0	0	0	1	0	0	0	0	1	0	1	0	0	0	0	0	0	0	0	0	0	0	0	0	0	0	0	0	0	0	0	0	0	1	0	0	0	0	0	0	0	0	0	0	0	0	0	0	0	0	0	0	0	0	0	0	1	0	0	0	0	0	0	0	0	0	0	0	0	0	0	0	0	1	0	0	0	0	0	0	0	0	0	0	0	0	0	0	0
OTU_1448	OTU_1448	6	0	2	1	3	0	1	36	19	1	1	0	39	3	0	58	0	0	12	0	2	30	1	0	0	0	4	4	2	2	1	11	1	0	0	24	4	1	4	1	6	1	1	1	10	4	1	0	1	7	0	3	0	3	7	10	4	4	1	15	2	2	0	1	38	1	10	9	0	3	1	4	44	8	6	0	1	9	14	1	0	0	1	2	0	2	1	0	0	0	6	0	0	0	3	0	0	0	0	0	0	0	0	0	0	0	0	0	0	0	6	1	0	0	0	0	1	0	0	1	1	2	1	1	28	0	0	0	0	0	0	0	0	0	0	0	0	0	3	0	0	0	0	0	0	0	0	0	1	0	3	0	0	0	0	0	0	2	0	0	0	0	0	1	0	0	1	0	0	0	0	2
OTU_1449	OTU_1449	0	0	30	0	0	0	0	0	2	0	0	0	0	0	0	0	0	5	0	0	0	5	0	1	0	0	0	0	0	0	0	0	0	0	1	1	0	0	0	0	0	0	0	0	0	2	0	0	0	0	0	0	0	0	0	0	0	0	0	0	0	0	0	0	0	0	5	0	0	0	0	0	1	0	0	0	0	0	0	0	0	0	0	0	0	1	0	0	0	0	0	0	0	0	0	0	0	0	0	0	0	0	0	1	0	0	0	0	0	0	0	0	0	0	0	0	0	0	0	0	0	1	0	0	0	0	0	0	0	0	0	0	0	0	0	0	1	0	0	1	0	0	0	4	0	0	0	0	0	0	1	0	0	0	0	0	0	0	0	0	0	37	0	0	0	0	0	0	0	0	0	0
OTU_1450	OTU_1450	2	0	1	0	0	0	0	0	2	4	0	1	3	1	0	2	0	22	6	0	1	0	0	0	0	0	0	0	0	0	92	0	0	0	0	4	0	0	4	2	0	0	2	0	9	0	1	0	0	1	0	0	0	4	0	0	0	2	0	0	2	0	0	12	0	0	0	0	0	0	0	0	0	0	0	0	0	1	2	2	0	0	0	0	1	1	0	0	0	0	1	0	0	2	0	0	0	3	8	0	0	0	6	0	0	0	0	8	0	0	0	0	0	2	0	1	0	2	0	0	0	45	0	0	9	0	0	0	475	2	0	0	0	0	27	1	1	0	0	5	0	0	0	1	0	0	0	1	28	0	0	1	0	1	8	0	0	0	89	0	0	8	0	0	1	10	0	1	0	4	1	0
OTU_1451	OTU_1451	3	1	1	11	2	0	1	121	3	1	4	1	0	10	1	0	28	1	2	1	2	4	1	0	0	3	5	0	2	0	0	1	8	2	2	8	4	0	3	0	10	4	0	0	3	2	0	3	0	12	0	0	1	0	1	2	0	4	3	0	0	2	1	0	3	3	0	7	0	0	8	1	3	2	3	5	0	1	1	0	1	0	1	0	0	1	2	0	1	0	1	0	0	0	1	0	0	0	7	0	1	0	1	8	0	0	0	0	3	1	5	0	0	3	0	0	4	0	0	1	0	1	1	16	6	0	2	1	1	0	0	0	2	0	2	0	0	0	25	72	0	1	0	0	0	0	2	0	0	0	60	0	0	0	0	1	0	17	0	2	0	0	0	1	0	0	1	3	1	1	0	2
OTU_1452	OTU_1452	0	0	58	11	0	0	92	0	95	39	0	0	2	3	0	0	65	92	250	0	0	0	0	3	1	1	0	1	0	365	37	225	0	7	7	0	0	0	3	0	0	678	0	1	66	0	0	2	0	7	12	0	9	1	0	1	105	1	3	2	18	0	0	1	1	3	36	2	0	69	0	1	1	6	0	4	0	137	3	166	45	3	5	0	98	0	11	19	0	0	1	263	24	0	107	2	10	2	96	0	0	8	0	54	0	0	0	0	0	10	6	2	0	2	0	0	3	1	0	6	0	13	0	16	12	113	2	1	0	0	2	1	1	0	4	53	3	0	265	4	0	8	0	0	0	0	1	73	71	17	8	0	1	31	1	0	5	1	0	0	0	1	0	0	2	2	1	45	1	1	2	34
OTU_1453	OTU_1453	12	0	3	3	2	0	1	12	2	1	0	4	2	6	2	1	1	1	2	1	2	1	4	1	0	4	0	1	1	1	2	4	0	6	1	1	0	0	2	0	0	0	0	0	1	0	1	0	2	3	12	1	0	0	9	0	3	2	0	2	0	0	1	7	1	1	0	10	0	2	6	0	0	4	1	1	0	3	1	9	3	0	1	2	3	1	0	0	0	0	0	0	1	0	2	0	0	0	2	0	0	0	0	38	1	0	0	0	2	0	9	0	0	0	0	0	0	0	0	0	0	3	4	1	6	0	0	1	1	0	0	1	0	0	2	0	0	0	2	2	0	1	0	0	0	0	0	0	2	0	2	14	1	0	0	0	3	0	0	0	0	0	0	0	0	0	0	11	0	0	0	5
OTU_1454	OTU_1454	0	0	0	0	0	0	0	0	0	0	0	0	0	0	0	0	0	0	0	0	0	0	0	0	0	0	0	0	0	0	0	0	1	0	0	0	0	0	2	0	0	0	0	0	0	0	0	0	0	0	0	0	0	0	0	0	0	0	0	0	0	0	0	0	0	0	0	0	0	0	0	0	0	0	0	0	0	0	0	0	0	0	0	0	0	9	0	0	0	0	0	0	0	0	0	0	0	0	0	0	0	0	0	0	0	0	0	0	0	0	0	0	0	0	0	0	0	0	0	0	0	0	0	0	0	0	0	0	0	0	0	0	0	0	0	0	0	0	0	0	0	0	0	0	0	0	0	0	0	0	0	0	0	0	0	0	0	0	0	0	0	0	0	0	0	0	0	0	0	0	0	0
OTU_1456	OTU_1456	0	0	0	8	0	0	4	0	0	1	0	1	0	0	0	2	0	0	0	1	0	0	0	0	0	0	0	0	2	1	0	2	1	0	1	0	1	0	0	0	0	0	0	0	0	1	1	0	2	0	0	1	1	13	1	0	0	1	2	0	0	0	1	0	0	0	3	0	0	0	0	0	0	0	1	2	0	0	0	2	0	0	0	0	0	2	0	3	2	0	0	0	0	5	0	3	1	1	1	0	4	0	1	0	0	0	0	0	0	5	0	0	0	0	0	0	0	0	1	2	1	3	1	0	0	0	0	0	0	0	0	2	0	2	0	0	0	0	1	0	0	2	2	1	0	0	0	0	0	0	0	0	0	1	0	0	0	0	0	0	0	2	1	1	1	0	0	0	0	0	0	1
OTU_1457	OTU_1457	0	0	0	0	0	0	0	0	0	0	0	0	0	0	0	0	0	1	0	0	0	0	0	0	0	0	0	0	0	0	0	0	0	0	0	0	0	0	0	0	0	0	0	0	0	0	0	0	0	0	0	0	0	0	0	0	0	0	0	0	0	0	0	0	0	0	0	0	0	0	0	0	0	0	0	0	0	0	0	0	0	0	0	0	0	0	0	0	0	0	0	0	0	0	0	0	0	0	0	0	0	4	0	0	0	0	0	0	0	0	0	0	0	1	0	0	0	1	0	0	0	0	0	1	0	0	0	0	0	0	0	0	0	0	0	0	0	0	0	0	0	0	0	0	0	0	0	0	0	0	0	0	0	0	0	0	0	0	0	0	0	0	0	0	0	0	0	0	0	0	0	0
OTU_1458	OTU_1458	0	0	0	0	0	0	0	0	0	0	0	0	0	0	0	0	2	0	0	0	0	0	0	0	0	0	11	0	4	0	0	0	0	0	0	0	0	0	0	0	0	0	0	0	0	0	0	0	0	0	0	0	0	0	0	0	0	1	0	0	0	0	0	0	0	0	0	0	0	0	0	0	0	0	0	0	0	0	0	0	0	0	0	0	0	0	0	0	0	0	0	0	19	0	0	0	0	0	0	0	0	1	0	0	0	0	0	1	0	0	0	0	2	0	0	0	0	0	0	0	5	0	0	2	0	0	0	0	0	0	0	0	0	0	0	0	0	0	0	0	0	0	0	0	1	0	0	0	0	0	0	0	0	0	0	0	98	0	0	0	0	0	0	0	0	0	0	0	0	0	2	0
OTU_1459	OTU_1459	0	0	0	0	0	0	0	0	50	0	0	0	0	0	0	0	2	223	0	0	0	0	0	0	0	0	0	0	0	0	135	0	0	1	1	2	2	5	0	0	0	0	0	0	0	2	1	0	0	0	0	0	0	0	0	0	0	0	1	0	0	0	0	0	1	0	0	0	0	0	3	0	1	0	0	0	0	0	0	0	0	0	0	0	6	0	0	0	0	0	0	0	0	0	0	0	0	1	0	0	0	0	0	0	0	0	2	1	0	0	0	0	0	0	0	8	0	3	0	0	0	0	0	3	0	0	0	0	0	0	1	0	0	0	0	0	0	0	2	1	4	0	0	1	1	0	0	0	0	0	0	0	0	0	10	0	1	17	0	0	0	3	0	1	0	43	0	0	0	0	0	0
OTU_1460	OTU_1460	0	5	0	20	0	0	7	4	10	0	0	21	0	25	2	23	43	51	18	0	0	8	0	13	0	2	2	0	0	0	59	1	0	1	12	7	1	12	0	1	1	11	2	0	1	4	15	1	0	0	1	2	30	14	0	1	19	4	10	4	18	0	0	75	4	6	3	1	0	24	8	0	1	7	0	0	53	1	1	3	0	10	1	1	29	0	3	0	1	0	27	0	0	2	0	0	0	0	3	5	25	6	0	3	0	0	1	28	0	3	0	2	0	0	0	32	1	21	0	0	4	4	1	22	84	0	329	0	13	0	4	0	1	13	0	6	0	0	6	7	8	0	0	2	0	12	0	5	56	0	1	0	51	0	2	1	27	0	1	2	2	3	0	3	0	21	0	11	12	0	1	4
OTU_1461	OTU_1461	0	0	0	0	0	0	0	0	0	0	0	1	0	0	0	0	0	0	0	0	0	0	0	0	0	0	0	0	0	0	0	0	0	0	0	0	0	0	0	0	0	0	0	0	0	5	0	0	0	0	0	0	0	0	0	0	0	23	0	1	2	6	0	0	0	1	0	0	0	0	0	0	0	0	0	0	0	0	0	0	0	0	0	0	6	0	0	0	0	0	0	1	0	0	0	0	1	0	0	0	1	1	1	0	0	0	0	0	0	1	1	0	0	0	0	0	0	0	0	11	0	1	0	0	0	0	0	0	1	16	1	0	1	0	0	0	0	4	0	0	0	0	0	0	1	0	0	0	2	0	0	0	1	0	0	0	0	1	0	0	0	0	2	9	0	0	0	1	0	3	0	1
OTU_1462	OTU_1462	0	0	0	1	0	0	0	0	0	1	0	4	0	0	0	0	1	0	0	0	1	0	1	0	0	1	0	0	0	2	0	0	1	0	0	0	0	0	0	0	0	0	0	0	0	0	0	1	8	0	0	0	0	0	0	1	1	0	0	0	0	0	1	0	0	0	1	0	2	1	1	0	0	1	0	2	0	0	0	1	1	0	1	0	0	17	0	13	20	8	0	0	0	1	0	24	6	21	0	0	4	3	1	0	0	4	0	0	1	0	0	9	0	1	0	0	0	0	1	3	3	0	0	0	0	1	0	216	0	0	0	0	0	28	12	0	0	0	0	0	0	1	0	0	0	20	4	8	1	0	1	0	0	0	0	6	8	0	1	0	1	0	2	6	4	0	214	0	4	0	0	0
OTU_1463	OTU_1463	0	0	0	0	0	0	0	0	1	0	0	0	0	0	1	0	0	0	0	0	0	0	0	0	0	0	0	0	0	0	0	1	0	0	0	0	0	0	0	0	0	0	8	0	0	0	0	0	0	3	0	0	0	0	0	0	0	0	0	0	0	0	0	0	0	0	0	0	0	0	0	0	0	0	0	0	0	0	0	0	0	0	0	1	12	0	0	0	0	0	1	0	0	0	0	0	0	0	0	0	0	0	0	0	0	0	3	23	0	129	0	0	0	0	0	0	0	0	0	2	0	0	0	0	0	13	0	0	0	0	0	1	3	72	0	0	0	0	0	0	0	0	0	0	0	0	0	0	0	0	0	0	0	0	0	0	0	0	0	0	14	0	0	0	0	21	0	3	0	0	0	0
OTU_1464	OTU_1464	37	7	30	8	6	0	14	84	32	7	3	1	3	30	8	7	13	3	48	1	19	11	4	5	3	13	2	6	2	5	17	5	7	69	23	30	3	4	4	5	0	9	14	2	20	1	13	25	3	15	7	2	0	7	0	19	12	6	8	5	2	4	6	32	14	9	2	37	1	8	15	20	0	22	10	3	2	17	2	7	5	6	4	6	16	2	4	0	1	0	11	4	0	1	6	1	0	0	7	0	0	2	0	22	0	0	0	2	6	0	30	0	2	9	0	0	9	6	0	0	1	9	4	10	35	1	14	2	4	0	2	0	0	0	0	2	5	0	18	46	2	6	0	0	0	0	0	1	1	0	31	9	4	1	8	4	2	10	0	0	0	0	1	16	1	0	0	25	5	7	0	41
OTU_1465	OTU_1465	0	0	0	0	0	0	0	0	0	0	0	0	0	0	0	0	0	0	0	0	0	0	0	0	0	0	0	0	0	0	0	0	0	0	0	0	0	0	0	0	0	0	0	0	0	0	0	0	0	0	0	0	0	0	0	0	0	0	0	0	0	0	0	0	0	0	0	0	0	0	0	0	0	0	0	0	0	0	0	0	0	0	0	0	0	0	0	0	0	0	0	0	0	0	0	0	0	0	0	0	0	0	0	0	0	0	0	0	0	0	0	0	0	0	0	0	0	0	0	0	0	0	0	0	0	0	0	0	0	0	0	0	0	0	0	0	0	0	0	0	0	0	0	0	0	0	0	0	0	0	0	0	0	0	0	0	4	0	0	0	0	0	0	0	0	0	0	0	0	0	0	0
OTU_1467	OTU_1467	0	3	1	3	0	3	4	5	5	2	2	3	0	1	2	25	6	8	9	2	11	0	1	4	5	3	3	3	3	6	6	1	7	0	8	2	6	10	9	0	1	3	1	2	3	7	1	1	0	1	0	2	1	33	1	12	4	0	1	3	2	2	2	49	9	1	4	4	0	8	10	4	0	8	4	0	0	21	1	1	3	2	0	2	9	3	10	2	1	0	3	0	0	3	1	0	0	0	6	2	0	5	3	1	0	1	1	3	4	0	2	3	0	0	0	3	2	4	0	1	2	1	0	2	8	0	18	1	4	1	1	0	0	2	0	7	0	0	4	1	6	0	0	2	0	0	0	1	14	1	2	0	34	6	2	2	10	22	2	0	1	0	0	1	2	9	0	8	1	0	1	54
OTU_1468	OTU_1468	0	0	0	2	0	0	0	0	3	0	0	1	2	1	0	0	0	0	1	1	1	2	0	1	1	1	0	0	2	1	1	0	1	1	1	2	0	6	0	0	14	0	0	1	0	0	3	0	0	0	1	0	0	0	0	0	1	0	1	0	1	0	0	0	0	1	2	1	0	2	1	0	2	0	1	1	1	0	0	0	0	0	1	0	1	1	3	0	0	0	0	0	0	0	7	0	0	0	0	0	0	0	0	1	2	0	0	0	1	0	2	0	0	0	0	0	0	0	0	0	0	1	0	0	0	0	3	0	0	0	0	0	0	0	0	0	0	0	0	0	0	3	1	0	0	0	0	0	0	0	1	1	0	1	0	0	0	1	0	0	0	0	0	0	0	1	0	0	0	0	0	57
OTU_1469	OTU_1469	0	0	0	0	0	0	0	0	0	0	0	0	0	0	0	0	0	0	0	0	0	0	0	0	0	0	0	0	0	0	0	0	0	0	0	0	0	0	0	0	0	0	0	0	0	0	0	0	0	0	0	0	0	0	0	0	0	0	0	0	0	0	0	0	0	0	0	0	0	0	0	0	0	0	0	0	0	0	0	0	0	0	0	0	0	0	0	0	0	0	0	0	0	0	0	0	0	0	0	0	0	0	0	0	0	0	0	112	0	0	0	0	0	0	0	0	0	0	0	0	1	0	0	0	0	0	0	0	2	0	0	0	0	0	0	0	0	0	0	0	0	0	0	0	0	0	0	0	0	0	0	0	0	0	0	0	0	0	3	0	7	0	0	0	0	0	0	0	0	0	0	0
OTU_1471	OTU_1471	27	859	191	832	45	7	1238	11108	741	820	821	708	128	712	888	210	495	1467	1119	1626	3160	4556	1542	923	243	329	2818	1495	526	1403	1222	13	459	497	2525	1803	123	2183	479	75	13	1404	521	1305	1039	537	762	1757	5065	813	44	298	2445	561	17	61	378	1315	253	338	269	45	469	245	68	590	873	909	60	1695	1908	17	73	1602	748	64	2066	3181	178	2032	2323	1947	45	1541	1989	436	473	462	430	14	453	2770	43	213	2716	333	1652	360	2371	555	988	1512	567	288	267	908	610	2511	899	446	5925	2167	901	67	39	611	463	2848	100	1514	2315	891	797	259	1269	205	226	54	1196	284	844	274	331	106	564	266	1650	165	812	1824	1562	49	3	309	1456	428	268	1933	238	174	314	257	177	1081	1003	438	3610	449	1313	395	582	179	292	509	120	442	56	1188	512	334	955	101
OTU_1472	OTU_1472	0	0	0	0	0	0	0	0	1	0	15	37	0	24	49	0	0	2	0	0	2	0	0	0	0	1	0	328	0	0	6	0	1	0	12	0	0	0	5	0	0	0	0	0	0	0	62	0	0	0	0	0	0	0	0	0	0	0	0	4	1	0	0	0	0	0	0	0	0	0	54	0	0	0	0	0	0	0	0	0	0	0	0	0	8	0	3	0	0	0	0	0	0	0	0	0	0	0	2	19	8	0	0	0	0	0	17	25	0	1	0	0	0	0	0	5	0	0	0	0	1	0	0	0	0	0	4	0	6	1	26	0	6	1	3	0	0	0	0	0	0	0	0	0	0	0	0	1	0	0	1	0	1	0	0	0	0	0	12	0	0	34	1	0	0	1	1	2	0	0	0	0
OTU_1473	OTU_1473	2	2	8	8	20	0	4	3	6	0	0	0	0	6	16	0	12	0	1	0	2	0	0	2	0	3	0	10	1	2	2	4	3	0	24	1	0	5	0	0	0	5	1	1	6	1	4	0	0	6	1	1	0	0	0	2	1	1	1	2	0	6	0	0	1	6	2	19	0	0	28	0	0	0	2	6	0	5	0	2	0	3	0	1	9	0	5	0	0	1	7	0	0	0	32	0	1	0	6	0	0	5	0	9	0	1	1	1	3	0	3	0	2	40	16	0	4	5	2	0	1	12	4	3	10	0	3	1	0	2	1	0	1	1	0	0	0	0	14	1	2	9	0	0	16	0	0	0	0	0	143	1	0	1	5	5	1	7	0	0	0	0	1	33	0	0	3	30	14	11	0	17
OTU_1474	OTU_1474	0	0	0	0	0	0	0	0	0	0	0	0	0	0	0	0	0	0	0	0	0	0	0	0	0	0	0	0	0	0	0	0	0	0	1	0	0	0	0	1	0	0	0	0	0	0	0	0	0	0	0	0	0	0	0	0	0	0	0	0	0	0	0	1	0	0	0	0	0	0	0	0	0	0	0	0	0	0	0	0	0	0	0	0	0	0	0	0	0	0	0	0	0	0	0	0	0	0	0	0	0	0	0	0	0	1	0	0	0	0	0	0	0	0	0	0	0	0	0	0	0	0	0	0	0	0	0	0	4	1	0	0	0	0	0	0	0	0	0	0	0	0	0	0	0	0	0	0	0	0	0	0	0	0	0	0	0	0	0	0	0	0	0	0	0	0	0	0	0	0	0	0
OTU_1475	OTU_1475	41	918	158	143	19	848	90	451	931	463	9	322	75	340	19	188	44	55	45	13	1797	515	471	259	86	80	52	35	357	4291	8	776	730	161	175	599	124	430	1093	56	14	70	142	671	299	62	92	172	157	361	32	197	114	43	31	153	463	210	127	352	614	15	549	26	70	14	654	115	11	248	441	40	60	152	61	153	88	40	6	45	967	510	21	194	108	1019	64	93	2155	147	23	379	6	666	173	637	1572	595	442	88	993	136	79	570	145	298	425	198	42	60	274	306	3526	592	107	30	1922	179	96	113	264	416	616	63	550	620	165	5199	116	1495	327	15	98	199	1788	100	1054	59	81	1134	157	1763	35	75	23	519	1381	334	29	614	3453	436	17	270	242	121	1227	58	103	60	230	626	512	469	30	40	3121	111	638	196	373	29
OTU_1476	OTU_1476	0	0	0	0	0	0	1	0	0	0	0	0	0	0	0	0	0	2	0	0	0	25	0	0	0	0	0	0	0	1	2	0	0	0	0	0	0	0	0	0	0	0	0	0	0	0	0	1	0	0	0	0	0	88	0	0	0	0	0	0	0	0	0	0	0	0	0	9	1	0	0	0	0	245	0	0	0	0	0	1	0	0	0	0	1	6	0	0	0	0	0	0	0	0	0	0	0	0	0	0	0	0	0	0	0	0	0	0	0	0	0	0	0	0	0	0	0	0	0	0	0	0	0	0	0	0	0	0	0	0	0	0	0	0	0	0	0	0	0	0	0	0	0	0	0	0	0	0	1	0	0	0	0	0	0	0	0	0	0	0	0	0	0	0	0	0	0	0	0	0	0	0
OTU_1477	OTU_1477	4	28	1	210	11	0	23	244	19	2	9	27	1	21	54	9	103	79	80	0	100	67	44	35	160	2	51	1	2	1	75	3	31	4	17	3	2	7	7	61	2	0	79	24	4	3	93	34	0	51	0	7	30	10	0	3	37	3	18	13	1	1	81	147	3	3	5	25	51	135	109	1	0	4	0	3	1	3	3	191	27	47	2	84	14	1	15	1	0	0	48	1	2	23	39	7	0	6	6	0	6	7	10	8	6	3	3	12	119	4	6	0	67	1	3	1	3	12	3	23	11	125	3	46	460	0	526	0	26	10	13	0	5	5	20	68	7	0	3	11	20	39	1	4	10	3	1	17	44	1	13	0	50	8	0	11	11	63	2	1	6	5	2	8	2	3	0	22	3	48	7	167
OTU_1478	OTU_1478	4	3	0	0	0	0	0	0	1	0	0	0	0	0	0	1	20	9	0	0	0	0	0	0	3	0	1	0	0	0	0	0	10	2	15	3	0	16	0	0	0	0	0	0	4	0	1	1	0	0	0	1	1	0	0	0	0	0	2	1	1	0	0	0	0	0	0	0	0	386	0	0	0	9	0	0	0	2	0	0	0	0	1	0	91	0	68	13	0	0	0	0	0	0	0	0	1	0	34	0	0	5	0	0	0	0	0	140	0	1	2	0	0	2	0	0	5	0	2	0	0	20	3	9	2	0	1	1	5	0	0	1	2	1	0	0	0	0	0	1	2	0	0	7	3	0	0	0	0	0	0	0	9	0	0	19	10	0	0	0	18	2	0	0	0	2	0	51	0	0	0	0
OTU_1479	OTU_1479	1	0	0	0	0	0	0	0	0	0	0	0	0	1	4	0	0	0	0	0	1	0	0	0	0	0	0	1	0	0	0	0	0	0	0	0	0	0	0	0	0	0	0	0	0	0	0	0	0	0	0	0	0	0	0	0	0	0	0	0	1	0	0	0	0	0	0	0	0	0	0	0	0	0	0	0	0	0	0	0	0	0	0	0	0	0	1	0	0	0	0	0	0	0	0	0	0	0	0	0	0	0	0	0	0	0	0	0	0	0	0	0	0	0	0	0	1	0	0	0	0	0	5	0	0	0	0	0	0	0	0	0	0	0	0	0	0	0	0	0	0	0	0	0	0	1	0	0	0	0	0	0	0	0	0	0	0	0	0	0	0	0	0	0	0	0	0	0	1	1	0	0
OTU_1480	OTU_1480	0	0	0	0	0	0	0	12	19	0	0	1	0	2	0	0	0	119	0	0	0	0	0	0	0	0	0	0	0	0	0	1	0	0	0	0	0	0	0	1	0	0	1	0	0	7	0	319	0	0	0	0	0	0	0	0	0	0	0	1	0	0	0	0	0	0	0	0	0	0	0	0	1	0	0	0	1	0	0	0	0	0	0	0	0	0	0	0	0	0	0	0	0	0	0	0	0	0	0	0	0	95	0	0	0	0	0	0	0	0	0	0	0	0	0	0	0	0	0	0	0	0	0	0	0	0	0	0	0	0	0	0	0	0	0	0	0	0	0	0	648	0	0	0	0	0	74	0	0	0	0	0	0	0	0	0	0	0	0	0	0	0	0	0	0	0	0	0	0	0	10	0
OTU_1481	OTU_1481	3	0	0	1	0	10	0	2	5	0	0	0	50	1	0	0	0	0	0	0	0	1	0	4	0	2	0	0	0	0	0	1	2	0	0	10	1	0	1	0	20	2	1	1	1	0	0	0	2	1	2	0	0	1	0	0	2	0	0	0	0	0	0	19	0	53	1	1	0	1	0	3	1	1	1	0	0	0	0	0	0	0	3	0	0	0	0	0	0	0	0	3	0	0	5	0	0	0	0	0	0	0	0	0	0	0	0	0	0	0	0	0	0	0	0	0	0	1	0	0	0	0	0	0	1	1	0	0	18	0	0	0	1	1	0	0	0	0	0	0	0	0	0	0	5	0	0	0	1	0	0	0	0	0	0	0	0	0	1	0	0	0	0	0	0	0	0	0	0	0	0	3
OTU_1482	OTU_1482	0	2	0	0	1	0	2	2	1	2	0	17	0	38	0	1	0	2	1	0	5	3	5	1	1	3	28	0	1	3	0	0	0	0	3	6	1	0	3	3	0	3	8	1	10	2	6	2	0	0	0	2	1	0	0	1	1	0	0	3	5	4	0	1	5	0	6	7	1	2	14	0	0	0	3	0	0	0	0	0	1	2	6	0	4	14	0	0	6	1	0	2	0	5	1	16	5	14	3	4	21	0	2	10	3	3	4	1	0	1	1	2	7	7	1	0	11	2	1	1	1	0	2	0	6	3	2	10	0	5	0	0	0	0	14	3	15	1	0	2	8	2	9	1	0	1	19	1	0	15	1	58	1	0	1	3	3	0	0	0	1	19	6	3	2	1	4	3	2	1	2	1
OTU_1483	OTU_1483	13	0	0	1	1	1	1	0	1	0	0	1	3	2	0	1	0	0	0	3	0	0	0	0	0	0	0	11	0	1	0	88	0	0	1	3	0	0	0	88	0	0	0	0	0	0	0	4	0	4	0	0	0	1	0	1	1	1	0	1	0	0	0	0	1	0	0	0	0	0	0	0	0	2	1	1	9	1	0	3	10	1	0	0	0	0	0	0	1	0	3	0	15	1	1	1	1	0	0	0	0	2	1	0	0	0	0	1	0	1	0	0	3	3	0	0	0	2	0	0	0	0	0	0	0	11	1	14	11	4	0	0	1	0	0	0	1	0	0	1	0	0	0	0	0	0	0	0	1	0	1	0	1	0	1	1	3	0	1	0	0	0	0	1	0	0	20	2	0	1	0	0
OTU_1484	OTU_1484	2	0	1	0	0	3	1	2	6	2	0	0	304	0	0	0	0	0	2	0	22	0	0	2	0	0	0	0	0	0	1	0	0	0	80	10	0	0	0	2	0	0	1	0	0	119	0	2	0	2	0	0	0	0	0	3	0	1	0	0	0	0	50	0	2	0	489	3	0	0	0	0	0	0	0	1	3816	1	0	1	0	0	0	3	0	0	0	0	3	0	1	0	0	0	4	0	0	0	1	0	0	0	0	0	0	0	0	846	0	0	0	0	0	12	0	0	86	0	0	0	5	0	4	4	6	0	2	0	0	0	0	1	0	0	0	0	0	0	1	1	0	3	0	0	0	0	0	1	0	0	4	0	0	1	3	0	3	0	0	0	114	0	0	0	7	0	0	0	3	0	0	0
OTU_1485	OTU_1485	0	1	0	0	0	0	0	0	1	0	0	0	0	0	0	0	0	0	0	0	0	0	0	0	0	0	0	1	0	0	0	0	0	0	1	0	0	0	0	0	0	0	0	0	0	0	0	0	0	0	0	0	0	0	0	0	0	0	0	0	0	0	0	0	0	0	0	0	0	0	0	0	0	0	0	0	0	0	0	0	0	0	0	0	0	0	0	0	0	0	0	0	0	0	0	0	0	0	0	0	0	0	0	0	0	0	0	0	0	0	0	0	0	1	0	0	1	0	0	0	0	0	0	0	3	0	1	0	0	0	0	0	0	0	0	0	0	0	0	0	0	0	0	0	0	0	0	0	0	0	1	3	0	0	0	0	0	0	0	0	0	0	0	0	0	0	0	0	1	0	0	1
OTU_1486	OTU_1486	0	0	0	0	0	0	0	0	1	0	0	0	0	0	0	0	0	0	7	0	0	0	0	1	0	0	0	0	0	0	0	0	1	1	0	0	0	0	0	0	0	1	0	0	2	0	0	0	0	1	0	0	0	0	0	0	0	1	0	0	1	0	0	0	0	0	0	0	0	0	0	0	0	0	0	0	0	0	0	0	0	0	0	0	0	0	0	0	0	0	1	0	0	0	0	0	0	0	0	0	0	0	0	0	0	0	0	0	0	0	0	0	0	0	0	0	0	0	0	0	0	0	0	1	0	0	0	0	0	0	0	0	0	0	0	0	0	0	3	1	0	0	0	0	0	0	0	0	0	0	1	0	0	0	0	0	0	0	0	0	0	0	0	0	0	0	0	1	0	0	0	1
OTU_1487	OTU_1487	82	2	19	1	0	0	8	0	0	0	0	14	0	5	0	2	8	0	2	0	0	0	0	0	25	2	0	1	1	0	0	0	1	6	1	0	0	22	0	0	2	0	0	0	0	0	0	1	0	0	0	0	1	0	14	0	0	0	0	0	0	9	0	0	1	14	0	0	0	0	1	9	0	0	1	3	2	1	0	0	0	0	0	0	0	2	0	0	3	0	0	1	0	0	11	0	4	1	0	0	1	0	0	0	0	1	0	0	0	0	0	0	0	0	0	0	0	0	0	0	0	5	0	2	4	0	0	0	0	0	0	0	2	0	0	0	0	0	0	2	0	8	1	0	0	0	0	0	0	0	2	0	0	0	4	1	0	0	0	0	0	0	0	4	0	0	0	0	0	0	0	5
OTU_1488	OTU_1488	0	1	1	0	0	0	0	0	0	0	0	0	0	0	0	0	0	0	0	0	0	0	0	0	0	0	0	0	0	0	0	0	64	0	0	0	0	0	0	1	0	0	0	0	0	0	6	0	0	0	0	3	0	0	0	0	0	0	0	0	0	0	0	0	0	0	3	0	0	0	0	0	0	0	0	0	0	0	0	5	1	0	0	0	0	0	0	0	0	0	0	0	0	0	0	0	0	0	0	0	0	0	0	0	0	0	0	6	0	0	0	0	0	0	0	0	0	0	0	0	0	0	0	0	0	0	0	0	3	1	1	0	0	1	0	0	0	0	0	0	0	0	0	0	0	0	0	0	0	0	0	0	0	6	0	0	0	0	2	1	0	0	0	0	0	0	0	0	0	0	0	0
OTU_1489	OTU_1489	0	2	5	2	6	0	3	7	7	30	2	10	11	20	0	4	1	9	6	7	2	1	0	0	1	42	2	0	4	11	10	1	1	6	6	9	2	0	4	2	0	0	0	2	7	1	4	12	124	23	9	1	0	12	1	3	0	58	3	25	14	3	8	0	1	1	3	2	2	0	2	76	19	0	7	0	2	0	4	5	1	0	0	4	9	5	0	0	0	0	7	22	0	0	2	0	0	0	9	0	0	1	0	2	3	0	0	2	3	0	118	11	0	2	6	1	5	6	0	2	0	3	7	2	125	0	7	0	1	0	1	0	0	3	0	0	3	0	6	3	4	3	0	3	0	0	2	2	3	0	3	0	40	14	1	26	17	18	1	0	6	2	0	10	10	0	0	5	1	4	27	27
OTU_1490	OTU_1490	0	0	0	0	0	0	0	0	0	0	0	0	0	3	0	0	0	0	0	0	0	0	0	0	0	0	0	2	0	0	0	0	0	0	0	0	0	0	0	0	0	0	0	0	0	0	0	0	0	0	0	0	0	0	0	0	0	0	0	0	0	0	0	0	0	0	0	0	0	0	0	0	0	0	0	0	0	0	0	0	0	0	0	0	0	0	0	0	0	0	0	0	0	0	0	0	0	0	0	0	0	0	0	0	0	0	0	0	0	0	0	0	0	0	0	0	0	0	0	0	0	0	0	0	0	0	0	0	0	0	0	0	0	0	0	0	0	0	0	0	0	0	0	0	0	0	0	0	0	0	0	0	0	0	0	0	0	0	0	0	0	0	0	0	0	0	0	0	0	0	0	2
OTU_1491	OTU_1491	0	0	0	0	0	0	0	0	0	0	0	0	0	0	0	0	0	0	0	0	0	0	0	0	0	0	0	0	2	0	0	0	0	0	0	0	0	0	0	0	0	0	0	0	0	0	0	0	0	0	0	0	0	0	0	0	0	0	0	0	0	0	0	0	0	0	0	0	0	0	0	0	0	0	0	0	0	0	0	0	0	0	0	0	0	0	0	0	0	0	0	0	0	0	1	0	0	0	0	0	0	0	0	0	0	1	0	0	0	0	0	0	0	0	0	0	0	0	0	0	0	0	0	0	0	0	0	0	0	0	0	0	0	0	0	0	0	0	0	0	0	0	0	0	0	0	0	0	0	0	0	26	0	0	1	0	0	0	0	0	0	0	0	0	0	0	0	0	0	0	0	0
OTU_1492	OTU_1492	4	0	1	0	0	0	0	1	1	0	0	0	0	0	0	0	0	0	0	0	0	0	0	0	0	7	0	0	0	0	0	0	0	0	0	0	3	0	0	0	32	0	0	0	0	0	0	28	0	0	0	0	0	0	11	41	0	0	0	1	0	0	0	0	3	0	0	0	0	0	0	44	0	0	0	0	0	0	2	0	0	0	3	0	0	5	0	0	0	0	0	1	0	0	1	0	0	0	0	0	0	0	0	1	0	0	0	0	0	0	0	0	0	0	0	0	0	0	0	0	0	0	0	0	0	1	0	1	0	0	0	0	0	0	0	0	0	0	0	0	0	9	10	0	0	0	0	0	0	0	1	0	0	0	0	0	0	0	0	0	0	0	1	0	0	0	0	0	0	0	0	1
OTU_1493	OTU_1493	0	0	0	0	0	0	0	0	0	0	0	0	0	0	0	0	0	0	0	0	0	0	0	0	0	0	0	0	0	0	0	0	0	0	0	0	0	0	0	0	0	0	0	0	0	0	0	0	0	0	0	0	0	0	0	0	0	0	0	0	0	0	0	0	0	0	0	0	0	0	0	0	0	0	0	0	0	0	0	0	0	0	0	0	0	0	0	0	0	0	0	0	0	0	0	0	0	0	0	0	0	0	0	0	0	0	0	0	0	0	0	0	0	0	0	0	0	0	0	0	0	0	0	0	0	0	0	0	0	0	0	0	0	0	0	0	0	0	0	0	0	0	0	0	2	0	0	0	0	0	0	0	0	0	0	0	0	0	0	0	0	0	0	0	0	0	0	0	0	0	0	0
OTU_1494	OTU_1494	0	5	0	0	0	0	1	0	0	0	0	0	0	0	0	0	0	0	0	0	0	0	0	0	0	0	0	0	0	0	0	0	3	2	0	1	0	0	0	4	0	0	0	0	0	0	0	0	0	7	0	1	0	2	2	0	0	1	0	0	0	0	0	0	0	0	0	1	0	0	0	0	0	0	0	0	0	0	1	0	0	0	43	0	14	0	0	0	0	0	1	0	0	0	0	0	0	0	16	0	0	0	0	0	0	0	0	0	1	0	2	0	0	0	0	0	0	0	3	0	0	0	0	0	0	0	0	1	0	0	0	0	0	1	0	0	0	0	0	0	4	0	0	0	229	0	0	0	0	1	0	0	7	0	0	0	2	0	0	0	0	0	0	0	0	264	0	14	0	0	0	1
OTU_1495	OTU_1495	0	0	0	0	0	0	0	0	0	0	0	0	0	0	0	0	0	0	0	0	0	0	0	0	0	0	0	0	0	0	0	0	0	0	0	0	0	0	0	0	0	0	0	0	0	0	0	0	0	0	0	0	0	0	0	0	0	0	0	0	0	0	0	0	0	0	0	0	0	0	0	0	0	0	0	0	0	0	0	0	0	0	0	0	0	0	0	0	0	0	0	0	0	0	0	0	0	0	0	0	0	0	0	0	0	1	0	0	0	0	0	0	0	0	0	0	0	0	0	0	0	0	0	0	0	0	0	0	0	0	0	0	0	0	0	0	0	0	0	0	0	0	0	0	0	0	0	0	0	0	0	0	1	0	0	0	0	0	0	0	0	0	0	0	0	0	0	0	0	0	0	0
OTU_1496	OTU_1496	0	0	0	0	0	0	0	0	0	0	0	0	0	0	0	0	0	0	0	0	0	0	0	0	0	0	0	0	0	0	0	0	0	0	0	0	0	0	0	0	0	0	0	0	0	0	1	0	0	0	0	0	0	0	0	0	0	0	0	0	0	0	0	0	0	0	0	0	0	0	1	0	0	0	0	0	0	0	0	0	0	0	0	1	0	0	0	0	0	0	0	0	0	0	0	0	0	0	0	0	0	0	0	0	0	0	0	0	1	0	0	0	0	0	0	0	0	0	0	0	0	0	0	0	0	0	0	0	0	0	0	0	0	0	0	0	0	0	0	0	0	0	0	0	0	0	0	0	0	0	0	0	0	0	0	0	0	0	0	0	0	0	0	0	0	0	0	0	0	0	0	0
OTU_1497	OTU_1497	0	0	0	0	1	0	2	0	2	0	2	2	1	1	0	0	0	3	0	14	2	0	1	0	0	2	0	0	0	1	0	0	0	1	0	0	0	0	2	0	0	6	0	0	1	2	3	0	3	0	0	0	0	0	0	1	2	0	1	2	0	0	0	1	1	0	0	2	29	1	0	0	0	4	4	0	0	0	0	0	0	3	0	0	3	1	0	0	0	0	2	0	0	0	0	1	2	0	5	0	4	1	0	2	0	0	0	0	1	0	1	4	0	0	3	0	0	4	0	0	0	6	0	0	3	0	1	0	1	3	1	1	3	1	1	0	1	0	8	1	0	1	0	0	0	0	0	0	0	0	10	0	8	0	5	0	3	1	0	0	0	0	0	2	0	0	0	1	0	16	0	0
OTU_1498	OTU_1498	42	0	0	9	2	0	0	2	1	0	0	1	6	2	71	1	29	0	1	2	4	0	0	0	0	1	0	22	1	4	0	5	1	7	0	0	18	0	0	7	65	0	2	0	1	2	26	0	0	0	10	2	0	2	0	1	2	4	3	1	3	10	0	1	8	5	0	0	1	2	0	7	6	1	0	18	8	5	8	14	0	0	5	16	3	3	8	0	1	13	8	2	0	2	1	0	2	0	1	0	3	11	0	0	6	1	0	7	6	0	0	0	0	0	174	0	1	3	1	8	0	4	75	12	53	1	0	4	10	1	0	1	12	0	0	2	0	0	1	3	1	1	6	0	1	24	1	2	4	0	0	5	4	1	0	3	1	9	0	0	0	1	1	5	0	4	0	3	17	31	2	1
OTU_1499	OTU_1499	6	2	21	5	4	8	3	7	5	1	3	2	7	0	7	3	4	5	2	4	9	4	3	2	18	13	2	3	7	13	4	5	5	20	2	0	24	1	3	2	2	7	5	3	4	3	7	7	8	1	8	0	0	0	38	1	10	5	1	10	3	4	5	20	6	3	9	0	0	4	2	24	34	28	12	5	5	6	9	29	22	2	1	3	1	13	2	0	0	0	4	1	0	5	2	0	0	0	3	0	1	0	0	1	0	0	0	1	1	0	1	0	0	0	0	0	1	0	0	0	0	7	2	4	9	5	4	3	0	0	0	0	1	2	1	1	0	0	3	1	3	2	15	0	1	0	0	3	0	0	0	1	4	0	0	0	2	1	0	0	0	1	0	0	0	4	2	0	0	1	1	15
OTU_1500	OTU_1500	0	0	0	2	0	11	1	1	9	4	0	1	3	2	0	1	0	1	0	0	2	1	0	0	0	0	4	1	2	14	2	2	1	0	2	0	0	0	22	1	0	1	8	9	1	0	0	0	0	9	0	17	1	0	0	0	0	3	1	0	10	0	0	0	4	0	9	7	0	1	5	0	0	2	0	0	0	2	0	1	0	14	52	0	0	0	0	2	2	0	0	1	0	1	4	2	0	0	9	0	4	1	0	62	0	1	0	0	0	2	4	0	36	17	1	0	6	0	0	14	1	1	0	3	4	0	0	0	0	0	0	0	0	0	40	0	2	0	3	0	0	3	0	0	0	0	1	1	0	1	1	179	0	0	2	1	1	0	0	0	0	0	3	1	0	0	0	7	4	1	1	0
OTU_1502	OTU_1502	0	0	0	8	2	0	1	0	0	0	1	0	0	0	3	0	0	0	0	0	1	0	0	3	0	0	0	8	0	0	0	1	0	0	2	0	0	0	0	1	0	0	0	0	0	3	0	0	0	0	0	0	0	0	0	0	0	1	0	0	2	2	0	0	0	0	1	0	0	0	6	0	0	0	0	18	0	0	0	0	0	1	0	0	0	0	2	0	1	4	0	0	0	0	3	0	3	0	0	0	0	1	0	0	0	0	0	0	0	0	0	0	0	1	3	0	0	3	0	0	0	7	0	0	0	0	0	0	0	0	0	0	0	0	0	0	0	0	0	1	0	0	0	0	4	0	0	0	0	0	0	0	0	0	0	0	0	1	0	0	0	0	0	17	0	0	0	0	0	0	0	0
OTU_1503	OTU_1503	0	24	1	4	0	1	1	8	2	6	0	6	2	5	1	5	2	0	1	1	37	9	4	5	0	1	0	0	3	206	0	14	12	10	3	13	1	7	15	3	0	0	1	17	2	4	1	2	4	3	0	2	3	3	2	2	20	2	5	6	5	0	2	3	1	1	13	0	1	7	5	1	2	4	1	4	0	0	0	0	13	17	1	1	4	31	0	1	50	1	0	19	0	27	0	8	40	8	11	4	20	2	3	3	5	8	13	5	0	1	5	8	14	8	6	0	29	4	0	8	17	7	9	2	7	33	6	63	0	82	11	2	5	9	94	1	17	0	0	32	9	32	0	3	0	9	60	11	0	9	48	6	0	10	5	3	52	1	2	1	11	13	1	10	0	4	37	1	12	3	12	0
OTU_1504	OTU_1504	6	2	4	6	1	1	2	37	6	6	3	2	6	3	3	6	24	4	0	1	5	4	3	1	11	10	3	2	2	5	7	7	6	12	1	3	15	0	7	3	4	7	5	0	3	1	9	4	4	3	9	3	3	2	27	0	6	3	0	6	1	3	3	11	8	8	7	5	0	0	1	32	18	14	11	8	7	8	7	9	13	1	4	0	4	16	3	0	0	0	4	9	2	4	2	1	0	4	3	0	0	1	0	2	0	0	0	0	2	0	2	0	1	0	0	0	0	0	0	2	0	7	6	16	10	3	4	1	3	1	0	0	0	1	1	1	0	0	8	1	3	3	13	0	2	0	0	0	2	1	7	1	2	0	0	1	3	5	0	0	0	0	0	2	0	5	0	1	1	2	0	11
OTU_1505	OTU_1505	0	0	1	0	0	0	0	0	70	0	1	197	0	137	0	0	2415	381	0	2	0	0	0	0	0	0	3	0	1	2	11	0	0	0	5	0	8	0	0	0	0	0	0	0	0	0	0	0	0	4	1	0	0	0	0	0	0	0	0	0	0	0	0	28	11	0	0	2	0	0	0	13	10	7	0	0	0	0	0	0	0	0	0	0	2	16	0	1	0	3	0	0	3	0	0	1	0	0	7	0	0	57	0	1	0	0	88	0	0	1	2	0	2	1	0	52	1	0	0	25	0	0	0	657	0	0	0	0	0	0	53	0	24	0	5	0	0	0	3	3	32	3	1	3	4	3	0	0	0	0	1	2	340	0	312	0	17	0	0	0	0	1	0	1	0	68	0	3	6	0	124	0
OTU_1506	OTU_1506	2	2	2	8	0	0	2	6	3	6	6	2	0	1	6	2	2	1	2	6	39	1	39	17	11	33	15	6	1	4	3	0	5	1	11	14	1	26	6	15	0	30	5	12	10	1	4	6	0	7	0	1	34	11	0	0	7	2	11	21	7	1	6	5	1	1	13	3	18	9	46	1	0	9	2	1	0	2	0	4	44	1	1	28	0	18	1	13	1	1	7	57	25	0	2	11	2	3	20	12	4	19	8	18	4	8	9	45	37	7	3	18	10	5	0	7	14	9	9	7	17	2	5	2	3	2	1	2	15	0	30	3	15	8	9	11	0	0	8	29	8	5	0	12	4	4	0	13	0	7	0	0	5	18	18	5	52	3	20	7	16	4	6	27	5	13	0	2	3	0	3	2
OTU_1507	OTU_1507	3	0	1	0	2	0	2	1	0	0	0	0	0	0	1	0	0	1	0	0	0	0	0	0	1	0	0	0	0	0	0	0	1	0	0	0	0	0	1	0	9	0	0	0	0	0	1	0	0	0	1	0	0	0	2	0	0	0	0	0	2	0	0	3	0	2	0	0	2	2	0	6	3	2	0	0	0	0	0	3	2	0	0	1	0	1	0	0	0	0	0	0	0	0	0	0	0	0	0	0	0	0	0	0	0	0	0	0	0	0	0	0	1	0	0	0	0	0	0	0	0	0	0	0	0	0	1	0	1	0	0	0	1	0	0	0	0	0	0	0	0	0	0	0	0	0	0	0	0	0	0	0	0	0	0	0	1	0	0	0	0	0	0	0	0	2	0	0	0	0	0	2
OTU_1509	OTU_1509	0	1	1	2	1	0	1	12	8	0	1	0	13	6	1	6	0	0	2	0	1	58	2	0	0	0	0	1	0	0	0	0	3	0	4	18	0	1	1	2	0	0	2	1	17	2	2	0	0	2	0	0	0	0	1	2	1	1	0	0	4	4	0	0	18	1	0	4	0	0	0	1	4	0	1	1	1	0	3	0	0	0	1	1	0	0	0	0	0	0	1	0	0	0	2	0	0	0	0	0	0	0	0	7	0	0	0	0	2	0	3	0	0	4	0	0	1	0	0	0	0	0	1	2	21	0	1	0	0	0	0	0	0	0	0	0	0	0	2	1	0	2	0	0	0	0	0	0	0	0	3	0	0	0	1	0	0	0	0	0	0	0	0	0	0	0	1	3	1	1	0	1
OTU_1510	OTU_1510	2	2	0	4	2	0	0	1	0	0	0	0	2	2	17	0	3	0	0	0	0	0	0	0	0	0	1	4	1	1	0	0	42	0	0	0	0	0	0	2	1	5	0	0	0	0	0	0	0	0	0	1	0	1	0	0	0	1	0	0	0	1	0	0	0	0	0	0	0	0	1	0	2	0	0	7	0	0	0	2	0	0	0	0	1	0	1	0	0	3	0	18	0	2	1	0	0	0	1	0	1	11	0	0	3	1	0	0	0	0	0	0	0	1	222	16	1	4	0	0	0	1	1	2	0	0	0	1	0	0	4	0	48	0	0	1	1	0	1	0	0	0	0	0	0	0	1	0	0	1	2	0	0	0	0	1	0	2	0	0	0	0	1	21	0	0	0	1	1	2	0	1
OTU_1511	OTU_1511	3	2	5	3	7	1	1	2	9	1	1	1	0	5	3	1	0	5	1	18	1	0	5	2	1	2	1	3	10	6	0	1	0	4	4	5	0	5	2	0	0	15	1	0	1	0	4	1	0	3	0	0	1	1	1	1	0	4	1	0	0	3	0	1	10	3	2	7	11	0	0	1	0	17	3	0	1	1	1	19	0	1	1	0	11	3	0	0	0	0	4	0	0	0	2	0	0	0	13	0	9	2	0	7	0	1	0	0	3	5	1	0	0	1	8	0	3	19	0	0	1	0	3	2	17	1	3	0	0	0	2	1	1	0	0	0	2	0	27	5	0	2	1	0	0	0	0	0	0	0	7	0	8	0	1	2	1	4	0	0	1	0	0	2	0	0	1	21	0	11	0	16
OTU_1513	OTU_1513	1	1	1	0	1	1	0	4	2	1	0	1	0	7	0	1	1	4	2	0	1	5	0	0	0	0	0	0	3	3	1	16	5	1	4	1	16	0	34	0	0	9	2	1	5	0	2	0	0	1	1	0	0	0	0	4	1	0	1	3	3	0	0	0	1	0	0	13	0	1	2	0	5	0	0	0	0	2	0	1	1	12	0	2	0	6	0	1	1	2	0	0	1	2	2	4	0	0	8	0	3	0	0	7	0	0	1	5	0	1	2	0	4	40	0	0	1	0	0	0	4	0	1	1	2	0	0	21	2	4	1	0	1	0	13	0	4	0	10	3	0	0	0	0	0	0	1	0	0	2	5	18	0	0	2	1	2	0	4	1	4	1	0	0	0	0	29	3	0	0	0	0
OTU_1514	OTU_1514	0	0	0	9	0	0	3	2	0	4	1	2	0	2	4	0	0	1	7	1	1	1	0	5	5	1	0	2	0	0	2	1	0	0	2	4	1	0	0	0	0	0	2	3	2	3	2	0	0	0	0	1	4	3	0	0	0	4	0	0	2	0	3	0	0	0	1	0	1	2	4	0	3	1	7	0	2	1	1	3	0	2	1	0	1	13	6	1	1	0	0	0	0	1	0	3	0	0	0	2	2	0	1	3	0	0	2	0	0	0	0	1	0	0	0	1	3	7	0	2	2	2	1	1	0	0	0	0	1	0	0	0	0	0	1	0	3	0	0	2	0	5	0	0	0	0	0	0	1	1	1	0	2	0	7	2	1	0	0	0	0	0	1	3	0	0	0	0	0	0	0	0
OTU_1515	OTU_1515	0	0	0	0	0	0	0	0	0	0	0	0	0	0	0	0	0	0	0	0	0	0	0	0	0	0	0	0	0	1	0	0	0	0	0	0	0	0	0	0	0	0	0	0	0	0	0	0	0	0	0	0	0	0	0	0	0	0	0	0	0	0	0	0	0	0	0	0	0	0	0	0	0	0	0	0	0	0	0	6	0	0	0	0	0	0	0	0	0	0	0	0	0	0	0	0	0	0	0	0	0	0	0	0	0	0	0	0	0	0	0	0	0	0	0	0	0	0	0	0	0	0	0	0	0	0	0	0	0	0	0	1	0	0	0	0	0	0	0	0	0	0	0	0	0	0	0	0	0	0	0	0	0	0	0	0	0	0	0	0	0	0	0	0	0	0	0	0	0	0	0	0
OTU_1517	OTU_1517	29	6	15	3	5	0	0	41	21	2	2	1	109	12	2	64	0	2	13	6	1	74	2	3	5	4	8	3	19	2	1	10	8	0	4	38	7	4	5	2	45	2	2	1	22	9	3	3	1	7	1	5	0	4	22	24	13	6	4	24	13	12	1	7	46	4	9	26	0	5	5	21	86	14	8	7	2	18	50	0	0	1	4	5	0	7	1	0	0	1	4	5	0	0	23	0	0	0	3	0	0	0	0	3	0	0	0	2	1	0	9	0	0	0	1	0	1	1	0	2	0	1	2	0	32	0	2	0	0	0	0	0	0	0	0	0	1	0	7	2	0	3	1	0	0	0	0	0	1	0	2	1	0	0	1	2	0	4	0	0	0	0	0	1	0	0	0	4	2	0	0	10
OTU_1518	OTU_1518	0	0	0	0	0	0	0	0	0	0	0	0	0	0	0	0	0	0	0	0	0	0	0	0	0	0	0	0	0	0	0	0	0	0	0	0	0	0	0	0	0	0	0	0	0	0	0	0	0	0	0	0	0	0	0	0	0	0	0	0	0	0	0	0	0	0	0	0	0	0	0	0	0	0	0	0	0	0	0	0	0	0	0	0	0	0	0	0	0	0	0	0	0	0	0	0	0	0	0	0	0	0	0	0	0	0	0	0	0	0	0	0	0	0	0	0	0	0	0	0	0	0	0	0	1	0	0	0	0	0	0	0	0	0	0	0	0	0	0	0	0	0	0	0	0	0	0	0	0	0	0	0	0	0	0	0	0	0	0	0	0	0	0	0	0	0	0	0	0	0	0	0
OTU_1519	OTU_1519	2	9	0	18	0	0	10	1	115	21	0	54	1	78	1	52	58	10	11	0	264	2	49	0	8	10	17	3	2	0	2	1	43	7	56	1346	38	4	3	99	5	236	33	0	82	92	84	3	24	202	7	2	1	4	1	5	92	7	4	169	3	2	11	231	3	0	4	44	0	0	262	1	1	4	0	1	103	92	0	31	0	1	4	2	655	9	0	15	0	2	95	312	19	0	8	298	383	4	17	3	1355	43	74	85	2	191	133	958	21	21	43	431	0	1784	1	2	17	76	2	0	5	3	2	33	137	0	2	4	50	4	2	1	2	3	19	1	123	231	176	9	8	0	0	1	43	1	0	2	0	494	3	4	2	453	1	270	1838	1	36	0	201	12	360	35	3	2	8	399	6	518	18	3
OTU_1520	OTU_1520	9	4	5	6	1	0	1	10	15	1	2	2	62	2	1	108	0	0	1	1	0	75	0	1	4	0	1	1	14	1	0	10	0	0	3	6	12	1	0	0	14	0	1	0	1	5	4	2	2	3	0	2	0	2	17	13	11	2	2	21	4	7	0	2	47	0	15	8	4	2	0	7	50	4	10	2	0	9	31	0	0	0	2	1	1	7	0	0	0	0	8	1	0	0	1	0	0	0	0	0	0	0	0	0	0	0	0	0	0	0	0	2	0	1	0	0	0	1	1	0	0	0	0	1	17	0	0	0	0	0	0	0	0	0	0	0	0	0	0	1	0	0	3	0	0	0	1	0	1	0	1	0	1	0	0	1	0	1	0	0	0	0	0	0	0	0	0	0	0	0	0	2
OTU_1521	OTU_1521	0	0	0	0	0	0	0	0	0	0	0	0	0	0	0	0	0	0	3	0	0	0	0	0	0	0	0	0	0	0	0	0	0	0	0	0	0	0	0	0	0	0	0	0	0	0	0	0	0	0	0	0	0	0	0	0	0	0	0	0	1	0	0	0	0	0	0	0	0	1	2	0	0	0	0	0	0	0	0	0	0	0	0	0	0	0	0	0	0	0	0	0	0	0	0	0	0	0	0	0	0	0	0	0	0	0	0	0	0	0	0	0	0	1	0	0	7	0	0	0	0	0	0	0	0	0	0	0	0	0	0	0	0	0	0	0	0	0	0	0	0	0	0	0	0	0	0	0	0	0	0	0	0	0	0	0	3	0	1	0	0	0	0	0	0	0	0	0	0	0	0	0
OTU_1522	OTU_1522	0	0	0	0	0	0	0	0	0	0	0	0	0	0	0	0	0	0	0	0	0	1	0	0	0	0	0	0	0	0	0	0	0	0	1	0	0	0	0	0	0	0	0	0	0	1	0	0	0	0	0	0	0	0	0	0	0	0	0	0	0	0	0	0	0	0	0	0	0	1	0	0	0	0	0	0	0	0	0	0	0	0	0	0	0	0	0	0	0	0	0	0	0	0	0	0	1	0	0	0	2	0	0	0	0	0	0	0	0	1	1	0	0	0	0	0	0	0	0	4	0	0	0	0	0	0	0	0	0	0	0	1	0	0	0	0	0	0	0	0	0	0	0	0	0	0	0	0	0	0	0	0	0	1	0	0	0	0	0	0	0	0	0	0	0	0	0	0	0	0	0	0
OTU_1523	OTU_1523	3	155	47	26	0	147	2	34	25	16	0	236	2	258	2	222	831	40	12	2	16	12	149	115	4	7	163	1	5	0	0	2	2	17	35	122	29	202	35	6	2	188	51	79	195	224	9	10	17	143	10	25	6	2	3	4	53	19	532	26	54	0	0	31	69	1	14	20	0	120	117	7	3	13	0	2	50	4	0	2	5	29	5	1	441	338	44	155	1	2	5	0	7	19	10	145	285	103	406	16	434	70	233	659	0	39	35	577	29	33	46	176	1	218	0	10	84	90	9	1	59	6	1	413	396	20	110	12	284	243	148	17	52	6	7	237	16	45	118	1541	463	10	0	71	5	467	5	161	34	141	7	44	7	199	81	61	1670	184	165	74	137	670	108	29	5	71	8	356	728	245	38	8
OTU_1524	OTU_1524	1	8	4	8	1	0	2	28	187	120	0	53	21	40	13	23	0	16	1	8	230	0	54	7	10	4	0	25	0	0	2	28	19	53	12	4	1	2	11	4	1	101	22	0	3	79	3	4	229	18	2	47	30	8	0	942	1	1	1	7	0	0	0	11	5	2	12	28	1	7	5	0	0	50	0	13	1	271	0	1	1	0	0	2	4	3	2	0	20	0	0	0	18	0	5	0	11	3	70	6	7	16	0	15	0	12	1	2	152	2	158	13	145	3	0	10	19	18	0	35	1	0	10	1	32	1	1	5	3	0	9	0	4	0	27	99	1	1	37	21	18	66	0	1	1	4	32	2	2	1	21	5	50	2	1	108	21	1	2	1	1	55	12	1	0	0	1	0	3	7	6	37
OTU_1525	OTU_1525	0	0	0	0	0	0	1	0	0	0	0	0	0	0	0	0	0	0	0	0	0	0	0	0	0	0	0	0	0	0	0	0	0	0	1	0	0	0	0	0	0	0	0	0	0	0	0	0	0	0	0	0	0	0	0	0	0	0	0	0	0	0	0	0	0	0	0	0	0	0	0	0	0	0	0	0	0	0	0	0	0	0	0	0	0	0	0	0	0	0	0	0	0	0	0	0	0	0	0	0	0	0	0	0	0	0	0	0	0	1	0	0	0	0	0	0	0	0	0	0	0	0	0	0	0	0	0	0	2	0	0	0	0	0	0	0	0	0	0	0	0	0	0	0	0	0	0	0	0	0	0	0	0	0	0	0	0	0	0	0	0	0	0	0	0	1	0	0	0	0	0	0
OTU_1526	OTU_1526	201	0	82	1	20	111	0	9	3	0	0	1	56	2	1	0	1	2	2	7	37	0	6	0	0	23	0	2	3	1	0	52	2	74	1	2	0	0	1	7	67	4	1	0	0	2	0	187	82	2	38	7	0	1	96	588	28	16	0	10	15	2	22	2	1	1	3	100	1	19	0	128	0	10	1	2	23	11	0	17	22	19	20	1	0	27	2	0	2	0	0	21	0	1	1	0	1	6	1	0	0	2	0	2	0	0	0	0	19	0	51	0	0	1	31	0	1	3	0	0	3	34	1	5	9	71	1	1	0	5	0	0	3	0	1	9	0	0	2	0	0	139	3	5	0	0	2	0	0	0	21	3	0	3	1	0	1	1	1	0	0	0	0	13	0	0	0	1	0	7	4	8
OTU_1527	OTU_1527	3	22	418	35	6	0	15	5	12	0	4	23	20	14	281	49	278	19	80	16	13	0	15	116	1	7	5	6	19	55	4	0	18	35	19	5	37	27	111	3	13	74	19	34	34	15	159	1	8	6	26	8	38	11	252	302	40	11	2	15	2	2	16	582	6	10	15	17	1	26	15	5	3	29	32	4	96	26	42	0	46	1	1	3	130	130	62	5	1	17	4	0	0	9	6	3	3	5	44	16	88	16	5	10	5	2	4	45	23	9	18	1	10	3	0	3	16	20	4	5	18	18	2	87	29	218	6	0	16	1	130	3	50	2	2	89	12	1	31	15	96	2	3	4	25	3	13	8	1	7	5	3	42	7	3	4	63	19	10	5	32	42	1	4	4	22	0	79	3	9	17	51
OTU_1528	OTU_1528	0	0	0	0	0	0	0	0	0	0	0	0	0	0	0	0	0	0	0	0	0	0	0	0	0	0	0	0	0	0	0	0	0	0	0	0	0	0	0	0	0	0	0	0	0	0	0	0	0	3	0	0	0	0	0	0	0	0	0	0	0	0	0	0	0	0	0	0	0	0	0	0	0	0	0	0	0	0	0	0	0	0	0	0	0	0	0	0	0	0	0	0	0	0	0	0	0	0	0	0	0	0	0	0	0	0	0	0	0	0	0	0	0	0	0	0	0	0	0	0	0	0	0	0	0	0	0	0	0	0	0	0	0	0	0	0	0	0	0	0	0	0	0	0	0	0	0	0	0	0	0	0	0	0	0	0	0	0	0	0	0	0	0	0	0	0	0	0	0	0	0	0
OTU_1529	OTU_1529	0	0	0	0	0	0	0	0	0	0	0	0	0	0	0	0	0	0	0	0	0	0	0	0	0	0	0	0	0	0	1	0	0	0	0	0	0	0	0	1	0	0	0	0	0	0	0	0	0	0	0	0	0	0	0	0	0	0	0	0	0	0	1	0	0	0	0	0	0	0	0	0	0	0	0	0	0	0	0	0	0	0	0	0	1	0	0	0	0	0	0	0	0	0	0	0	0	0	5	0	0	0	1	2	0	0	0	0	0	0	1	0	0	3	0	0	1	0	0	0	0	0	0	0	0	0	0	0	0	0	0	0	0	1	0	0	0	0	0	4	0	7	0	0	88	0	0	0	0	0	0	0	0	0	0	0	0	0	0	0	0	0	0	0	0	0	2	2	0	0	0	0
OTU_1530	OTU_1530	0	4	0	0	0	0	0	0	1	2	0	16	0	16	0	3	0	6	1	0	2	1	1	0	0	3	26	2	1	1	1	0	0	0	1	14	0	0	2	1	0	1	8	5	12	0	4	1	0	0	2	0	0	1	0	0	0	0	0	4	4	36	0	0	5	0	6	1	0	0	11	0	1	0	2	0	2	1	4	1	0	0	4	0	13	8	0	0	13	0	0	2	0	3	1	15	0	11	4	3	14	0	4	30	1	4	4	2	1	0	0	1	10	4	0	0	8	0	0	6	5	0	2	1	11	4	2	6	1	0	1	0	0	4	19	10	14	0	2	1	4	2	6	0	0	0	15	4	4	3	4	183	0	1	0	4	1	1	3	0	3	19	4	1	0	0	3	10	2	0	4	0
OTU_1531	OTU_1531	0	0	0	0	0	0	0	0	0	0	0	0	0	0	0	0	0	0	0	0	0	0	0	0	0	0	0	0	0	0	0	0	0	0	0	0	0	0	0	0	0	1	0	0	0	0	0	0	0	0	0	0	0	0	0	0	0	0	0	0	0	0	0	0	0	0	0	0	0	0	0	0	0	0	0	0	0	0	1	0	0	0	0	0	0	0	0	0	0	0	0	0	0	0	0	0	0	0	0	0	0	0	0	0	0	0	0	0	0	0	0	0	0	0	0	0	0	0	0	0	0	0	0	0	3	0	0	0	0	0	0	0	0	0	0	0	0	0	1	1	0	0	0	0	0	0	0	0	0	0	0	0	0	1	0	0	0	0	0	0	0	0	0	0	0	0	0	0	0	0	0	0
OTU_1532	OTU_1532	0	0	1	1	0	0	0	0	0	0	0	0	0	1	0	0	0	0	0	0	0	0	0	0	0	0	0	0	0	0	0	0	0	0	0	0	0	0	0	0	0	0	0	0	1	2	0	0	0	0	0	0	0	0	0	0	0	0	0	0	0	0	0	0	0	0	0	0	0	0	0	0	0	0	0	0	0	0	0	0	0	0	0	0	0	0	0	0	0	0	0	0	0	0	0	0	0	0	0	0	0	0	0	0	0	0	0	0	0	0	0	0	0	0	0	0	0	1	0	0	0	0	0	0	0	0	0	0	0	0	0	0	0	0	0	0	0	0	0	0	0	0	0	0	0	0	0	0	2	0	0	0	0	0	0	1	1	2	0	0	0	0	0	0	0	0	0	0	0	0	0	0
OTU_1533	OTU_1533	0	0	0	0	0	0	0	0	0	0	0	0	0	0	0	0	0	0	0	0	0	0	0	0	0	0	0	0	0	0	0	0	0	0	0	0	0	0	0	0	0	0	0	0	0	0	0	0	0	0	0	0	0	0	0	0	0	0	0	0	0	0	0	0	1	0	0	0	0	0	0	0	0	0	0	0	0	0	0	0	0	0	0	0	0	0	0	0	0	0	0	0	0	0	0	0	0	0	0	0	0	0	0	0	0	0	0	0	0	0	0	0	0	0	0	0	0	0	0	0	0	0	0	0	0	0	0	0	0	0	0	0	0	0	0	0	0	0	0	0	0	0	0	0	0	0	0	0	0	0	0	0	0	0	0	0	0	0	0	0	0	0	0	0	0	0	0	0	0	0	0	0
OTU_1536	OTU_1536	20	3	10	192	1	716	2178	1	14	2	3	1741	8	1493	5	616	2	0	7	1	2	2	5	5	14	5	193	13	1	4	0	15	7	17	79	8071	244	0	18	262	9	0	2614	12	5	2	1	3	1	99	22	3	0	1	6	178	1542	3	6	1	9	11	14	3	26	42	214	11	1	218	132	2	11	0	2	1	6	15	4	2	1	0	86	17	3	31	875	1	77	4	23	1	0	0	2005	3	11	5	117	0	1299	0	4	0	0	1	0	938	17	0	8	0	0	2	0	1	4	1793	1098	0	2	38	34	36	37	0	4	23	1	1	2	151	3	6	0	0	6	2	71	0	0	1	0	1	1892	0	2	2	1	659	35	1	18	0	15	4	1	8	0	0	322	12	1	2	0	2956	35	0	2	9	17	6
OTU_1537	OTU_1537	0	0	0	0	0	0	0	0	0	0	0	0	0	0	0	0	0	0	0	0	0	0	0	0	0	0	0	0	0	0	0	0	0	0	0	0	0	0	0	0	0	0	0	0	0	0	0	0	0	0	0	0	0	0	0	0	0	0	0	0	0	0	0	1	0	0	0	0	0	0	0	0	0	0	0	0	0	0	0	0	0	0	0	0	0	0	0	0	0	0	0	0	0	0	0	0	0	0	0	0	0	0	0	0	0	0	0	0	0	0	0	0	0	0	0	0	0	0	0	0	0	0	0	0	0	0	0	0	0	0	0	0	0	0	0	0	0	0	0	0	0	0	0	0	0	0	0	0	0	0	0	0	0	0	0	0	0	0	0	0	0	0	0	0	0	0	0	0	0	0	0	0
OTU_1538	OTU_1538	0	0	0	0	0	0	0	0	0	0	0	0	0	0	0	0	0	0	0	0	0	0	0	0	1	0	0	0	0	0	0	0	0	0	0	0	0	0	0	0	0	0	0	0	0	0	0	0	0	0	0	0	0	0	0	0	0	0	0	0	0	0	0	0	0	0	0	0	0	0	0	0	0	0	0	0	0	0	0	0	0	0	0	0	0	0	0	0	0	0	0	0	0	0	0	0	0	0	0	0	0	0	0	0	0	0	0	0	0	0	0	1	0	0	0	0	0	0	0	0	0	1	0	0	2	0	0	0	0	0	0	0	0	0	0	0	0	0	0	0	1	0	0	0	0	0	0	0	0	0	0	0	0	1	0	0	0	0	0	0	0	0	0	0	0	0	0	0	0	0	0	0
OTU_1539	OTU_1539	693	855	514	394	591	75	122	2245	211	600	509	435	4496	357	984	714	1235	943	180	250	639	382	164	443	445	852	392	240	758	929	387	425	499	4709	419	115	3734	207	372	50	386	428	1603	524	103	424	300	2446	1872	227	51	213	42	1471	1933	872	1150	484	311	226	26	15	550	3515	307	1024	549	173	157	361	559	13	358	1433	1788	37	940	1816	1710	1883	983	12	489	132	490	919	61	10	14	15	391	214	13	259	130	8	37	56	733	36	34	59	6	224	22	14	14	74	869	51	1573	30	234	14	17	38	89	379	3	185	24	774	245	466	1219	58	1413	14	127	6	58	3	40	67	70	86	35	6	231	104	149	148	469	25	142	109	13	80	57	11	146	44	1448	203	28	171	389	792	45	26	9	122	14	50	27	737	6	252	136	164	71	974
OTU_1540	OTU_1540	1	13	2	16	1	0	16	136	12	20	20	9	2	11	21	5	9	13	7	25	49	57	32	11	5	6	56	29	6	25	21	1	5	7	33	14	4	30	13	3	0	20	9	16	14	6	8	34	73	7	0	5	37	6	2	9	9	17	11	6	3	1	6	5	0	9	14	14	1	22	31	1	1	27	6	1	30	47	3	24	47	23	3	12	42	8	7	5	2	0	6	53	6	5	42	5	29	6	251	6	18	18	9	3	2	17	5	34	10	8	67	40	13	3	4	10	3	46	2	26	36	14	12	6	13	3	1	2	13	2	12	3	4	2	10	3	24	1	8	19	18	3	0	4	20	6	15	15	0	0	4	20	2	15	13	5	48	6	14	8	10	6	8	8	2	7	2	11	9	1	14	0
OTU_1541	OTU_1541	0	4	1	0	0	0	0	0	60	0	0	0	0	5	12	1	0	18	0	0	0	27	14	0	770	1	0	2	1	0	2	9	1	0	0	0	0	3	0	11	167	5	0	2	0	5	0	0	0	3	52	0	4	0	21	0	1	0	2	0	0	0	3	11	11	0	17	6	14	15	0	4	4	5	3	7	1	0	0	7	2	0	0	0	0	2	0	1	0	0	0	1	0	0	0	0	0	2	2	0	0	0	0	1	0	0	0	0	0	17	0	0	0	24	0	0	0	0	0	1	0	0	29	2	1	1	0	0	0	0	0	0	0	0	0	0	0	0	2	0	0	1	11	0	0	0	0	0	0	0	32	0	8	0	3	0	0	0	0	0	0	0	0	1	0	0	0	0	0	0	0	0
OTU_1542	OTU_1542	0	0	17	0	0	0	4	0	0	0	0	2	0	0	0	0	0	1	16	0	0	0	0	0	0	0	0	0	0	0	3	0	0	0	20	1	0	0	0	0	0	0	0	1	1	1	0	0	0	1	0	0	2	1	0	1	0	0	0	0	0	0	0	0	0	0	0	0	0	0	0	0	0	0	0	0	0	0	1	0	0	0	0	0	0	0	2	0	1	0	0	0	0	0	0	0	0	0	0	0	0	0	0	0	0	0	1	0	0	0	0	0	0	1	0	0	0	3	0	0	0	0	0	0	0	1	0	0	20	1	0	0	0	0	0	0	0	0	0	4	0	0	0	0	0	2	0	0	0	0	0	0	0	0	0	0	0	5	6	0	2	0	0	0	0	9	0	1	3	0	1	0
OTU_1543	OTU_1543	0	0	0	0	2	0	0	0	0	0	0	0	0	0	0	0	0	0	0	1	0	0	0	0	0	0	0	0	0	0	0	0	0	0	0	0	0	0	0	0	0	0	0	0	0	0	0	0	1	0	0	0	0	0	0	0	0	0	0	0	0	0	0	0	0	0	0	0	0	0	0	0	0	0	0	0	0	1	0	0	0	0	0	0	0	0	0	0	0	0	1	0	0	1	0	0	0	0	2	0	0	0	0	0	0	0	0	0	0	0	0	0	0	0	0	3	0	0	0	0	0	0	0	0	0	1	0	0	0	0	0	0	0	0	0	0	0	0	0	0	0	0	1	0	0	0	0	0	1	1	0	0	0	0	0	0	0	0	0	0	0	0	0	0	0	0	0	0	0	0	0	0
OTU_1544	OTU_1544	3	18	5	18	2	1	17	124	9	12	16	9	2	6	11	2	9	33	16	24	45	58	22	18	2	4	52	13	16	18	13	1	4	8	36	26	4	29	3	0	0	18	10	19	18	5	6	28	88	14	0	3	44	4	0	1	9	19	1	4	4	1	11	8	0	11	14	12	0	24	19	0	2	24	6	4	35	52	3	43	33	22	2	21	20	12	6	6	3	0	6	64	1	1	42	4	31	3	32	5	20	22	10	0	2	15	8	47	17	5	75	40	13	0	0	6	4	49	1	22	40	14	11	2	12	2	2	2	19	2	19	4	8	1	5	6	17	4	8	17	26	1	0	6	19	5	5	23	3	3	0	4	2	19	12	7	52	3	22	2	9	0	4	5	6	2	0	11	12	4	14	1
OTU_1545	OTU_1545	0	1	0	0	0	0	0	1	0	0	0	0	0	0	0	0	0	0	0	0	0	0	0	0	0	21	0	0	0	0	2	0	0	1	1	0	0	0	0	0	0	0	0	0	0	5	0	3	0	0	0	0	0	0	0	0	2	1	0	0	1	1	0	0	0	0	0	0	0	0	0	0	0	3	0	0	0	0	0	0	0	0	0	0	1	0	0	0	0	0	0	0	0	0	1	0	0	0	6	1	0	0	0	0	0	0	0	0	0	0	0	0	0	0	0	0	0	0	0	0	0	0	0	0	1	0	9	0	1	0	0	0	0	0	0	0	0	0	1	1	0	0	0	1	0	0	0	0	0	0	0	0	0	0	0	0	0	0	1	0	0	0	1	0	0	0	0	0	0	0	0	1
OTU_1546	OTU_1546	2	1	4	0	1	0	1	10	3	0	0	0	0	0	0	0	1	0	0	0	0	0	0	0	2	0	0	0	0	1	2	0	0	1	1	1	2	1	0	1	0	2	2	0	4	1	0	1	0	3	0	0	0	0	2	0	0	2	0	3	2	0	0	0	1	0	0	1	0	0	0	0	4	3	0	0	1	1	2	2	0	0	0	1	2	0	0	0	1	0	0	0	0	0	0	0	0	0	0	0	0	0	0	1	0	0	0	0	0	0	1	0	1	0	0	0	0	1	0	0	0	0	0	2	0	0	0	0	0	0	0	0	0	0	0	1	0	0	6	3	0	1	1	0	0	0	0	0	0	0	4	1	0	0	0	0	1	0	0	0	0	0	0	0	0	0	0	2	0	0	0	5
OTU_1547	OTU_1547	1	0	0	0	0	0	0	0	0	0	0	0	0	0	0	0	0	0	0	0	0	0	0	0	0	0	0	0	0	0	0	0	0	0	0	0	0	2	0	0	0	0	0	0	0	0	0	0	0	0	0	0	0	0	0	0	0	0	0	0	0	0	0	0	0	0	0	0	0	0	0	0	0	0	0	0	0	0	0	0	0	0	0	0	0	0	0	0	0	0	0	0	0	0	0	0	0	0	0	0	0	0	0	0	0	0	0	0	0	0	0	0	0	0	0	0	0	0	0	0	0	0	0	0	0	0	0	0	0	0	0	0	0	0	0	0	0	0	0	0	0	0	0	0	0	0	0	0	0	0	0	0	0	0	0	0	0	0	0	0	0	0	0	0	0	0	0	0	0	0	0	0
OTU_1548	OTU_1548	30	0	0	3	3	0	1	0	0	3	0	2	2	2	69	2	27	0	0	6	9	1	1	1	0	1	0	11	1	4	0	9	0	5	1	2	12	2	0	14	66	0	3	0	0	1	24	1	0	0	4	0	0	0	0	1	4	5	6	3	3	9	0	1	5	5	0	1	0	1	2	8	6	5	0	18	4	0	13	21	1	1	2	16	6	4	14	0	4	22	5	0	0	0	1	1	0	0	3	1	4	11	0	1	0	0	0	6	3	0	0	1	2	0	8	0	2	1	0	3	0	0	80	10	49	2	4	1	10	3	0	1	8	0	0	1	0	0	1	0	0	0	9	0	0	21	6	1	3	0	0	2	1	0	2	6	2	2	0	0	0	0	0	6	1	5	1	1	29	36	4	1
OTU_1549	OTU_1549	0	0	14	1	0	0	1	0	1	0	0	5	17	1	0	2	1	5	1	0	0	0	1	4	2	19	2	2	0	8	1	0	1	0	3	9	1	1	0	0	0	0	0	1	2	0	13	3	46	1	3	1	2	2	0	0	7	0	1	0	0	0	1	1	0	1	0	2	0	1	2	4	0	0	4	0	9	1	0	3	1	4	0	1	3	16	0	0	0	0	12	3	0	2	0	0	0	0	0	0	0	9	1	2	0	1	1	0	1	0	84	0	0	0	0	0	1	0	0	0	0	5	0	3	0	0	0	0	2	0	0	0	0	0	0	0	0	0	1	5	0	0	0	0	0	1	0	0	0	0	1	0	0	1	0	0	11	0	2	0	0	0	0	1	0	2	0	0	2	6	0	0
OTU_1550	OTU_1550	5	1	12	1	0	0	0	56	14	0	0	2	0	25	0	0	1	0	3	1	0	28	0	0	0	1	1	1	0	2	0	0	2	2	12	0	0	0	3	2	0	0	2	4	71	0	2	0	0	1	0	0	0	0	3	3	0	0	8	1	1	1	1	0	2	0	1	0	1	2	13	0	0	2	3	0	0	0	1	1	0	0	3	0	13	0	0	0	6	1	2	0	1	0	4	4	0	1	4	0	2	0	0	448	1	0	0	1	1	0	14	0	1	95	1	0	19	2	1	0	5	0	1	1	9	0	1	25	1	3	2	0	0	0	1	0	5	0	2	47	0	37	0	0	0	0	0	0	0	1	2	5	0	0	9	23	0	4	0	2	2	1	0	7	2	0	68	51	5	3	1	5
OTU_1551	OTU_1551	0	0	0	0	0	0	0	1	0	0	0	0	0	0	0	0	0	0	0	0	0	0	0	0	0	0	0	0	0	0	0	0	0	0	0	0	0	0	0	0	0	0	0	0	0	0	0	0	0	0	0	0	26	6	1	0	0	0	0	0	0	0	0	0	0	0	0	0	0	0	0	0	0	0	0	0	0	1	0	0	0	1	0	0	0	0	0	0	1	0	0	0	0	0	0	0	0	0	0	1	0	0	0	1	0	0	0	0	0	0	0	0	0	0	0	0	0	0	0	0	0	0	0	0	0	0	0	0	0	0	0	0	0	0	0	0	0	0	0	0	2	0	0	0	0	0	0	0	0	0	0	0	0	0	0	0	1	0	1	0	0	0	0	0	0	10	0	0	0	0	0	0
OTU_1552	OTU_1552	1287	331	702	556	565	20	27	969	1503	43	197	83	15848	303	17	10497	1	14	357	423	296	8592	15	30	117	68	354	152	1420	197	11	2064	328	3	205	1734	1103	172	113	32	433	73	288	44	980	633	202	165	256	109	8	513	45	464	1557	2771	1453	264	218	2999	1039	1487	49	15	4232	131	1509	568	173	353	55	277	15305	73	800	303	27	1062	1976	11	67	47	226	49	0	414	19	0	16	5	895	26	0	3	186	7	18	3	13	0	1	20	0	61	0	0	0	24	10	7	343	75	0	49	49	0	79	72	19	194	2	57	14	74	2335	4	54	4	1	25	0	4	125	0	6	1	85	1	146	27	1	33	15	0	5	0	14	0	201	0	99	33	29	2	18	53	18	123	0	1	4	0	13	26	20	83	2	95	10	14	25	261
OTU_1553	OTU_1553	0	1	0	1	0	0	0	0	0	0	0	0	0	0	0	1	0	0	0	0	0	0	0	1	13	0	0	0	0	0	0	0	0	0	0	0	0	3	5	0	0	0	0	0	0	0	0	0	0	0	0	0	0	0	0	0	0	0	0	0	0	0	0	0	0	0	0	217	0	1	0	0	0	0	164	0	0	0	1	0	0	0	0	0	0	0	2	0	0	0	0	0	0	0	0	0	0	0	0	0	0	0	0	0	0	0	0	0	0	0	0	0	0	0	0	0	0	0	0	0	0	0	0	1	0	0	0	0	0	0	0	0	0	0	0	0	0	0	0	0	0	0	0	0	0	0	0	0	0	0	0	0	0	0	0	0	0	0	0	0	0	0	0	0	0	0	0	0	0	0	0	0
OTU_1554	OTU_1554	23	1	2	10	2	0	1	5	1	3	1	0	4	10	47	2	55	0	3	3	6	0	1	3	1	0	2	14	1	4	2	10	2	7	0	2	10	3	0	4	33	1	3	0	6	3	26	1	1	2	6	2	1	1	1	1	2	13	4	4	5	9	3	0	19	2	0	4	0	3	2	7	4	1	0	12	7	0	21	8	1	1	5	17	12	0	8	0	1	6	6	3	0	0	1	0	2	0	0	0	4	18	0	0	0	0	0	5	9	2	2	2	3	0	6	1	2	1	0	6	0	1	72	23	59	1	1	3	5	1	0	0	14	0	0	2	1	0	2	4	1	2	4	0	0	12	0	2	3	0	3	13	1	0	0	9	0	8	1	0	0	0	1	6	0	11	1	13	43	30	5	5
OTU_1555	OTU_1555	0	0	1	0	0	3	35	0	0	2	515	1	0	0	0	1	0	0	1	0	0	2	0	0	7	0	5	2	0	0	0	0	1	0	28	3	2	0	4	0	2	0	0	2	2	0	0	0	0	0	2	1	1	1	1	2	0	12	0	1574	0	0	0	9	336	26	2	1	2	0	0	0	0	33	0	2	2	0	0	3	0	2	1	0	0	0	0	0	1	2	0	1	2	17	7	13	5	0	167	863	0	0	2	3	4	1	940	605	2	3	12	5	4	7	0	6	6	5	0	2	1	0	0	0	1	2	685	13	0	7	2461	955	883	56	127	0	3	2	0	6	1	18	0	16	7	0	0	5	5	1	1	1	0	3	8735	1	114	17	1	2	5	0	0	10	0	3	28	9	6	0	0	12
OTU_1558	OTU_1558	0	0	23	2	0	0	36	0	19	21	0	0	0	1	0	0	14	22	58	0	0	0	0	0	0	0	0	0	0	62	15	115	0	0	1	0	0	0	0	0	0	142	0	0	20	0	0	1	0	0	5	0	4	0	0	0	8	3	1	1	7	0	0	0	0	0	8	0	0	26	0	0	0	2	0	1	0	59	3	29	23	0	2	0	34	0	1	5	0	0	0	64	7	0	53	0	0	0	40	0	0	0	0	7	0	0	0	0	0	0	4	0	0	0	0	0	0	1	0	1	0	3	0	2	0	29	0	0	0	0	0	0	1	0	0	4	0	0	69	0	0	0	0	0	0	0	0	22	19	2	1	0	0	5	0	0	0	0	0	0	0	0	0	0	0	0	0	12	0	0	1	6
OTU_1559	OTU_1559	0	50	1	0	0	0	0	4	4	0	0	8	2	4	6	1	136	2	4	0	0	0	0	9	0	0	2	0	7	0	5	0	2	0	17	9	0	1	2	0	1	0	4	3	25	0	2	1	0	3	1	10	0	0	1	1	2	0	77	0	2	0	1	0	3	0	0	0	0	32	0	0	0	22	0	0	7	0	1	0	0	0	1	0	5	2	20	1	2	0	0	40	16	7	1	0	0	0	86	7	22	18	11	35	1	4	34	1	0	20	10	1	1	20	1	13	11	30	5	56	11	3	0	66	1	3	8	1	22	70	70	11	15	14	3	15	1	24	0	74	17	0	0	4	0	11	3	11	7	2	1	2	0	22	31	17	66	23	11	25	36	23	68	4	0	4	3	2	28	21	3	1
OTU_1560	OTU_1560	1	15	0	2	2	0	19	9	12	1	31	164	3	96	12	3	0	75	1	0	0	152	0	89	362	2	32	79	1	0	4	0	19	0	12	29	1	56	1	1	2	0	10	142	1	0	0	0	2	2	1	63	21	8	1	0	1	8	1	5	38	0	0	1	42	3	1	5	65	237	31	2	1	162	3	1	1	0	3	1	0	0	5	129	6	9	32	341	1	3	0	0	6	21	6	37	0	22	265	274	125	11	37	3	141	173	270	58	102	55	16	108	2	141	4	12	4	20	0	3	68	16	0	8	3	12	9	21	4	8	158	121	64	27	35	1	1	50	6	107	65	10	0	106	47	44	8	29	5	190	1	4	6	32	1278	9	63	25	4	272	5377	4	2	154	0	36	61	19	53	0	113	2
OTU_1561	OTU_1561	0	0	0	1	0	0	0	3	0	0	0	0	0	1	0	0	0	0	2	0	0	0	0	0	0	0	0	0	11	0	0	0	0	0	0	0	0	0	1	0	0	0	0	0	0	0	0	0	0	0	0	0	0	36	0	0	4	0	0	0	0	0	0	0	0	0	0	0	0	0	0	0	1	0	0	0	0	0	0	0	0	0	0	0	0	6	0	0	0	0	0	0	1	0	0	0	0	0	0	0	1	0	2	1	0	0	0	0	0	0	0	0	0	0	0	0	0	0	0	0	0	14	0	0	0	0	0	1	0	0	0	0	0	0	0	0	0	0	0	1	0	1	0	0	0	0	0	0	0	3	0	0	0	0	0	0	39	0	0	0	0	0	0	0	0	0	0	0	1	8	0	1
OTU_1562	OTU_1562	0	12	2	2	0	1	3	5	2	3	0	6	1	3	0	2	1	0	0	0	27	1	5	2	0	2	1	0	2	61	0	11	5	2	1	10	2	5	14	0	1	1	1	6	0	0	0	2	3	3	0	2	2	0	0	3	2	1	2	2	8	0	2	0	2	1	10	0	1	0	4	0	0	1	0	2	2	1	0	0	7	4	2	1	0	12	3	0	19	0	0	5	0	9	0	7	19	8	3	0	10	3	1	4	2	3	5	3	0	0	5	3	11	5	0	1	12	1	2	1	3	5	5	3	3	5	0	32	0	22	2	0	0	4	17	1	10	2	1	16	6	20	0	1	0	9	6	4	0	4	31	3	2	2	2	0	26	2	0	2	3	10	2	1	0	0	19	3	5	2	5	0
OTU_1563	OTU_1563	0	0	0	0	0	0	0	0	0	0	0	0	0	0	0	3	9	0	0	0	0	0	0	0	1	0	0	0	0	0	0	0	1	0	0	0	0	0	0	0	0	0	0	0	0	0	0	0	1	2	0	0	0	0	0	0	0	0	0	0	0	0	0	0	1	1	0	0	0	0	0	0	1	0	0	0	0	0	0	0	0	0	0	0	0	0	2	0	0	0	0	0	0	0	0	0	0	0	0	0	0	0	0	0	0	0	0	0	0	0	0	0	0	1	0	0	0	0	0	0	0	0	0	14	2	0	1	0	0	0	0	0	0	0	0	0	0	0	0	0	0	0	0	0	0	0	0	0	0	0	0	1	0	0	0	0	0	0	0	1	0	0	0	0	0	0	0	0	0	0	0	0
OTU_1564	OTU_1564	0	0	0	0	0	0	0	0	0	0	0	0	0	0	0	0	0	0	0	0	0	0	0	0	0	0	0	0	0	0	0	0	0	0	0	0	0	0	0	0	0	0	0	0	0	0	0	0	0	0	0	0	0	0	0	0	0	0	0	0	0	0	0	0	0	0	0	0	0	0	0	0	64	0	0	0	0	0	0	0	0	0	0	0	0	0	0	0	0	0	0	0	0	0	0	0	0	0	0	0	0	0	0	0	0	0	0	0	0	0	0	0	0	0	0	0	0	0	0	0	0	0	0	0	0	0	0	0	0	0	0	0	1	0	0	0	0	0	0	0	0	0	0	0	0	0	0	0	0	0	0	0	0	0	0	0	0	0	0	0	0	0	0	0	0	0	0	0	0	0	0	0
OTU_1565	OTU_1565	10	12	5	97	3	0	0	24	2	3	9	4	46	1	14	8	8	8	5	2	13	3	3	6	3	14	7	1	90	12	17	2	7	229	5	2	35	2	30	0	3	114	14	9	0	5	16	24	29	37	7	0	0	13	23	5	11	5	5	1	2	0	5	39	3	9	3	2	1	5	2	0	5	16	18	1	215	15	19	19	9	0	6	1	113	8	1	0	1	0	2	7	0	2	1	0	4	0	6	0	0	3	0	1	0	0	0	0	5	1	9	1	4	0	1	4	2	4	1	2	3	6	3	3	27	0	10	0	6	0	2	0	9	0	2	0	1	0	54	1	0	0	1	0	1	24	0	10	2	3	7	2	16	3	1	3	4	7	2	1	0	3	0	1	0	6	0	50	21	8	1	12
OTU_1566	OTU_1566	0	0	0	0	0	0	2	0	0	0	0	0	1	0	0	0	0	0	0	0	0	0	0	0	16	0	1	1	0	0	0	0	0	0	0	7	4	0	0	0	2	0	0	0	0	2	0	0	0	0	2	0	0	0	0	0	0	0	0	0	0	0	0	0	0	0	0	0	0	2	0	0	0	0	1	0	0	0	0	0	0	0	0	0	0	0	1	0	0	0	0	0	0	0	0	0	0	0	0	0	0	0	0	0	0	1	0	1	1	0	0	0	0	0	0	0	2	14	0	0	0	0	0	0	0	0	0	0	0	0	0	0	1	0	0	1	0	0	0	0	0	0	0	0	0	0	0	0	0	0	0	0	21	0	0	0	1	59	0	0	0	0	0	0	1	0	0	1	0	0	0	0
OTU_1567	OTU_1567	0	0	0	0	0	2	0	0	0	0	0	0	0	0	0	0	0	0	0	0	0	0	0	1	0	0	0	0	0	2	0	0	0	0	0	0	0	0	0	0	0	0	0	0	0	0	0	0	0	0	0	1	0	0	0	1	0	0	0	0	0	0	0	0	0	0	0	0	0	0	0	0	0	1	0	0	0	0	0	0	5	0	1	0	0	0	0	5	0	0	0	0	0	0	0	0	0	6	0	0	0	0	0	0	0	1	0	0	0	0	0	2	0	0	0	0	0	0	0	0	0	0	0	0	0	0	0	3	0	0	0	0	0	0	0	0	0	0	0	0	0	0	0	0	0	0	1	0	0	0	0	1	0	0	0	0	0	0	0	0	0	0	0	4	0	0	7	0	2	0	0	0
OTU_1568	OTU_1568	0	0	0	0	0	0	0	0	0	1	0	0	0	0	0	0	0	0	0	0	0	0	0	0	0	0	0	0	0	0	0	0	1	0	0	0	0	0	0	0	0	0	0	0	0	0	0	0	0	0	0	0	0	0	0	0	0	0	0	0	0	0	0	0	0	0	1	0	0	0	0	1	0	0	0	0	0	0	0	0	0	0	0	0	0	0	0	0	0	0	0	0	0	0	0	0	0	0	0	0	0	0	0	0	0	0	0	0	0	1	0	0	0	0	0	0	0	0	0	0	0	0	0	0	0	0	0	0	0	0	0	1	0	0	0	0	0	0	0	0	1	0	0	0	0	0	1	0	0	0	0	0	0	0	0	0	0	0	0	0	0	0	0	0	0	0	0	0	1	0	0	0
OTU_1569	OTU_1569	0	0	0	0	0	0	0	0	0	0	0	0	0	0	0	0	1	0	0	0	0	0	1	0	0	0	0	1	0	0	0	0	5	4	0	0	0	0	0	0	0	1	0	0	0	0	0	0	1	0	0	0	0	0	0	0	0	0	0	0	0	2	0	0	0	0	0	0	0	0	0	0	9	0	0	0	0	0	3	1	0	0	0	0	0	0	0	0	0	0	4	0	0	0	0	0	0	0	0	0	0	1	1	0	0	0	0	0	0	1	0	0	0	0	0	1	0	0	0	0	0	0	0	0	5	0	0	0	0	0	0	0	4	0	0	0	0	0	0	1	0	0	0	0	0	0	11	0	5	0	3	0	0	1	0	0	0	3	0	0	0	0	0	0	0	9	0	0	0	0	0	2
OTU_1570	OTU_1570	22	4	13	2	2	2	2	22	12	4	1	0	0	4	2	3	5	2	7	1	3	2	1	1	5	3	2	0	0	1	3	1	3	11	3	1	11	0	5	2	1	2	2	0	2	3	3	3	1	1	4	0	0	0	12	0	1	6	1	3	3	2	1	6	8	4	5	8	0	1	1	12	11	8	3	6	6	4	3	8	9	0	1	3	4	5	1	0	0	1	1	5	0	0	2	0	0	0	4	0	0	0	0	1	0	0	0	1	0	1	5	0	1	1	0	0	1	3	0	0	0	0	5	7	7	1	4	0	0	0	0	0	1	0	0	0	0	0	4	5	1	3	7	0	1	0	1	0	0	0	10	2	1	1	1	1	0	1	0	0	1	0	0	0	0	0	1	6	2	0	0	20
OTU_1571	OTU_1571	0	0	0	0	0	3	0	0	0	0	0	0	0	0	1	0	1	0	0	0	0	0	0	0	0	3	0	0	1	0	0	0	0	0	0	0	0	0	0	0	0	0	0	0	0	0	0	0	1	0	0	0	0	0	0	0	0	0	0	0	0	0	0	0	0	0	0	3	0	0	0	0	0	1	0	0	0	0	0	0	0	0	0	0	0	0	0	0	0	0	0	0	0	1	0	0	1	0	0	0	0	1	0	0	0	0	0	0	0	0	6	0	0	0	0	0	0	0	0	0	0	0	0	0	1	0	4	0	0	0	0	0	0	0	1	0	0	0	0	0	0	0	0	0	0	0	0	2	0	0	0	0	0	0	0	0	3	0	0	0	0	0	0	0	0	0	0	0	0	0	0	1
OTU_1572	OTU_1572	0	0	0	0	0	0	0	0	0	0	0	0	0	0	0	0	0	0	0	0	0	0	0	0	0	0	0	0	0	0	0	0	0	0	0	0	0	0	0	0	0	0	0	0	0	0	0	0	0	0	0	0	0	0	0	0	0	0	0	0	0	0	0	0	0	0	0	0	0	0	0	0	0	0	0	0	0	0	0	0	0	0	0	0	0	0	0	0	0	0	0	0	0	0	0	0	0	0	0	0	0	0	0	1	0	0	0	1	0	0	0	0	0	0	0	0	0	0	0	0	0	0	0	0	0	0	0	0	0	0	0	0	1	0	0	0	0	0	0	0	0	0	0	0	0	0	0	0	0	0	0	0	0	0	0	0	0	0	0	0	0	0	0	0	0	0	0	0	0	0	0	0
OTU_1573	OTU_1573	2	18	0	2	27	0	1	0	1	1	1	28	1	26	6	1	0	18	1	0	2	250	2	258	167	0	10	398	1	3	2	1	46	2	37	6	1	103	0	0	0	1	19	247	0	0	0	1	4	0	11	201	163	31	0	2	0	2	2	4	15	0	0	0	4	2	1	12	495	61	4	3	2	372	1	1	4	0	1	5	0	0	0	23	20	4	3	93	2	0	0	0	4	6	1	16	0	85	87	237	47	3	11	3	319	340	142	80	21	13	15	78	0	184	2	6	1	3	0	4	12	2	1	1	2	2	4	1	0	3	51	178	21	15	16	2	0	0	0	19	15	0	0	349	11	14	11	51	4	45	2	0	21	333	126	1	11	5	2	198	34	2	1	31	1	11	6	16	9	0	57	0
OTU_1574	OTU_1574	1	0	1	0	0	0	0	4	0	0	0	2	0	5	0	0	0	0	0	0	0	15	0	0	0	0	0	1	0	0	0	0	0	0	0	0	0	0	0	0	0	0	0	2	0	0	0	1	0	1	0	0	1	0	0	0	0	0	0	0	0	0	0	0	1	0	0	0	2	0	43	0	1	1	1	0	0	0	0	0	0	0	1	0	0	0	0	5	0	1	0	0	0	2	3	0	1	1	3	0	0	0	3	2	1	1	1	0	0	0	1	1	0	329	2	0	2	0	0	2	4	0	0	1	1	0	2	11	1	0	1	0	0	1	0	2	4	0	3	15	0	3	0	1	0	0	0	0	2	3	0	2	0	0	3	2	1	1	0	5	12	0	0	8	0	0	36	5	0	0	0	0
OTU_1575	OTU_1575	0	0	0	0	0	0	0	0	0	0	0	0	0	0	0	0	0	0	0	0	0	0	0	0	0	0	1	0	0	0	0	0	0	0	0	8	0	0	0	0	0	0	0	0	0	0	0	0	0	0	0	0	0	0	0	0	0	0	0	0	0	0	0	0	0	0	0	0	0	0	0	0	0	0	0	0	0	0	0	0	0	0	0	0	0	0	0	0	0	0	0	0	0	0	0	0	0	0	1	0	0	0	0	27	0	0	0	0	0	0	0	0	0	0	0	96	1	0	9	0	0	0	0	0	0	0	0	0	1	3	0	0	0	0	0	0	0	0	0	0	0	0	0	0	3	1	2	0	0	0	0	0	0	0	0	0	0	0	0	0	0	0	0	0	0	0	1	0	0	0	0	0
OTU_1577	OTU_1577	1	24	0	9	4	0	1	8	1	1	24	2	1	0	1	8	2	2	3	35	14	23	38	15	3	5	0	2	0	44	0	16	3	1	10	5	1	7	17	9	2	17	3	3	1	2	8	1	9	9	0	9	3	0	14	32	9	42	5	13	1	0	0	0	0	2	3	34	1	1	3	0	1	8	3	2	9	0	6	9	2	23	0	2	6	25	3	3	1	0	14	17	40	6	5	11	7	2	7	1	2	1	4	3	1	5	8	8	12	5	10	13	11	3	8	0	2	1	2	26	20	6	8	0	2	3	1	3	20	3	9	0	6	1	1	2	15	1	8	15	1	23	0	2	9	0	43	1	0	2	0	71	0	1	0	1	20	1	7	0	7	0	1	30	0	1	7	0	0	3	9	0
OTU_1578	OTU_1578	8	180	167	402	3	1	122	7	584	43	110	76	0	56	149	71	50	129	209	0	180	12	18	192	22	502	270	609	292	0	157	2	17	11	74	33	22	170	32	6	5	491	31	174	153	125	204	89	1	247	14	16	85	17	0	21	0	30	114	55	92	0	151	395	17	465	69	27	2	180	162	0	2	550	77	2	439	4	10	2	49	57	5	173	171	7	51	0	15	0	22	2	1	11	49	4	1	6	58	16	20	70	27	66	4	5	21	27	119	18	4	51	0	7	1	8	5	240	4	9	7	19	39	43	409	6	434	2	120	1	28	1	16	32	3	100	1	1	247	37	315	2	1	13	10	24	26	45	29	0	14	1	356	6	12	6	291	103	47	1	4	25	8	25	4	97	0	96	32	319	41	1931
OTU_1579	OTU_1579	0	1	0	0	0	0	0	0	0	0	0	2	0	0	0	0	0	0	0	0	0	0	0	0	0	0	2	0	0	0	0	0	0	0	3	1	0	0	0	0	0	0	1	0	0	0	0	0	0	0	0	0	1	0	1	0	1	0	0	0	0	0	1	0	0	0	0	0	0	0	0	0	0	0	0	0	0	0	0	0	0	0	0	0	0	3	0	0	0	0	0	0	0	0	0	0	0	0	0	0	0	0	0	0	0	0	0	0	0	0	0	0	0	0	0	0	7	0	0	0	0	0	0	1	0	0	0	3	0	0	0	0	0	0	1	0	0	0	0	2	0	0	0	1	0	0	0	0	1	0	0	0	0	0	4	0	1	0	0	0	0	0	0	0	0	0	12	1	1	0	0	0
